name,reg,lamb,test/lr,test/loss,test/ece,test/mce,test/top1_acc,test/top5_acc,test/L,test/alphaD,test/var,test/lambd,test/cummulant,celoss,wd,job_id,lamb_wd,data_aug,sweep_model,eval/L,eval/alphaD,eval/cummulant,eval/ece,eval/lambd,eval/loss,eval/lr,eval/mce,eval/top1_acc,eval/top5_acc,eval/var,train/L,train/alphaD,train/cummulant,train/ece,train/lambd,train/loss,train/lr,train/mce,train/top1_acc,train/top5_acc,train/var
vgg19_bn,4,2.0,0.1,1.911319582698744,0.2049478888511657,0.4577530026435852,0.7261999999985476,0.89499999999821,1.904380798339844,1.3810391426086426,14.661402702331545,0.1000000014901161,0.0554369240999221,1,0.00025,43272780_11,True,True,cifar100_vgg19_bn,1.9043833017349243,1.9043718576431272,3.449594736099243,0.204947829246521,2.0,1.91331107520759,0,0.4577480554580689,0.7261999999985476,0.89499999999821,14.661444664001465,0.0072749671526253,0.00726521294564,0.0057189101353287,0.0027090497314929,2.0,0.0072706675427983,0,0.3299837410449981,0.9984666666664448,0.9999999999997778,0.0089105479419231
vgg19_bn,4,1.0,0.1,1.8024827232885168,0.196760669350624,0.4820055663585663,0.7297999999985404,0.900999999998198,1.7918378114700315,1.3110524415969849,13.37900733947754,0.1000000014901161,0.0509136468172073,1,0.0005,43272780_10,True,True,cifar100_vgg19_bn,1.791837453842163,1.7917332649230957,1.4671437740325928,0.1967602968215942,1.0,1.791884045897042,0,0.482005625963211,0.7297999999985404,0.900999999998198,13.378992080688477,0.0095228599384427,0.0093984995037317,0.0021137641742825,0.0046407752670347,1.0,0.0095271703025035,0,0.622655987739563,0.9981999999997784,0.9999777777775556,0.0074597662314772
vgg19_bn,3,0.01,0.1,4.60545792349378,0.0025077397003769,0.0025077397003769,0.0075999999999848,0.0453999999999092,4.605457782745361,0.0024019195698201,3.0339133445522748e-05,0.1000000014901161,1.1920928955078125e-06,1,0.05,43272780_1,True,True,cifar100_vgg19_bn,4.605457782745361,0.0007737738778814,6.891787052154541e-07,0.0025077397003769,0.0099999997764825,4.605448553643626,0,0.0025077397003769,0.0075999999999848,0.0453999999999092,3.0339133445522748e-05,4.605154991149902,0.0007689087651669,5.252659320831299e-07,0.000163335353136,0.0099999997764825,4.605154961085924,0,0.000163335353136,0.0102666666666643,0.0505111111110998,3.002933954121545e-05
vgg19_bn,3,0.001,0.1,4.605204126916453,0.0010288236662745,0.0010288236662745,0.008999999999982,0.0461999999999076,4.605204582214356,0.0004119270597584,8.392037784688e-07,0.1000000014901161,7.152557373046875e-07,1,0.5,43272780_0,True,True,cifar100_vgg19_bn,4.605204582214356,4.04800011892803e-05,-8.847564458847047e-08,0.0010288236662745,0.0010000000474974,4.60520212420039,0,0.0010288236662745,0.008999999999982,0.0461999999999076,8.392037784688e-07,4.605166435241699,4.078475467395037e-05,-1.2619420886039734e-07,7.89472833275795e-05,0.0010000000474974,4.605166703200943,0,7.89472833275795e-05,0.0101111111111088,0.050422222222211,8.287623813885148e-07
vgg19_bn,5,0.5,0.1,1.5212022773766058,0.1322667151689529,0.2426602840423584,0.6773999999986452,0.881999999998236,1.519000768661499,0.9852499961853028,7.57848596572876,0.1000000014901161,0.0305545479059219,1,0.001,43272780_15,True,True,cifar100_vgg19_bn,1.5190017223358154,1.4773006439208984,0.421160101890564,0.1322662830352783,0.5,1.522930221988245,0,0.2426580786705017,0.6773999999986452,0.881999999998236,7.578488826751709,0.3016918897628784,0.2802141606807709,0.0355514883995056,0.0489381812512874,0.5,0.3017008718439743,0,0.1146377921104431,0.9073999999997984,0.9953555555553344,0.4196156859397888
vgg19_bn,3,2.0,0.1,4.605780074677701,0.0008195750415325,0.0008195750415325,0.0093999999999812,0.0435999999999128,4.605776309967041,0.0048912004567682,0.0001204285581479,0.1000000014901161,1.6093254089355469e-06,1,0.00025,43272780_5,True,True,cifar100_vgg19_bn,4.605776786804199,0.0189531184732913,0.0002412796020507,0.0008195750415325,2.0,4.605747959695112,0,0.0008195750415325,0.0093999999999812,0.0435999999999128,0.0001204285581479,4.605169296264648,0.0186235569417476,0.0002403259277343,0.0001561911776661,2.0,4.605168632223992,0,0.0001561911776661,0.0100666666666644,0.0507111111110998,0.0001198674071929
vgg19_bn,3,1.0,0.1,3.334385679485151,0.072374977171421,0.4546861350536346,0.1307999999997384,0.4665999999990668,3.3324828147888184,0.3308394849300384,0.8257013559341431,0.1000000014901161,0.0037976801395416,1,0.0005,43272780_4,True,True,cifar100_vgg19_bn,3.3324828147888184,0.746552586555481,0.2390074729919433,0.0723749622702598,1.0,3.332846449139241,0,0.4546861350536346,0.1307999999997384,0.4665999999990668,0.8257022500038147,3.3620493412017822,0.7662001848220825,0.201737642288208,0.0360821411013603,1.0,3.3620799859260755,0,0.1823294907808304,0.096244444444423,0.3998222222221333,0.581215500831604
vgg19_bn,4,0.01,0.1,4.605459544740117,0.0024441722780466,0.0024441722780466,0.0075999999999848,0.0383999999999232,4.605456829071045,0.0010191879700869,5.183239863981726e-06,0.1000000014901161,1.4901161193847656e-07,1,0.05,43272780_7,True,True,cifar100_vgg19_bn,4.605456829071045,0.0003224980318918,6.817281246185303e-07,0.0024441722780466,0.0099999997764825,4.605454752526679,0,0.0024441722780466,0.0075999999999848,0.0383999999999232,5.183239863981726e-06,4.605141639709473,0.0003251862945035,3.874301910400392e-07,0.0002247551456093,0.0099999997764825,4.605141173447866,0,0.0002247551456093,0.0102666666666643,0.0512888888888775,5.271064765111078e-06
vgg19_bn,3,0.5,0.1,4.082184360370407,0.0149711389094591,0.01497108861804,0.0423999999999152,0.1925999999996148,4.082445621490479,0.2615798413753509,0.3729816377162933,0.1000000014901161,0.0018372237682342,1,0.001,43272780_3,True,True,cifar100_vgg19_bn,4.082444190979004,0.5672146677970886,0.0437812805175781,0.01497115008533,0.5,4.084299395426417,0,0.0149711221456527,0.0423999999999152,0.1925999999996148,0.372978150844574,4.139642238616943,0.5850293040275574,0.0438659191131591,0.0084708277136087,0.5,4.139643782683896,0,0.2379030436277389,0.037022222222214,0.1717999999999618,0.3729182481765747
vgg19_bn,4,0.001,0.1,4.605203960023448,0.0024057170376181,0.0024057170376181,0.0075999999999848,0.0383999999999232,4.605203628540039,0.0001209410911542,7.361057896559944e-08,0.1000000014901161,5.960464477539062e-07,1,0.5,43272780_6,True,True,cifar100_vgg19_bn,4.605203628540039,1.1594846910156775e-05,8.642673492431641e-07,0.0024057170376181,0.0010000000474974,4.605203435502574,0,0.0024057170376181,0.0075999999999848,0.0383999999999232,7.361057186017207e-08,4.605166435241699,1.2332217011135072e-05,8.274801075458527e-07,0.0002585537731647,0.0010000000474974,4.60516631306145,0,0.0002585537731647,0.0102666666666643,0.0512888888888775,7.48455306620599e-08
vgg19_bn,4,0.5,0.1,1.6527353755316645,0.1878597885370254,0.4692020714282989,0.725999999998548,0.8995999999982008,1.6491577625274658,1.1876931190490725,10.757247924804688,0.1000000014901161,0.0424430221319198,1,0.001,43272780_9,True,True,cifar100_vgg19_bn,1.6491574048995972,1.647437572479248,0.5429529547691345,0.1878603845834732,0.5,1.652184396156101,0,0.4692014753818512,0.725999999998548,0.8995999999982008,10.757267951965332,0.0183616317808628,0.0173536278307437,0.0014808494597673,0.008949264883995,0.5,0.0183506125669067,0,0.2658149600028991,0.9966444444442232,0.9999555555553334,0.0183919575065374
vgg19_bn,5,0.001,0.1,4.605207893930001,0.0024136416614055,0.0024136416614055,0.0075999999999848,0.0465999999999068,4.605207920074463,0.0002428183070151,2.980533793106588e-07,0.1000000014901161,0.0,1,0.5,43272780_12,True,True,cifar100_vgg19_bn,4.605207443237305,2.417645009700209e-05,8.67992639541626e-07,0.0024136416614055,0.0010000000474974,4.605207703195138,0,0.0024136416614055,0.0075999999999848,0.0465999999999068,2.980532087804022e-07,4.605166435241699,2.411327113804873e-05,8.274801075458527e-07,0.000255268998444,0.0010000000474974,4.605166448526552,0,0.000255268998444,0.0102666666666643,0.0503777777777665,2.9354993102970184e-07
vgg19_bn,5,1.0,0.1,1.7545371583272145,0.18056021630764,0.3487481474876404,0.6933999999986132,0.8847999999982304,1.7447925806045532,1.1972553730010986,11.204875946044922,0.1000000014901161,0.0433423668146133,1,0.0005,43272780_16,True,True,cifar100_vgg19_bn,1.7447917461395264,1.743912935256958,1.3487412929534912,0.1805609762668609,1.0,1.7461563518853294,0,0.3487474322319031,0.6933999999986132,0.8847999999982304,11.204862594604492,0.1111861988902092,0.1100715026259422,0.0379134938120842,0.0254916083067655,1.0,0.1111692511201747,0,0.1656938642263412,0.9681777777775626,0.9995111111108892,0.1519754976034164
vgg19_bn,5,0.1,0.1,4.606224248490345,0.002711365930736,0.002711365930736,0.0075999999999848,0.0405999999999188,4.606226921081543,0.005058548413217,0.0001256816467503,0.1000000014901161,8.642673492431641e-07,1,0.005,43272780_14,True,True,cifar100_vgg19_bn,4.606226921081543,0.0050583463162183,8.940696716308594e-07,0.002711365930736,0.1000000014901161,4.606214306435601,0,0.002711365930736,0.0075999999999848,0.0405999999999188,0.0001256816613022,4.605124473571777,0.0051107807084918,1.2218952178955078e-06,4.777498543262482e-05,0.1000000014901161,4.605125074775174,0,4.777498543262482e-05,0.0102666666666643,0.0510444444444331,0.0001283903839066
vgg19_bn,5,2.0,0.1,1.944527797918804,0.2025716602802276,0.4428852498531341,0.6877999999986244,0.8803999999982393,1.944357752799988,1.3370726108551023,13.832770347595217,0.1000000014901161,0.0524336695671081,1,0.00025,43272780_17,True,True,cifar100_vgg19_bn,1.9443585872650144,1.9442213773727417,3.432800769805908,0.2025724351406097,2.0,1.9504923095487403,0,0.4428869783878326,0.6877999999986244,0.8803999999982393,13.832780838012695,0.074611410498619,0.0744576230645179,0.0693573653697967,0.0173841379582881,2.0,0.0746209359346738,0,0.1603215634822845,0.9790444444442268,0.999822222222,0.1080943048000335
vgg19_bn,4,0.1,0.1,1.4819409839849815,0.1147888600826263,0.2524490356445312,0.6801999999986396,0.8671999999982656,1.4838274717330933,0.9354674816131592,6.59431791305542,0.1000000014901161,0.0273366868495941,1,0.005,43272780_8,True,True,cifar100_vgg19_bn,1.4838294982910156,0.9354661107063292,0.0273368954658508,0.1147884204983711,0.1000000014901161,1.4878139309596603,0,0.2524499297142029,0.6801999999986396,0.8671999999982656,6.594326496124268,0.2916816771030426,0.1874841451644897,0.0017671957612037,0.0728607028722763,0.1000000014901161,0.2917254340923159,0,0.1541575789451599,0.9252666666664612,0.994799999999779,0.3877266645431518
vgg19_bn,5,0.01,0.1,4.605446217141552,0.0024755392223596,0.0024755392223596,0.0075999999999848,0.0405999999999188,4.605443954467773,0.0015206957468762,1.1686003745126072e-05,0.1000000014901161,7.748603820800781e-07,1,0.05,43272780_13,True,True,cifar100_vgg19_bn,4.605444431304932,0.0004828385135624,-3.986060619354248e-07,0.0024755392223596,0.0099999997764825,4.6054451442579465,0,0.0024755392223596,0.0075999999999848,0.0405999999999188,1.1686003745126072e-05,4.605146408081055,0.0004837955057155,4.3958425521850586e-07,0.0001941481605172,0.0099999997764825,4.605146825051912,0,0.0001941481605172,0.0102666666666643,0.0510444444444331,1.173539294541115e-05
vgg19_bn,3,0.1,0.1,4.606416032395278,0.0010396717116236,0.0010396717116236,0.0093999999999812,0.0433999999999132,4.606398105621338,0.0085997562855482,0.00036651888513,0.1000000014901161,2.7418136596679688e-06,1,0.005,43272780_2,True,True,cifar100_vgg19_bn,4.606398105621338,0.008600253611803,2.7418136596679688e-06,0.0010396717116236,0.1000000014901161,4.6063342309808295,0,0.0010396717116236,0.0093999999999812,0.0433999999999132,0.00036651888513,4.605239391326904,0.0086310720071196,2.264976501464844e-06,0.00037073623389,0.1000000014901161,4.605238404879302,0,0.00037073623389,0.0100666666666644,0.050733333333322,0.000369970628526
shufflenetv2_x2_0,4,0.001,0.1,4.605204222283884,0.0024057207629084,0.0024057207629084,0.0075999999999848,0.0383999999999232,4.605203628540039,0.0001206197921419,7.259088619093745e-08,0.1000000014901161,5.960464477539062e-07,1,0.5,43272780_6,True,True,cifar100_shufflenetv2_x2_0,4.605203628540039,1.1496254956000485e-05,8.642673492431641e-07,0.0024057207629084,0.0010000000474974,4.605204603753611,0,0.0024057207629084,0.0075999999999848,0.0383999999999232,7.259088619093745e-08,4.605166435241699,1.2183550097688569e-05,8.274801075458527e-07,0.0002585537731647,0.0010000000474974,4.605166635468392,0,0.0002585537731647,0.0102666666666643,0.0512888888888775,7.375734867309802e-08
shufflenetv2_x2_0,5,0.5,0.1,1.0318976486530194,0.061171606183052,0.122258186340332,0.7273999999985452,0.922999999998154,1.0319300889968872,0.6450170278549194,3.1655759811401367,0.1000000014901161,0.0138156116008758,1,0.001,43272780_15,True,True,cifar100_shufflenetv2_x2_0,1.0319300889968872,0.985947608947754,0.2249704003334045,0.061172280460596,0.5,1.0320956612433287,0,0.1222579479217529,0.7273999999985452,0.922999999998154,3.1655757427215576,0.1226797103881836,0.107764795422554,0.005103588104248,0.0839657336473465,0.5,0.1226742246795847,0,0.3609744310379028,0.9873777777775584,0.9999777777775556,0.046865276992321
shufflenetv2_x2_0,5,1.0,0.1,1.0017454857585877,0.0883547365665435,0.1798028349876403,0.742999999998514,0.9305999999981388,1.0012130737304688,0.6725232601165771,3.511246681213379,0.1000000014901161,0.0151765793561935,1,0.0005,43272780_16,True,True,cifar100_shufflenetv2_x2_0,1.0012129545211792,0.99964040517807,0.643156886100769,0.0883557349443435,1.0,1.000938131904812,0,0.1798029541969299,0.742999999998514,0.9305999999981388,3.511246681213379,0.0193126257508993,0.0186056960374116,0.0009725149720907,0.0177005100995302,1.0,0.0193100653006306,0,0.7622347474098206,0.9996666666664444,0.9999999999997778,0.0022765519097447
shufflenetv2_x2_0,4,0.5,0.1,1.0055494333246255,0.0732754692435264,0.1636292934417724,0.7419999999985161,0.9331999999981336,1.000066876411438,0.6568263173103333,3.3263092041015625,0.1000000014901161,0.0144239515066146,1,0.001,43272780_9,True,True,cifar100_shufflenetv2_x2_0,1.0000669956207275,0.9767205715179444,0.2309447526931762,0.0732749328017234,0.5,0.9980262155311076,0,0.1636291146278381,0.7419999999985161,0.9331999999981336,3.3263092041015625,0.0278705023229122,0.0244681928306818,0.00043217651546,0.0251499935984611,0.5,0.0278819797608229,0,0.6540071964263916,0.999399999999778,0.9999999999997778,0.0037180907092988
shufflenetv2_x2_0,3,1.0,0.1,1.0650852794090162,0.070800133049488,0.1468058228492736,0.707999999998584,0.925999999998148,1.06744122505188,0.6509011387825012,3.245214939117432,0.1000000014901161,0.0141032338142395,1,0.0005,43272780_4,True,True,cifar100_shufflenetv2_x2_0,1.06744122505188,1.058878779411316,0.6292698383331299,0.0707999020814895,1.0,1.0670052374034709,0,0.1468055248260498,0.707999999998584,0.925999999998148,3.2452147006988525,0.1795232892036438,0.1728327274322509,0.0351541638374328,0.0962690040469169,1.0,0.1794996463845687,0,0.3269659876823425,0.9690666666664514,0.9997111111108892,0.096674844622612
shufflenetv2_x2_0,5,0.01,0.1,4.605433914742876,0.0016787182539701,0.0016787182539701,0.0083999999999832,0.0427999999999144,4.605432033538818,0.0013999444199725,9.676754416432232e-06,0.1000000014901161,4.76837158203125e-07,1,0.05,43272780_13,True,True,cifar100_shufflenetv2_x2_0,4.605432033538818,0.0004408028617035,4.284083843231201e-07,0.0016787182539701,0.0099999997764825,4.605436155877519,0,0.0016787182539701,0.0083999999999832,0.0427999999999144,9.676754416432232e-06,4.605147361755371,0.0004473334993235,4.470348358154297e-07,0.0001004887744784,0.0099999997764825,4.605146898203067,0,0.0001004887744784,0.0101777777777755,0.0507999999999887,9.984543794416822e-06
shufflenetv2_x2_0,3,0.5,0.1,1.429599087715605,0.0467336624860763,0.0908647179603576,0.59499999999881,0.8783999999982433,1.4312183856964111,0.5853833556175232,2.226571798324585,0.1000000014901161,0.010301724076271,1,0.001,43272780_3,True,True,cifar100_shufflenetv2_x2_0,1.4312182664871216,1.0754225254058838,0.1972423195838928,0.0467336885631084,0.5,1.4336229913219152,0,0.0908650755882263,0.59499999999881,0.8783999999982433,2.226572036743164,1.1906108856201172,0.8251730799674988,0.1193723678588867,0.1569398939609527,0.5,1.190564395961523,0,0.2136407494544983,0.671311111110962,0.9304222222220156,1.2224830389022827
shufflenetv2_x2_0,3,0.001,0.1,4.6052141166549125,0.0016221236437559,0.0016221236437559,0.0083999999999832,0.0443999999999112,4.605216026306152,0.0004307360795792,9.893789183479385e-07,0.1000000014901161,-1.1920928955078125e-07,1,0.5,43272780_0,True,True,cifar100_shufflenetv2_x2_0,4.605216026306152,4.373215779196471e-05,-7.729977369308473e-08,0.0016221236437559,0.0010000000474974,4.605217597566165,0,0.0016221236437559,0.0083999999999832,0.0443999999999112,9.893789183479385e-07,4.605165958404541,4.44577781308908e-05,8.270144462585449e-07,0.0001597926020622,0.0010000000474974,4.6051656980498885,0,0.0001597926020622,0.0101777777777755,0.0506222222222109,9.883128768706229e-07
shufflenetv2_x2_0,4,0.01,0.1,4.605455682359137,0.002444096840918,0.002444096840918,0.0075999999999848,0.0383999999999232,4.605456352233887,0.0010145776905119,5.137573225511005e-06,0.1000000014901161,5.960464477539065e-08,1,0.05,43272780_7,True,True,cifar100_shufflenetv2_x2_0,4.605456352233887,0.0003209226415492,-2.831220626831055e-07,0.002444096840918,0.0099999997764825,4.605460617623722,0,0.002444096840918,0.0075999999999848,0.0383999999999232,5.137573680258356e-06,4.605141639709473,0.0003232223680242,3.91155481338501e-07,0.0002258429303765,0.0099999997764825,4.6051413468431965,0,0.0002258429303765,0.0102666666666643,0.0512888888888775,5.223764674155973e-06
shufflenetv2_x2_0,5,0.1,0.1,2.618955765845216,0.1046806424856185,0.2142848372459411,0.3331999999993336,0.6617999999986764,2.6125175952911377,0.5881446003913879,1.8651659488677976,0.1000000014901161,0.0091307759284973,1,0.005,43272780_14,True,True,cifar100_shufflenetv2_x2_0,2.6125175952911377,0.5881442427635193,0.0091307759284973,0.1046805679798126,0.1000000014901161,2.6156907664572,0,0.2142848372459411,0.3331999999993336,0.6617999999986764,1.865165948867798,2.701689958572388,0.553493320941925,0.0079791545867919,0.1285538673400879,0.1000000014901161,2.7015970740625623,0,0.2723011970520019,0.323688888888817,0.6516444444442997,1.618648648262024
shufflenetv2_x2_0,4,0.1,0.1,1.417772191054038,0.0429729223251342,0.1085974127054214,0.6087999999987824,0.8747999999982504,1.4198380708694458,0.6028472781181335,2.287903070449829,0.1000000014901161,0.0106914639472961,1,0.005,43272780_8,True,True,cifar100_shufflenetv2_x2_0,1.4198380708694458,0.6028472781181335,0.0106914788484573,0.0429730080068111,0.1000000014901161,1.4230906777419,0,0.1085974127054214,0.6087999999987824,0.8747999999982504,2.287903070449829,1.150620698928833,0.4496854245662689,0.0060666278004646,0.1612150073051452,0.1000000014901161,1.150520908496249,0,0.2220991253852844,0.6969555555554007,0.9346888888886812,1.2784018516540527
shufflenetv2_x2_0,3,0.1,0.1,4.3255285956689615,0.0075479322113096,0.0874624699354171,0.0327999999999344,0.1357999999997284,4.325216770172119,0.276870459318161,0.321372240781784,0.1000000014901161,0.001643031835556,1,0.005,43272780_2,True,True,cifar100_shufflenetv2_x2_0,4.325216770172119,0.276870459318161,0.001643031835556,0.0075478903017938,0.1000000014901161,4.326018641216202,0,0.0874624550342559,0.0327999999999344,0.1357999999997284,0.3213722109794616,4.345332145690918,0.2612344026565552,0.0014496743679046,0.0083730425685644,0.1000000014901161,4.34530358398197,0,0.1103489398956298,0.0320444444444373,0.1400222222221911,0.2836519479751587
shufflenetv2_x2_0,3,0.01,0.1,4.605438206277298,0.0017482275143265,0.0017482275143265,0.0083999999999832,0.0435999999999128,4.605462551116943,0.0023837324697524,2.7639676773105748e-05,0.1000000014901161,7.450580596923828e-07,1,0.05,43272780_1,True,True,cifar100_shufflenetv2_x2_0,4.605462551116943,0.0007468907861039,7.37607479095459e-07,0.0017482275143265,0.0099999997764825,4.605469868264587,0,0.0017482275143265,0.0083999999999832,0.0435999999999128,2.7639676773105748e-05,4.6051530838012695,0.0007505989051423,5.103647708892822e-07,2.385396510362625e-05,0.0099999997764825,4.605153514318636,0,2.385396510362625e-05,0.0101777777777755,0.0507111111110998,2.789795325952582e-05
shufflenetv2_x2_0,5,0.001,0.1,4.605208466134591,0.001413581892848,0.001413581892848,0.0085999999999828,0.0407999999999184,4.6052093505859375,0.0002248570090159,2.430379879569955e-07,0.1000000014901161,2.384185791015625e-07,1,0.5,43272780_12,True,True,cifar100_shufflenetv2_x2_0,4.6052093505859375,2.1875723177799955e-05,8.703209459781647e-07,0.001413581892848,0.0010000000474974,4.605210683427375,0,0.001413581892848,0.0085999999999828,0.0407999999999184,2.430380163787049e-07,4.605165958404541,2.245475297968369e-05,8.265487849712372e-07,0.0001441650092601,0.0010000000474974,4.60516566011966,0,0.0001441650092601,0.0101555555555533,0.0510222222222108,2.528581717342604e-07
shufflenetv2_x2_0,3,2.0,0.1,1.1931509906048252,0.1252338588237762,0.2394865751266479,0.7195999999985608,0.9253999999981491,1.1963415145874023,0.8073735237121582,5.175853252410889,0.1000000014901161,0.0215106159448623,1,0.00025,43272780_5,True,True,cifar100_shufflenetv2_x2_0,1.1963415145874023,1.1962891817092896,1.9156227111816408,0.1252336055040359,2.0,1.1958742403965164,0,0.2394871115684509,0.7195999999985608,0.9253999999981491,5.175853252410889,0.0367548391222953,0.0366474576294422,0.0130705684423446,0.0286004450172185,2.0,0.0367605919209165,0,0.7334567308425903,0.9969999999997784,0.9999777777775556,0.0099797183647751
shufflenetv2_x2_0,4,2.0,0.1,1.0995154375300762,0.0911588668823242,0.2058383226394653,0.72999999999854,0.917999999998164,1.1009557247161863,0.720683217048645,3.904315233230591,0.1000000014901161,0.0169044286012649,1,0.00025,43272780_11,True,True,cifar100_shufflenetv2_x2_0,1.1009557247161863,1.1008691787719729,1.723442554473877,0.0911586433649063,2.0,1.1005881333808658,0,0.2058385610580444,0.72999999999854,0.917999999998164,3.90431547164917,0.0058957329019904,0.0058243316598236,0.0005428772419691,0.0055382684804499,2.0,0.0058955759473435,0,0.4930728375911712,0.9998444444442224,0.9999999999997778,0.0003622362273745
shufflenetv2_x2_0,4,1.0,0.1,0.9829359586092552,0.0713629871606826,0.1889227032661438,0.7467999999985064,0.927999999998144,0.985627293586731,0.645578920841217,3.114058494567871,0.1000000014901161,0.0137229114770889,1,0.0005,43272780_10,True,True,cifar100_shufflenetv2_x2_0,0.9856272339820862,0.98384827375412,0.6181984543800354,0.071362018585205,1.0,0.9838531221000456,0,0.1889225244522094,0.7467999999985064,0.927999999998144,3.114058494567871,0.0109409186989068,0.0102524450048804,0.0003150794655084,0.0103334682062268,1.0,0.0109417331478141,0,0.3398056030273437,0.9997777777775556,0.9999999999997778,0.0007101140217855
shufflenetv2_x2_0,5,2.0,0.1,1.100142293618401,0.111559085547924,0.2362440824508667,0.7377999999985244,0.9287999999981424,1.0903913974761963,0.7493691444396973,4.401881217956543,0.1000000014901161,0.0186575204133987,1,0.00025,43272780_17,True,True,cifar100_shufflenetv2_x2_0,1.0903913974761963,1.0903587341308594,1.7436985969543457,0.1115590408444404,2.0,1.0846878970206366,0,0.2362441420555114,0.7377999999985244,0.9287999999981424,4.401881217956543,0.0078173652291297,0.0077716913074254,0.0009290724992752,0.0072719515301287,2.0,0.0078175261675764,0,0.5341165065765381,0.9998444444442224,0.9999999999997778,0.0005951986531727
vgg16_bn,4,1.0,0.1,1.653765349753333,0.1854317188262939,0.4325112998485565,0.7389999999985221,0.897999999998204,1.6503549814224243,1.20843505859375,11.122479438781738,0.1000000014901161,0.0437863022089004,1,0.0005,43272780_10,True,True,cifar100_vgg16_bn,1.6503558158874512,1.650283694267273,1.3339285850524902,0.1854321956634521,1.0,1.652627562650249,0,0.4325135052204132,0.7389999999985221,0.897999999998204,11.12246799468994,0.0071124942041933,0.0070348107255995,0.0016355426050722,0.0037500734906643,1.0,0.0071373378644896,0,0.2957604825496673,0.9989111111108891,0.9999999999997778,0.0069471313618123
vgg16_bn,5,1.0,0.1,1.6584573200993449,0.184241697192192,0.4107084572315216,0.718999999998562,0.9005999999981988,1.6590964794158936,1.189812183380127,11.230886459350586,0.1000000014901161,0.043179377913475,1,0.0005,43272780_16,True,True,cifar100_vgg16_bn,1.6591002941131592,1.6588679552078247,1.3110616207122805,0.1842418313026428,1.0,1.6560269883935592,0,0.4107070863246918,0.718999999998562,0.9005999999981988,11.23093318939209,0.0443659126758575,0.0441054329276084,0.0137701332569122,0.0138321332633495,1.0,0.0443513864858953,0,0.278484970331192,0.9887333333331136,0.9997777777775556,0.0549314767122268
vgg16_bn,3,0.001,0.1,4.605215332589665,0.0018176287412643,0.0018176287412643,0.0081999999999836,0.0397999999999204,4.605212688446045,0.0003739780513569,7.307954774660175e-07,0.1000000014901161,5.364418029785156e-07,1,0.5,43272780_0,True,True,cifar100_vgg16_bn,4.605212211608887,3.812591603491455e-05,8.735805749893188e-07,0.0018176287412643,0.0010000000474974,4.605214712701359,0,0.0018176287412643,0.0081999999999836,0.0397999999999204,7.307958185265306e-07,4.605165958404541,3.837385520455428e-05,8.270144462585449e-07,0.0001837126910686,0.0010000000474974,4.605165882282427,0,0.0001837126910686,0.0101999999999977,0.0511333333333219,7.327299726966885e-07
vgg16_bn,5,0.1,0.1,4.606388804993558,0.0027026077732443,0.0027026077732443,0.0075999999999848,0.038999999999922,4.606350421905518,0.0051389494910836,0.0001274632377317,0.1000000014901161,8.046627044677734e-07,1,0.005,43272780_14,True,True,cifar100_vgg16_bn,4.606350421905518,0.0051388246938586,8.046627044677734e-07,0.0027026077732443,0.1000000014901161,4.606347439370105,0,0.0027026077732443,0.0075999999999848,0.038999999999922,0.0001274632377317,4.605112075805664,0.005213257856667,9.5367431640625e-07,4.027504473924637e-05,0.1000000014901161,4.605111181474339,0,4.027504473924637e-05,0.0102666666666643,0.0512222222222108,0.0001317693095188
vgg16_bn,5,0.01,0.1,4.605484674058341,0.0022796364501118,0.0022796364501118,0.0077999999999844,0.038999999999922,4.605480194091797,0.0014891814207658,1.0558873327681796e-05,0.1000000014901161,5.960464477539062e-07,1,0.05,43272780_13,True,True,cifar100_vgg16_bn,4.605480194091797,0.0004635641234926,-3.725290298461914e-08,0.0022796364501118,0.0099999997764825,4.605477378449825,0,0.0022796364501118,0.0077999999999844,0.038999999999922,1.0558873327681796e-05,4.605142116546631,0.0004749805375467,3.948807716369629e-07,0.0001670531928539,0.0099999997764825,4.605141682796649,0,0.0001670531928539,0.0102444444444421,0.0512222222222108,1.1101959898951463e-05
vgg16_bn,3,0.01,0.1,4.605458328805364,0.0019244505092501,0.0019244505092501,0.0081999999999836,0.0451999999999096,4.605456829071045,0.0022224346175789,2.4995923013193533e-05,0.1000000014901161,8.940696716308596e-08,1,0.05,43272780_1,True,True,cifar100_vgg16_bn,4.605456352233887,0.0007052182918414,-2.7567148208618164e-07,0.0019244505092501,0.0099999997764825,4.6054499603132415,0,0.0019244505092501,0.0081999999999836,0.0451999999999096,2.4995924832182936e-05,4.605152606964111,0.0007132815662771,4.991888999938965e-07,7.028132677078247e-05,0.0099999997764825,4.605152349318762,0,7.028132677078247e-05,0.0101999999999977,0.0505333333333221,2.554163984314073e-05
vgg16_bn,5,0.5,0.1,1.4492986910249233,0.1548198461532592,0.32071053981781,0.7147999999985705,0.9015999999981968,1.4474214315414429,1.0150206089019775,8.283087730407715,0.1000000014901161,0.03273406624794,1,0.001,43272780_15,True,True,cifar100_vgg16_bn,1.4474223852157593,1.436322569847107,0.4336063265800476,0.154819518327713,0.5,1.4493235402013178,0,0.3207091689109802,0.7147999999985705,0.9015999999981968,8.2830810546875,0.1234565377235412,0.1193429380655288,0.0135438740253448,0.0276679005473852,0.5,0.1234586899606636,0,0.5622233152389526,0.9637999999997858,0.9994666666664448,0.1567710936069488
vgg16_bn,3,2.0,0.1,4.605703446946416,0.0020512072369456,0.0020512072369456,0.0081999999999836,0.0447999999999104,4.605703830718994,0.0039913491345942,8.318677282659337e-05,0.1000000014901161,1.0132789611816406e-06,1,0.00025,43272780_5,True,True,cifar100_vgg16_bn,4.605703830718994,0.0172377619892358,0.000166893005371,0.0020512072369456,2.0,4.605695602975168,0,0.0020512072369456,0.0081999999999836,0.0447999999999104,8.318677282659337e-05,4.605157852172852,0.0173270553350448,0.0001688003540039,5.350075662136078e-05,2.0,4.605158090329774,0,5.350075662136078e-05,0.0101999999999977,0.0505777777777665,8.478749077767134e-05
vgg16_bn,4,0.01,0.1,4.60545882948438,0.0024444013833999,0.0024444013833999,0.0075999999999848,0.0383999999999232,4.605456352233887,0.0010155314812436,5.133904323884053e-06,0.1000000014901161,5.960464477539065e-08,1,0.05,43272780_7,True,True,cifar100_vgg16_bn,4.605456352233887,0.0003208422858733,-2.831220626831055e-07,0.0024444013833999,0.0099999997764825,4.605456254563727,0,0.0024444013833999,0.0075999999999848,0.0383999999999232,5.133904323884053e-06,4.605141639709473,0.0003239042125642,3.874301910400392e-07,0.0002247290685772,0.0099999997764825,4.605141235761813,0,0.0002247290685772,0.0102666666666643,0.0512888888888775,5.230389888311038e-06
vgg16_bn,3,1.0,0.1,4.6059973216868695,0.002153368666768,0.002153368666768,0.0081999999999836,0.0411999999999176,4.605968475341797,0.0055521014146506,0.0001615994551684,0.1000000014901161,7.748603820800781e-07,1,0.0005,43272780_4,True,True,cifar100_vgg16_bn,4.605968475341797,0.017120074480772,8.058547973632812e-05,0.002153368666768,1.0,4.60596215494647,0,0.002153368666768,0.0081999999999836,0.0411999999999176,0.0001615994406165,4.605173110961914,0.0173116158694028,8.296966552734375e-05,0.0001517748460173,1.0,4.605172666374722,0,0.0001517748460173,0.0101999999999977,0.0509777777777664,0.000165232544532
vgg16_bn,5,2.0,0.1,1.8144978514181904,0.1985318958759308,0.3823163509368896,0.7107999999985785,0.8905999999982188,1.817169427871704,1.2743631601333618,12.302578926086426,0.1000000014901161,0.0478792339563369,1,0.00025,43272780_17,True,True,cifar100_vgg16_bn,1.8171693086624143,1.817154049873352,3.230717897415161,0.1985326707363128,2.0,1.822328018230987,0,0.3823181390762329,0.7107999999985785,0.8905999999982188,12.302574157714844,0.0294039659202098,0.0293835643678903,0.0259300097823143,0.0085375439375638,2.0,0.0293937775141537,0,0.2574200928211212,0.9924222222220016,0.9999333333331112,0.0393776148557662
vgg16_bn,3,0.5,0.1,4.606215522370354,0.0022341338917613,0.0022341338917613,0.0081999999999836,0.0411999999999176,4.606223106384277,0.0069302371703088,0.0002505152369849,0.1000000014901161,1.4603137969970703e-06,1,0.001,43272780_3,True,True,cifar100_vgg16_bn,4.606223106384277,0.0152406422421336,3.0994415283203125e-05,0.0022341338917613,0.5,4.606218335709586,0,0.0022341338917613,0.0081999999999836,0.0411999999999176,0.0002505152369849,4.605195045471191,0.0154273631051182,3.2901763916015625e-05,0.0002365950495004,0.5,4.605194541279354,0,0.0002365950495004,0.0101999999999977,0.0509777777777664,0.0002561129513196
vgg16_bn,4,0.1,0.1,1.3972441308664718,0.1276290565729141,0.2957481741905212,0.7011999999985976,0.8831999999982336,1.3900611400604248,0.9036311507225036,6.084186553955078,0.1000000014901161,0.0255293697118759,1,0.005,43272780_8,True,True,cifar100_vgg16_bn,1.390060544013977,0.9036338329315186,0.0255292952060699,0.1276293992996215,0.1000000014901161,1.3971425407099676,0,0.2957503795623779,0.7011999999985976,0.8831999999982336,6.084189414978027,0.147995114326477,0.0995157733559608,0.0006994362920522,0.0591180212795734,0.1000000014901161,0.147998594204868,0,0.2969478368759155,0.9690666666664514,0.998488888888667,0.152270883321762
vgg16_bn,4,0.001,0.1,4.605203101716564,0.002405721694231,0.002405721694231,0.0075999999999848,0.0383999999999232,4.605203628540039,0.0001216607051901,7.282158520638404e-08,0.1000000014901161,5.960464477539062e-07,1,0.5,43272780_6,True,True,cifar100_vgg16_bn,4.605203628540039,1.1642571735137608e-05,8.642673492431641e-07,0.002405721694231,0.0010000000474974,4.605204055390879,0,0.002405721694231,0.0075999999999848,0.0383999999999232,7.282158520638404e-08,4.605166435241699,1.1971577805525158e-05,8.274801075458527e-07,0.0002585537731647,0.0010000000474974,4.60516659211956,0,0.0002585537731647,0.0102666666666643,0.0512888888888775,7.438173099671985e-08
vgg16_bn,3,0.1,0.1,4.606224629960071,0.002234311774373,0.002234311774373,0.0081999999999836,0.0411999999999176,4.6062211990356445,0.006922869477421,0.0002497985260561,0.1000000014901161,1.2218952178955078e-06,1,0.005,43272780_2,True,True,cifar100_vgg16_bn,4.6062211990356445,0.0069232820533216,1.2218952178955078e-06,0.002234311774373,0.1000000014901161,4.606215713105217,0,0.002234311774373,0.0081999999999836,0.0411999999999176,0.0002497985260561,4.605195045471191,0.0070111756213009,1.6093254089355469e-06,0.0002366155385971,0.1000000014901161,4.605194603593301,0,0.0002366155385971,0.0101999999999977,0.0509777777777664,0.0002556011895649
vgg16_bn,5,0.001,0.1,4.605202052674816,0.0022138142958283,0.0022138142958283,0.0077999999999844,0.0445999999999108,4.605201244354248,0.0002096706593874,2.217904864210141e-07,0.1000000014901161,3.278255462646485e-07,1,0.5,43272780_12,True,True,cifar100_vgg16_bn,4.605201244354248,2.117148324032314e-05,8.614733815193176e-07,0.0022138142958283,0.0010000000474974,4.605201218209789,0,0.0022138142958283,0.0077999999999844,0.0445999999999108,2.217904864210141e-07,4.605166912078857,2.135279828507919e-05,8.274801075458527e-07,0.0002330271527171,0.0010000000474974,4.605166773642797,0,0.0002330271527171,0.0102444444444421,0.0505999999999887,2.211198761870037e-07
vgg16_bn,4,2.0,0.1,1.7765438190160554,0.2034094035625457,0.4661334753036499,0.72499999999855,0.9027999999981944,1.7718663215637207,1.2753992080688477,12.305068016052246,0.1000000014901161,0.0479504168033599,1,0.00025,43272780_11,True,True,cifar100_vgg16_bn,1.771866798400879,1.771864891052246,3.1794395446777344,0.203410118818283,2.0,1.7792896738692665,0,0.4661276340484619,0.72499999999855,0.9027999999981944,12.305089950561523,0.0049773398786783,0.0049747065640985,0.0034038908779621,0.0021807244047522,2.0,0.004987030279862,0,0.5301659107208252,0.9989777777775558,0.9999999999997778,0.004452483728528
vgg16_bn,4,0.5,0.1,1.5311922065708297,0.1832225620746612,0.4510755240917206,0.7341999999985316,0.9143999999981712,1.5318814516067505,1.1120312213897705,9.47177791595459,0.1000000014901161,0.037816435098648,1,0.001,43272780_9,True,True,cifar100_vgg16_bn,1.531880497932434,1.5304275751113892,0.4949527382850647,0.1832224130630493,0.5,1.5336057774505127,0,0.4510743319988251,0.7341999999985316,0.9143999999981712,9.471784591674805,0.0132873393595218,0.0125053012743592,0.0008634496480226,0.0076242513023316,0.5,0.0132861344548944,0,0.2255605459213256,0.9979333333331116,0.9999999999997778,0.010365754365921
shufflenetv2_x1_5,4,0.001,0.1,4.605202815614269,0.0024057207629084,0.0024057207629084,0.0075999999999848,0.0383999999999232,4.605203628540039,0.0001205487278639,7.268507573598981e-08,0.1000000014901161,5.960464477539062e-07,1,0.5,43272780_6,True,True,cifar100_shufflenetv2_x1_5,4.605203628540039,1.1988191545242444e-05,8.642673492431641e-07,0.0024057207629084,0.0010000000474974,4.60520303019099,0,0.0024057207629084,0.0075999999999848,0.0383999999999232,7.268507573598981e-08,4.605166435241699,1.2430205060809383e-05,8.270144462585449e-07,0.0002585537731647,0.0010000000474974,4.605166548770727,0,0.0002585537731647,0.0102666666666643,0.0512888888888775,7.363277632066456e-08
shufflenetv2_x1_5,5,0.5,0.1,1.0528700495462349,0.0572921559214592,0.128825306892395,0.7047999999985904,0.9243999999981511,1.0540851354599,0.623163104057312,2.897591114044189,0.1000000014901161,0.0127838551998138,1,0.001,43272780_15,True,True,cifar100_shufflenetv2_x1_5,1.0540851354599,0.9874073266983032,0.2137700915336609,0.0572922378778457,0.5,1.053227734039121,0,0.1288249492645263,0.7047999999985904,0.9243999999981511,2.8975908756256104,0.201016753911972,0.1745927631855011,0.011035606265068,0.1107890158891678,0.5,0.2009870474197241,0,0.3304839134216308,0.9680222222220072,0.999822222222,0.1040381044149398
shufflenetv2_x1_5,3,2.0,0.1,1.2327503973042333,0.1252760887145996,0.217387855052948,0.7067999999985864,0.9207999999981584,1.2388662099838257,0.8166561126708984,5.219145774841309,0.1000000014901161,0.0217805206775665,1,0.00025,43272780_5,True,True,cifar100_shufflenetv2_x1_5,1.238866090774536,1.2387698888778689,1.971641063690185,0.1252763569355011,2.0,1.2330684298072023,0,0.2173882126808166,0.7067999999985864,0.9207999999981584,5.219145774841309,0.0449554324150085,0.0448136329650878,0.015529990196228,0.0357789099216461,2.0,0.0449416968543793,0,0.3091629445552826,0.9969111111108896,0.9999999999997778,0.0112905092537403
shufflenetv2_x1_5,5,2.0,0.1,1.1989286655153428,0.1191620007157325,0.2160960435867309,0.71499999999857,0.9205999999981588,1.1933622360229492,0.7959070801734924,4.996260643005371,0.1000000014901161,0.0208464562892913,1,0.00025,43272780_17,True,True,cifar100_shufflenetv2_x1_5,1.1933621168136597,1.1932995319366455,1.902340650558472,0.1191618740558624,2.0,1.188005351426261,0,0.2160960435867309,0.71499999999857,0.9205999999981588,4.996260643005371,0.0116130700334906,0.0115410601720213,0.0016225557774305,0.0107486173510551,2.0,0.0116123413522903,0,0.5310523509979248,0.9997777777775556,0.9999999999997778,0.0011670286767184
shufflenetv2_x1_5,3,0.1,0.1,4.606313059411016,0.0022255694493651,0.0022255694493651,0.0081999999999836,0.0437999999999124,4.606368541717529,0.0078797470778226,0.0003074083942919,0.1000000014901161,1.728534698486328e-06,1,0.005,43272780_2,True,True,cifar100_shufflenetv2_x1_5,4.606368541717529,0.0078800786286592,1.6689300537109375e-06,0.0022255694493651,0.1000000014901161,4.606349060616442,0,0.0022255694493651,0.0081999999999836,0.0437999999999124,0.0003074084233958,4.60521125793457,0.0079292170703411,2.264976501464844e-06,0.0002302452921867,0.1000000014901161,4.605211810370526,0,0.0002302452921867,0.0101999999999977,0.0506888888888776,0.0003138172032777
shufflenetv2_x1_5,3,1.0,0.1,1.0834055030889354,0.0655477792024612,0.1216832548379898,0.7007999999985984,0.9267999999981464,1.07988703250885,0.643571674823761,3.173460006713867,0.1000000014901161,0.0137790367007255,1,0.0005,43272780_4,True,True,cifar100_shufflenetv2_x1_5,1.07988703250885,1.0676339864730835,0.6229797601699829,0.0655476525425911,1.0,1.0786044055790909,0,0.1216832548379898,0.7007999999985984,0.9267999999981464,3.173460006713867,0.2413293123245239,0.2311949729919433,0.0527297258377075,0.1122502386569976,1.0,0.2412885229220168,0,0.2627195715904236,0.9517999999997886,0.9993333333331114,0.1481345742940902
shufflenetv2_x1_5,4,1.0,0.1,1.0226270938766946,0.0788413733243942,0.1589599251747131,0.7387999999985224,0.9267999999981464,1.0240494012832642,0.6672319173812866,3.2923061847686768,0.1000000014901161,0.0144999995827674,1,0.0005,43272780_10,True,True,cifar100_shufflenetv2_x1_5,1.024049162864685,1.022355318069458,0.649314284324646,0.0788415074348449,1.0,1.0210204715392028,0,0.1589600443840026,0.7387999999985224,0.9267999999981464,3.2923057079315186,0.0135845206677913,0.0129188429564237,0.0004476569592952,0.0128469448536634,1.0,0.0135852108934625,0,0.5355134010314941,0.9998888888886668,0.9999999999997778,0.0010088328272104
shufflenetv2_x1_5,5,1.0,0.1,1.0577009046749688,0.096845805644989,0.2002461552619934,0.730999999998538,0.9285999999981428,1.0510472059249878,0.6959842443466187,3.7220425605773926,0.1000000014901161,0.0160668417811393,1,0.0005,43272780_16,True,True,cifar100_shufflenetv2_x1_5,1.0510473251342771,1.0489565134048462,0.6771936416625977,0.0968460738658905,1.0,1.049742128920205,0,0.2002461552619934,0.730999999998538,0.9285999999981428,3.7220425605773926,0.0288565047085285,0.0278576463460922,0.0018198378384113,0.025712102651596,1.0,0.0288568743890349,0,0.3096787929534912,0.9992444444442224,0.9999999999997778,0.0043203812092542
shufflenetv2_x1_5,4,0.1,0.1,1.4229243509807374,0.0432795733213424,0.0655778050422668,0.6017999999987964,0.880999999998238,1.4287582635879517,0.6008062958717346,2.2691662311553955,0.1000000014901161,0.0106107294559478,1,0.005,43272780_8,True,True,cifar100_shufflenetv2_x1_5,1.4287582635879517,0.6008062958717346,0.0106107294559478,0.0432794615626335,0.1000000014901161,1.430998020648713,0,0.0655776858329773,0.6017999999987964,0.880999999998238,2.2691664695739746,1.2143065929412842,0.4646101891994476,0.0064213573932647,0.1563872396945953,0.1000000014901161,1.214411056108182,0,0.2047484219074249,0.6764666666665163,0.9274444444442383,1.3529826402664185
shufflenetv2_x1_5,3,0.01,0.1,4.60547663935223,0.0013432195410132,0.0013432195410132,0.0087999999999824,0.045999999999908,4.605463027954102,0.0026189791969954,3.4216336644021794e-05,0.1000000014901161,7.450580596923828e-07,1,0.05,43272780_1,True,True,cifar100_shufflenetv2_x1_5,4.605463027954102,0.0008263574563898,7.450580596923828e-07,0.0013432195410132,0.0099999997764825,4.605446884713572,0,0.0013432195410132,0.0087999999999824,0.045999999999908,3.4216336644021794e-05,4.605156898498535,0.0008326817769557,5.438923835754395e-07,5.448237061500549e-06,0.0099999997764825,4.605157426550775,0,5.448237061500549e-06,0.010133333333331,0.0504444444444332,3.4760276321321726e-05
shufflenetv2_x1_5,5,0.001,0.1,4.605194447122146,0.0024133333936333,0.0024133333936333,0.0075999999999848,0.0437999999999124,4.605194568634033,0.0002365964173804,2.661528526459733e-07,0.1000000014901161,6.854534149169922e-07,1,0.5,43272780_12,True,True,cifar100_shufflenetv2_x1_5,4.605194568634033,2.3067321308190003e-05,-9.825453162193298e-08,0.0024133333936333,0.0010000000474974,4.60519644983821,0,0.0024133333936333,0.0075999999999848,0.0437999999999124,2.661528526459733e-07,4.605167388916016,2.336303077754565e-05,8.279457688331604e-07,0.000256385654211,0.0010000000474974,4.605167356142734,0,0.000256385654211,0.0102666666666643,0.0506888888888776,2.733659130171873e-07
shufflenetv2_x1_5,3,0.5,0.1,1.49757119342312,0.0542356856167316,0.1046369075775146,0.5813999999988372,0.8597999999982804,1.4983962774276731,0.5951454639434814,2.256966114044189,0.1000000014901161,0.0104992389678955,1,0.001,43272780_3,True,True,cifar100_shufflenetv2_x1_5,1.4983962774276731,1.1041268110275269,0.2034923434257507,0.0542355701327323,0.5,1.5005265347607537,0,0.1046367883682251,0.5813999999988372,0.8597999999982804,2.256966352462769,1.2641359567642212,0.8590620756149292,0.1264069676399231,0.1578894853591919,0.5,1.2641948413401514,0,0.2150120735168457,0.6532666666665216,0.9204666666664622,1.2862060070037842
shufflenetv2_x1_5,4,2.0,0.1,1.184453281167989,0.1185074150562286,0.2849422097206116,0.718999999998562,0.9197999999981604,1.1885782480239868,0.7894980311393738,4.79359769821167,0.1000000014901161,0.0202765092253685,1,0.00025,43272780_11,True,True,cifar100_shufflenetv2_x1_5,1.1885782480239868,1.188534140586853,1.8999731540679927,0.1185075938701629,2.0,1.179780288940864,0,0.2849413156509399,0.718999999998562,0.9197999999981604,4.79359769821167,0.0081508588045835,0.008090398274362,0.0009094141423702,0.0076334713958203,2.0,0.0081499623029561,0,0.4663650393486023,0.9997777777775556,0.9999999999997778,0.0005725149530917
shufflenetv2_x1_5,3,0.001,0.1,4.605187175355487,0.0024221371859312,0.0024221371859312,0.0075999999999848,0.0485999999999028,4.60518741607666,0.0004269072087481,9.3718801963405e-07,0.1000000014901161,-8.940696716308596e-08,1,0.5,43272780_0,True,True,cifar100_shufflenetv2_x1_5,4.60518741607666,4.290151628083549e-05,-1.0523945093154909e-07,0.0024221371859312,0.0010000000474974,4.605186817727619,0,0.0024221371859312,0.0075999999999848,0.0485999999999028,9.3718801963405e-07,4.605169296264648,4.334419281804003e-05,8.293427526950836e-07,0.0002486789599061,0.0010000000474974,4.605168716212355,0,0.0002486789599061,0.0102666666666643,0.0501555555555444,9.43687325616338e-07
shufflenetv2_x1_5,4,0.01,0.1,4.605462048135196,0.0024469820782542,0.0024469820782542,0.0075999999999848,0.0383999999999232,4.605456352233887,0.0010155878262594,5.125198185851332e-06,0.1000000014901161,1.0132789611816406e-06,1,0.05,43272780_7,True,True,cifar100_shufflenetv2_x1_5,4.605456352233887,0.0003203623928129,6.742775440216064e-07,0.0024469820782542,0.0099999997764825,4.605451867661873,0,0.0024469820782542,0.0075999999999848,0.0383999999999232,5.125198185851332e-06,4.605141639709473,0.0003234180039726,3.91155481338501e-07,0.0002243258059024,0.0099999997764825,4.6051415825524735,0,0.0002243258059024,0.0102666666666643,0.0512888888888775,5.2275554480729625e-06
shufflenetv2_x1_5,4,0.5,0.1,1.0455048526066344,0.082376629114151,0.164444088935852,0.7321999999985356,0.9257999999981484,1.0437588691711426,0.6736520528793335,3.4276297092437744,0.1000000014901161,0.0149460211396217,1,0.001,43272780_9,True,True,cifar100_shufflenetv2_x1_5,1.0437588691711426,1.0150998830795288,0.2405378818511963,0.0823759585618972,0.5,1.0432458097486863,0,0.1644439101219177,0.7321999999985356,0.9257999999981484,3.4276297092437744,0.0383545234799385,0.0342764891684055,0.0008276142179965,0.0331211723387241,0.5,0.0383515810487506,0,0.4087920486927033,0.9987333333331114,0.9999999999997778,0.007287654094398
shufflenetv2_x1_5,5,0.01,0.1,4.60548593767681,0.0024946527555584,0.0024946527555584,0.0075999999999848,0.0427999999999144,4.6054768562316895,0.001624202937819,1.28263945953222e-05,0.1000000014901161,2.086162567138672e-07,1,0.05,43272780_13,True,True,cifar100_shufflenetv2_x1_5,4.605476379394531,0.0005086879245936,-7.078051567077638e-08,0.0024946527555584,0.0099999997764825,4.605471775613219,0,0.0024946527555584,0.0075999999999848,0.0427999999999144,1.2826392776332796e-05,4.6051435470581055,0.0005119665875099,4.097819328308106e-07,0.0001673903316259,0.0099999997764825,4.605143655168531,0,0.0001673903316259,0.0102666666666643,0.0507999999999887,1.2968594091944396e-05
shufflenetv2_x1_5,5,0.1,0.1,2.7132813916945064,0.1014695689082145,0.2411608099937439,0.312999999999374,0.638999999998722,2.7200517654418945,0.5840100646018982,1.8191041946411133,0.1000000014901161,0.0089360177516937,1,0.005,43272780_14,True,True,cifar100_shufflenetv2_x1_5,2.7200517654418945,0.5840102434158325,0.0089360475540161,0.1014695465564727,0.1000000014901161,2.720645235608671,0,0.2411608099937439,0.312999999999374,0.638999999998722,1.8191040754318235,2.8204145431518555,0.543074369430542,0.0076302587985992,0.124047577381134,0.1000000014901161,2.820498726424439,0,0.2458559870719909,0.3015555555554886,0.626822222222083,1.54364275932312
vgg13_bn,3,0.1,0.1,4.606048557839492,0.0025635901838541,0.0025635901838541,0.0077999999999844,0.0463999999999072,4.606082439422607,0.0074069532565772,0.0002907470043282,0.1000000014901161,2.6226043701171875e-06,1,0.005,43272780_2,True,True,cifar100_vgg13_bn,4.606082439422607,0.0074075437150895,2.562999725341797e-06,0.0025635901838541,0.1000000014901161,4.606006023965002,0,0.0025635901838541,0.0077999999999844,0.0463999999999072,0.0002907470625359,4.605229377746582,0.0073816129006445,2.2351741790771484e-06,0.0001235734671354,0.1000000014901161,4.605230092740658,0,0.0001235734671354,0.0102444444444421,0.0503999999999888,0.0002898583770729
vgg13_bn,4,2.0,0.1,1.464844339353561,0.1690138131380081,0.4007712006568908,0.7333999999985332,0.906999999998186,1.4699702262878418,1.0485717058181765,8.336634635925293,0.1000000014901161,0.0338512063026428,1,0.00025,43272780_11,True,True,cifar100_vgg13_bn,1.4699698686599731,1.4699753522872925,2.566128969192505,0.1690128445625305,2.0,1.4738837115547756,0,0.4007693529129028,0.7333999999985332,0.906999999998186,8.336633682250977,0.0056018680334091,0.0056072827428579,0.0036601722240448,0.0027531255036592,2.0,0.0056112192227989,0,0.4104474484920501,0.9989333333331114,0.9999999999997778,0.0046119317412376
vgg13_bn,3,0.001,0.1,4.605221865258729,0.0020253276452422,0.0020253276452422,0.007999999999984,0.0441999999999116,4.605220794677734,0.000422780693043,9.294122378378232e-07,0.1000000014901161,-5.960464477539062e-07,1,0.5,43272780_0,True,True,cifar100_vgg13_bn,4.605220317840576,4.276847903383896e-05,8.810311555862427e-07,0.0020253276452422,0.0010000000474974,4.605217216096439,0,0.0020253276452422,0.007999999999984,0.0441999999999116,9.2941240836808e-07,4.605165481567383,4.290785000193864e-05,-1.2759119272232058e-07,0.00019056443125,0.0010000000474974,4.605165104712743,0,0.00019056443125,0.0102222222222199,0.0506444444444331,9.311361282016152e-07
vgg13_bn,4,0.5,0.1,1.2326340609586188,0.1370866596698761,0.3611451387405395,0.728999999998542,0.912999999998174,1.2283419370651243,0.8517102599143982,5.528306007385254,0.1000000014901161,0.0232076346874237,1,0.001,43272780_9,True,True,cifar100_vgg13_bn,1.2283419370651243,1.223678708076477,0.3411807417869568,0.1370865851640701,0.5,1.2346576148058737,0,0.3611441850662231,0.728999999998542,0.912999999998174,5.528307914733887,0.0123988203704357,0.0121198873966932,0.0005507972091436,0.0086974361911416,0.5,0.0124061169116905,0,0.4790719151496887,0.9987111111108892,0.9999999999997778,0.0058450968936085
vgg13_bn,5,0.5,0.1,1.284826212479001,0.1365437358617782,0.320081889629364,0.7251999999985496,0.9081999999981836,1.2829772233963013,0.8892466425895691,6.133020401000977,0.1000000014901161,0.0253628939390182,1,0.001,43272780_15,True,True,cifar100_vgg13_bn,1.282976508140564,1.2739129066467283,0.3616868853569031,0.1365431845188141,0.5,1.2888022595160449,0,0.3200815916061401,0.7251999999985496,0.9081999999981836,6.133020877838135,0.0769450515508651,0.0757241025567054,0.0076984092593193,0.022516056895256,0.5,0.076963689004524,0,0.2067835032939911,0.9789999999997824,0.9995111111108892,0.0872594714164733
vgg13_bn,4,0.001,0.1,4.605204484544322,0.0024059358984231,0.0024059358984231,0.0075999999999848,0.0383999999999232,4.605204105377197,0.000122222059872,7.45232000554097e-08,0.1000000014901161,5.960464477539062e-07,1,0.5,43272780_6,True,True,cifar100_vgg13_bn,4.605204105377197,1.2118872291466689e-05,8.651986718177795e-07,0.0024059358984231,0.0010000000474974,4.605203650079295,0,0.0024059358984231,0.0075999999999848,0.0383999999999232,7.45232000554097e-08,4.605166435241699,1.2501147466537075e-05,8.270144462585449e-07,0.0002585295587778,0.0010000000474974,4.605166437689344,0,0.0002585295587778,0.0102666666666643,0.0512888888888775,7.575247451541145e-08
vgg13_bn,3,0.01,0.1,4.605357263169734,0.0011175014078617,0.0011175014078617,0.008999999999982,0.047999999999904,4.605351448059082,0.0023178018163889,2.7304595278110355e-05,0.1000000014901161,1.043081283569336e-06,1,0.05,43272780_1,True,True,cifar100_vgg13_bn,4.605350971221924,0.0007370620733126,5.774199962615967e-07,0.0011175014078617,0.0099999997764825,4.6053264118056125,0,0.0011175014078617,0.008999999999982,0.047999999999904,2.730459709709976e-05,4.605165481567383,0.0007344391196966,6.295740604400635e-07,1.2246891856193542e-05,0.0099999997764825,4.6051652672708645,0,1.2246891856193542e-05,0.0101111111111088,0.050222222222211,2.7119820515508763e-05
vgg13_bn,5,0.1,0.1,1.898175173048792,0.0618225336074829,0.1101729273796081,0.5003999999989992,0.7881999999984236,1.898122787475586,0.6858029365539551,2.873452663421631,0.1000000014901161,0.0133949518203735,1,0.005,43272780_14,True,True,cifar100_vgg13_bn,1.8981233835220337,0.6858004331588745,0.0133949667215347,0.061822585761547,0.1000000014901161,1.8996724655666584,0,0.110173761844635,0.5003999999989992,0.7881999999984236,2.873450994491577,1.7763280868530271,0.6020787358283997,0.0102667957544326,0.0942303091287612,0.1000000014901161,1.7762809760536624,0,0.1487897038459777,0.5155333333332188,0.8225333333331506,2.167248249053955
vgg13_bn,5,1.0,0.1,1.4133263759698962,0.159352958202362,0.373334676027298,0.7333999999985332,0.9121999999981756,1.4118927717208862,1.0053902864456177,7.767208576202393,0.1000000014901161,0.0315853953361511,1,0.0005,43272780_16,True,True,cifar100_vgg13_bn,1.4118911027908323,1.4118314981460571,1.0739508867263794,0.1593532562255859,1.0,1.415956967361098,0,0.3733351528644562,0.7333999999985332,0.9121999999981756,7.767200469970703,0.0325173996388912,0.032472800463438,0.0097646377980709,0.011491454206407,1.0,0.0325148072689077,0,0.8406132459640503,0.992244444444224,0.9999333333331112,0.0387445166707038
vgg13_bn,4,1.0,0.1,1.332172256042059,0.146276980638504,0.3530651926994324,0.7337999999985324,0.9081999999981836,1.3313450813293457,0.93881493806839,6.779605388641357,0.1000000014901161,0.0278374105691909,1,0.0005,43272780_10,True,True,cifar100_vgg13_bn,1.3313448429107666,1.3313192129135132,0.9942057132720948,0.1462756544351577,1.0,1.3349902682781989,0,0.3530649542808532,0.7337999999985324,0.9081999999981836,6.779609203338623,0.0069267628714442,0.0069130472838878,0.0010979054495692,0.0043825292959809,1.0,0.0069226775306513,0,0.2138094305992126,0.9990444444442224,0.9999999999997778,0.0033530634827911
vgg13_bn,3,0.5,0.1,4.606102941117358,0.0025607738643884,0.0025607738643884,0.0077999999999844,0.0463999999999072,4.606084823608398,0.0074204565025866,0.0002919722464866,0.1000000014901161,1.9073486328125e-06,1,0.001,43272780_3,True,True,cifar100_vgg13_bn,4.606084823608398,0.0157035645097494,3.719329833984375e-05,0.0025607738643884,0.5,4.606008241257786,0,0.0025607738643884,0.0077999999999844,0.0463999999999072,0.0002919722464866,4.60522985458374,0.0156107256188988,3.695487976074219e-05,0.0001231608912348,0.5,4.605230320322029,0,0.0001231608912348,0.0102444444444421,0.0503999999999888,0.0002906898735091
vgg13_bn,4,0.1,0.1,1.2062685602832488,0.0842009335756301,0.1629613637924194,0.7011999999985976,0.8997999999982004,1.2068829536437988,0.7419397234916687,4.016205787658691,0.1000000014901161,0.0174978822469711,1,0.005,43272780_8,True,True,cifar100_vgg13_bn,1.2068829536437988,0.7419397234916687,0.0174978822469711,0.0842010825872421,0.1000000014901161,1.2094809824141346,0,0.1629625558853149,0.7011999999985976,0.8997999999982004,4.016209125518799,0.1805272400379181,0.1222157180309295,0.0007998030632734,0.0675614029169082,0.1000000014901161,0.1806045632537453,0,0.2300252020359039,0.9590666666664536,0.9989111111108891,0.1710028350353241
vgg13_bn,5,2.0,0.1,1.587815909783866,0.184176355600357,0.3851887285709381,0.7193999999985612,0.9055999999981889,1.5856128931045532,1.1176565885543823,9.41735553741455,0.1000000014901161,0.0378471165895462,1,0.00025,43272780_17,True,True,cifar100_vgg13_bn,1.5856118202209473,1.5856144428253174,2.778406143188477,0.1841755509376526,2.0,1.5869124106578834,0,0.3851918280124664,0.7193999999985612,0.9055999999981889,9.417346954345703,0.0182120203971862,0.0182131770998239,0.0157207250595092,0.0061323121190071,2.0,0.0182267221961058,0,0.8261512517929077,0.9957777777775566,0.9999111111108888,0.026134543120861
vgg13_bn,5,0.001,0.1,4.605209848962349,0.0020126458257436,0.0020126458257436,0.007999999999984,0.0411999999999176,4.605208396911621,0.0002372711314819,2.91225575210774e-07,0.1000000014901161,1.4901161193847656e-07,1,0.5,43272780_12,True,True,cifar100_vgg13_bn,4.605208396911621,2.419224438199308e-05,-8.381903171539309e-08,0.0020126458257436,0.0010000000474974,4.605207631669564,0,0.0020126458257436,0.007999999999984,0.0411999999999176,2.91225575210774e-07,4.605166435241699,2.367433808103669e-05,8.270144462585449e-07,0.0002120193094015,0.0010000000474974,4.605166204689369,0,0.0002120193094015,0.0102222222222199,0.0509777777777664,2.924106468071841e-07
vgg13_bn,5,0.01,0.1,4.605384347520306,0.0022634044289588,0.0022634044289588,0.0077999999999844,0.0427999999999144,4.605391979217529,0.0013007085071876,8.482407793053426e-06,0.1000000014901161,2.980232238769531e-07,1,0.05,43272780_13,True,True,cifar100_vgg13_bn,4.605391502380371,0.000411334389355,2.60770320892334e-08,0.0022634044289588,0.0099999997764825,4.605383465371563,0,0.0022634044289588,0.0077999999999844,0.0427999999999144,8.482407793053426e-06,4.60515022277832,0.0004140178789384,4.76837158203125e-07,0.0001757740974426,0.0099999997764825,4.605150542214304,0,0.0001757740974426,0.0102444444444421,0.0507999999999887,8.593859092798084e-06
vgg13_bn,4,0.01,0.1,4.605458090386785,0.0024450849741697,0.0024450849741697,0.0075999999999848,0.0383999999999232,4.605456352233887,0.0010165205458179,5.153799520485336e-06,0.1000000014901161,1.4901161193847656e-07,1,0.05,43272780_7,True,True,cifar100_vgg13_bn,4.605456352233887,0.0003215580945834,6.780028343200684e-07,0.0024450849741697,0.0099999997764825,4.605453488908211,0,0.0024450849741697,0.0075999999999848,0.0383999999999232,5.153799520485336e-06,4.605141639709473,0.0003243290120735,3.874301910400392e-07,0.0002246527001261,0.0099999997764825,4.605141246599022,0,0.0002246527001261,0.0102666666666643,0.0512888888888775,5.245261490927078e-06
vgg13_bn,3,1.0,0.1,4.605876658044046,0.0024500768631696,0.0024500768631696,0.0077999999999844,0.0461999999999076,4.605836868286133,0.0059664733707904,0.0001877101894933,0.1000000014901161,1.9073486328125e-06,1,0.0005,43272780_4,True,True,cifar100_vgg13_bn,4.605836868286133,0.0167542714625597,9.393692016601562e-05,0.0024500768631696,1.0,4.605771133980989,0,0.0024500768631696,0.0077999999999844,0.0461999999999076,0.0001877101894933,4.605199813842773,0.0165582932531833,9.34600830078125e-05,7.871538400650024e-06,1.0,4.605200106185734,0,7.871538400650024e-06,0.0102444444444421,0.050422222222211,0.0001865853846538
vgg13_bn,3,2.0,0.1,4.605580113015508,0.0001853154972195,0.0001853154972195,0.00999999999998,0.0499999999999,4.605580806732178,0.0042122770100831,9.217779734171928e-05,0.1000000014901161,1.1026859283447266e-06,1,0.00025,43272780_5,True,True,cifar100_vgg13_bn,4.605580806732178,0.0155417965725064,0.0001840591430664,0.0001853154972195,2.0,4.605531523309112,0,0.0001853154972195,0.00999999999998,0.0499999999999,9.217779734171928e-05,4.605175018310547,0.0152263836935162,0.00018310546875,0.0001907488331198,2.0,4.605175503013953,0,0.0001907488331198,0.0099999999999977,0.0499999999999888,9.138859604718164e-05
resnet44,3,2.0,0.1,1.45451162980787,0.0908033773303031,0.1576546430587768,0.6137999999987724,0.882999999998234,1.4559539556503296,0.7772642374038696,4.447061061859131,0.1000000014901161,0.0190847814083099,1,0.00025,43272780_5,True,True,cifar100_resnet44,1.4559539556503296,1.4485795497894287,2.070636034011841,0.0908030122518539,2.0,1.4536951355818224,0,0.1576544642448425,0.6137999999987724,0.882999999998234,4.447061061859131,0.6069825291633606,0.5956180095672607,0.5642133951187134,0.1085098087787628,2.0,0.6069607595483583,0,0.1815361380577087,0.8200666666664845,0.9830666666664484,0.671351432800293
resnet44,3,1.0,0.1,1.168762322675926,0.083372451364994,0.137336865067482,0.6817999999986364,0.9163999999981672,1.1689764261245728,0.6860910058021545,3.535292863845825,0.1000000014901161,0.0153561234474182,1,0.0005,43272780_4,True,True,cifar100_resnet44,1.1689763069152832,1.1550757884979248,0.6856780052185059,0.0833723843097686,1.0,1.1633322858954227,0,0.1373369842767715,0.6817999999986364,0.9163999999981672,3.535292863845825,0.3721591532230377,0.3588559627532959,0.1106874048709869,0.0983546003699302,1.0,0.3720480733424359,0,0.1964623928070068,0.8960888888886898,0.9943777777775568,0.3576329350471496
resnet44,5,2.0,0.1,1.5572297386489515,0.1639660894870758,0.2753906846046448,0.6545999999986908,0.8957999999982085,1.557644248008728,0.9876511096954346,7.561136722564697,0.1000000014901161,0.0305851548910141,1,0.00025,43272780_17,True,True,cifar100_resnet44,1.5576443672180176,1.5574865341186523,2.5209178924560547,0.1639656871557235,2.0,1.552606856046664,0,0.275391161441803,0.6545999999986908,0.8957999999982085,7.561136722564697,0.1361844539642334,0.1359101384878158,0.0903630256652832,0.0665572509169578,2.0,0.1361850845888771,0,0.2466329783201217,0.9725333333331172,0.9997333333331112,0.0855543836951255
resnet44,4,0.001,0.1,4.605205128274485,0.0024059321731328,0.0024059321731328,0.0075999999999848,0.0383999999999232,4.605203628540039,0.000121971934277,7.33373681782723e-08,0.1000000014901161,5.960464477539062e-07,1,0.5,43272780_6,True,True,cifar100_resnet44,4.605204105377197,1.153853827418061e-05,8.651986718177795e-07,0.0024059321731328,0.0010000000474974,4.605204556069895,0,0.0024059321731328,0.0075999999999848,0.0383999999999232,7.3337083961178e-08,4.605166435241699,1.2590061487571802e-05,8.270144462585449e-07,0.0002585295587778,0.0010000000474974,4.605166654433507,0,0.0002585295587778,0.0102666666666643,0.0512888888888775,7.483353670068027e-08
resnet44,5,0.001,0.1,4.6052090621810375,0.0014135781675577,0.0014135781675577,0.0085999999999828,0.0407999999999184,4.605207920074463,0.0002385612751822,2.8350726211101573e-07,0.1000000014901161,9.5367431640625e-07,1,0.5,43272780_12,True,True,cifar100_resnet44,4.605207443237305,2.3709022570983507e-05,8.67992639541626e-07,0.0014135781675577,0.0010000000474974,4.605207464776559,0,0.0014135781675577,0.0085999999999828,0.0407999999999184,2.835071200024686e-07,4.605166435241699,2.4026820028666407e-05,-1.2665987014770508e-07,0.0001452481374144,0.0010000000474974,4.605166399759115,0,0.0001452481374144,0.0101555555555533,0.0510222222222108,2.8849311206613493e-07
resnet44,3,0.001,0.1,4.605209181390327,0.0010247360914945,0.0010247360914945,0.008999999999982,0.0463999999999072,4.6052069664001465,0.0004663932486437,1.1339748198224695e-06,0.1000000014901161,8.940696716308594e-07,1,0.5,43272780_0,True,True,cifar100_resnet44,4.6052069664001465,4.730170257971622e-05,8.675269782543182e-07,0.0010247360914945,0.0010000000474974,4.605206916413827,0,0.0010247360914945,0.008999999999982,0.0463999999999072,1.1339749335093074e-06,4.605166435241699,4.7117064241319895e-05,-1.2619420886039734e-07,9.271875023841858e-05,0.0010000000474974,4.60516653793352,0,9.271875023841858e-05,0.0101111111111088,0.0503999999999888,1.1203744634258328e-06
resnet44,5,0.1,0.1,1.5903088025247765,0.0591974034905433,0.081758975982666,0.5595999999988808,0.8495999999983008,1.5930571556091309,0.6032148003578186,2.2477264404296875,0.1000000014901161,0.0105563700199127,1,0.005,43272780_14,True,True,cifar100_resnet44,1.5930571556091309,0.6032148003578186,0.0105563551187515,0.0591973811388015,0.1000000014901161,1.5900208226836885,0,0.0817589461803436,0.5595999999988808,0.8495999999983008,2.2477264404296875,1.4719804525375366,0.5211461782455444,0.0078471601009368,0.1293618083000183,0.1000000014901161,1.4720744259496394,0,0.1805023550987243,0.596244444444312,0.8831999999998038,1.6499261856079102
resnet44,4,0.1,0.1,1.18201366007832,0.0182968620210886,0.3150749206542969,0.6685999999986628,0.9033999999981932,1.182058334350586,0.6087807416915894,2.5258476734161377,0.1000000014901161,0.0115154236555099,1,0.005,43272780_8,True,True,cifar100_resnet44,1.1820582151412964,0.6087807416915894,0.0115154236555099,0.0182968061417341,0.1000000014901161,1.1805018389282962,0,0.3150749206542969,0.6685999999986628,0.9033999999981932,2.5258476734161377,0.6372138261795044,0.3239316642284393,0.0036704167723655,0.1189929097890854,0.1000000014901161,0.6370986066396644,0,0.1896875500679016,0.8283777777775937,0.9783777777775604,0.7865327596664429
resnet44,3,0.5,0.1,1.235641532518547,0.025928471237421,0.0842481851577758,0.6407999999987184,0.9021999999981956,1.2364389896392822,0.5652560591697693,2.1899471282958984,0.1000000014901161,0.0100021511316299,1,0.001,43272780_3,True,True,cifar100_resnet44,1.236438870429993,0.9938415288925172,0.1844769120216369,0.0259285643696784,0.5,1.2336214476616163,0,0.0842481851577758,0.6407999999987184,0.9021999999981956,2.1899471282958984,0.9129765033721924,0.6872082352638245,0.0930753946304321,0.1377663165330886,0.5,0.9129572151218054,0,0.2012503743171692,0.739111111110947,0.961755555555342,0.972612738609314
resnet44,4,1.0,0.1,1.3188382440171709,0.1430785506963729,0.2870735228061676,0.6929999999986141,0.9173999999981652,1.322580099105835,0.8728434443473816,5.975894927978516,0.1000000014901161,0.0246282219886779,1,0.0005,43272780_10,True,True,cifar100_resnet44,1.322580099105835,1.3207544088363647,0.9110333919525146,0.1430792361497879,1.0,1.315283434925473,0,0.2870731651782989,0.6929999999986141,0.9173999999981652,5.975894451141357,0.0581731647253036,0.0570721141993999,0.0076637119054794,0.0427317842841148,1.0,0.0581784219744324,0,0.8468369841575623,0.994799999999779,0.9999999999997778,0.0201148595660924
resnet44,5,0.5,0.1,1.1132599735654174,0.0754318088293075,0.1481811106204986,0.6981999999986036,0.9187999999981624,1.1065068244934082,0.6677595376968384,3.382884979248047,0.1000000014901161,0.0147024616599082,1,0.001,43272780_15,True,True,cifar100_resnet44,1.1065068244934082,1.043203592300415,0.2377607822418213,0.0754326730966568,0.5,1.1020172322246795,0,0.1481811106204986,0.6981999999986036,0.9187999999981624,3.382884979248047,0.2618971467018127,0.2342542856931686,0.0204749405384063,0.096378818154335,0.5,0.2618397130397472,0,0.4038609862327576,0.936711111110903,0.9983999999997782,0.2065654397010803
resnet44,4,2.0,0.1,1.5839256159492174,0.1764019578695297,0.3158578276634216,0.6777999999986444,0.9087999999981824,1.5763719081878662,1.0498805046081543,8.574543952941895,0.1000000014901161,0.0342517793178558,1,0.00025,43272780_11,True,True,cifar100_resnet44,1.5763719081878662,1.5763461589813232,2.64000940322876,0.1764016896486282,2.0,1.568052392413987,0,0.315857470035553,0.6777999999986444,0.9087999999981824,8.574544906616211,0.0439183041453361,0.0438689514994621,0.0183480829000473,0.0322360768914222,2.0,0.0439052351788986,0,0.420421838760376,0.9956444444442232,0.9999999999997778,0.0140749476850032
resnet44,4,0.01,0.1,4.494006393092962,0.0038829001132398,0.4297645688056946,0.0155999999999688,0.0943999999998112,4.494495868682861,0.2284675240516662,0.1616800278425216,0.1000000014901161,0.0008545517921447,1,0.05,43272780_7,True,True,cifar100_resnet44,4.494495868682861,0.062078807502985,7.82310962677002e-06,0.003882898017764,0.0099999997764825,4.493419740337519,0,0.4297645688056946,0.0155999999999688,0.0943999999998112,0.1616800278425216,4.50975513458252,0.0568569414317607,6.876885890960693e-06,0.0034429263323545,0.0099999997764825,4.509732766328682,0,0.1478228718042373,0.0193777777777734,0.0959777777777564,0.1342563480138778
resnet44,5,1.0,0.1,1.2372818940651968,0.1181557103991508,0.2149150371551513,0.7041999999985916,0.9161999999981676,1.2338190078735352,0.8057993650436401,5.129543304443359,0.1000000014901161,0.0213482901453971,1,0.0005,43272780_16,True,True,cifar100_resnet44,1.2338190078735352,1.230733871459961,0.8212442398071289,0.1181544512510299,1.0,1.224783941490994,0,0.2149147987365723,0.7041999999985916,0.9161999999981676,5.129543304443359,0.1133769899606704,0.1112018302083015,0.0214809328317642,0.0647207498550415,1.0,0.1133637048916995,0,0.2842706739902496,0.9815333333331152,0.9998888888886668,0.0600616261363029
resnet44,3,0.1,0.1,3.455798278511206,0.0596318468451499,0.3186758756637573,0.166999999999666,0.4377999999991244,3.456298351287842,0.5104109048843384,1.285152554512024,0.1000000014901161,0.0064479112625122,1,0.005,43272780_2,True,True,cifar100_resnet44,3.456298351287842,0.5104105472564697,0.0064479112625122,0.0596318580210208,0.1000000014901161,3.456627605617267,0,0.3186759352684021,0.166999999999666,0.4377999999991244,1.2851526737213137,3.5266096591949463,0.48776775598526,0.0058353841304779,0.0746295228600502,0.1000000014901161,3.5265956302286328,0,0.3359920978546142,0.1683111111110737,0.4244666666665723,1.1605796813964844
resnet44,4,0.5,0.1,1.1895651304734471,0.1214936822652816,0.2443825602531433,0.7055999999985888,0.9161999999981676,1.1918267011642456,0.7764467597007751,4.602493762969971,0.1000000014901161,0.0195866674184799,1,0.001,43272780_9,True,True,cifar100_resnet44,1.1918268203735352,1.1614454984664917,0.2978730201721191,0.121494673192501,0.5,1.18906628430041,0,0.2443828582763672,0.7055999999985888,0.9161999999981676,4.602493762969971,0.0925641357898712,0.0852424576878547,0.0045693069696426,0.0581603646278381,0.5,0.0925526849830598,0,0.3874741196632385,0.987533333333114,0.9999777777775556,0.0437573678791523
resnet44,5,0.01,0.1,4.605442092500136,0.0022927252575755,0.0022927252575755,0.0077999999999844,0.0417999999999164,4.605445861816406,0.0014917245134711,1.08284530142555e-05,0.1000000014901161,2.9802322387695312e-08,1,0.05,43272780_13,True,True,cifar100_resnet44,4.605445861816406,0.0004675208183471,5.736947059631348e-07,0.0022927252575755,0.0099999997764825,4.605450055680673,0,0.0022927252575755,0.0077999999999844,0.0417999999999164,1.08284521047608e-05,4.605145454406738,0.0004741078882943,4.284083843231201e-07,0.0001496858894824,0.0099999997764825,4.60514527804045,0,0.0001496858894824,0.0102444444444421,0.0509111111110998,1.1147935765620788e-05
resnet44,3,0.01,0.1,4.605448672852915,0.0025442438200116,0.0025442438200116,0.0075999999999848,0.0457999999999084,4.605464935302734,0.0027791098691523,3.918985748896375e-05,0.1000000014901161,1.043081283569336e-06,1,0.05,43272780_1,True,True,cifar100_resnet44,4.605464935302734,0.0008835794287733,7.636845111846924e-07,0.0025442438200116,0.0099999997764825,4.6054697013715815,0,0.0025442438200116,0.0075999999999848,0.0457999999999084,3.918985748896375e-05,4.605159282684326,0.0008905198192223,5.662441253662109e-07,0.0001267036423087,0.0099999997764825,4.605158453376246,0,0.0001267036423087,0.0102666666666643,0.0504666666666554,3.983631177106872e-05
resnet56,4,0.1,0.1,1.177837556011652,0.0210317466408014,0.0847274363040924,0.6747999999986504,0.9051999999981896,1.1772565841674805,0.6202234625816345,2.6623592376708984,0.1000000014901161,0.0120566338300704,1,0.005,43272780_8,True,True,cifar100_resnet56,1.1772565841674805,0.6202234625816345,0.0120566338300704,0.0210320521146059,0.1000000014901161,1.1750874394263418,0,0.0847274363040924,0.6747999999986504,0.9051999999981896,2.6623592376708984,0.5962799787521362,0.3134706318378448,0.0034928172826766,0.1108692064881324,0.1000000014901161,0.5962206546555766,0,0.1878673434257507,0.8379999999998138,0.9808444444442266,0.7492280602455139
resnet56,3,1.0,0.1,1.1628735625889963,0.0808965414762497,0.1307036280632019,0.6801999999986396,0.915999999998168,1.163306474685669,0.6872658729553223,3.586502313613892,0.1000000014901161,0.0155282393097877,1,0.0005,43272780_4,True,True,cifar100_resnet56,1.163306474685669,1.1492996215820312,0.682318925857544,0.0808964148163795,1.0,1.1555292719785402,0,0.1307035386562347,0.6801999999986396,0.915999999998168,3.586501359939575,0.3508899211883545,0.3378675878047943,0.1019914150238037,0.0985893309116363,1.0,0.3508463134281803,0,0.196050763130188,0.9038222222220216,0.9956666666664454,0.3285240530967712
resnet56,4,0.01,0.1,4.605461952767764,0.0024450235068798,0.0024450235068798,0.0075999999999848,0.0383999999999232,4.605456352233887,0.0010158700169995,5.158563453733223e-06,0.1000000014901161,1.043081283569336e-06,1,0.05,43272780_7,True,True,cifar100_resnet56,4.605456352233887,0.0003216931945644,6.780028343200684e-07,0.0024450235068798,0.0099999997764825,4.605464074693117,0,0.0024450235068798,0.0075999999999848,0.0383999999999232,5.158563453733223e-06,4.6051411628723145,0.0003236290940549,3.874301910400392e-07,0.0002246601507067,0.0099999997764825,4.605141073203692,0,0.0002246601507067,0.0102666666666643,0.0512888888888775,5.241290637059137e-06
resnet56,5,0.001,0.1,4.605201456628368,0.0008147833868861,0.0008147833868861,0.0091999999999816,0.0413999999999172,4.605198860168457,0.0002401756355538,2.8400486939972325e-07,0.1000000014901161,1.1920928955078125e-07,1,0.5,43272780_12,True,True,cifar100_resnet56,4.605198860168457,2.3708997105131857e-05,8.596107363700867e-07,0.0008147833868861,0.0010000000474974,4.6051999545913205,0,0.0008147833868861,0.0091999999999816,0.0413999999999172,2.8400486939972325e-07,4.605167388916016,2.426091486995574e-05,8.279457688331604e-07,7.73649662733078e-05,0.0010000000474974,4.605167082503228,0,7.73649662733078e-05,0.0100888888888866,0.0509555555555442,2.9205688178990385e-07
resnet56,3,0.01,0.1,4.605504105172528,0.0015662414953112,0.0015662414953112,0.0085999999999828,0.043999999999912,4.605475902557373,0.002649831585586,3.3953594538616017e-05,0.1000000014901161,1.4901161193847656e-07,1,0.05,43272780_1,True,True,cifar100_resnet56,4.605475902557373,0.0008287482196465,8.717179298400879e-07,0.0015662414953112,0.0099999997764825,4.605496642671007,0,0.0015662414953112,0.0085999999999828,0.043999999999912,3.3953594538616017e-05,4.605155944824219,0.0008392014424316,5.364418029785156e-07,8.407048881053925e-06,0.0099999997764825,4.605155207632408,0,8.407048881053925e-06,0.0101555555555533,0.0506666666666554,3.484641274553724e-05
resnet56,4,0.5,0.1,1.171435582052069,0.1098666340112686,0.2047534584999084,0.7285999999985429,0.9177999999981644,1.1774572134017944,0.8029381036758423,5.06167459487915,0.1000000014901161,0.0212138593196868,1,0.001,43272780_9,True,True,cifar100_resnet56,1.1774572134017944,1.1564182043075562,0.3106142878532409,0.1098668277263641,0.5,1.17172673584049,0,0.2047535181045532,0.7285999999985429,0.9177999999981644,5.06167459487915,0.0570599436759948,0.0530115999281406,0.0023134648799896,0.0404839441180229,0.5,0.0570443931892275,0,0.3462271690368652,0.9942222222220012,0.9999999999997778,0.0219833943992853
resnet56,5,0.1,0.1,1.6105123094612386,0.0540279224514961,0.1274550557136535,0.5501999999988996,0.847999999998304,1.6107020378112793,0.6088698506355286,2.275215148925781,0.1000000014901161,0.0107024759054183,1,0.005,43272780_14,True,True,cifar100_resnet56,1.6107021570205688,0.6088698506355286,0.0107024759054183,0.0540277883410453,0.1000000014901161,1.6093609623014749,0,0.1274551153182983,0.5501999999988996,0.847999999998304,2.275215148925781,1.4943063259124756,0.5255467295646667,0.0079416036605834,0.1287151575088501,0.1000000014901161,1.494189555587185,0,0.1844388842582702,0.5914666666665352,0.8799777777775822,1.6673955917358398
resnet56,3,2.0,0.1,1.4528063528426276,0.1419891119003296,0.2375866770744323,0.6493999999987012,0.9035999999981928,1.4516412019729614,0.8818325400352478,6.035212993621826,0.1000000014901161,0.0248647630214691,1,0.00025,43272780_5,True,True,cifar100_resnet56,1.451641082763672,1.451037883758545,2.25674057006836,0.1419900357723236,2.0,1.4457762830181091,0,0.2375864386558532,0.6493999999987012,0.9035999999981928,6.035212993621826,0.2674584686756134,0.2663845717906952,0.222353994846344,0.0822576358914375,2.0,0.2674185502275603,0,0.1962615251541137,0.9278666666664606,0.9974222222220006,0.2459169775247574
resnet56,4,0.001,0.1,4.605203793130443,0.0024058893322944,0.0024058893322944,0.0075999999999848,0.0383999999999232,4.605203628540039,0.0001210632981383,7.340124597021713e-08,0.1000000014901161,6.556510925292969e-07,1,0.5,43272780_6,True,True,cifar100_resnet56,4.605203628540039,1.1782587534980848e-05,8.647330105304718e-07,0.0024058893322944,0.0010000000474974,4.605204818330332,0,0.0024058893322944,0.0075999999999848,0.0383999999999232,7.340124597021713e-08,4.605166435241699,1.2608183169504628e-05,8.274801075458527e-07,0.0002585342153906,0.0010000000474974,4.605166722166057,0,0.0002585342153906,0.0102666666666643,0.0512888888888775,7.441744998004651e-08
resnet56,3,0.001,0.1,4.605215284905949,0.0012253290042281,0.0012253290042281,0.0087999999999824,0.0421999999999156,4.60521411895752,0.000453130720416,9.99615167529555e-07,0.1000000014901161,6.258487701416016e-07,1,0.5,43272780_0,True,True,cifar100_resnet56,4.605213642120361,4.4617776438826695e-05,8.740462362766266e-07,0.0012253290042281,0.0010000000474974,4.605214927278081,0,0.0012253290042281,0.0087999999999824,0.0421999999999156,9.996149401558796e-07,4.605165481567383,4.569250086206012e-05,-1.2759119272232058e-07,0.0001016752794384,0.0010000000474974,4.605165586968504,0,0.0001016752794384,0.010133333333331,0.0508666666666553,1.0416881650598953e-06
resnet56,5,1.0,0.1,1.220628839120902,0.1190226450562477,0.2248217463493347,0.7221999999985557,0.9201999999981596,1.2259916067123413,0.8341440558433533,5.582391262054443,0.1000000014901161,0.0229935944080352,1,0.0005,43272780_16,True,True,cifar100_resnet56,1.2259914875030518,1.2242511510849,0.8437559604644775,0.1190224885940551,1.0,1.2247333788708563,0,0.2248224020004272,0.7221999999985557,0.9201999999981596,5.582391262054443,0.0731819868087768,0.0720755010843277,0.0118035078048706,0.0468682311475276,1.0,0.0731756963767867,0,0.3455343246459961,0.9899333333331134,0.9999555555553334,0.0319528840482234
resnet56,5,0.5,0.1,1.1066691720912805,0.0878444090485572,0.1608821749687194,0.710999999998578,0.922999999998154,1.1054654121398926,0.6922386288642883,3.656647682189941,0.1000000014901161,0.0157942324876785,1,0.001,43272780_15,True,True,cifar100_resnet56,1.1054654121398926,1.058501124382019,0.2508308887481689,0.087844468653202,0.5,1.1018225187514568,0,0.1608818173408508,0.710999999998578,0.922999999998154,3.656647682189941,0.188220277428627,0.171531394124031,0.0132404640316963,0.0819576531648635,0.5,0.1881661149989579,0,0.2447941303253173,0.9588666666664536,0.9993555555553336,0.1320076882839203
resnet56,3,0.5,0.1,1.2612601154696812,0.024191178381443,0.1572346985340118,0.6403999999987192,0.8995999999982008,1.2610820531845093,0.584821879863739,2.36575698852539,0.1000000014901161,0.0107403248548507,1,0.001,43272780_3,True,True,cifar100_resnet56,1.2610820531845093,1.0212881565093994,0.1950237154960632,0.0241911560297012,0.5,1.256560748187256,0,0.1572346985340118,0.6403999999987192,0.8995999999982008,2.36575698852539,0.9083083868026732,0.6862627863883972,0.0935575366020202,0.1346064507961273,0.5,0.9083348772903758,0,0.1915308237075805,0.7396888888887245,0.961155555555342,0.9823333024978638
resnet56,4,2.0,0.1,1.773003070660053,0.1999107897281646,0.3141095638275146,0.6257999999987485,0.8881999999982236,1.7711371183395386,1.0895456075668335,8.861199378967285,0.1000000014901161,0.0358116030693054,1,0.00025,43272780_11,True,True,cifar100_resnet56,1.7711371183395386,1.771051049232483,2.92353892326355,0.1999114602804184,2.0,1.7609847119586342,0,0.3141093254089355,0.6257999999987485,0.8881999999982236,8.861199378967285,0.0555695593357086,0.0554219521582126,0.0235078930854797,0.0411114916205406,2.0,0.0555992973513467,0,0.3082446455955505,0.994999999999779,0.9999777777775556,0.0183403827250003
resnet56,5,2.0,0.1,1.559708147461189,0.1735140979290008,0.3011211156845093,0.656999999998686,0.8973999999982052,1.564340591430664,0.9908261895179749,7.403320789337158,0.1000000014901161,0.0303602218627929,1,0.00025,43272780_17,True,True,cifar100_resnet56,1.564340591430664,1.5642428398132324,2.5586557388305664,0.1735135316848755,2.0,1.5536574296335564,0,0.3011212348937988,0.656999999998686,0.8973999999982052,7.403320789337158,0.0827622339129448,0.0826096758246421,0.0450677722692489,0.0508111789822578,2.0,0.0827577462669175,0,0.5654407739639282,0.987533333333114,0.9999555555553334,0.038698922842741
resnet56,5,0.01,0.1,4.605426285348349,0.0016782032325863,0.0016782032325863,0.0083999999999832,0.043999999999912,4.6054229736328125,0.00144981557969,1.0143953659280667e-05,0.1000000014901161,5.364418029785156e-07,1,0.05,43272780_13,True,True,cifar100_resnet56,4.605423450469971,0.0004530041478574,3.427267074584961e-07,0.0016782032325863,0.0099999997764825,4.605439517579482,0,0.0016782032325863,0.0083999999999832,0.043999999999912,1.0143953659280667e-05,4.605147361755371,0.0004560994275379,4.544854164123535e-07,0.0001048492267727,0.0099999997764825,4.605147537598347,0,0.0001048492267727,0.0101777777777755,0.0506666666666554,1.0289895726600662e-05
resnet56,3,0.1,0.1,4.214714715757633,0.0071790548972785,0.5229227542877197,0.041999999999916,0.1875999999996248,4.2136549949646,0.3273722529411316,0.476157009601593,0.1000000014901161,0.0024183094501495,1,0.005,43272780_2,True,True,cifar100_resnet56,4.2136549949646,0.3273722529411316,0.0024183094501495,0.0071790325455367,0.1000000014901161,4.213753125944881,0,0.5229227542877197,0.041999999999916,0.1875999999996248,0.4761570692062378,4.242496967315674,0.3083277344703674,0.002109557390213,0.0149989565834403,0.1000000014901161,4.242373577332039,0,0.143188863992691,0.0468888888888784,0.1843777777777368,0.4147113263607025
resnet56,4,1.0,0.1,1.2657564007867614,0.1330413967370987,0.2818562388420105,0.7171999999985657,0.918999999998162,1.2643747329711914,0.8551848530769348,5.631984233856201,0.1000000014901161,0.0235417485237121,1,0.0005,43272780_10,True,True,cifar100_resnet56,1.2643747329711914,1.2633517980575562,0.8840456008911133,0.1330405175685882,1.0,1.2598564856905674,0,0.2818560600280761,0.7171999999985657,0.918999999998162,5.631984233856201,0.0338174663484096,0.0331986397504806,0.0034219585359096,0.0273214746266603,1.0,0.0338056081018929,0,0.2906394898891449,0.997955555555334,0.9999999999997778,0.0086210696026682
repvgg_a0,4,0.001,0.1,4.605203507028148,0.0024057170376181,0.0024057170376181,0.0075999999999848,0.0383999999999232,4.605203628540039,0.0001193691423395,7.099828991385948e-08,0.1000000014901161,5.662441253662109e-07,1,0.5,43272780_6,True,True,cifar100_repvgg_a0,4.605203151702881,1.1624888429651035e-05,8.642673492431641e-07,0.0024057170376181,0.0010000000474974,4.605202958665416,0,0.0024057170376181,0.0075999999999848,0.0383999999999232,7.099838228441514e-08,4.605166912078857,1.202405746880686e-05,8.274801075458527e-07,0.0002585537731647,0.0010000000474974,4.60516671132885,0,0.0002585537731647,0.0102666666666643,0.0512888888888775,7.195925633141087e-08
repvgg_a0,4,0.1,0.1,1.0131747777164504,0.0294656418263912,0.1056038737297058,0.7285999999985429,0.9297999999981404,1.0114728212356567,0.5755298137664795,2.366055011749268,0.1000000014901161,0.0106826946139335,1,0.005,43272780_8,True,True,cifar100_repvgg_a0,1.0114729404449463,0.575529932975769,0.0106827020645141,0.0294657126069068,0.1000000014901161,1.0134363646208453,0,0.1056038588285446,0.7285999999985429,0.9297999999981404,2.3660547733306885,0.256843090057373,0.1445765495300293,0.0009097587317228,0.1250424981117248,0.1000000014901161,0.2569331209960626,0,0.3492415249347687,0.9577333333331206,0.997755555555334,0.192104309797287
repvgg_a0,3,2.0,0.1,1.2930027955265944,0.1308796554803848,0.2588114440441131,0.7013999999985973,0.916999999998166,1.286814570426941,0.8546388149261475,5.8304219245910645,0.1000000014901161,0.023896500468254,1,0.00025,43272780_5,True,True,cifar100_repvgg_a0,1.286814570426941,1.2867634296417236,2.067554235458374,0.1308786123991012,2.0,1.2862352424389287,0,0.2588115632534027,0.7013999999985973,0.916999999998166,5.8304219245910645,0.0561728999018669,0.0560702569782733,0.0240937322378158,0.0407140552997589,2.0,0.0561819381514307,0,0.4118969738483429,0.9943333333331124,0.9999999999997778,0.0188336092978715
repvgg_a0,4,0.01,0.1,4.605463883958255,0.0024450849741697,0.0024450849741697,0.0075999999999848,0.0383999999999232,4.60545539855957,0.0010140847880393,5.13903796672821e-06,0.1000000014901161,5.960464477539065e-08,1,0.05,43272780_7,True,True,cifar100_repvgg_a0,4.6054558753967285,0.0003216121986042,6.705522537231445e-07,0.0024450849741697,0.0099999997764825,4.605451366982858,0,0.0024450849741697,0.0075999999999848,0.0383999999999232,5.13903751198086e-06,4.605141639709473,0.0003227773995604,3.874301910400392e-07,0.0002246527001261,0.0099999997764825,4.60514159068038,0,0.0002246527001261,0.0102666666666643,0.0512888888888775,5.218484147917479e-06
repvgg_a0,3,0.001,0.1,4.605217335305729,0.0010247342288494,0.0010247342288494,0.008999999999982,0.0435999999999128,4.605218410491943,0.0004051976429764,8.143081799971696e-07,0.1000000014901161,1.788139343261719e-07,1,0.5,43272780_0,True,True,cifar100_repvgg_a0,4.605218410491943,4.003271533292718e-05,8.78702849149704e-07,0.0010247342288494,0.0010000000474974,4.605219504914797,0,0.0010247342288494,0.008999999999982,0.0435999999999128,8.143081799971696e-07,4.605165481567383,4.058914782945067e-05,-1.2759119272232058e-07,9.27196815609932e-05,0.0010000000474974,4.6051655029801415,0,9.27196815609932e-05,0.0101111111111088,0.0507111111110998,8.20198522433202e-07
repvgg_a0,3,1.0,0.1,1.0859705532127748,0.0886431783437728,0.1638621687889099,0.7103999999985792,0.9281999999981436,1.078330397605896,0.6804854869842529,3.6220760345458975,0.1000000014901161,0.0155335813760757,1,0.0005,43272780_4,True,True,cifar100_repvgg_a0,1.078330397605896,1.072434902191162,0.6609014272689819,0.0886437371373176,1.0,1.0790694618790215,0,0.1638622283935547,0.7103999999985792,0.9281999999981436,3.6220760345458975,0.1626264750957489,0.1584606170654297,0.0345441997051239,0.0807845890522003,1.0,0.1626251504918106,0,0.25725257396698,0.968422222222007,0.999599999999778,0.0996430218219757
repvgg_a0,5,1.0,0.1,1.0967583829641177,0.110622651875019,0.2356218695640564,0.7337999999985324,0.9277999999981444,1.0947132110595703,0.7488279342651367,4.439385890960693,0.1000000014901161,0.0187196880578994,1,0.0005,43272780_16,True,True,cifar100_repvgg_a0,1.09471333026886,1.0937392711639404,0.7367020845413208,0.1106232553720474,1.0,1.0975658172841638,0,0.2356222867965698,0.7337999999985324,0.9277999999981444,4.439385890960693,0.018764516338706,0.0183239411562681,0.001125356182456,0.016835942864418,1.0,0.0187752145141363,0,0.7136223316192627,0.9995333333331112,0.9999999999997778,0.0026501466054469
repvgg_a0,5,0.5,0.1,1.0162566269323243,0.0898881331086158,0.2489283084869384,0.731999999998536,0.9337999999981323,1.0160552263259888,0.6660899519920349,3.418006896972656,0.1000000014901161,0.0148097202181816,1,0.001,43272780_15,True,True,cifar100_repvgg_a0,1.0160552263259888,0.9906858801841736,0.2359185814857483,0.0898880138993263,0.5,1.020480468358969,0,0.2489283084869384,0.731999999998536,0.9337999999981323,3.418006896972656,0.0571016855537891,0.0526396967470645,0.0020091328769922,0.0433449521660804,0.5,0.0571191503464555,0,0.8449284434318542,0.99571111111089,0.9999999999997778,0.0184438601136207
repvgg_a0,4,2.0,0.1,1.195677294729348,0.114771120250225,0.231425404548645,0.7173999999985652,0.916999999998166,1.2019327878952026,0.7958912253379822,4.804905891418457,0.1000000014901161,0.020438939332962,1,0.00025,43272780_11,True,True,cifar100_repvgg_a0,1.201932668685913,1.2019041776657104,1.9230666160583496,0.1147714182734489,2.0,1.2045021706757488,0,0.2314254641532898,0.7173999999985652,0.916999999998166,4.804905891418457,0.0093833897262811,0.0093317227438092,0.0010208077728748,0.0087270168587565,2.0,0.0093864036893261,0,0.5002063512802124,0.999799999999778,0.9999999999997778,0.0006722721736878
repvgg_a0,5,2.0,0.1,1.2781220906542738,0.1343681663274765,0.2957456409931183,0.7165999999985668,0.9125999999981748,1.276453733444214,0.8669896721839905,5.843353271484375,0.1000000014901161,0.0242403894662857,1,0.00025,43272780_17,True,True,cifar100_repvgg_a0,1.276453733444214,1.276437282562256,2.089827060699463,0.1343674659729004,2.0,1.2717917733986042,0,0.2957455217838287,0.7165999999985668,0.9125999999981748,5.843353748321533,0.0118667585775256,0.0118368128314614,0.0021022763103246,0.0106826955452561,2.0,0.0118678802384771,0,0.3898440897464752,0.9996444444442224,0.9999999999997778,0.0014780852943658
repvgg_a0,3,0.1,0.1,4.60659558542711,0.0014749392867088,0.0014749392867088,0.008999999999982,0.0435999999999128,4.606628894805908,0.0088722016662359,0.000394100381527,0.1000000014901161,1.937150955200196e-06,1,0.005,43272780_2,True,True,cifar100_repvgg_a0,4.606628894805908,0.008872122503817,1.937150955200196e-06,0.0014749392867088,0.1000000014901161,4.6066301322792045,0,0.0014749392867088,0.008999999999982,0.0435999999999128,0.000394100381527,4.605228424072266,0.0088705234229564,2.115964889526367e-06,0.0003584651276469,0.1000000014901161,4.605230463915037,0,0.0003584651276469,0.0101111111111088,0.0507111111110998,0.00039662636118
repvgg_a0,5,0.1,0.1,2.2725480187497427,0.0759408771991729,0.1385605931282043,0.4107999999991784,0.7253999999985492,2.272686243057251,0.6530013680458069,2.3650214672088623,0.1000000014901161,0.0114502161741256,1,0.005,43272780_14,True,True,cifar100_repvgg_a0,2.272686243057251,0.6530015468597412,0.011450245976448,0.0759409219026565,0.1000000014901161,2.2718103278245136,0,0.1385607123374939,0.4107999999991784,0.7253999999985492,2.3650214672088623,2.246405124664306,0.6000973582267761,0.0095640420913696,0.1297538876533508,0.1000000014901161,2.2465999816029867,0,0.2200546860694885,0.4277777777776827,0.7457999999998343,1.957258939743042
repvgg_a0,4,0.5,0.1,1.007524114343421,0.0749935880303382,0.2006784081459045,0.7515999999984968,0.9307999999981384,1.0127333402633667,0.6774899363517761,3.5841104984283447,0.1000000014901161,0.0153835192322731,1,0.001,43272780_9,True,True,cifar100_repvgg_a0,1.0127333402633667,0.9959280490875244,0.2419375777244568,0.0749942064285278,0.5,1.0161841000005978,0,0.2006781697273254,0.7515999999984968,0.9307999999981384,3.5841104984283447,0.0162205174565315,0.0146244755014777,0.0002386309206485,0.0145641015842556,0.5,0.0162384974686939,0,0.6374346017837524,0.9995111111108892,0.9999999999997778,0.0020945207215845
repvgg_a0,4,1.0,0.1,1.0692813301700483,0.0874739363789558,0.1777753829956054,0.7369999999985261,0.9227999999981544,1.0668271780014038,0.707973837852478,3.813979148864746,0.1000000014901161,0.0164746716618537,1,0.0005,43272780_10,True,True,cifar100_repvgg_a0,1.0668271780014038,1.0657613277435305,0.6964210271835327,0.0874732956290245,1.0,1.067001848879417,0,0.1777753829956054,0.7369999999985261,0.9227999999981544,3.813979625701904,0.0109640173614025,0.0105506610125303,0.0003934912383556,0.010142670944333,1.0,0.0109702077375799,0,0.5461403727531433,0.9997555555553336,0.9999999999997778,0.0009131378028541
repvgg_a0,3,0.01,0.1,4.605538151345607,0.0015520406886935,0.0015520406886935,0.0085999999999828,0.0437999999999124,4.605536460876465,0.0026733537670224,3.700278102769517e-05,0.1000000014901161,5.364418029785156e-07,1,0.05,43272780_1,True,True,cifar100_repvgg_a0,4.605536460876465,0.0008549278718419,5.252659320831299e-07,0.0015520406886935,0.0099999997764825,4.605538890443202,0,0.0015520406886935,0.0085999999999828,0.0437999999999124,3.700278102769517e-05,4.605149745941162,0.0008521707495674,4.76837158203125e-07,2.60770320892334e-08,0.0099999997764825,4.605149767353922,0,2.60770320892334e-08,0.0101555555555533,0.0506888888888776,3.6772376915905625e-05
repvgg_a0,3,0.5,0.1,1.1887078100459811,0.0249493960291147,0.0902069211006164,0.6601999999986796,0.905999999998188,1.1866302490234375,0.5650531649589539,2.226574659347534,0.1000000014901161,0.0100986585021018,1,0.001,43272780_3,True,True,cifar100_repvgg_a0,1.1866302490234375,0.9809787273406982,0.1841421127319336,0.0249493792653083,0.5,1.1904904598005677,0,0.090206928551197,0.6601999999986796,0.905999999998188,2.226574659347534,0.8223093152046204,0.6375942230224609,0.0840205252170562,0.1379722654819488,0.5,0.8225262391506281,0,0.2020341753959656,0.7673999999998296,0.9672666666664518,0.8750345706939697
repvgg_a0,5,0.001,0.1,4.6052079892974325,0.0010135993361473,0.0010135993361473,0.008999999999982,0.0423999999999152,4.605208396911621,0.0002410124288871,2.827459013587941e-07,0.1000000014901161,5.960464477539065e-08,1,0.5,43272780_12,True,True,cifar100_repvgg_a0,4.605208396911621,2.378943281655665e-05,8.689239621162415e-07,0.0010135993361473,0.0010000000474974,4.6052079892974325,0,0.0010135993361473,0.008999999999982,0.0423999999999152,2.827458445153752e-07,4.605166435241699,2.4523276806576177e-05,8.270144462585449e-07,9.971857070922852e-05,0.0010000000474974,4.605166150503329,0,9.971857070922852e-05,0.0101111111111088,0.0508444444444331,2.885560093091044e-07
repvgg_a0,5,0.01,0.1,4.60546314486066,0.0014936933293938,0.0014936933293938,0.0085999999999828,0.0415999999999168,4.605466365814209,0.001534636830911,1.2200513083371334e-05,0.1000000014901161,1.043081283569336e-06,1,0.05,43272780_13,True,True,cifar100_repvgg_a0,4.605466365814209,0.0004904445377178,-1.788139343261719e-07,0.0014936933293938,0.0099999997764825,4.605461905084049,0,0.0014936933293938,0.0085999999999828,0.0415999999999168,1.2200513083371334e-05,4.605144500732422,0.0004872636927757,4.172325134277344e-07,5.638692528009415e-05,0.0099999997764825,4.605143964028962,0,5.638692528009415e-05,0.0101555555555533,0.050933333333322,1.2011979379167316e-05
repvgg_a2,4,2.0,0.1,1.1563358658730951,0.0855622887611389,0.4171602129936218,0.7171999999985657,0.9111999999981776,1.1528072357177734,0.7328985333442688,3.9915812015533447,0.1000000014901161,0.0173002257943153,1,0.00025,43272780_11,True,True,cifar100_repvgg_a2,1.152807116508484,1.152745008468628,1.7899930477142334,0.0855625122785568,2.0,1.1540211671781164,0,0.4171602129936218,0.7171999999985657,0.9111999999981776,3.991580486297608,0.0063195819966495,0.0062423031777143,0.0004922142252326,0.0059445081278681,2.0,0.0063208974788437,0,0.5037357807159424,0.9998888888886668,0.9999999999997778,0.0003701917594298
repvgg_a2,4,0.01,0.1,4.6054602123121375,0.0024467697367072,0.0024467697367072,0.0075999999999848,0.0383999999999232,4.605457305908203,0.0010197840165346,5.1674837777682114e-06,0.1000000014901161,2.086162567138672e-07,1,0.05,43272780_7,True,True,cifar100_repvgg_a2,4.605456829071045,0.0003221140941604,6.854534149169922e-07,0.0024467697367072,0.0099999997764825,4.605448577485483,0,0.0024467697367072,0.0075999999999848,0.0383999999999232,5.167484232515562e-06,4.605141639709473,0.0003246283740736,3.874301910400392e-07,0.0002243500202894,0.0099999997764825,4.60514166925014,0,0.0002243500202894,0.0102666666666643,0.0512888888888775,5.267695996735711e-06
repvgg_a2,5,2.0,0.1,1.0319624836053414,0.1019071415066719,0.2380714416503906,0.747999999998504,0.9305999999981388,1.0354739427566528,0.7180398106575012,4.037632942199707,0.1000000014901161,0.0172522589564323,1,0.00025,43272780_17,True,True,cifar100_repvgg_a2,1.0354739427566528,1.035457730293274,1.6478445529937744,0.1019074544310569,2.0,1.0422840768847874,0,0.2380710840225219,0.747999999998504,0.9305999999981388,4.037632942199707,0.0057935984805226,0.0057649225927889,0.0006790701299905,0.0052697998471558,2.0,0.0057944177516978,0,0.5009965896606445,0.999799999999778,0.9999999999997778,0.0004867288516834
repvgg_a2,4,0.5,0.1,0.8843965883601393,0.0444284230470657,0.1014305353164672,0.775999999998448,0.9437999999981124,0.8835281133651733,0.575102686882019,2.440260648727417,0.1000000014901161,0.0109316259622573,1,0.001,43272780_9,True,True,cifar100_repvgg_a2,0.8835281133651733,0.8644335269927979,0.1881057620048523,0.0444287806749343,0.5,0.887147163901214,0,0.1014310717582702,0.775999999998448,0.9437999999981124,2.440260648727417,0.0117892809212207,0.0100137423723936,9.82079654932022e-05,0.0111030945554375,0.5,0.0117904768551519,0,0.5451550483703613,0.9998444444442224,0.9999999999997778,0.0008489949977956
repvgg_a2,5,0.001,0.1,4.605202291093395,0.002216194756329,0.002216194756329,0.0077999999999844,0.0415999999999168,4.605203628540039,0.000217755921767,2.24713318175418e-07,0.1000000014901161,-3.5762786865234375e-07,1,0.5,43272780_12,True,True,cifar100_repvgg_a2,4.605203628540039,2.109983688569628e-05,8.647330105304718e-07,0.002216194756329,0.0010000000474974,4.605202505670116,0,0.002216194756329,0.0077999999999844,0.0415999999999168,2.24713318175418e-07,4.605166912078857,2.1197874957579188e-05,8.270144462585449e-07,0.0002326453104615,0.0010000000474974,4.6051667275846615,0,0.0002326453104615,0.0102444444444421,0.050933333333322,2.344638119211595e-07
repvgg_a2,5,0.1,0.1,1.8044885149516368,0.0940121114253997,0.1383150517940521,0.5243999999989513,0.8125999999983748,1.806828856468201,0.6183215975761414,2.251311779022217,0.1000000014901161,0.0107152611017227,1,0.005,43272780_14,True,True,cifar100_repvgg_a2,1.806828856468201,0.6183215975761414,0.0107152462005615,0.0940120443701744,0.1000000014901161,1.809101097871313,0,0.1383150815963745,0.5243999999989513,0.8125999999983748,2.251311779022217,1.7343326807022097,0.5442544221878052,0.0081987082958221,0.1631967723369598,0.1000000014901161,1.73433766910604,0,0.2323587536811829,0.5517999999998774,0.8456666666664788,1.699321746826172
repvgg_a2,5,0.5,0.1,0.842460676606472,0.058165855705738,0.1436996459960937,0.7751999999984496,0.9491999999981016,0.8464257717132568,0.5802185535430908,2.6760945320129395,0.1000000014901161,0.0117007941007614,1,0.001,43272780_15,True,True,cifar100_repvgg_a2,0.8464257717132568,0.8323936462402344,0.1901987791061401,0.0581659153103828,0.5,0.847764983349349,0,0.1436997056007385,0.7751999999984496,0.9491999999981016,2.6760945320129395,0.0206417329609394,0.0187742915004491,0.0003883484750986,0.0182984843850135,0.5,0.0206400635428852,0,0.4258478283882141,0.9994222222220002,0.9999999999997778,0.0035724816843867
repvgg_a2,5,1.0,0.1,0.9245845611240876,0.0761181786656379,0.1961506009101867,0.7657999999984684,0.9407999999981184,0.921353280544281,0.6374533772468567,3.263167142868042,0.1000000014901161,0.0140150934457778,1,0.0005,43272780_16,True,True,cifar100_repvgg_a2,0.921353280544281,0.9207260608673096,0.5926551222801208,0.076117992401123,1.0,0.9258382077356282,0,0.1961504817008972,0.7657999999984684,0.9407999999981184,3.263167142868042,0.0083643831312656,0.0080957747995853,0.0003230012953281,0.0076378881931304,1.0,0.0083680028138711,0,0.4799467921257019,0.9997555555553336,0.9999999999997778,0.0007726761396043
repvgg_a2,3,2.0,0.1,1.1567307168422123,0.1212682425975799,0.2261275053024292,0.7357999999985284,0.9295999999981408,1.1547895669937134,0.8103894591331482,5.373038768768311,0.1000000014901161,0.0220417603850364,1,0.00025,43272780_5,True,True,cifar100_repvgg_a2,1.1547895669937134,1.1547784805297852,1.8782408237457275,0.1212678179144859,2.0,1.152688106318149,0,0.2261276245117187,0.7357999999985284,0.9295999999981408,5.373038768768311,0.0134189948439598,0.0133946929126977,0.0031410902738571,0.0116731906309723,2.0,0.0134166817263146,0,0.7241572141647339,0.9994888888886668,0.9999999999997778,0.0023357165046036
repvgg_a2,5,0.01,0.1,4.605438993058608,0.002293974161148,0.002293974161148,0.0077999999999844,0.0435999999999128,4.605445384979248,0.0016257227398455,1.3122863492753822e-05,0.1000000014901161,-5.960464477539065e-08,1,0.05,43272780_13,True,True,cifar100_repvgg_a2,4.60544490814209,0.0005126608302816,5.62518835067749e-07,0.002293974161148,0.0099999997764825,4.605441567979262,0,0.002293974161148,0.0077999999999844,0.0435999999999128,1.3122863492753822e-05,4.605146884918213,0.0005116365500725,4.4330954551696777e-07,0.0001452444121241,0.0099999997764825,4.605147060761189,0,0.0001452444121241,0.0102444444444421,0.0507111111110998,1.3060922356089575e-05
repvgg_a2,3,0.5,0.1,0.965660273545948,0.0154737420380115,0.0924248173832893,0.7147999999985705,0.9337999999981323,0.9597134590148926,0.5374761819839478,2.15363883972168,0.1000000014901161,0.0096437931060791,1,0.001,43272780_3,True,True,cifar100_repvgg_a2,0.9597134590148926,0.8694345355033875,0.1688339710235595,0.0154733955860137,0.5,0.960402503129456,0,0.0924248173832893,0.7147999999985705,0.9337999999981323,2.153639078140259,0.3969508111476898,0.342668205499649,0.0343947857618331,0.1220737621188163,0.5,0.3970115077879593,0,0.2297196388244629,0.8997333333331334,0.9948222222220012,0.3508642613887787
repvgg_a2,3,0.001,0.1,4.605205342851206,0.0022211950272321,0.0022211950272321,0.0077999999999844,0.0423999999999152,4.60520601272583,0.0004125949926674,8.733088066037453e-07,0.1000000014901161,8.642673492431641e-07,1,0.5,43272780_0,True,True,cifar100_repvgg_a2,4.60520601272583,4.1782433982007205e-05,-8.66129994392395e-08,0.0022211950272321,0.0010000000474974,4.6052038169723,0,0.0022211950272321,0.0077999999999844,0.0423999999999152,8.733088066037453e-07,4.605166435241699,4.209354665363208e-05,-1.2665987014770508e-07,0.0002276431769132,0.0010000000474974,4.605166692363735,0,0.0002276431769132,0.0102444444444421,0.0508444444444331,8.911457598514971e-07
repvgg_a2,3,0.01,0.1,4.605408451638641,0.0015432648360729,0.0015432648360729,0.0085999999999828,0.0485999999999028,4.605401992797852,0.0027223688084632,3.6539197026286274e-05,0.1000000014901161,3.5762786865234375e-07,1,0.05,43272780_1,True,True,cifar100_repvgg_a2,4.605401992797852,0.0008568494813516,1.30385160446167e-07,0.0015432648360729,0.0099999997764825,4.605398151956029,0,0.0015432648360729,0.0085999999999828,0.0485999999999028,3.653919338830747e-05,4.605164527893066,0.0008498324896208,6.183981895446777e-07,1.6769394278526306e-05,0.0099999997764825,4.605164906933694,0,1.6769394278526306e-05,0.0101555555555533,0.0501555555555444,3.5890141589334235e-05
repvgg_a2,3,0.1,0.1,4.606446597657103,0.000325720757246,0.000325720757246,0.0107999999999784,0.0461999999999076,4.606439113616943,0.0084603242576122,0.0003518195881042,0.1000000014901161,2.026557922363281e-06,1,0.005,43272780_2,True,True,cifar100_repvgg_a2,4.606438636779785,0.0084603428840637,1.96695327758789e-06,0.000325720757246,0.1000000014901161,4.60636791952604,0,0.000325720757246,0.0107999999999784,0.0461999999999076,0.0003518196463119,4.605220794677734,0.0083410525694489,2.3245811462402344e-06,0.0005583921447396,0.1000000014901161,4.605221802276431,0,0.0005583921447396,0.0099111111111089,0.050422222222211,0.0003437277628108
repvgg_a2,4,1.0,0.1,0.9408991302315692,0.0492655634880065,0.1321730017662048,0.7633999999984732,0.935999999998128,0.9401777386665344,0.6047519445419312,2.7164011001586914,0.1000000014901161,0.0120609104633331,1,0.0005,43272780_10,True,True,cifar100_repvgg_a2,0.9401777386665344,0.9387308359146118,0.5702846646308899,0.0492656901478767,1.0,0.94032354009819,0,0.1321730017662048,0.7633999999984732,0.935999999998128,2.7164011001586914,0.0068866717629134,0.0064166211523115,0.0001632678322494,0.0065656057558953,1.0,0.0068876407110579,0,0.3561511635780334,0.9998888888886668,0.9999999999997778,0.0003784876898862
repvgg_a2,3,1.0,0.1,0.9509816820634952,0.0889284163713455,0.1688875257968902,0.7547999999984905,0.9385999999981228,0.9555372595787048,0.6642138957977295,3.6514523029327393,0.1000000014901161,0.0154231563210487,1,0.0005,43272780_4,True,True,cifar100_repvgg_a2,0.9555372595787048,0.95427668094635,0.6199526190757751,0.0889285579323768,1.0,0.957201158521796,0,0.1688878238201141,0.7547999999984905,0.9385999999981228,3.6514523029327393,0.0405810102820396,0.0398895107209682,0.0048420652747154,0.0307066701352596,1.0,0.0405813724266336,0,0.341985672712326,0.996533333333112,0.9999999999997778,0.0124739976599812
repvgg_a2,4,0.1,0.1,0.944808306817673,0.0341343879699707,0.1277683526277542,0.7527999999984945,0.9357999999981284,0.9477201104164124,0.5668123364448547,2.323313474655152,0.1000000014901161,0.0104738697409629,1,0.005,43272780_8,True,True,cifar100_repvgg_a2,0.9477201104164124,0.5668123364448547,0.0104738697409629,0.0341339893639087,0.1000000014901161,0.9504941756741212,0,0.127768337726593,0.7527999999984945,0.9357999999981284,2.323313474655152,0.1216359436511993,0.067661240696907,0.0002388507127761,0.0895194113254547,0.1000000014901161,0.1216378385893975,0,0.5030351877212524,0.9925777777775572,0.9998444444442224,0.0496211424469947
repvgg_a2,4,0.001,0.1,4.605203101716564,0.0024059358984231,0.0024059358984231,0.0075999999999848,0.0383999999999232,4.605203628540039,0.0001227189059136,7.454418948782404e-08,0.1000000014901161,5.960464477539062e-07,1,0.5,43272780_6,True,True,cifar100_repvgg_a2,4.605203628540039,1.2546584002848247e-05,8.642673492431641e-07,0.0024059358984231,0.0010000000474974,4.605203125558421,0,0.0024059358984231,0.0075999999999848,0.0383999999999232,7.454418948782404e-08,4.605166435241699,1.2482962119975127e-05,8.270144462585449e-07,0.0002585295587778,0.0010000000474974,4.605166337445168,0,0.0002585295587778,0.0102666666666643,0.0512888888888775,7.612058539052668e-08
resnet32,5,0.1,0.1,1.640780084504851,0.0869243443012237,0.1366169452667236,0.5511999999988976,0.8485999999983028,1.643783688545227,0.5876349210739136,2.0985336303710938,0.1000000014901161,0.00991652905941,1,0.005,43272780_14,True,True,cifar100_resnet32,1.6437839269638062,0.5876349210739136,0.00991652905941,0.0869244039058685,0.1000000014901161,1.6471049062122751,0,0.1366165876388549,0.5511999999988976,0.8485999999983028,2.0985336303710938,1.5893819332122805,0.5273274779319763,0.0079276859760284,0.1428711265325546,0.1000000014901161,1.5895496693975943,0,0.2139110565185547,0.5717333333332063,0.8691555555553625,1.660098433494568
resnet32,3,1.0,0.1,1.1590878749058762,0.036854438483715,0.0953962057828903,0.6701999999986596,0.9177999999981644,1.1580228805541992,0.6250882148742676,2.9096620082855225,0.1000000014901161,0.0128045007586479,1,0.0005,43272780_4,True,True,cifar100_resnet32,1.1580228805541992,1.1248971223831177,0.6119527816772461,0.0368545874953269,1.0,1.162700282946024,0,0.0953962057828903,0.6701999999986596,0.9177999999981644,2.9096622467041016,0.5241377949714661,0.493573933839798,0.1634867787361145,0.1158007830381393,1.0,0.5242500469129348,0,0.1989513635635376,0.8508666666664776,0.9880888888886694,0.533637523651123
resnet32,5,1.0,0.1,1.2250630432202474,0.1076496243476867,0.1917589604854583,0.6917999999986164,0.91499999999817,1.228986144065857,0.7700875401496887,4.585999965667725,0.1000000014901161,0.0194049179553985,1,0.0005,43272780_16,True,True,cifar100_resnet32,1.228986144065857,1.2229079008102417,0.783678412437439,0.1076496988534927,1.0,1.2331432395968225,0,0.1917591989040374,0.6917999999986164,0.91499999999817,4.585999965667725,0.2017547488212585,0.1968063116073608,0.0468332171440124,0.0874986201524734,1.0,0.2017975352081873,0,0.2577767372131347,0.9554444444442322,0.9993333333331114,0.135718435049057
resnet32,5,0.001,0.1,4.605200622163342,0.0024144956842064,0.0024144956842064,0.0075999999999848,0.0415999999999168,4.605201244354248,0.0002318463957635,2.704870212255628e-07,0.1000000014901161,3.278255462646485e-07,1,0.5,43272780_12,True,True,cifar100_resnet32,4.605201244354248,2.292366116307676e-05,8.619390428066254e-07,0.0024144956842064,0.0010000000474974,4.605202553353831,0,0.0024144956842064,0.0075999999999848,0.0415999999999168,2.704870496472722e-07,4.605166912078857,2.3274966224562377e-05,-1.2619420886039734e-07,0.0002551740035414,0.0010000000474974,4.605166784480004,0,0.0002551740035414,0.0102666666666643,0.050933333333322,2.696123146961327e-07
resnet32,3,2.0,0.1,1.3312131517429933,0.1130523681640625,0.2167520821094513,0.6615999999986768,0.9063999999981872,1.327300786972046,0.7944523692131042,4.798290729522705,0.1000000014901161,0.0203138142824172,1,0.00025,43272780_5,True,True,cifar100_resnet32,1.327300786972046,1.326497197151184,2.0051889419555664,0.1130527332425117,2.0,1.3325279467595783,0,0.2167522013187408,0.6615999999986768,0.9063999999981872,4.798290729522705,0.344987690448761,0.3434722423553467,0.306414246559143,0.0882965773344039,2.0,0.3450589535392511,0,0.1878123879432678,0.902555555555355,0.9951333333331124,0.3495244979858398
resnet32,5,2.0,0.1,1.495811336484684,0.1375876665115356,0.2243653535842895,0.6425999999987149,0.8937999999982125,1.4945260286331177,0.8948269486427307,6.070748805999756,0.1000000014901161,0.0252212733030319,1,0.00025,43272780_17,True,True,cifar100_resnet32,1.4945261478424072,1.4939321279525757,2.31978988647461,0.1375878155231475,2.0,1.4971862487459595,0,0.2243654131889343,0.6425999999987149,0.8937999999982125,6.070748805999756,0.2642338573932647,0.2631520330905914,0.209625780582428,0.0906274393200874,2.0,0.2642326440342682,0,0.2158858180046081,0.9323999999997928,0.9982222222220004,0.2167847007513046
resnet32,5,0.01,0.1,4.605463979325686,0.001269606873393,0.001269606873393,0.0087999999999824,0.0413999999999172,4.60546875,0.0015034364769235,1.19917085612542e-05,0.1000000014901161,3.5762786865234375e-07,1,0.05,43272780_13,True,True,cifar100_resnet32,4.60546875,0.0004849329707212,-1.527369022369385e-07,0.001269606873393,0.0099999997764825,4.60547516115704,0,0.001269606873393,0.0087999999999824,0.0413999999999172,1.19917094707489e-05,4.6051435470581055,0.0004814140556845,4.135072231292725e-07,6.26659020781517e-05,0.0099999997764825,4.6051436226569065,0,6.26659020781517e-05,0.010133333333331,0.0509555555555442,1.178650745714549e-05
resnet32,4,0.1,0.1,1.217859196053973,0.0111422054469585,0.0869470313191413,0.6545999999986908,0.9031999999981936,1.2193613052368164,0.5904865264892578,2.331801414489746,0.1000000014901161,0.0107148140668869,1,0.005,43272780_8,True,True,cifar100_resnet32,1.219361424446106,0.5904865264892578,0.010714828968048,0.0111420666798949,0.1000000014901161,1.226005768162937,0,0.0869470313191413,0.6545999999986908,0.9031999999981936,2.331801652908325,0.7764011025428772,0.3637950718402862,0.0043702721595764,0.1358623802661895,0.1000000014901161,0.77646487337274,0,0.2094095349311829,0.7921555555553795,0.968622222222007,0.9322882890701294
resnet32,3,0.5,0.1,1.2577887886434138,0.0318533480167388,0.1588723063468933,0.6375999999987249,0.8953999999982092,1.2567286491394043,0.5684565305709839,2.209054946899414,0.1000000014901161,0.010083720088005,1,0.001,43272780_3,True,True,cifar100_resnet32,1.2567286491394043,1.004818558692932,0.1863667964935302,0.031853511929512,0.5,1.2590207868479828,0,0.1588723063468933,0.6375999999987249,0.8953999999982092,2.209054946899414,0.9589674472808838,0.716988742351532,0.0995408296585083,0.1349465250968933,0.5,0.9590340242599564,0,0.1985365152359008,0.7252444444442834,0.9552888888886768,1.0419360399246216
resnet32,4,0.5,0.1,1.1682072246194104,0.0878390371799469,0.159957468509674,0.7025999999985948,0.9161999999981676,1.1726561784744265,0.7308394312858582,4.068091869354248,0.1000000014901161,0.0174607336521148,1,0.001,43272780_9,True,True,cifar100_resnet32,1.1726560592651367,1.1204580068588257,0.2724947929382324,0.0878398865461349,0.5,1.1775249117685678,0,0.1599572300910949,0.7025999999985948,0.9161999999981676,4.068091869354248,0.1856195628643036,0.1674957573413849,0.0119477361440658,0.0888446271419525,0.5,0.1856296041197588,0,0.3126108944416046,0.9631555555553416,0.9996444444442224,0.116176351904869
resnet32,3,0.001,0.1,4.605211207948249,0.0012215133756399,0.0012215133756399,0.0087999999999824,0.0435999999999128,4.6052117347717285,0.0004296039114706,9.0568340738173e-07,0.1000000014901161,4.470348358154297e-07,1,0.5,43272780_0,True,True,cifar100_resnet32,4.6052117347717285,4.28846433351282e-05,-8.195638656616212e-08,0.0012215133756399,0.0010000000474974,4.605212090096991,0,0.0012215133756399,0.0087999999999824,0.0435999999999128,9.0568340738173e-07,4.605165958404541,4.3424104660516605e-05,8.270144462585449e-07,0.0001154160127043,0.0010000000474974,4.605166090898684,0,0.0001154160127043,0.010133333333331,0.0507111111110998,9.26792608879623e-07
resnet32,3,0.01,0.1,4.6055346465924965,0.0005232272669672,0.0005232272669672,0.0095999999999808,0.0455999999999088,4.6055216789245605,0.0024615982547402,3.2636035030009225e-05,0.1000000014901161,8.642673492431641e-07,1,0.05,43272780_1,True,True,cifar100_resnet32,4.6055216789245605,0.0007977188215591,3.725290298461914e-07,0.0005232272669672,0.0099999997764825,4.605530092797638,0,0.0005232272669672,0.0095999999999808,0.0455999999999088,3.2636035030009225e-05,4.605148792266846,0.0007814091513864,4.582107067108155e-07,8.08490440249443e-05,0.0099999997764825,4.60514822034246,0,8.08490440249443e-05,0.0100444444444422,0.0504888888888776,3.1268900784198195e-05
resnet32,3,0.1,0.1,3.715930769969732,0.041654784232378,0.454504907131195,0.1191999999997616,0.3561999999992876,3.714288949966431,0.4636461436748504,1.0413105487823486,0.1000000014901161,0.0052370429039001,1,0.005,43272780_2,True,True,cifar100_resnet32,3.714289426803589,0.4636461436748504,0.0052370429039001,0.0416547991335392,0.1000000014901161,3.717189298201677,0,0.454504907131195,0.1191999999997616,0.3561999999992876,1.0413105487823486,3.7735767364501953,0.4370630085468292,0.0046083629131317,0.0427856408059597,0.1000000014901161,3.773552015209368,0,0.3130287528038025,0.1120444444444195,0.3362444444443697,0.9141361713409424
resnet32,4,1.0,0.1,1.326730191044246,0.1322428435087204,0.2551306486129761,0.6903999999986192,0.9077999999981844,1.3167144060134888,0.8449748754501343,5.503941059112549,0.1000000014901161,0.0229440033435821,1,0.0005,43272780_10,True,True,cifar100_resnet32,1.3167144060134888,1.3135746717453003,0.8858567476272583,0.1322427690029144,1.0,1.323283182913035,0,0.2551304697990417,0.6903999999986192,0.9077999999981844,5.503941059112549,0.106300875544548,0.1040860116481781,0.0181384533643722,0.0653848275542259,1.0,0.1063004709635152,0,0.2927223742008209,0.9845111111108924,0.9998888888886668,0.0487447194755077
resnet32,4,0.01,0.1,4.519379351263565,0.003847744083032,0.1113311797380447,0.018999999999962,0.0921999999998156,4.518643856048584,0.1900769472122192,0.1079859584569931,0.1000000014901161,0.0005666315555572,1,0.05,43272780_7,True,True,cifar100_resnet32,4.518644332885742,0.0511070676147937,5.166977643966675e-06,0.0038477403577417,0.0099999997764825,4.518290612822642,0,0.1113311946392059,0.018999999999962,0.0921999999998156,0.1079859584569931,4.529743671417236,0.0479024462401866,5.539506673812866e-06,0.005272299516946,0.0099999997764825,4.529726502312868,0,0.130014419555664,0.0199111111111066,0.0966666666666452,0.0938238203525543
resnet32,4,0.001,0.1,4.605202958665416,0.0024059498682618,0.0024059498682618,0.0075999999999848,0.0383999999999232,4.605203628540039,0.0001212338829645,7.247183475556086e-08,0.1000000014901161,5.662441253662109e-07,1,0.5,43272780_6,True,True,cifar100_resnet32,4.605203628540039,1.180553499580128e-05,8.638016879558563e-07,0.0024059498682618,0.0010000000474974,4.605203411660716,0,0.0024059498682618,0.0075999999999848,0.0383999999999232,7.247183475556086e-08,4.605166435241699,1.1784151865867898e-05,8.270144462585449e-07,0.0002585276961326,0.0010000000474974,4.605166340154471,0,0.0002585276961326,0.0102666666666643,0.0512888888888775,7.417121139496885e-08
resnet32,5,0.5,0.1,1.0983203226796758,0.0491668432950973,0.0928311347961425,0.698999999998602,0.917999999998164,1.0980507135391235,0.6366751790046692,3.0298306941986084,0.1000000014901161,0.0133170783519744,1,0.001,43272780_15,True,True,cifar100_resnet32,1.098050832748413,1.0123696327209473,0.2211207151412964,0.0491667911410331,0.5,1.1032946014848288,0,0.0928311347961425,0.698999999998602,0.917999999998164,3.0298304557800293,0.3753637075424194,0.3265980184078216,0.032007873058319,0.1101960837841034,0.5,0.3754314241548198,0,0.2465692162513733,0.8993999999998001,0.996133333333112,0.3233824372291565
resnet32,4,2.0,0.1,1.6004828743084774,0.1660948395729065,0.2860796451568603,0.6497999999987004,0.8933999999982132,1.6063640117645264,1.004052996635437,7.624593734741211,0.1000000014901161,0.0310969203710556,1,0.00025,43272780_11,True,True,cifar100_resnet32,1.606364130973816,1.6062424182891846,2.614185094833374,0.1660941541194915,2.0,1.6103088847691862,0,0.2860795855522156,0.6497999999987004,0.8933999999982132,7.624593734741211,0.1228834837675094,0.122655414044857,0.0754149854183197,0.0668184906244278,2.0,0.1228984328425001,0,0.3226495683193207,0.9781555555553384,0.9999111111108888,0.0681868121027946
vgg11_bn,5,0.5,0.1,1.455568283068526,0.1519861966371536,0.2867091000080108,0.6895999999986208,0.8927999999982145,1.4555695056915283,0.9531601667404176,6.760585784912109,0.1000000014901161,0.0281358063220977,1,0.001,43272780_15,True,True,cifar100_vgg11_bn,1.455569863319397,1.4351106882095337,0.4056804776191711,0.151986613869667,0.5,1.4628359370070003,0,0.2867096960544586,0.6895999999986208,0.8927999999982145,6.760582447052002,0.0969088673591613,0.0950352698564529,0.0099345743656158,0.0286158882081508,0.5,0.096894319671712,0,0.1494126915931701,0.974244444444228,0.9995555555553336,0.1161981970071792
vgg11_bn,5,2.0,0.1,1.783253913226186,0.2067629843950271,0.4430243074893951,0.6825999999986349,0.8865999999982268,1.7970954179763794,1.2028988599777222,10.651756286621094,0.1000000014901161,0.0426589101552963,1,0.00025,43272780_17,True,True,cifar100_vgg11_bn,1.7970905303955078,1.7970911264419556,3.143829345703125,0.2065641731023788,2.0,1.806009035399562,0,0.4430249631404876,0.6827999999986344,0.8865999999982268,10.651724815368652,0.021964119747281,0.0219632312655448,0.0178481079638004,0.0076455427333712,2.0,0.0219533602292452,0,0.8306871652603149,0.9946444444442236,0.9999999999997778,0.0245371032506227
vgg11_bn,3,2.0,0.1,4.60590691336172,0.0012489054352045,0.0012489054352045,0.008999999999982,0.0445999999999108,4.605905532836914,0.0049415454268455,0.0001224660518346,0.1000000014901161,1.1026859283447266e-06,1,0.00025,43272780_5,True,True,cifar100_vgg11_bn,4.605905532836914,0.0206846985965967,0.0002460479736328,0.0012489054352045,2.0,4.605918190560505,0,0.0012489054352045,0.008999999999982,0.0445999999999108,0.0001224660663865,4.605156898498535,0.0203797630965709,0.0002479553222656,0.0001410748809576,2.0,4.605157478027514,0,0.0001410748809576,0.0101111111111088,0.0505999999999887,0.0001240251003764
vgg11_bn,4,2.0,0.1,1.7448502651073416,0.1947406232357025,0.3794934153556824,0.6905999999986188,0.8841999999982316,1.7405627965927124,1.1606062650680542,9.810713768005373,0.1000000014901161,0.0398075580596923,1,0.00025,43272780_11,True,True,cifar100_vgg11_bn,1.7405632734298706,1.7405675649642944,3.037916898727417,0.1947407722473144,2.0,1.7418661883704762,0,0.3794900178909302,0.6905999999986188,0.8841999999982316,9.81071662902832,0.0059221619740128,0.0059268018230795,0.0037008989602327,0.0030048897024244,2.0,0.0059231427641638,0,0.2218643128871917,0.9989555555553336,0.9999555555553334,0.0053017428144812
vgg11_bn,4,0.5,0.1,1.4424066655576355,0.1529517471790313,0.3377137184143066,0.6997999999986004,0.890999999998218,1.4448977708816528,0.9552424550056458,6.707707405090332,0.1000000014901161,0.028059497475624,1,0.001,43272780_9,True,True,cifar100_vgg11_bn,1.4448977708816528,1.435644268989563,0.4087424874305725,0.1529517322778701,0.5,1.451368450392785,0,0.3377147316932678,0.6997999999986004,0.890999999998218,6.707720279693604,0.0139949936419725,0.0137188509106636,0.0006956169381737,0.0095064984634518,0.5,0.0139913846683062,0,0.7648695707321167,0.9984666666664448,0.9999555555553334,0.0076881125569343
vgg11_bn,3,0.01,0.1,4.605507395348918,0.0011396957561373,0.0011396957561373,0.008999999999982,0.0435999999999128,4.605512619018555,0.0027933842502534,3.9960483263712376e-05,0.1000000014901161,5.960464477539065e-08,1,0.05,43272780_1,True,True,cifar100_vgg11_bn,4.605512619018555,0.0008903891430236,2.868473529815674e-07,0.0011396957561373,0.0099999997764825,4.6055233217099945,0,0.0011396957561373,0.008999999999982,0.0435999999999128,3.9960483263712376e-05,4.605154991149902,0.000900000333786,5.289912223815918e-07,2.7167610824108124e-05,0.0099999997764825,4.605155118225441,0,2.7167610824108124e-05,0.0101111111111088,0.0507111111110998,4.083995008841157e-05
vgg11_bn,4,0.1,0.1,1.3904854946336604,0.0818589255213737,0.1918214559555053,0.6563999999986873,0.8743999999982512,1.3884921073913574,0.7836462259292603,4.302583694458008,0.1000000014901161,0.018894150853157,1,0.005,43272780_8,True,True,cifar100_vgg11_bn,1.3884912729263306,0.7836483120918274,0.0188940614461898,0.0818584784865379,0.1000000014901161,1.390799789925404,0,0.1918241381645202,0.6563999999986873,0.8743999999982512,4.302587032318115,0.3109820187091827,0.1940186917781829,0.0016144067049026,0.0848917216062545,0.1000000014901161,0.3110192269756779,0,0.4076825082302093,0.9203777777775732,0.9954444444442232,0.3457288146018982
vgg11_bn,4,0.001,0.1,4.605204079232737,0.0024058893322944,0.0024058893322944,0.0075999999999848,0.0383999999999232,4.605203628540039,0.0001213191935676,7.393151690848755e-08,0.1000000014901161,5.960464477539062e-07,1,0.5,43272780_6,True,True,cifar100_vgg11_bn,4.605203628540039,1.1700486538757104e-05,8.642673492431641e-07,0.0024058893322944,0.0010000000474974,4.605203626237437,0,0.0024058893322944,0.0075999999999848,0.0383999999999232,7.393151690848755e-08,4.605166435241699,1.1837855709018186e-05,8.270144462585449e-07,0.0002585342153906,0.0010000000474974,4.605166294096336,0,0.0002585342153906,0.0102666666666643,0.0512888888888775,7.488708320124715e-08
vgg11_bn,4,0.01,0.1,4.605461690507328,0.0024452516809105,0.0024452516809105,0.0075999999999848,0.0383999999999232,4.60545825958252,0.0010223850840702,5.218485966906883e-06,0.1000000014901161,2.980232238769531e-07,1,0.05,43272780_7,True,True,cifar100_vgg11_bn,4.60545825958252,0.0003235534531995,6.966292858123779e-07,0.0024452516809105,0.0099999997764825,4.60545644529859,0,0.0024452516809105,0.0075999999999848,0.0383999999999232,5.218485966906883e-06,4.605141639709473,0.0003251322195865,3.874301910400392e-07,0.0002246350049972,0.0099999997764825,4.605141008180443,0,0.0002246350049972,0.0102666666666643,0.0512888888888775,5.304986189003103e-06
vgg11_bn,4,1.0,0.1,1.5801059774604505,0.1694743335247039,0.3899665772914886,0.6977999999986044,0.8875999999982248,1.5841073989868164,1.0549774169921875,8.102890014648438,0.1000000014901161,0.0335185080766677,1,0.0005,43272780_10,True,True,cifar100_vgg11_bn,1.5841070413589478,1.5840561389923096,1.1913477182388306,0.1694737672805786,1.0,1.5837425760456685,0,0.3899658024311065,0.6977999999986044,0.8875999999982248,8.102893829345703,0.0077237524092197,0.007708900142461,0.001144353300333,0.0052594151347875,1.0,0.007724290980455,0,0.6237622499465942,0.999088888888667,0.9999999999997778,0.0035062618553638
vgg11_bn,5,0.1,0.1,1.6991161099521386,0.0352047234773635,0.0528672933578491,0.5463999999989072,0.820999999998358,1.697384476661682,0.6867469549179077,2.997438669204712,0.1000000014901161,0.0137917101383209,1,0.005,43272780_14,True,True,cifar100_vgg11_bn,1.697384476661682,0.6867473125457764,0.0137917399406433,0.0352045446634292,0.1000000014901161,1.6988661995976493,0,0.0528674721717834,0.5463999999989072,0.820999999998358,2.997439384460449,1.461476445198059,0.5551859736442566,0.0090245455503463,0.0995280295610428,0.1000000014901161,1.461529984987187,0,0.1477733254432678,0.5959555555554231,0.8754888888886944,1.9190020561218264
vgg11_bn,5,0.001,0.1,4.605206415734811,0.0020133471116423,0.0020133471116423,0.007999999999984,0.0407999999999184,4.60520601272583,0.0002244706847704,2.4938404408203496e-07,0.1000000014901161,8.046627044677734e-07,1,0.5,43272780_12,True,True,cifar100_vgg11_bn,4.60520601272583,2.2159785658004697e-05,-8.707866072654724e-08,0.0020133471116423,0.0010000000474974,4.6052057004790745,0,0.0020133471116423,0.007999999999984,0.0407999999999184,2.4938404408203496e-07,4.605166435241699,2.281525121361483e-05,8.270144462585449e-07,0.0002119410783052,0.0010000000474974,4.6051664918753845,0,0.0002119410783052,0.0102222222222199,0.0510222222222108,2.570323545114661e-07
vgg11_bn,3,1.0,0.1,4.6062202430582175,0.0013178680092096,0.0013178680092096,0.008999999999982,0.0457999999999084,4.606266975402832,0.0068054161965847,0.0002326677204109,0.1000000014901161,1.96695327758789e-06,1,0.0005,43272780_4,True,True,cifar100_vgg11_bn,4.606266498565674,0.0208829138427972,0.0001163482666015,0.0013178680092096,1.0,4.606278631768211,0,0.0013178680092096,0.008999999999982,0.0457999999999084,0.0002326677204109,4.605178356170654,0.0206504818052053,0.0001177787780761,0.0002042576670646,1.0,4.605178163548552,0,0.0002042576670646,0.0101111111111088,0.0504666666666554,0.0002336826437385
vgg11_bn,5,1.0,0.1,1.6018749884702264,0.175767570734024,0.3318519592285156,0.7011999999985976,0.8935999999982128,1.59930157661438,1.0869064331054688,8.862590789794922,0.1000000014901161,0.0358561724424362,1,0.0005,43272780_16,True,True,cifar100_vgg11_bn,1.599300980567932,1.5991941690444946,1.2147833108901978,0.1757666766643524,1.0,1.606103175075473,0,0.3318511843681335,0.7011999999985976,0.8935999999982128,8.862601280212402,0.0361272320151329,0.0360741727054119,0.0103885158896446,0.013262964785099,1.0,0.0361345176384573,0,0.3510014116764068,0.9914444444442242,0.9999333333331112,0.0370814800262451
vgg11_bn,3,0.5,0.1,4.606666061959057,0.0018372992053627,0.0018372992053627,0.0085999999999828,0.0457999999999084,4.606590270996094,0.0084166740998625,0.0003583652433007,0.1000000014901161,1.937150955200196e-06,1,0.001,43272780_3,True,True,cifar100_vgg11_bn,4.606590270996094,0.0185158569365739,4.482269287109375e-05,0.0018372992053627,0.5,4.606599972328963,0,0.0018372992053627,0.0085999999999828,0.0457999999999084,0.0003583652433007,4.605210781097412,0.0183463301509618,4.458427429199219e-05,0.0002814885228872,0.5,4.605211100533392,0,0.0002814885228872,0.0101555555555533,0.0504666666666554,0.0003579955955501
vgg11_bn,5,0.01,0.1,4.605527255616548,0.002481035888195,0.002481035888195,0.0075999999999848,0.041999999999916,4.6055192947387695,0.0017016738420352,1.5084042388480157e-05,0.1000000014901161,6.854534149169922e-07,1,0.05,43272780_13,True,True,cifar100_vgg11_bn,4.6055192947387695,0.0005458637024275,3.539025783538819e-07,0.002481035888195,0.0099999997764825,4.605530307374359,0,0.002481035888195,0.0075999999999848,0.041999999999916,1.5084042388480157e-05,4.60513973236084,0.0005469681927934,3.725290298461914e-07,0.0001890053972601,0.0099999997764825,4.605139504517813,0,0.0001890053972601,0.0102666666666643,0.0508888888888775,1.5172218809311744e-05
vgg11_bn,3,0.001,0.1,4.605194304070999,0.0020183837041258,0.0020183837041258,0.007999999999984,0.042999999999914,4.6051926612854,0.0003987609234172,8.193853773263982e-07,0.1000000014901161,4.470348358154297e-07,1,0.5,43272780_0,True,True,cifar100_vgg11_bn,4.6051926612854,4.006257586297579e-05,-1.0011717677116397e-07,0.0020183837041258,0.0010000000474974,4.605194184861709,0,0.0020183837041258,0.007999999999984,0.042999999999914,8.193853773263982e-07,4.605167865753174,4.162329787504859e-05,8.288770914077759e-07,0.0002058520913124,0.0010000000474974,4.6051679738635976,0,0.0002058520913124,0.0102222222222199,0.0507777777777665,8.621395863883663e-07
vgg11_bn,3,0.1,0.1,4.606579396805597,0.0018379436805844,0.0018379436805844,0.0085999999999828,0.0457999999999084,4.60658597946167,0.0083958003669977,0.0003564984654076,0.1000000014901161,2.4139881134033203e-06,1,0.005,43272780_2,True,True,cifar100_vgg11_bn,4.60658597946167,0.0083956522867083,2.3543834686279297e-06,0.0018379436805844,0.1000000014901161,4.606594989380662,0,0.0018379436805844,0.0085999999999828,0.0457999999999084,0.0003564984654076,4.60521125793457,0.0083655687049031,2.294778823852539e-06,0.0002815593034029,0.1000000014901161,4.605211146591527,0,0.0002815593034029,0.0101555555555533,0.0504666666666554,0.0003564442449714
mobilenetv2_x0_5,4,2.0,0.1,1.3299080782439665,0.1456591933965683,0.2634183764457702,0.7101999999985796,0.9191999999981616,1.3323771953582764,0.9082337021827698,6.601483345031738,0.1000000014901161,0.0267456769943237,1,0.00025,43272780_11,True,True,cifar100_mobilenetv2_x0_5,1.3323771953582764,1.3323500156402588,2.190779209136963,0.145658865571022,2.0,1.3371211224069246,0,0.2634181380271911,0.7101999999985796,0.9191999999981616,6.60148286819458,0.046463631093502,0.0464081354439258,0.0214884728193283,0.0321879610419273,2.0,0.0465102045643386,0,0.5706889033317566,0.9946444444442236,0.9999999999997778,0.0179075039923191
mobilenetv2_x0_5,3,0.01,0.1,4.605438492379593,0.0004593450576066,0.0004593450576066,0.0105999999999788,0.0441999999999116,4.605449199676514,0.0025908288080245,3.532820846885443e-05,0.1000000014901161,3.278255462646485e-07,1,0.05,43272780_1,True,True,cifar100_mobilenetv2_x0_5,4.605449199676514,0.0008330391719937,-3.501772880554199e-07,0.0004593450576066,0.0099999997764825,4.605441591821119,0,0.0004593450576066,0.0105999999999788,0.0441999999999116,3.532820846885443e-05,4.60515832901001,0.0008170134969986,5.587935447692871e-07,0.0002050530165433,0.0099999997764825,4.60515877849249,0,0.0002050530165433,0.0099333333333311,0.0506444444444331,3.3858013921417296e-05
mobilenetv2_x0_5,5,2.0,0.1,1.2074630373639503,0.1155077964067459,0.2193309068679809,0.7067999999985864,0.9247999999981504,1.205997347831726,0.7888432145118713,4.862898349761963,0.1000000014901161,0.0204620212316513,1,0.00025,43272780_17,True,True,cifar100_mobilenetv2_x0_5,1.2059972286224363,1.205829381942749,1.8867855072021484,0.1155085489153862,2.0,1.201433884496787,0,0.2193310260772705,0.7067999999985864,0.9247999999981504,4.862898349761963,0.141704648733139,0.1414136439561844,0.0963374972343444,0.0661237090826034,2.0,0.1417054889897141,0,0.2442785203456878,0.9696888888886734,0.9997555555553336,0.0899976715445518
mobilenetv2_x0_5,3,2.0,0.1,1.228346275669091,0.0219139382243156,0.0437523275613784,0.6489999999987021,0.9071999999981856,1.2307348251342771,0.6051739454269409,2.6879324913024902,0.1000000014901161,0.0119303688406944,1,0.00025,43272780_5,True,True,cifar100_mobilenetv2_x0_5,1.230734944343567,1.2061491012573242,1.5314123630523682,0.0219139531254768,2.0,1.2287572318132185,0,0.0437523573637008,0.6489999999987021,0.9071999999981856,2.6879327297210693,0.7581272721290588,0.7272139191627502,0.6915045976638794,0.1225569620728492,2.0,0.7582433067508678,0,0.1799227595329284,0.7755555555553832,0.9739333333331168,0.810858964920044
mobilenetv2_x0_5,5,0.001,0.1,4.605204436860606,0.0004107523709535,0.0004107523709535,0.0095999999999808,0.0445999999999108,4.605205059051514,0.0002503145078662,3.411996942759288e-07,0.1000000014901161,-2.384185791015625e-07,1,0.5,43272780_12,True,True,cifar100_mobilenetv2_x0_5,4.605205059051514,2.5546383767505176e-05,-8.800998330116273e-08,0.0004107523709535,0.0010000000474974,4.605204460702463,0,0.0004107523709535,0.0095999999999808,0.0445999999999108,3.411996942759288e-07,4.605166435241699,2.540806053730193e-05,8.274801075458527e-07,3.456883132457733e-05,0.0010000000474974,4.60516657857305,0,3.456883132457733e-05,0.0100444444444422,0.0505999999999887,3.327098738736823e-07
mobilenetv2_x0_5,4,0.5,0.1,1.0739751750821378,0.0301078185439109,0.9063134789466858,0.6943999999986112,0.9217999999981564,1.0725369453430176,0.5943188667297363,2.608576536178589,0.1000000014901161,0.0115963369607925,1,0.001,43272780_9,True,True,cifar100_mobilenetv2_x0_5,1.0725369453430176,0.9666858315467834,0.1986095905303955,0.0301080606877803,0.5,1.0749612624038798,0,0.9063134789466858,0.6943999999986112,0.9217999999981564,2.6085762977600098,0.4525468647480011,0.384631484746933,0.0400208383798599,0.1188223510980606,0.5,0.4526209240014115,0,0.200709581375122,0.876155555555361,0.9941777777775568,0.4064391255378723
mobilenetv2_x0_5,4,0.001,0.1,4.605203721604869,0.0024057207629084,0.0024057207629084,0.0075999999999848,0.0383999999999232,4.605203628540039,0.0001216186210513,7.393070688976877e-08,0.1000000014901161,5.960464477539062e-07,1,0.5,43272780_6,True,True,cifar100_mobilenetv2_x0_5,4.605203628540039,1.1801806977018714e-05,8.647330105304718e-07,0.0024057207629084,0.0010000000474974,4.605204103074595,0,0.0024057207629084,0.0075999999999848,0.0383999999999232,7.393071399519614e-08,4.605166435241699,1.2414961020112967e-05,8.270144462585449e-07,0.0002585537731647,0.0010000000474974,4.605166524387009,0,0.0002585537731647,0.0102666666666643,0.0512888888888775,7.479356867179376e-08
mobilenetv2_x0_5,3,0.1,0.1,4.60648510225761,0.0027133775874972,0.0027133775874972,0.0077999999999844,0.04499999999991,4.606539726257324,0.0089578004553914,0.0004241250862833,0.1000000014901161,2.592802047729492e-06,1,0.005,43272780_2,True,True,cifar100_mobilenetv2_x0_5,4.606539726257324,0.0089578283950686,2.5331974029541016e-06,0.0027133775874972,0.1000000014901161,4.606499931893222,0,0.0027133775874972,0.0077999999999844,0.04499999999991,0.0004241250862833,4.605245590209961,0.0088478801771998,2.8908252716064453e-06,0.0002758717164397,0.1000000014901161,4.605247418727172,0,0.0002758717164397,0.0102444444444421,0.0505555555555443,0.0004084355314262
mobilenetv2_x0_5,5,0.1,0.1,4.6063851095055846,0.0026967581361532,0.0026967581361532,0.0075999999999848,0.0415999999999168,4.606352806091309,0.0053660091944038,0.0001437668397556,0.1000000014901161,1.0728836059570312e-06,1,0.005,43272780_14,True,True,cifar100_mobilenetv2_x0_5,4.606352806091309,0.0053663393482565,1.0132789611816406e-06,0.0026967581361532,0.1000000014901161,4.606329748711544,0,0.0026967581361532,0.0075999999999848,0.0415999999999168,0.0001437668397556,4.605120658874512,0.0054002148099243,8.344650268554688e-07,2.5758519768714905e-05,0.1000000014901161,4.605121536426716,0,2.5758519768714905e-05,0.0102666666666643,0.050933333333322,0.0001462423533666
mobilenetv2_x0_5,3,1.0,0.1,1.5056532792669337,0.0913987606763839,0.1505427956581115,0.5733999999988532,0.8717999999982564,1.506100296974182,0.5423685312271118,1.9326409101486208,0.1000000014901161,0.0089464783668518,1,0.0005,43272780_4,True,True,cifar100_mobilenetv2_x0_5,1.506100296974182,1.2174863815307615,0.5418292284011841,0.0913986787199974,1.0,1.5059744290928228,0,0.1505427360534668,0.5733999999988532,0.8717999999982564,1.9326409101486208,1.3383961915969849,1.0211955308914185,0.3890906572341919,0.1629688441753387,1.0,1.3385550412858844,0,0.2298222184181213,0.6218666666665286,0.9162444444442408,1.2368077039718628
mobilenetv2_x0_5,5,0.01,0.1,4.605440495095656,0.0024849213659763,0.0024849213659763,0.0075999999999848,0.0421999999999156,4.605452537536621,0.001521872007288,1.1887794244103134e-05,0.1000000014901161,7.152557373046875e-07,1,0.05,43272780_13,True,True,cifar100_mobilenetv2_x0_5,4.605452537536621,0.000485598196974,6.370246410369873e-07,0.0024849213659763,0.0099999997764825,4.605448458276194,0,0.0024849213659763,0.0075999999999848,0.0421999999999156,1.1887794244103134e-05,4.605145454406738,0.0004856063460465,4.3213367462158203e-07,0.0001873848959803,0.0099999997764825,4.605146014970603,0,0.0001873848959803,0.0102666666666643,0.0508666666666553,1.186185090773506e-05
mobilenetv2_x0_5,4,0.01,0.1,4.605457851968206,0.0024444004520773,0.0024444004520773,0.0075999999999848,0.0383999999999232,4.605460166931152,0.0010275540407747,5.272386260912754e-06,0.1000000014901161,4.470348358154297e-07,1,0.05,43272780_7,True,True,cifar100_mobilenetv2_x0_5,4.605459690093994,0.0003254587063565,-2.458691596984864e-07,0.0024444004520773,0.0099999997764825,4.605460951409733,0,0.0024444004520773,0.0075999999999848,0.0383999999999232,5.272386260912754e-06,4.605141639709473,0.0003270667220931,3.874301910400392e-07,0.0002247290685772,0.0099999997764825,4.605141200540887,0,0.0002247290685772,0.0102666666666643,0.0512888888888775,5.35700701220776e-06
mobilenetv2_x0_5,5,1.0,0.1,1.083815720135468,0.0553083643317222,0.1043401956558227,0.6987999999986024,0.9223999999981553,1.0858261585235596,0.6353772282600403,3.047330617904663,0.1000000014901161,0.0133553743362426,1,0.0005,43272780_16,True,True,cifar100_mobilenetv2_x0_5,1.0858261585235596,1.0687657594680786,0.6138088703155518,0.0553087778389453,1.0,1.0834060097284155,0,0.1043402552604675,0.6987999999986024,0.9223999999981553,3.0473310947418213,0.3686114549636841,0.3528554439544678,0.1023236513137817,0.1074811369180679,1.0,0.3686071375006159,0,0.209240436553955,0.899688888888689,0.9966222222220008,0.3115023374557495
mobilenetv2_x0_5,3,0.5,0.1,2.3889217007136505,0.1396325826644897,0.3147789239883423,0.383999999999232,0.7171999999985657,2.3898000717163086,0.5510902404785156,1.7530933618545532,0.1000000014901161,0.0084216296672821,1,0.001,43272780_3,True,True,cifar100_mobilenetv2_x0_5,2.389799833297729,1.1158771514892578,0.1817449331283569,0.1396325528621673,0.5,2.3905734169451245,0,0.3147790431976318,0.383999999999232,0.7171999999985657,1.7530933618545532,2.42486572265625,1.0469266176223757,0.1585559844970703,0.1553209722042083,0.5,2.425067073781769,0,0.3353828191757202,0.3735333333332503,0.7199111111109512,1.479325532913208
mobilenetv2_x0_5,4,0.1,0.1,2.151354562160559,0.1116900593042373,0.2191255688667297,0.4235999999991528,0.758999999998482,2.149892091751098,0.577720046043396,1.9114255905151367,0.1000000014901161,0.0091968029737472,1,0.005,43272780_8,True,True,cifar100_mobilenetv2_x0_5,2.1498923301696777,0.577720046043396,0.0091968029737472,0.1116900667548179,0.1000000014901161,2.1508688439105272,0,0.2191253900527954,0.4235999999991528,0.758999999998482,1.9114257097244265,2.19084095954895,0.5475526452064514,0.0081561356782913,0.1450668573379516,0.1000000014901161,2.190957135650386,0,0.2520560622215271,0.4259111111110165,0.7657999999998298,1.6820337772369385
mobilenetv2_x0_5,5,0.5,0.1,1.2768095010095444,0.0439729653298854,0.0813906788825988,0.6363999999987272,0.8951999999982097,1.2740579843521118,0.5621276497840881,2.13353967666626,0.1000000014901161,0.0097920149564743,1,0.001,43272780_15,True,True,cifar100_mobilenetv2_x0_5,1.2740581035614014,0.9999160766601562,0.1830867528915405,0.0439729690551757,0.5,1.274559509116901,0,0.0813908576965332,0.6363999999987272,0.8951999999982097,2.1335394382476807,1.0194579362869265,0.7437582612037659,0.104471743106842,0.1347705721855163,0.5,1.019673337255326,0,0.2020801901817321,0.7065111111109541,0.9491999999997892,1.0886614322662354
mobilenetv2_x0_5,3,0.001,0.1,4.605197951875257,0.0005749715492129,0.0005749715492129,0.0105999999999788,0.0541999999998916,4.605196952819824,0.0004619446699507,1.0514283985685324e-06,0.1000000014901161,8.642673492431641e-07,1,0.5,43272780_0,True,True,cifar100_mobilenetv2_x0_5,4.605196952819824,4.568471558741294e-05,8.57282429933548e-07,0.0005749715492129,0.0010000000474974,4.605196521363784,0,0.0005749715492129,0.0105999999999788,0.0541999999998916,1.0514282848816947e-06,4.605167865753174,4.5031698391539976e-05,-1.2479722499847412e-07,9.82917845249176e-05,0.0010000000474974,4.605167941351973,0,9.82917845249176e-05,0.0099333333333311,0.0495333333333223,1.00528632174246e-06
mobilenetv2_x0_5,4,1.0,0.1,1.1352869683788134,0.1081952303647995,0.2157603502273559,0.710999999998578,0.9261999999981476,1.1326011419296265,0.7330674529075623,4.171886444091797,0.1000000014901161,0.0177792087197303,1,0.0005,43272780_10,True,True,cifar100_mobilenetv2_x0_5,1.132601261138916,1.1291440725326538,0.7276558876037598,0.108195498585701,1.0,1.1346597010184398,0,0.2157603502273559,0.710999999998578,0.9261999999981476,4.171886444091797,0.109303243458271,0.1069912835955619,0.0195853784680366,0.0646594241261482,1.0,0.1093308440855475,0,0.3374809026718139,0.9831555555553372,0.9999777777775556,0.0533760637044906
mobilenetv2_x1_0,5,2.0,0.1,1.2097804629714266,0.1379652023315429,0.2781374156475067,0.7261999999985476,0.9287999999981424,1.2168010473251345,0.8487733006477356,5.799452781677246,0.1000000014901161,0.0237720757722854,1,0.00025,43272780_17,True,True,cifar100_mobilenetv2_x1_0,1.2168010473251345,1.216772198677063,1.9929492473602293,0.1379646509885788,2.0,1.222391226276507,0,0.2781374156475067,0.7261999999985476,0.9287999999981424,5.799452781677246,0.0361949540674686,0.0361471027135849,0.0150054171681404,0.0264458693563938,2.0,0.0362026968272999,0,0.2624875903129577,0.9962888888886676,0.9999999999997778,0.0117280343547463
mobilenetv2_x1_0,4,0.5,0.1,1.043258439972908,0.060180552303791,0.1022672653198242,0.7175999999985648,0.9293999999981412,1.0449458360671997,0.639671266078949,3.1284427642822266,0.1000000014901161,0.013644702732563,1,0.001,43272780_9,True,True,cifar100_mobilenetv2_x1_0,1.0449458360671997,0.9861298203468324,0.2220473885536193,0.0601802915334701,0.5,1.0440492833400892,0,0.1022672653198242,0.7175999999985648,0.9293999999981412,3.1284427642822266,0.2346662878990173,0.2082076221704483,0.0160596072673797,0.1007413566112518,0.5,0.234714813517109,0,0.2565147578716278,0.9487333333331226,0.9993555555553336,0.1568493694067001
mobilenetv2_x1_0,5,0.01,0.1,4.605456492982306,0.001863470301032,0.001863470301032,0.0081999999999836,0.0417999999999164,4.60546350479126,0.0015263798413798,1.196512585011078e-05,0.1000000014901161,-1.1920928955078125e-07,1,0.05,43272780_13,True,True,cifar100_mobilenetv2_x1_0,4.605463981628418,0.0004878497857134,-2.048909664154053e-07,0.001863470301032,0.0099999997764825,4.605463049493228,0,0.001863470301032,0.0081999999999836,0.0417999999999164,1.196512585011078e-05,4.605144500732422,0.0004849244141951,4.172325134277344e-07,0.0001313230022788,0.0099999997764825,4.605144695540512,0,0.0001313230022788,0.0101999999999977,0.0509111111110998,1.1880814781761728e-05
mobilenetv2_x1_0,3,0.1,0.1,4.6062723375177255,0.002686315216124,0.002686315216124,0.0077999999999844,0.0427999999999144,4.606319427490234,0.0077341930009424,0.0003014333196915,0.1000000014901161,1.519918441772461e-06,1,0.005,43272780_2,True,True,cifar100_mobilenetv2_x1_0,4.606319427490234,0.0077338749542832,1.5497207641601562e-06,0.002686315216124,0.1000000014901161,4.606325719437559,0,0.002686315216124,0.0077999999999844,0.0427999999999144,0.0003014333196915,4.605212211608887,0.0078048896975815,2.4139881134033203e-06,0.0002458086237311,0.1000000014901161,4.605213983230757,0,0.0002458086237311,0.0102444444444421,0.0507999999999887,0.0003064217453356
mobilenetv2_x1_0,5,0.5,0.1,1.1260696286293177,0.0276959612965583,0.236989140510559,0.6703999999986592,0.915999999998168,1.128400802612305,0.5382576584815979,2.023335218429565,0.1000000014901161,0.0092262327671051,1,0.001,43272780_15,True,True,cifar100_mobilenetv2_x1_0,1.128400802612305,0.931610345840454,0.1697587966918945,0.0276956111192703,0.5,1.1345630371858235,0,0.236989140510559,0.6703999999986592,0.915999999998168,2.023335218429565,0.8041987419128418,0.6213884353637695,0.0803849697113037,0.1316906809806823,0.5,0.8042209598371501,0,0.1838190555572509,0.7682222222220516,0.9710222222220064,0.8359203934669495
mobilenetv2_x1_0,3,2.0,0.1,1.1468010360228975,0.0500602200627327,0.1198795884847641,0.6827999999986344,0.9187999999981624,1.1474840641021729,0.6578176021575928,3.47192931175232,0.1000000014901161,0.0147537514567375,1,0.00025,43272780_5,True,True,cifar100_mobilenetv2_x1_0,1.1474839448928833,1.1414755582809448,1.5858886241912842,0.050059974193573,2.0,1.1556962096873111,0,0.1198795288801193,0.6827999999986344,0.9187999999981624,3.47192931175232,0.4350358843803406,0.4282020628452301,0.3784478902816773,0.0991271808743476,2.0,0.4350464025434483,0,0.1752408742904663,0.8721999999998062,0.9929333333331128,0.4310791492462158
mobilenetv2_x1_0,5,1.0,0.1,1.052659195135215,0.084079809486866,0.1739999204874038,0.7237999999985524,0.9327999999981345,1.053752064704895,0.678422749042511,3.6666088104248047,0.1000000014901161,0.0156487673521041,1,0.0005,43272780_16,True,True,cifar100_mobilenetv2_x1_0,1.053752064704895,1.0484862327575684,0.6509972810745239,0.0840800181031227,1.0,1.0586005622815975,0,0.1739999055862426,0.7237999999985524,0.9327999999981345,3.6666088104248047,0.1668647527694702,0.1623521000146865,0.0345624685287475,0.0828111320734024,1.0,0.1668969473537394,0,0.2853897511959076,0.9670444444442295,0.9996666666664444,0.0967420786619186
mobilenetv2_x1_0,5,0.1,0.1,4.606269643387783,0.0014387182891368,0.0014387182891368,0.0087999999999824,0.0415999999999168,4.606266498565674,0.0049386704340577,0.0001243128062924,0.1000000014901161,1.0132789611816406e-06,1,0.005,43272780_14,True,True,cifar100_mobilenetv2_x1_0,4.606266498565674,0.0049386606551706,1.043081283569336e-06,0.0014387182891368,0.1000000014901161,4.606270835480678,0,0.0014387182891368,0.0087999999999824,0.0415999999999168,0.0001243128062924,4.6051177978515625,0.0049319574609398,5.662441253662109e-07,0.0001121023669838,0.1000000014901161,4.605119249775799,0,0.0001121023669838,0.010133333333331,0.050933333333322,0.0001250910281669
mobilenetv2_x1_0,3,0.5,0.1,2.088122408538077,0.1332811862230301,0.2836200594902038,0.4427999999991144,0.7711999999984576,2.092478513717652,0.5606161952018738,1.8889858722686768,0.1000000014901161,0.0089619308710098,1,0.001,43272780_3,True,True,cifar100_mobilenetv2_x1_0,2.092478513717652,1.1049325466156006,0.1858891248703003,0.1332810968160629,0.5,2.092327867892282,0,0.2836199998855591,0.4427999999991144,0.7711999999984576,1.8889858722686768,2.123366355895996,1.0265296697616575,0.1575350761413574,0.1589283049106598,0.5,2.1234571661609625,0,0.3016396760940552,0.435577777777681,0.7853555555553811,1.520376205444336
mobilenetv2_x1_0,4,0.001,0.1,4.605204317651316,0.0024058781564235,0.0024058781564235,0.0075999999999848,0.0383999999999232,4.605203628540039,0.0001204104919452,7.215673747396067e-08,0.1000000014901161,5.662441253662109e-07,1,0.5,43272780_6,True,True,cifar100_mobilenetv2_x1_0,4.605203628540039,1.1822703527286649e-05,8.642673492431641e-07,0.0024058781564235,0.0010000000474974,4.605204079232737,0,0.0024058781564235,0.0075999999999848,0.0383999999999232,7.215673747396067e-08,4.605166435241699,1.2137138583057094e-05,8.270144462585449e-07,0.0002585360780358,0.0010000000474974,4.605166692363735,0,0.0002585360780358,0.0102666666666643,0.0512888888888775,7.327828654979386e-08
mobilenetv2_x1_0,3,0.001,0.1,4.6052053905349215,0.0010251011699438,0.0010251011699438,0.008999999999982,0.0495999999999008,4.6052021980285645,0.0004414650320541,9.816980082177906e-07,0.1000000014901161,4.172325134277344e-07,1,0.5,43272780_0,True,True,cifar100_mobilenetv2_x1_0,4.6052021980285645,4.417261516209692e-05,8.624047040939331e-07,0.0010251011699438,0.0010000000474974,4.605201504312084,0,0.0010251011699438,0.008999999999982,0.0495999999999008,9.816980082177906e-07,4.605167388916016,4.417634409037419e-05,-1.257285475730896e-07,7.947906851768494e-05,0.0010000000474974,4.605166814282327,0,7.947906851768494e-05,0.0101111111111088,0.0500444444444333,9.744516091814148e-07
mobilenetv2_x1_0,5,0.001,0.1,4.6052027917724105,0.0022107381373643,0.0022107381373643,0.0077999999999844,0.0431999999999136,4.605203151702881,0.0002251242403872,2.528882987462566e-07,0.1000000014901161,5.066394805908203e-07,1,0.5,43272780_12,True,True,cifar100_mobilenetv2_x1_0,4.605203151702881,2.2378520952770486e-05,-9.033828973770144e-08,0.0022107381373643,0.0010000000474974,4.6052015519958,0,0.0022107381373643,0.0077999999999844,0.0431999999999136,2.528882987462566e-07,4.605166912078857,2.2396281565306708e-05,8.279457688331604e-07,0.0002345694229006,0.0010000000474974,4.6051666408869965,0,0.0002345694229006,0.0102444444444421,0.0507555555555442,2.545295956224436e-07
mobilenetv2_x1_0,3,1.0,0.1,1.3181630783642797,0.0477872006595134,0.0843686461448669,0.6237999999987525,0.89499999999821,1.3097459077835083,0.565890371799469,2.208818197250366,0.1000000014901161,0.0100582093000411,1,0.0005,43272780_4,True,True,cifar100_mobilenetv2_x1_0,1.3097459077835083,1.1669257879257202,0.5561319589614868,0.0477870926260948,1.0,1.3126824908845676,0,0.0843686461448669,0.6237999999987525,0.89499999999821,2.208818197250366,1.008483648300171,0.8504794239997864,0.313866376876831,0.1430545896291732,1.0,1.0085220563245083,0,0.2039449214935302,0.7072888888887318,0.9528888888886772,1.022728681564331
mobilenetv2_x1_0,4,0.01,0.1,4.605460546098149,0.0024441592395305,0.0024441592395305,0.0075999999999848,0.0383999999999232,4.605456829071045,0.0010161743266507,5.175501428311691e-06,0.1000000014901161,1.1026859283447266e-06,1,0.05,43272780_7,True,True,cifar100_mobilenetv2_x1_0,4.605456829071045,0.000322071602568,6.817281246185303e-07,0.0024441592395305,0.0099999997764825,4.605458924851812,0,0.0024441592395305,0.0075999999999848,0.0383999999999232,5.17550097356434e-06,4.6051411628723145,0.0003233017050661,3.874301910400392e-07,0.0002247560769319,0.0099999997764825,4.605141487726903,0,0.0002247560769319,0.0102666666666643,0.0512888888888775,5.252075879980112e-06
mobilenetv2_x1_0,4,1.0,0.1,1.0532416964271527,0.1029323562979698,0.2072997689247131,0.7457999999985084,0.9347999999981303,1.0562794208526611,0.7345722913742065,4.368076324462891,0.1000000014901161,0.018338143825531,1,0.0005,43272780_10,True,True,cifar100_mobilenetv2_x1_0,1.0562794208526611,1.05517315864563,0.7103865146636963,0.1029322370886802,1.0,1.058605816431032,0,0.2072997093200683,0.7457999999985084,0.9347999999981303,4.368076801300049,0.0321590602397918,0.0314536243677139,0.0027830302715301,0.0270097330212593,1.0,0.0321646399608402,0,0.4108511805534363,0.9984444444442226,0.9999999999997778,0.0066554052755236
mobilenetv2_x1_0,4,0.1,0.1,1.9572524478186,0.1127491295337677,0.1834636926651001,0.4707999999990584,0.7991999999984016,1.9573675394058228,0.5761520266532898,1.9503055810928345,0.1000000014901161,0.0093134641647338,1,0.005,43272780_8,True,True,cifar100_mobilenetv2_x1_0,1.9573675394058228,0.5761520266532898,0.0093134641647338,0.1127490848302841,0.1000000014901161,1.9590234329442096,0,0.1834639310836792,0.4707999999990584,0.7991999999984016,1.9503055810928345,1.986030459403992,0.536729633808136,0.0079530775547027,0.1522323042154312,0.1000000014901161,1.986076941431514,0,0.2308440804481506,0.4729333333332283,0.807955555555376,1.6480251550674438
mobilenetv2_x1_0,4,2.0,0.1,1.1164418989798193,0.1218253970146179,0.2736339569091797,0.7435999999985128,0.932999999998134,1.113560914993286,0.7824621796607971,4.839718818664551,0.1000000014901161,0.0203154906630516,1,0.00025,43272780_11,True,True,cifar100_mobilenetv2_x1_0,1.113560914993286,1.1135432720184326,1.810851573944092,0.1218251511454582,2.0,1.1183707559477345,0,0.2736335396766662,0.7435999999985128,0.932999999998134,4.839718818664551,0.0103929117321968,0.0103675741702318,0.0018677860498428,0.0093929376453161,2.0,0.0103962547669037,0,0.3529596328735351,0.9997333333331112,0.9999999999997778,0.0013305735774338
mobilenetv2_x1_0,3,0.01,0.1,4.6055060363630185,0.0023735575377941,0.0023735575377941,0.0077999999999844,0.0427999999999144,4.605521202087402,0.002695195376873,3.720979657373391e-05,0.1000000014901161,8.642673492431641e-07,1,0.05,43272780_1,True,True,cifar100_mobilenetv2_x1_0,4.605521202087402,0.0008589057833887,3.725290298461914e-07,0.0023735575377941,0.0099999997764825,4.605517265878088,0,0.0023735575377941,0.0077999999999844,0.0427999999999144,3.720979657373391e-05,4.605152130126953,0.0008600365254096,4.917383193969727e-07,7.518567144870758e-05,0.0099999997764825,4.605152335772251,0,7.518567144870758e-05,0.0102444444444421,0.0507999999999887,3.7317993701435626e-05
resnet20,4,0.1,0.1,1.255535297958124,0.0557592436671257,0.098764955997467,0.6509999999986981,0.9007999999981984,1.256560206413269,0.5598523020744324,2.0410406589508057,0.1000000014901161,0.0094899088144302,1,0.005,43272780_8,True,True,cifar100_resnet20,1.256560206413269,0.5598524808883667,0.0094899088144302,0.0557593256235122,0.1000000014901161,1.2533111148766556,0,0.0987647473812103,0.6509999999986981,0.9007999999981984,2.0410408973693848,0.9540804624557496,0.4022088348865509,0.0050731524825096,0.1595086455345153,0.1000000014901161,0.9539988020062262,0,0.2180598378181457,0.7475777777776117,0.9550888888886768,1.0755984783172607
resnet20,4,0.5,0.1,1.126720371279024,0.0545908026397228,0.1167923063039779,0.6851999999986296,0.9131999999981736,1.130957007408142,0.6458368897438049,3.0879383087158203,0.1000000014901161,0.0135931521654129,1,0.001,43272780_9,True,True,cifar100_resnet20,1.130957007408142,1.0364621877670288,0.2264377474784851,0.0545907020568847,0.5,1.1288521254378856,0,0.1167923659086227,0.6851999999986296,0.9131999999981736,3.0879383087158203,0.3989847302436828,0.3420293033123016,0.0332869589328765,0.124583326280117,0.5,0.3989416580759221,0,0.2311310768127441,0.898355555555356,0.9953999999997788,0.3346595168113708
resnet20,3,0.01,0.1,4.605541775308008,0.0007204664871096,0.0007204664871096,0.0093999999999812,0.0417999999999164,4.605547428131104,0.0025596520863473,3.3896842069225386e-05,0.1000000014901161,5.662441253662109e-07,1,0.05,43272780_1,True,True,cifar100_resnet20,4.605546951293945,0.0008192890090867,6.332993507385254e-07,0.0007204664871096,0.0099999997764825,4.605562923035963,0,0.0007204664871096,0.0093999999999812,0.0417999999999164,3.3896842069225386e-05,4.605147361755371,0.0008246858487837,4.507601261138916e-07,5.820766091346741e-05,0.0099999997764825,4.605147488830911,0,5.820766091346741e-05,0.0100666666666644,0.0509111111110998,3.4409400541335344e-05
resnet20,4,0.001,0.1,4.605202839456126,0.0024059461429715,0.0024059461429715,0.0075999999999848,0.0385999999999228,4.605203151702881,0.0001199265243485,7.109460398169176e-08,0.1000000014901161,-4.470348358154297e-07,1,0.5,43272780_6,True,True,cifar100_resnet20,4.605203151702881,1.175192664959468e-05,8.633360266685486e-07,0.0024059461429715,0.0010000000474974,4.605203173242137,0,0.0024059461429715,0.0075999999999848,0.0385999999999228,7.109460398169176e-08,4.605166435241699,1.3076427421765402e-05,8.270144462585449e-07,0.0002585286274552,0.0010000000474974,4.60516641872423,0,0.0002585286274552,0.0102666666666643,0.0512666666666552,7.26091116121097e-08
resnet20,3,2.0,0.1,1.2553487354200703,0.0733303129673004,0.1274329423904419,0.658999999998682,0.9001999999981997,1.2565447092056274,0.7038934826850891,3.612437009811402,0.1000000014901161,0.0158226639032363,1,0.00025,43272780_5,True,True,cifar100_resnet20,1.2565447092056274,1.2541627883911133,1.7918684482574463,0.0733301788568496,2.0,1.256341951457324,0,0.1274330019950866,0.658999999998682,0.9001999999981997,3.612437009811402,0.5021501779556274,0.498233288526535,0.4726536273956299,0.1026844084262848,2.0,0.5021610109019521,0,0.1815900802612304,0.8552666666664767,0.9872888888886696,0.5611230731010437
resnet20,4,0.01,0.1,4.505903599393472,0.0025990698486566,0.1077051162719726,0.017999999999964,0.08999999999982,4.505758285522461,0.209422305226326,0.1347110569477081,0.1000000014901161,0.0007095634937286,1,0.05,43272780_7,True,True,cifar100_resnet20,4.505758285522461,0.0567707903683185,6.966292858123779e-06,0.0025990365538746,0.0099999997764825,4.50482709182565,0,0.1077051162719726,0.017999999999964,0.08999999999982,0.1347110569477081,4.518454551696777,0.0530389808118343,6.131827831268311e-06,0.0053557730279862,0.0099999997764825,4.518459514881375,0,0.0832683891057968,0.0202444444444399,0.0975333333333116,0.1166861057281494
resnet20,5,0.01,0.1,4.605515406213172,0.0022849207744002,0.0022849207744002,0.0077999999999844,0.0407999999999184,4.605508804321289,0.0016522102523595,1.3955423128209077e-05,0.1000000014901161,5.662441253662109e-07,1,0.05,43272780_13,True,True,cifar100_resnet20,4.605509281158447,0.0005268856184557,1.2032687664031982e-06,0.0022849207744002,0.0099999997764825,4.60551271208323,0,0.0022849207744002,0.0077999999999844,0.0407999999999184,1.3955423128209077e-05,4.605140686035156,0.0005269279354251,3.762543201446533e-07,0.00016516353935,0.0099999997764825,4.605139981354971,0,0.00016516353935,0.0102444444444421,0.0510222222222108,1.4014351108926348e-05
resnet20,4,2.0,0.1,1.4546127729295386,0.1445713937282562,0.2485878765583038,0.6577999999986844,0.8985999999982028,1.461295247077942,0.904259979724884,6.280205249786377,0.1000000014901161,0.0259055346250534,1,0.00025,43272780_11,True,True,cifar100_resnet20,1.461295247077942,1.4610905647277832,2.311009168624878,0.1445709764957428,2.0,1.4618917279086567,0,0.2485878765583038,0.6577999999986844,0.8985999999982028,6.280205249786377,0.2113316357135772,0.2108823359012604,0.1600947976112365,0.0834798663854599,2.0,0.2113008210315452,0,0.2532499432563782,0.9499999999997888,0.9988222222220005,0.1602097451686859
resnet20,3,0.1,0.1,3.2793856246763777,0.0708886384963989,0.3112937211990356,0.1985999999996028,0.4917999999990164,3.2807955741882324,0.5294021368026733,1.4133214950561523,0.1000000014901161,0.0070499181747436,1,0.005,43272780_2,True,True,cifar100_resnet20,3.2807955741882324,0.5294021368026733,0.0070498883724212,0.0708886757493019,0.1000000014901161,3.278405760079547,0,0.3112937211990356,0.1985999999996028,0.4917999999990164,1.4133214950561523,3.36275601387024,0.4968545734882355,0.0061336159706115,0.0900709629058837,0.1000000014901161,3.36271283553264,0,0.3004305362701416,0.1966666666666229,0.4771111111110051,1.223684310913086
resnet20,5,1.0,0.1,1.1855941319498131,0.0727690979838371,0.140121042728424,0.6725999999986548,0.9157999999981684,1.186520218849182,0.6774932146072388,3.4707069396972656,0.1000000014901161,0.0150305405259132,1,0.0005,43272780_16,True,True,cifar100_resnet20,1.186520218849182,1.167885422706604,0.6777225732803345,0.0727689415216445,1.0,1.1828806841419504,0,0.1401211023330688,0.6725999999986548,0.9157999999981684,3.4707069396972656,0.4035035371780395,0.3852894008159637,0.114796757698059,0.113924466073513,1.0,0.4034387082986921,0,0.4039584994316101,0.8906222222220244,0.9947555555553346,0.3572928309440613
resnet20,5,0.001,0.1,4.605213663659613,0.0024138800799846,0.0024138800799846,0.0075999999999848,0.0413999999999172,4.605213165283203,0.0002494551881682,3.03943181734212e-07,0.1000000014901161,6.258487701416016e-07,1,0.5,43272780_12,True,True,cifar100_resnet20,4.605213165283203,2.492260500730481e-05,8.740462362766266e-07,0.0024138800799846,0.0010000000474974,4.605211899362128,0,0.0024138800799846,0.0075999999999848,0.0413999999999172,3.03943181734212e-07,4.605165481567383,2.5325223759864457e-05,8.260831236839294e-07,0.0002552419900894,0.0010000000474974,4.605165456922007,0,0.0002552419900894,0.0102666666666643,0.0509555555555442,3.109504973508592e-07
resnet20,5,0.5,0.1,1.127248393925664,0.0146968327462673,0.4040613174438476,0.6773999999986452,0.9163999999981672,1.128049612045288,0.5917035341262817,2.526080369949341,0.1000000014901161,0.0113101750612258,1,0.001,43272780_15,True,True,cifar100_resnet20,1.128049612045288,0.9872240424156188,0.197722315788269,0.0146967805922031,0.5,1.1264728063673055,0,0.4040613174438476,0.6773999999986452,0.9163999999981672,2.526080369949341,0.6033358573913574,0.4951315820217132,0.0577857494354248,0.1300478428602218,0.5,0.6032552759412982,0,0.1969419717788696,0.8309333333331488,0.9855777777775588,0.5957260131835938
resnet20,5,2.0,0.1,1.3597366922255576,0.1171982064843177,0.2204347252845764,0.6585999999986828,0.90499999999819,1.363375902175903,0.8140302300453186,5.045543670654297,0.1000000014901161,0.0212386399507522,1,0.00025,43272780_17,True,True,cifar100_resnet20,1.363375902175903,1.3627687692642212,2.0726208686828613,0.1171976327896118,2.0,1.3592288546918607,0,0.2204342484474182,0.6585999999986828,0.90499999999819,5.045543670654297,0.3188038468360901,0.3176971971988678,0.2704354524612427,0.0934763103723526,2.0,0.3187905463462918,0,0.2190611362457275,0.913088888888686,0.9967111111108896,0.2905827760696411
resnet20,3,0.5,0.1,1.250626015037834,0.0378003865480423,0.0719701647758483,0.6361999999987276,0.9011999999981976,1.253321886062622,0.5563064217567444,2.1099956035614014,0.1000000014901161,0.0096476823091506,1,0.001,43272780_3,True,True,cifar100_resnet20,1.253321886062622,0.990858793258667,0.1798683404922485,0.0378002896904945,0.5,1.2518096559941208,0,0.0719704031944274,0.6361999999987276,0.9011999999981976,2.109995603561402,0.9961633682250975,0.7352969646453857,0.1024422645568847,0.139455646276474,0.5,0.9961080597994276,0,0.2006313800811767,0.7156666666665077,0.9506444444442332,1.063935399055481
resnet20,3,0.001,0.1,4.605216119370976,0.0024221232160925,0.0024221232160925,0.0075999999999848,0.0441999999999116,4.605216026306152,0.0004008297983091,8.260348636213166e-07,0.1000000014901161,-8.940696716308596e-08,1,0.5,43272780_0,True,True,cifar100_resnet20,4.605216026306152,3.994710277765989e-05,-7.729977369308473e-08,0.0024221232160925,0.0010000000474974,4.605213711343328,0,0.0024221232160925,0.0075999999999848,0.0441999999999116,8.260348636213166e-07,4.605165481567383,4.097910277778283e-05,8.260831236839294e-07,0.0002486808225512,0.0010000000474974,4.605165511108048,0,0.0002486808225512,0.0102666666666643,0.0506444444444331,8.383006502299395e-07
resnet20,3,1.0,0.1,1.1842117244044608,0.0153548261150717,0.0895508974790573,0.6613999999986773,0.9093999999981812,1.187167763710022,0.6044647693634033,2.6524853706359863,0.1000000014901161,0.0118098929524421,1,0.0005,43272780_4,True,True,cifar100_resnet20,1.187167763710022,1.1363859176635742,0.5925174951553345,0.0153552070260047,1.0,1.1818957829526389,0,0.0895508974790573,0.6613999999986773,0.9093999999981812,2.6524853706359863,0.7068772315979004,0.6507046818733215,0.2299761772155761,0.127113938331604,1.0,0.7068127938567971,0,0.200650155544281,0.796799999999823,0.9763555555553386,0.7566807270050049
resnet20,4,1.0,0.1,1.2609111779584117,0.0985649600625038,0.1674079298973083,0.6713999999986572,0.9113999999981772,1.2629293203353882,0.7516564726829529,4.301220417022705,0.1000000014901161,0.0183312743902206,1,0.0005,43272780_10,True,True,cifar100_resnet20,1.2629293203353882,1.2515690326690674,0.7732633352279663,0.0985651090741157,1.0,1.2584368282224814,0,0.1674078702926635,0.6713999999986572,0.9113999999981772,4.301220417022705,0.2862544655799866,0.2761352062225342,0.0712371468544006,0.1103845909237861,1.0,0.2862272106625746,0,0.2490820884704589,0.9331777777775704,0.9982444444442228,0.2097081691026687
resnet20,5,0.1,0.1,1.8456316342662404,0.0966802686452865,0.1499672532081604,0.5007999999989984,0.8185999999983629,1.8413575887680047,0.5938796997070312,2.093766450881958,0.1000000014901161,0.0099519193172454,1,0.005,43272780_14,True,True,cifar100_resnet20,1.8413575887680056,0.5938796997070312,0.0099519193172454,0.0966802164912223,0.1000000014901161,1.8375570764890583,0,0.1499668359756469,0.5007999999989984,0.8185999999983629,2.093766450881958,1.8238685131073,0.539126992225647,0.0080866515636444,0.1579627841711044,0.1000000014901161,1.8236849076687056,0,0.2427390813827514,0.5195111111109957,0.8332222222220371,1.6802211999893188
repvgg_a1,3,2.0,0.1,1.2063246512341863,0.1342014223337173,0.2701546549797058,0.7265999999985469,0.9291999999981416,1.2054883241653442,0.839765727519989,5.739696025848389,0.1000000014901161,0.0234457179903984,1,0.00025,43272780_5,True,True,cifar100_repvgg_a1,1.2054877281188965,1.2054715156555176,1.970926284790039,0.1342008858919143,2.0,1.1990682446921757,0,0.2701550722122192,0.7265999999985469,0.9291999999981416,5.739687919616699,0.0206184331327676,0.0205862503498792,0.005906093865633,0.0173771735280752,2.0,0.0206167226042314,0,0.7099535465240479,0.9990222222220004,0.9999999999997778,0.0044192434288561
repvgg_a1,4,0.5,0.1,0.915222534079704,0.0600165277719497,0.152103453874588,0.7751999999984496,0.9401999999981197,0.9127148389816284,0.6062673330307007,2.77710485458374,0.1000000014901161,0.0122777000069618,1,0.001,43272780_9,True,True,cifar100_repvgg_a1,0.912714421749115,0.8962008357048035,0.2041246592998505,0.0600175112485885,0.5,0.9109257306074262,0,0.1521026194095611,0.7751999999984496,0.9401999999981197,2.777099370956421,0.0133152157068252,0.0117564015090465,0.0001497343182563,0.0122927092015743,0.5,0.0133183351816154,0,0.6847489476203918,0.9997333333331112,0.9999999999997778,0.0012915594270452
repvgg_a1,3,0.01,0.1,4.605452368340889,0.0025506801903247,0.0025506801903247,0.0075999999999848,0.0411999999999176,4.605459690093994,0.0025684491265565,3.335421934025362e-05,0.1000000014901161,4.470348358154297e-07,1,0.05,43272780_1,True,True,cifar100_repvgg_a1,4.605459213256836,0.0008149154600687,7.078051567077637e-07,0.0025506801903247,0.0099999997764825,4.605465123734865,0,0.0025506801903247,0.0075999999999848,0.0411999999999176,3.335421934025362e-05,4.605156898498535,0.0008235650602728,5.438923835754395e-07,0.0001123575493693,0.0099999997764825,4.605157163748478,0,0.0001123575493693,0.0102666666666643,0.0509777777777664,3.39746693498455e-05
repvgg_a1,5,2.0,0.1,1.1525840068061008,0.1196290031075477,0.2405444979667663,0.7251999999985496,0.9247999999981504,1.1571112871170044,0.7810776829719543,4.694221019744873,0.1000000014901161,0.0199145451188087,1,0.00025,43272780_17,True,True,cifar100_repvgg_a1,1.1571122407913208,1.157095432281494,1.857335329055786,0.1196288391947746,2.0,1.1536453449918342,0,0.2415574193000793,0.7251999999985496,0.9247999999981504,4.6942338943481445,0.0086695328354835,0.0086383512243628,0.0012400895357131,0.0077977324835956,2.0,0.0086696751606592,0,0.2689629793167114,0.9996666666664444,0.9999999999997778,0.0008608682546764
repvgg_a1,4,0.001,0.1,4.605204222283884,0.0024059358984231,0.0024059358984231,0.0075999999999848,0.0383999999999232,4.605203628540039,0.0001210709669976,7.312154792771254e-08,0.1000000014901161,5.960464477539062e-07,1,0.5,43272780_6,True,True,cifar100_repvgg_a1,4.605203628540039,1.196504308609292e-05,8.642673492431641e-07,0.0024059358984231,0.0010000000474974,4.605204103074595,0,0.0024059358984231,0.0075999999999848,0.0383999999999232,7.312154792771254e-08,4.605166435241699,1.2415692253853194e-05,8.270144462585449e-07,0.0002585295587778,0.0010000000474974,4.6051666625614125,0,0.0002585295587778,0.0102666666666643,0.0512888888888775,7.415683000999709e-08
repvgg_a1,4,0.01,0.1,4.605463454804812,0.0024452386423945,0.0024452386423945,0.0075999999999848,0.0383999999999232,4.605457782745361,0.0010201117256656,5.190997399040498e-06,0.1000000014901161,2.384185791015625e-07,1,0.05,43272780_7,True,True,cifar100_repvgg_a1,4.605457782745361,0.0003228681453038,6.891787052154541e-07,0.0024452386423945,0.0099999997764825,4.605459234795964,0,0.0024452386423945,0.0075999999999848,0.0383999999999232,5.190997399040498e-06,4.605141639709473,0.0003253906324971,3.874301910400392e-07,0.0002246359363198,0.0099999997764825,4.605141205959491,0,0.0002246359363198,0.0102666666666643,0.0512888888888775,5.282260644889902e-06
repvgg_a1,5,1.0,0.1,0.9802856321201782,0.0859488844871521,0.1808132529258728,0.7565999999984868,0.9325999999981348,0.9855374693870544,0.6870202422142029,3.843404293060303,0.1000000014901161,0.0162487924098968,1,0.0005,43272780_16,True,True,cifar100_repvgg_a1,0.9855368733406068,0.9848260879516602,0.6502860188484192,0.0859490111470222,1.0,0.9838167334644284,0,0.1808122396469116,0.7565999999984868,0.9325999999981348,3.84340763092041,0.0116624757647514,0.0113624781370162,0.0005865022540092,0.0104343863204121,1.0,0.0116656091856618,0,0.2286481261253357,0.999599999999778,0.9999999999997778,0.0014390649739652
repvgg_a1,5,0.001,0.1,4.605198547921705,0.0020100083202123,0.0020100083202123,0.007999999999984,0.042999999999914,4.605199337005615,0.0002183825999964,2.380409966917796e-07,0.1000000014901161,1.0728836059570312e-06,1,0.5,43272780_12,True,True,cifar100_repvgg_a1,4.605199337005615,2.177450369345024e-05,-9.35979187488556e-08,0.0020100083202123,0.0010000000474974,4.6051995015960205,0,0.0020100083202123,0.007999999999984,0.042999999999914,2.380409966917796e-07,4.605167388916016,2.222966941189952e-05,8.274801075458527e-07,0.0002124300226569,0.0010000000474974,4.60516680615442,0,0.0002124300226569,0.0102222222222199,0.0507777777777665,2.405561758678232e-07
repvgg_a1,4,0.1,0.1,0.9764281685238556,0.0248389318585395,0.1073980778455734,0.7393999999985212,0.931999999998136,0.9713035821914672,0.5582661032676697,2.2029953002929688,0.1000000014901161,0.0100169852375984,1,0.005,43272780_8,True,True,cifar100_repvgg_a1,0.9713044762611388,0.5582660436630249,0.0100170671939849,0.0248381737619638,0.1000000014901161,0.9691745604199156,0,0.1073970794677734,0.7393999999985212,0.931999999998136,2.2029964923858643,0.1990393251180648,0.1117127388715744,0.0005748625844717,0.1178090423345565,0.1000000014901161,0.199056918128852,0,0.4233612418174744,0.976688888888672,0.9992222222220002,0.1205406561493873
repvgg_a1,4,2.0,0.1,1.1507333988158075,0.1008946150541305,0.4099215865135193,0.72999999999854,0.920999999998158,1.1503121852874756,0.7702867388725281,4.601794242858887,0.1000000014901161,0.019481636583805,1,0.00025,43272780_11,True,True,cifar100_repvgg_a1,1.1503113508224487,1.1502784490585327,1.831200361251831,0.1008949279785156,2.0,1.1474407369121653,0,0.4099215865135193,0.72999999999854,0.920999999998158,4.601787090301514,0.0063578165136277,0.0063096252270042,0.000681216828525,0.0058093918487429,2.0,0.0063571645834956,0,0.1286582350730896,0.999799999999778,0.9999999999997778,0.000486771838041
repvgg_a1,3,0.1,0.1,4.606604859909832,0.0014816243201494,0.0014816243201494,0.008999999999982,0.0411999999999176,4.6065192222595215,0.008360150270164,0.0003416095860302,0.1000000014901161,2.443790435791016e-06,1,0.005,43272780_2,True,True,cifar100_repvgg_a1,4.6065192222595215,0.0083601418882608,2.443790435791016e-06,0.0014816243201494,0.1000000014901161,4.606524298271994,0,0.0014816243201494,0.008999999999982,0.0411999999999176,0.0003416095860302,4.605212211608887,0.0083985924720764,2.443790435791016e-06,0.0003645699471235,0.1000000014901161,4.605213473881975,0,0.0003645699471235,0.0101111111111088,0.0509777777777664,0.0003457879647612
repvgg_a1,5,0.01,0.1,4.605461928925907,0.0010822508484125,0.0010822508484125,0.008999999999982,0.040999999999918,4.605465412139893,0.0015873295487836,1.2655243153858464e-05,0.1000000014901161,8.940696716308596e-08,1,0.05,43272780_13,True,True,cifar100_repvgg_a1,4.605465412139893,0.0005029799067415,-1.825392246246338e-07,0.0010822508484125,0.0099999997764825,4.605470941148192,0,0.0010822508484125,0.008999999999982,0.040999999999918,1.265524133486906e-05,4.605144500732422,0.0005071830237284,4.172325134277344e-07,3.2240524888038635e-05,0.0099999997764825,4.605144394807986,0,3.2240524888038635e-05,0.0101111111111088,0.0509999999999886,1.286192400584696e-05
repvgg_a1,3,0.001,0.1,4.60518646009975,0.0006209248676896,0.0006209248676896,0.0093999999999812,0.0473999999999052,4.605189800262451,0.0003780717670451,7.020845487204497e-07,0.1000000014901161,1.1622905731201172e-06,1,0.5,43272780_0,True,True,cifar100_repvgg_a1,4.605190277099609,3.7369867641245946e-05,-1.0337680578231813e-07,0.0006209248676896,0.0010000000474974,4.605190060220293,0,0.0006209248676896,0.0093999999999812,0.0473999999999052,7.020846055638685e-07,4.605168342590332,3.768250098801218e-05,8.288770914077759e-07,4.989653825759888e-05,0.0010000000474974,4.605168182479854,0,4.989653825759888e-05,0.0100666666666644,0.0502888888888777,7.148727263484034e-07
repvgg_a1,3,0.5,0.1,1.061387809580352,0.0142257250845432,0.0900006219744682,0.6825999999986349,0.9243999999981511,1.0641167163848877,0.5497608780860901,2.174675464630127,0.1000000014901161,0.0098101794719696,1,0.001,43272780_3,True,True,cifar100_repvgg_a1,1.0641167163848877,0.9254935383796692,0.1754766702651977,0.0142258442938327,0.5,1.0626296157292137,0,0.0900006219744682,0.6825999999986349,0.9243999999981511,2.174679517745972,0.5965169668197632,0.4920877516269684,0.0581671595573425,0.1312749683856964,0.5,0.5964450608938706,0,0.2126732468605041,0.8359555555553698,0.9854444444442256,0.6024583578109741
repvgg_a1,5,0.5,0.1,0.94856064868229,0.0734510868787765,0.1865736842155456,0.7521999999984956,0.93999999999812,0.948011875152588,0.6349471211433411,3.1702768802642822,0.1000000014901161,0.0137226730585098,1,0.001,43272780_15,True,True,cifar100_repvgg_a1,0.9480128884315492,0.9285496473312378,0.218777447938919,0.0734493881464004,0.5,0.9463816459215388,0,0.1865744590759277,0.7521999999984956,0.93999999999812,3.170287132263184,0.0337548479437828,0.0310966372489929,0.0008509270846843,0.0281782113015651,0.5,0.0337686547355335,0,0.4851845204830169,0.998377777777556,0.9999999999997778,0.0075868223793804
repvgg_a1,4,1.0,0.1,0.9789282555453868,0.0730661302804946,0.1910247504711151,0.753999999998492,0.9327999999981345,0.9798902869224548,0.6592717170715332,3.374338150024414,0.1000000014901161,0.0145892649888992,1,0.0005,43272780_10,True,True,cifar100_repvgg_a1,0.9798904061317444,0.9788647294044496,0.6288915276527405,0.0730671435594558,1.0,0.9761770928985616,0,0.1910236775875091,0.753999999998492,0.9327999999981345,3.374340534210205,0.0083339344710111,0.0079548833891749,0.000262988731265,0.0077359313145279,1.0,0.008334428005357,0,0.2666753530502319,0.999799999999778,0.9999999999997778,0.0006133976858109
repvgg_a1,3,1.0,0.1,1.0177356595672735,0.0862118303775787,0.189686894416809,0.7389999999985221,0.9355999999981288,1.012712836265564,0.6774916648864746,3.7354369163513184,0.1000000014901161,0.0158125385642051,1,0.0005,43272780_4,True,True,cifar100_repvgg_a1,1.0127133131027222,1.0098224878311155,0.6433142423629761,0.0862125679850578,1.0,1.0101600910142756,0,0.189686119556427,0.7389999999985221,0.9355999999981288,3.735431432723999,0.0814724713563919,0.0798507705330848,0.0126248151063919,0.0544213056564331,1.0,0.0814541365947351,0,0.4935254454612732,0.9902666666664468,0.9999333333331112,0.0335764661431312
repvgg_a1,5,0.1,0.1,2.110337882178855,0.0798662155866622,0.1738945543766021,0.441999999999116,0.760999999998478,2.1194281578063965,0.6407979130744934,2.3272411823272705,0.1000000014901161,0.0111943483352661,1,0.005,43272780_14,True,True,cifar100_repvgg_a1,2.1194279193878174,0.6407964825630188,0.0111943185329437,0.0798663273453712,0.1000000014901161,2.118789707554954,0,0.1738946139812469,0.441999999999116,0.760999999998478,2.327241897583008,2.072176456451416,0.5772397518157959,0.0089878588914871,0.1457462608814239,0.1000000014901161,2.07215568343765,0,0.2202761173248291,0.4684222222221181,0.7841333333331592,1.8491108417510984
shufflenetv2_x1_0,3,0.01,0.1,4.605397961221166,0.0023139547556638,0.0023139547556638,0.0077999999999844,0.0437999999999124,4.605405330657959,0.0025287561584264,3.3236028684768826e-05,0.1000000014901161,6.854534149169922e-07,1,0.05,43272780_1,True,True,cifar100_shufflenetv2_x1_0,4.605405330657959,0.0008106888853944,1.121312379837036e-06,0.0023139547556638,0.0099999997764825,4.60541946657699,0,0.0023139547556638,0.0077999999999844,0.0437999999999124,3.323602504679002e-05,4.605162620544434,0.000814295024611,6.034970283508301e-07,0.0001349486410617,0.0099999997764825,4.605162557968829,0,0.0001349486410617,0.0102444444444421,0.0506888888888776,3.351068880874664e-05
shufflenetv2_x1_0,3,0.5,0.1,1.6381326071177928,0.0739005804061889,0.1202087998390197,0.5473999999989052,0.8397999999983204,1.6363776922225952,0.5947964787483215,2.2140557765960693,0.1000000014901161,0.010355606675148,1,0.001,43272780_3,True,True,cifar100_shufflenetv2_x1_0,1.6363776922225952,1.124113917350769,0.204150378704071,0.073900505900383,0.5,1.635048209803356,0,0.120208740234375,0.5473999999989052,0.8397999999983204,2.2140557765960693,1.50242018699646,0.9401165843009948,0.143314242362976,0.1635441929101944,0.5,1.5025246284725713,0,0.2245213389396667,0.5933999999998681,0.8887777777775804,1.4428837299346924
shufflenetv2_x1_0,5,1.0,0.1,1.1143249267728546,0.1010171324014663,0.1982346773147583,0.718999999998562,0.9231999999981536,1.1221336126327517,0.7332046627998352,4.145176410675049,0.1000000014901161,0.0177194848656654,1,0.0005,43272780_16,True,True,cifar100_shufflenetv2_x1_0,1.1221336126327517,1.1193037033081057,0.7276023626327515,0.1010185629129409,1.0,1.119889750516753,0,0.1982346177101135,0.718999999998562,0.9231999999981536,4.145176410675049,0.0569329895079135,0.0551668778061866,0.0057693161070346,0.0458084642887115,1.0,0.0569574041259709,0,0.332242488861084,0.9966666666664452,0.9999999999997778,0.0141198905184865
shufflenetv2_x1_0,5,0.5,0.1,1.1114882672236062,0.0479844026267528,0.0982634425163269,0.6865999999986269,0.9215999999981568,1.1106624603271484,0.6226465702056885,2.8102734088897705,0.1000000014901161,0.0125116184353828,1,0.001,43272780_15,True,True,cifar100_shufflenetv2_x1_0,1.1106623411178589,1.0141206979751587,0.2142829298973083,0.0479848533868789,0.5,1.1101587588004656,0,0.0982630848884582,0.6865999999986269,0.9215999999981568,2.8102734088897705,0.3683569133281708,0.3128289878368377,0.0280095189809799,0.1344243884086609,0.5,0.3684797960716822,0,0.4119344055652618,0.9147777777775744,0.9971999999997784,0.2763664722442627
shufflenetv2_x1_0,4,0.001,0.1,4.605202601037547,0.0024059321731328,0.0024059321731328,0.0075999999999848,0.0383999999999232,4.605203628540039,0.0001212751158163,7.299242099634284e-08,0.1000000014901161,-3.874301910400392e-07,1,0.5,43272780_6,True,True,cifar100_shufflenetv2_x1_0,4.605203628540039,1.1590730537136553e-05,8.642673492431641e-07,0.0024059321731328,0.0010000000474974,4.605203840814158,0,0.0024059321731328,0.0075999999999848,0.0383999999999232,7.299242099634284e-08,4.605166435241699,1.2144962965976449e-05,8.270144462585449e-07,0.0002585295587778,0.0010000000474974,4.605166361828887,0,0.0002585295587778,0.0102666666666643,0.0512888888888775,7.438806903792283e-08
shufflenetv2_x1_0,3,2.0,0.1,1.2926999443266418,0.1265700608491897,0.2278006672859192,0.6895999999986208,0.915999999998168,1.2894736528396606,0.8205018639564514,5.226569175720215,0.1000000014901161,0.0218278020620346,1,0.00025,43272780_5,True,True,cifar100_shufflenetv2_x1_0,1.2894736528396606,1.2892369031906128,2.021968126296997,0.1265711337327957,2.0,1.2866263740782138,0,0.2278007864952087,0.6895999999986208,0.915999999998168,5.226569652557373,0.102458082139492,0.1021009981632232,0.0530797690153121,0.0664056837558746,2.0,0.1025063486457556,0,0.3284978568553924,0.9869777777775584,0.9999555555553334,0.0435658060014247
shufflenetv2_x1_0,4,0.1,0.1,1.5350941948367771,0.0603013932704925,0.1083857417106628,0.5763999999988472,0.8605999999982789,1.5362353324890137,0.5993160009384155,2.19820237159729,0.1000000014901161,0.0103644877672195,1,0.005,43272780_8,True,True,cifar100_shufflenetv2_x1_0,1.5362354516983032,0.5993160009384155,0.0103644877672195,0.0603014379739761,0.1000000014901161,1.535453747935276,0,0.1083855032920837,0.5763999999988472,0.8605999999982789,2.198202610015869,1.3928337097167969,0.4976733028888702,0.0071928054094314,0.1544210463762283,0.1000000014901161,1.392975920224155,0,0.2222813367843628,0.6289111111109714,0.9030444444442438,1.5100443363189695
shufflenetv2_x1_0,5,0.01,0.1,4.605426285348349,0.0022946000099182,0.0022946000099182,0.0077999999999844,0.040999999999918,4.605426788330078,0.001466830028221,1.0208520507148933e-05,0.1000000014901161,0.0,1,0.05,43272780_13,True,True,cifar100_shufflenetv2_x1_0,4.60542631149292,0.0004559027729555,3.7997961044311523e-07,0.0022946000099182,0.0099999997764825,4.60543443926375,0,0.0022946000099182,0.0077999999999844,0.040999999999918,1.0208521416643634e-05,4.605147361755371,0.0004616092774085,4.470348358154297e-07,0.000145174562931,0.0099999997764825,4.605147410261152,0,0.000145174562931,0.0102444444444421,0.0509999999999886,1.0482782272447366e-05
shufflenetv2_x1_0,4,1.0,0.1,1.1169809812682916,0.0970080569386482,0.1991423964500427,0.728999999998542,0.9191999999981616,1.114982008934021,0.7344681024551392,4.10302734375,0.1000000014901161,0.0176413804292678,1,0.0005,43272780_10,True,True,cifar100_shufflenetv2_x1_0,1.114982008934021,1.113206386566162,0.7313703298568726,0.0970091223716735,1.0,1.1129761451878355,0,0.1991423964500427,0.728999999998542,0.9191999999981616,4.10302734375,0.0211654864251613,0.0204152502119541,0.0010791979730129,0.0193514339625835,1.0,0.0211741085924792,0,0.4718603193759918,0.999622222222,0.9999999999997778,0.0024842084385454
shufflenetv2_x1_0,5,0.001,0.1,4.605206415734811,0.0024136379361152,0.0024136379361152,0.0075999999999848,0.0455999999999088,4.605206489562988,0.000230118210311,2.682391198050027e-07,0.1000000014901161,8.940696716308594e-07,1,0.5,43272780_12,True,True,cifar100_shufflenetv2_x1_0,4.6052069664001465,2.2854412236483768e-05,8.675269782543182e-07,0.0024136379361152,0.0010000000474974,4.605205819688364,0,0.0024136379361152,0.0075999999999848,0.0455999999999088,2.6823914822671213e-07,4.605166435241699,2.2974892999627627e-05,8.270144462585449e-07,0.000255268998444,0.0010000000474974,4.60516625887541,0,0.000255268998444,0.0102666666666643,0.0504888888888776,2.668389527116233e-07
shufflenetv2_x1_0,3,0.001,0.1,4.605206010423227,2.785399556159973e-05,2.785399556159973e-05,0.00999999999998,0.0485999999999028,4.605210304260254,0.0004606012953445,1.0362978173361626e-06,0.1000000014901161,1.2814998626708984e-06,1,0.5,43272780_0,True,True,cifar100_shufflenetv2_x1_0,4.605209827423096,4.614317367668264e-05,8.712522685527802e-07,2.785399556159973e-05,0.0010000000474974,4.605208275399727,0,2.785399556159973e-05,0.00999999999998,0.0485999999999028,1.0362982720835134e-06,4.605166435241699,4.552913742372766e-05,-1.2665987014770508e-07,3.205612301826477e-05,0.0010000000474974,4.605166161340536,0,3.205612301826477e-05,0.0099999999999977,0.0501555555555444,1.0284825293638278e-06
shufflenetv2_x1_0,5,0.1,0.1,2.9349657520878147,0.0909315422177314,0.2477052807807922,0.2635999999994728,0.5997999999988004,2.934785842895508,0.5533932447433472,1.608758568763733,0.1000000014901161,0.0079389512538909,1,0.005,43272780_14,True,True,cifar100_shufflenetv2_x1_0,2.934785842895508,0.553393542766571,0.0079389810562133,0.0909315049648284,0.1000000014901161,2.929104934658341,0,0.2477052211761474,0.2635999999994728,0.5997999999988004,1.608758568763733,3.0383732318878174,0.5280384421348572,0.0071349143981933,0.1090049743652343,0.1000000014901161,3.0384353600748,0,0.231847882270813,0.2577111111110539,0.5686444444443182,1.4373836517333984
shufflenetv2_x1_0,4,0.01,0.1,4.60545644529859,0.0024452367797493,0.0024452367797493,0.0075999999999848,0.0383999999999232,4.605459213256836,0.0010258632246404,5.252093615126796e-06,0.1000000014901161,3.874301910400392e-07,1,0.05,43272780_7,True,True,cifar100_shufflenetv2_x1_0,4.605459213256836,0.0003244594263378,7.040798664093018e-07,0.0024452367797493,0.0099999997764825,4.605459306321538,0,0.0024452367797493,0.0075999999999848,0.0383999999999232,5.252093615126796e-06,4.605140686035156,0.0003263798134867,3.874301910400392e-07,0.0002246359363198,0.0099999997764825,4.605140970250214,0,0.0002246359363198,0.0102666666666643,0.0512888888888775,5.340375537343789e-06
shufflenetv2_x1_0,3,1.0,0.1,1.132129313975752,0.0462509989738464,0.0900234878063201,0.6757999999986484,0.9137999999981724,1.1279126405715942,0.6217710375785828,2.8501384258270264,0.1000000014901161,0.0125982612371444,1,0.0005,43272780_4,True,True,cifar100_shufflenetv2_x1_0,1.1279126405715942,1.1032512187957764,0.6076270341873169,0.0462511554360389,1.0,1.1297574484659971,0,0.0900235474109649,0.6757999999986484,0.9137999999981724,2.850138187408448,0.4206352233886719,0.3959388434886933,0.1136131286621093,0.134293794631958,1.0,0.4207459069888058,0,0.2415070533752441,0.8953111111109122,0.9947555555553346,0.3445613086223602
shufflenetv2_x1_0,4,2.0,0.1,1.2064036571907968,0.1130179837346077,0.2160892486572265,0.7181999999985637,0.9175999999981648,1.2044987678527832,0.7973595857620239,4.834421157836914,0.1000000014901161,0.0205315127968788,1,0.00025,43272780_11,True,True,cifar100_shufflenetv2_x1_0,1.2044987678527832,1.2044427394866943,1.9267654418945312,0.113017663359642,2.0,1.2037957751692432,0,0.2160892486572265,0.7181999999985637,0.9175999999981648,4.834421157836914,0.0108124315738677,0.0107369888573884,0.0012438893318176,0.0101187909021973,2.0,0.0108123260110145,0,0.2409477233886718,0.9997777777775556,0.9999999999997778,0.0007695770473219
shufflenetv2_x1_0,5,2.0,0.1,1.3669574790318686,0.1443720161914825,0.276635468006134,0.6929999999986141,0.9095999999981808,1.3668253421783447,0.904111921787262,6.397034168243408,0.1000000014901161,0.0262003242969512,1,0.00025,43272780_17,True,True,cifar100_shufflenetv2_x1_0,1.3668253421783447,1.3667839765548706,2.22581148147583,0.1443721801042556,2.0,1.3656384640064354,0,0.2766353487968445,0.6929999999986141,0.9095999999981808,6.397034168243408,0.0199805274605751,0.0199022311717271,0.0042078047990798,0.0177411176264286,2.0,0.0199875301426688,0,0.4339533448219299,0.9993555555553336,0.9999999999997778,0.0028610706795006
shufflenetv2_x1_0,3,0.1,0.1,4.606310532174079,0.0008015781641006,0.0008015781641006,0.0095999999999808,0.0473999999999052,4.606260776519775,0.0081959627568721,0.0003398626868147,0.1000000014901161,2.384185791015625e-06,1,0.005,43272780_2,True,True,cifar100_shufflenetv2_x1_0,4.606260776519775,0.0081962961703538,2.4139881134033203e-06,0.0008015781641006,0.1000000014901161,4.606331060013729,0,0.0008015781641006,0.0095999999999808,0.0473999999999052,0.0003398626868147,4.605238437652588,0.0081842495128512,2.1457672119140625e-06,0.0003603622317314,0.1000000014901161,4.605237575832879,0,0.0003603622317314,0.0100444444444422,0.0502888888888777,0.0003406593459658
shufflenetv2_x1_0,4,0.5,0.1,1.1020050013515776,0.0934562981128692,0.1709041595458984,0.7123999999985752,0.9243999999981511,1.1091806888580322,0.7024610638618469,3.75410532951355,0.1000000014901161,0.0162077099084854,1,0.001,43272780_9,True,True,cifar100_shufflenetv2_x1_0,1.1091806888580322,1.0712114572525024,0.2565957307815552,0.0934560894966125,0.5,1.1082755351485676,0,0.1709046363830566,0.7123999999985752,0.9243999999981511,3.75410532951355,0.0767443552613258,0.0688005834817886,0.0026170201599597,0.0578879378736019,0.5,0.0767685547004099,0,0.4293047785758972,0.9940666666664458,0.9999999999997778,0.0235964003950357
mobilenetv2_x1_4,3,0.1,0.1,4.606601975045026,0.0030773356556892,0.0030773356556892,0.0075999999999848,0.0427999999999144,4.606590270996094,0.0085364589467644,0.0003567379317246,0.1000000014901161,2.8908252716064453e-06,1,0.005,43272780_2,True,True,cifar100_mobilenetv2_x1_4,4.606590270996094,0.0085360025987029,2.8908252716064453e-06,0.0030773356556892,0.1000000014901161,4.606642863831322,0,0.0030773356556892,0.0075999999999848,0.0427999999999144,0.0003567379608284,4.605216026306152,0.0086833667010068,1.8477439880371096e-06,0.0004129605367779,0.1000000014901161,4.6052182639279735,0,0.0004129605367779,0.0102666666666643,0.0507999999999887,0.0003668876015581
mobilenetv2_x1_4,4,2.0,0.1,1.0409262800972507,0.1108225807547569,0.2368105053901672,0.756999999998486,0.9341999999981316,1.0404762029647827,0.7452897429466248,4.464883327484131,0.1000000014901161,0.0187805593013763,1,0.00025,43272780_11,True,True,cifar100_mobilenetv2_x1_4,1.0404762029647827,1.0404562950134275,1.6891562938690186,0.1108216196298599,2.0,1.0408005083363732,0,0.2368104457855225,0.756999999998486,0.9341999999981316,4.464883327484131,0.0073955683037638,0.0073642241768538,0.0009199436753988,0.0068478872999548,2.0,0.0073946785172267,0,0.2726545929908752,0.9998444444442224,0.9999999999997778,0.0005831008311361
mobilenetv2_x1_4,5,0.1,0.1,4.606401512703818,0.0027571413666009,0.0027571413666009,0.0075999999999848,0.0397999999999204,4.606406211853027,0.00550327450037,0.000148616702063,0.1000000014901161,1.6093254089355469e-06,1,0.005,43272780_14,True,True,cifar100_mobilenetv2_x1_4,4.606405735015869,0.0055028507485985,1.6093254089355469e-06,0.0027571413666009,0.1000000014901161,4.606432173333075,0,0.0027571413666009,0.0075999999999848,0.0397999999999204,0.000148616702063,4.605117321014404,0.0055660312063992,1.4901161193847656e-06,8.667446672916412e-05,0.1000000014901161,4.605119469229264,0,8.667446672916412e-05,0.0102666666666643,0.0511333333333219,0.0001525466504972
mobilenetv2_x1_4,4,1.0,0.1,1.014750325172404,0.0999253243207931,0.219949185848236,0.7517999999984964,0.9325999999981348,1.006743550300598,0.7052273154258728,4.053778648376465,0.1000000014901161,0.0170466527342796,1,0.0005,43272780_10,True,True,cifar100_mobilenetv2_x1_4,1.006743550300598,1.0058095455169678,0.6738454103469849,0.0999256372451782,1.0,1.0049473459464249,0,0.2199495434761047,0.7517999999984964,0.9325999999981348,4.053778648376465,0.0208169817924499,0.020285652950406,0.0013925433158874,0.0183589030057191,1.0,0.0208094445341719,0,0.4064091145992279,0.9993555555553336,0.9999999999997778,0.0033645802177488
mobilenetv2_x1_4,5,0.001,0.1,4.6051976657729625,0.0002123760059475,0.0002123760059475,0.0097999999999804,0.0421999999999156,4.605198383331299,0.000217769484152,2.258685327660715e-07,0.1000000014901161,2.9802322387695312e-08,1,0.5,43272780_12,True,True,cifar100_mobilenetv2_x1_4,4.605198383331299,2.164149918826297e-05,-9.452924132347108e-08,0.0002123760059475,0.0010000000474974,4.605198595605421,0,0.0002123760059475,0.0097999999999804,0.0421999999999156,2.258685327660715e-07,4.605167388916016,2.1435584130813368e-05,8.279457688331604e-07,1.2048520147800446e-05,0.0010000000474974,4.605167518700856,0,1.2048520147800446e-05,0.0100222222222199,0.0508666666666553,2.297051793220817e-07
mobilenetv2_x1_4,5,0.01,0.1,4.6054708457807605,0.0025089289993047,0.0025089289993047,0.0075999999999848,0.0403999999999192,4.605479717254639,0.0016219390090554,1.2493083886511158e-05,0.1000000014901161,5.960464477539062e-07,1,0.05,43272780_13,True,True,cifar100_mobilenetv2_x1_4,4.605480194091797,0.0005040037794969,9.08970832824707e-07,0.0025089289993047,0.0099999997764825,4.605480525575067,0,0.0025089289993047,0.0075999999999848,0.0403999999999192,1.2493083886511158e-05,4.605142593383789,0.0005109884659759,4.023313522338867e-07,0.0001632031053304,0.0099999997764825,4.605143465517388,0,0.0001632031053304,0.0102666666666643,0.0510666666666553,1.2851569408667274e-05
mobilenetv2_x1_4,4,0.01,0.1,4.605451366982858,0.0024443408474326,0.0024443408474326,0.0075999999999848,0.0383999999999232,4.605456352233887,0.0010159610537812,5.147632691659965e-06,0.1000000014901161,5.960464477539065e-08,1,0.05,43272780_7,True,True,cifar100_mobilenetv2_x1_4,4.605456352233887,0.0003209738060832,6.780028343200684e-07,0.0024443408474326,0.0099999997764825,4.605455133996405,0,0.0024443408474326,0.0075999999999848,0.0383999999999232,5.147633601154666e-06,4.605141639709473,0.0003238660574425,3.874301910400392e-07,0.0002247355878353,0.0099999997764825,4.60514186973849,0,0.0002247355878353,0.0102666666666643,0.0512888888888775,5.236757715465501e-06
mobilenetv2_x1_4,4,0.1,0.1,1.9613349368302304,0.1109649166464805,0.1840636730194091,0.4667999999990664,0.7985999999984028,1.9571106433868408,0.5735958814620972,1.927375316619873,0.1000000014901161,0.0092152804136276,1,0.005,43272780_8,True,True,cifar100_mobilenetv2_x1_4,1.95711088180542,0.5735960006713867,0.0092152804136276,0.1109649091958999,0.1000000014901161,1.9581733574613125,0,0.1840638518333435,0.4667999999990664,0.7985999999984028,1.927375316619873,1.9991471767425537,0.5373482704162598,0.0079562962055206,0.1530201882123947,0.1000000014901161,1.9990999284334503,0,0.2458695769309997,0.4711111111110064,0.8064666666664875,1.647452473640442
mobilenetv2_x1_4,3,1.0,0.1,1.2509888821545805,0.0250381622463464,0.0951592028141021,0.633999999998732,0.9023999999981952,1.2481433153152466,0.5683605074882507,2.2530343532562256,0.1000000014901161,0.0102198719978332,1,0.0005,43272780_4,True,True,cifar100_mobilenetv2_x1_4,1.2481433153152466,1.1447685956954956,0.5557905435562134,0.0250380523502826,1.0,1.2439086371401151,0,0.0951592326164245,0.633999999998732,0.9023999999981952,2.2530341148376465,0.8707294464111328,0.7601120471954346,0.2726716995239258,0.1376750618219375,1.0,0.870614121872571,0,0.1972061395645141,0.7471333333331673,0.9663777777775632,0.8853662610054016
mobilenetv2_x1_4,5,1.0,0.1,1.068091216149342,0.0982723236083984,0.1808263063430786,0.7287999999985424,0.9327999999981345,1.0671805143356323,0.7044547200202942,3.9233767986297607,0.1000000014901161,0.016695961356163,1,0.0005,43272780_16,True,True,cifar100_mobilenetv2_x1_4,1.0671803951263428,1.063638687133789,0.683647871017456,0.0982720628380775,1.0,1.0665203804405556,0,0.1808261275291443,0.7287999999985424,0.9327999999981345,3.923377275466919,0.1037206873297691,0.101234383881092,0.017825148999691,0.0620699785649776,1.0,0.1037195638101882,0,0.2967315018177032,0.9838888888886704,0.9999555555553334,0.0482858940958976
mobilenetv2_x1_4,5,2.0,0.1,1.0914664084222383,0.1220223829150199,0.2883964776992798,0.7463999999985073,0.9371999999981256,1.0978232622146606,0.7859232425689697,5.135428428649902,0.1000000014901161,0.0210848897695541,1,0.00025,43272780_17,True,True,cifar100_mobilenetv2_x1_4,1.0978232622146606,1.0978041887283323,1.784435510635376,0.122021347284317,2.0,1.0979680562489973,0,0.2883965969085693,0.7463999999985073,0.9371999999981256,5.135428428649902,0.0212086625397205,0.0211775470525026,0.0067909136414527,0.0172273442149162,2.0,0.0212161992664501,0,0.271223247051239,0.9986222222220004,0.9999999999997778,0.0053528100252151
mobilenetv2_x1_4,3,0.01,0.1,4.605490896783253,0.0026005012914538,0.0026005012914538,0.0075999999999848,0.0455999999999088,4.605482578277588,0.0027966727502644,3.73236762243323e-05,0.1000000014901161,7.748603820800781e-07,1,0.05,43272780_1,True,True,cifar100_mobilenetv2_x1_4,4.60548210144043,0.0008699870086275,-1.4901161193847656e-08,0.0026005012914538,0.0099999997764825,4.605480692468072,0,0.0026005012914538,0.0075999999999848,0.0455999999999088,3.732367986231111e-05,4.605156898498535,0.0008801310323178,5.438923835754395e-07,6.741564720869064e-05,0.0099999997764825,4.605157635167032,0,6.741564720869064e-05,0.0102666666666643,0.0504888888888776,3.814281080849469e-05
mobilenetv2_x1_4,4,0.5,0.1,1.002059867477066,0.0609549060463905,0.1501941680908203,0.7353999999985292,0.9305999999981388,0.9990020990371704,0.6324754357337952,3.0706939697265625,0.1000000014901161,0.0134210288524627,1,0.001,43272780_9,True,True,cifar100_mobilenetv2_x1_4,0.9990020990371704,0.9558521509170532,0.2178810238838196,0.0609545074403286,0.5,0.9987139667047368,0,0.1501943469047546,0.7353999999985292,0.9305999999981388,3.0706942081451416,0.1594165563583374,0.1428863406181335,0.0089275240898132,0.0863829180598259,0.5,0.1593957298598702,0,0.2980173528194427,0.9725333333331172,0.9998666666664444,0.084698736667633
mobilenetv2_x1_4,3,0.5,0.1,2.076433085357047,0.1241956800222396,0.2192878723144531,0.4413999999991172,0.7829999999984341,2.074258089065552,0.5566920042037964,1.84473979473114,0.1000000014901161,0.0087811797857284,1,0.001,43272780_3,True,True,cifar100_mobilenetv2_x1_4,2.074258089065552,1.1030352115631104,0.1838890314102172,0.124195709824562,0.5,2.072418551600891,0,0.2192882299423217,0.4413999999991172,0.7829999999984341,1.84473979473114,2.106949806213379,1.0318959951400757,0.1589179039001464,0.1580965518951416,0.5,2.1070068755090583,0,0.2816763520240783,0.4399555555554578,0.7873777777776029,1.5308849811553955
mobilenetv2_x1_4,4,0.001,0.1,4.605204007707163,0.0024059358984231,0.0024059358984231,0.0075999999999848,0.0383999999999232,4.605203628540039,0.0001211668059113,7.271508195572096e-08,0.1000000014901161,5.960464477539062e-07,1,0.5,43272780_6,True,True,cifar100_mobilenetv2_x1_4,4.605203628540039,1.1873891708091833e-05,8.642673492431641e-07,0.0024059358984231,0.0010000000474974,4.605203673921153,0,0.0024059358984231,0.0075999999999848,0.0383999999999232,7.271508195572096e-08,4.605166435241699,1.2404744666127954e-05,8.270144462585449e-07,0.0002585295587778,0.0010000000474974,4.605166502712593,0,0.0002585295587778,0.0102666666666643,0.0512888888888775,7.435309612446872e-08
mobilenetv2_x1_4,3,0.001,0.1,4.605199143968152,0.0024247206747531,0.0024247206747531,0.0075999999999848,0.0417999999999164,4.605196952819824,0.0004096901975572,8.178995472007955e-07,0.1000000014901161,-1.1920928955078125e-07,1,0.5,43272780_0,True,True,cifar100_mobilenetv2_x1_4,4.605196952819824,4.049296330776997e-05,8.57282429933548e-07,0.0024247206747531,0.0010000000474974,4.605194995484878,0,0.0024247206747531,0.0075999999999848,0.0417999999999164,8.178995472007955e-07,4.605167388916016,4.125445047975518e-05,-1.2526288628578186e-07,0.0002482756972312,0.0010000000474974,4.605167708351998,0,0.0002482756972312,0.0102666666666643,0.0509111111110998,8.397933584092243e-07
mobilenetv2_x1_4,3,2.0,0.1,1.300289242809557,0.0356784909963607,0.0857544541358947,0.6341999999987317,0.9037999999981924,1.3010390996932983,0.6194730997085571,2.88049054145813,0.1000000014901161,0.0126465260982513,1,0.00025,43272780_5,True,True,cifar100_mobilenetv2_x1_4,1.3010390996932983,1.2499216794967651,1.564896821975708,0.0356782525777816,2.0,1.3035330169835788,0,0.0857543349266052,0.6341999999987317,0.9037999999981924,2.88049054145813,0.7704824805259705,0.7142928242683411,0.6387919187545776,0.1401033997535705,2.0,0.7704077328710214,0,0.1904175877571106,0.7724888888887173,0.976911111110894,0.738654613494873
mobilenetv2_x1_4,5,0.5,0.1,1.107722511333689,0.0250034164637327,0.1034381464123725,0.6751999999986497,0.91999999999816,1.108196496963501,0.5557968020439148,2.1927313804626465,0.1000000014901161,0.0099294930696487,1,0.001,43272780_15,True,True,cifar100_mobilenetv2_x1_4,1.108196496963501,0.9410722255706788,0.1787692308425903,0.0250036939978599,0.5,1.1078553849879882,0,0.1034381538629532,0.6751999999986497,0.91999999999816,2.1927313804626465,0.6828427314758301,0.5440492630004883,0.0664055347442627,0.1295077204704284,0.5,0.6828078711864094,0,0.2575494647026062,0.8043777777775991,0.9804222222220044,0.688847541809082
mobilenetv2_x0_75,5,0.001,0.1,4.605199906907605,0.0014135222882032,0.0014135222882032,0.0085999999999828,0.0445999999999108,4.605199813842773,0.000218250133912,2.300758836781825e-07,0.1000000014901161,1.1622905731201172e-06,1,0.5,43272780_12,True,True,cifar100_mobilenetv2_x0_75,4.605199813842773,2.158876850444358e-05,8.605420589447021e-07,0.0014135222882032,0.0010000000474974,4.60520007380061,0,0.0014135222882032,0.0085999999999828,0.0445999999999108,2.300758836781825e-07,4.605167388916016,2.1927036868873984e-05,8.279457688331604e-07,0.0001452546566724,0.0010000000474974,4.605166957875334,0,0.0001452546566724,0.0101555555555533,0.0505999999999887,2.3305622676161882e-07
mobilenetv2_x0_75,3,0.001,0.1,4.605191443048051,0.0003682635724544,0.0003682635724544,0.0103999999999792,0.050999999999898,4.605188846588135,0.0004349533701315,8.88761690021056e-07,0.1000000014901161,1.0132789611816406e-06,1,0.5,43272780_0,True,True,cifar100_mobilenetv2_x0_75,4.605188846588135,4.250984420650639e-05,-1.043081283569336e-07,0.0003682635724544,0.0010000000474974,4.605187056146198,0,0.0003682635724544,0.0103999999999792,0.050999999999898,8.887615763342183e-07,4.605169296264648,4.229507976560853e-05,-1.2433156371116638e-07,7.813330739736557e-05,0.0010000000474974,4.605168789363511,0,7.813330739736557e-05,0.0099555555555533,0.0498888888888778,8.796516226539097e-07
mobilenetv2_x0_75,5,0.01,0.1,4.6054550863126895,0.0024901730939745,0.0024901730939745,0.0075999999999848,0.042999999999914,4.605475902557373,0.0016496735624969,1.323524338658899e-05,0.1000000014901161,8.940696716308596e-08,1,0.05,43272780_13,True,True,cifar100_mobilenetv2_x0_75,4.605475902557373,0.0005168952047824,-8.195638656616212e-08,0.0024901730939745,0.0099999997764825,4.605477140031246,0,0.0024901730939745,0.0075999999999848,0.042999999999914,1.323524338658899e-05,4.6051435470581055,0.0005237088771536,4.135072231292725e-07,0.0001723058521747,0.0099999997764825,4.605143373401119,0,0.0001723058521747,0.0102666666666643,0.0507777777777665,1.3601624232251195e-05
mobilenetv2_x0_75,4,2.0,0.1,1.1957223677617046,0.1298300325870514,0.2869570851325989,0.732999999998534,0.9281999999981436,1.197972059249878,0.8427430391311646,5.717369556427002,0.1000000014901161,0.0235018581151962,1,0.00025,43272780_11,True,True,cifar100_mobilenetv2_x0_75,1.1979665756225586,1.1979551315307615,1.966348648071289,0.1298315376043319,2.0,1.2018781447361655,0,0.2869544625282287,0.732999999998534,0.9281999999981436,5.717358589172363,0.0153389936313033,0.0153144253417849,0.0040132533758878,0.0131907388567924,2.0,0.0153573775253084,0,0.7432129383087158,0.999399999999778,0.9999999999997778,0.0030120545998215
mobilenetv2_x0_75,3,0.01,0.1,4.605428931794576,0.0023735724389553,0.0023735724389553,0.0077999999999844,0.0431999999999136,4.605429649353027,0.0027265315875411,3.597137765609659e-05,0.1000000014901161,1.2218952178955078e-06,1,0.05,43272780_1,True,True,cifar100_mobilenetv2_x0_75,4.605429649353027,0.0008532689535059,-5.438923835754395e-07,0.0023735724389553,0.0099999997764825,4.605412504754484,0,0.0023735724389553,0.0077999999999844,0.0431999999999136,3.597137765609659e-05,4.605161666870117,0.0008691236726008,5.960464477539062e-07,7.518380880355835e-05,0.0099999997764825,4.605162048620047,0,7.518380880355835e-05,0.0102444444444421,0.0507555555555442,3.729640957317315e-05
mobilenetv2_x0_75,4,0.01,0.1,4.605453369698921,0.0024443985894322,0.0024443985894322,0.0075999999999848,0.0383999999999232,4.605456352233887,0.0010154157644137,5.147515821590787e-06,0.1000000014901161,9.5367431640625e-07,1,0.05,43272780_7,True,True,cifar100_mobilenetv2_x0_75,4.6054558753967285,0.0003214108292013,-2.831220626831055e-07,0.0024443985894322,0.0099999997764825,4.605459020219243,0,0.0024443985894322,0.0075999999999848,0.0383999999999232,5.147515821590787e-06,4.605140686035156,0.0003233008901588,3.874301910400392e-07,0.0002247299998998,0.0099999997764825,4.605140783308373,0,0.0002247299998998,0.0102666666666643,0.0512888888888775,5.233825504546985e-06
mobilenetv2_x0_75,5,0.1,0.1,4.60642769106379,0.0025005722418427,0.0025005722418427,0.0077999999999844,0.03999999999992,4.606415271759033,0.0054236338473856,0.0001449220435461,0.1000000014901161,5.960464477539062e-07,1,0.005,43272780_14,True,True,cifar100_mobilenetv2_x0_75,4.606415271759033,0.0054241335019469,6.258487701416016e-07,0.0025005722418427,0.1000000014901161,4.606417176804457,0,0.0025005722418427,0.0077999999999844,0.03999999999992,0.0001449220435461,4.605113983154297,0.0054675475694239,1.1920928955078125e-06,6.216857582330704e-05,0.1000000014901161,4.605112286869568,0,6.216857582330704e-05,0.0102444444444421,0.0511111111110997,0.0001479074126109
mobilenetv2_x0_75,3,0.1,0.1,4.606414673409378,0.0026549734175205,0.0026549734175205,0.0077999999999844,0.0435999999999128,4.606429576873779,0.0080501344054937,0.0003167790418956,0.1000000014901161,2.056360244750977e-06,1,0.005,43272780_2,True,True,cifar100_mobilenetv2_x0_75,4.606429576873779,0.0080500366166234,2.056360244750977e-06,0.0026549734175205,0.1000000014901161,4.606421825966748,0,0.0026549734175205,0.0077999999999844,0.0435999999999128,0.0003167790418956,4.605210304260254,0.0081168198958039,2.1457672119140625e-06,0.0002151764929294,0.1000000014901161,4.60520958061495,0,0.0002151764929294,0.0102444444444421,0.0507111111110998,0.0003238046192564
mobilenetv2_x0_75,5,0.5,0.1,1.1944476062047629,0.0330763943493366,0.0944768413901329,0.652999999998694,0.9093999999981812,1.1923364400863647,0.553659975528717,2.107951164245605,0.1000000014901161,0.0096412226557731,1,0.001,43272780_15,True,True,cifar100_mobilenetv2_x0_75,1.192334532737732,0.9661971926689148,0.1780917048454284,0.0328763425350189,0.5,1.1945720070588113,0,0.0944768413901329,0.6527999999986944,0.9093999999981812,2.107951402664185,0.8835856318473816,0.6688804626464844,0.0899051129817962,0.1331342756748199,0.5,0.8836449956527315,0,0.1858431100845337,0.7455999999998344,0.9634888888886748,0.9416217803955078
mobilenetv2_x0_75,4,1.0,0.1,1.0761626029594238,0.1023015603423118,0.2031897902488708,0.7371999999985256,0.9271999999981456,1.0748006105422974,0.7329897284507751,4.2637858390808105,0.1000000014901161,0.0180368423461914,1,0.0005,43272780_10,True,True,cifar100_mobilenetv2_x0_75,1.07479989528656,1.0732423067092896,0.714530348777771,0.1025014445185661,1.0,1.076687639413362,0,0.2031878232955933,0.7369999999985261,0.9271999999981456,4.263791084289551,0.0481177568435668,0.0471390411257743,0.0054703950881958,0.0372014231979846,1.0,0.0481159511333593,0,0.3374794125556946,0.9962888888886676,0.9999999999997778,0.0136886704713106
mobilenetv2_x0_75,5,2.0,0.1,1.2921285533404852,0.136616438627243,0.2811487317085266,0.7131999999985736,0.9203999999981592,1.2920342683792114,0.8771293759346008,6.193471431732178,0.1000000014901161,0.0251566022634506,1,0.00025,43272780_17,True,True,cifar100_mobilenetv2_x0_75,1.2920382022857666,1.291956663131714,2.101532459259033,0.1366161853075027,2.0,1.2939208977905394,0,0.2824937701225281,0.7131999999985736,0.9203999999981592,6.193492889404297,0.0710477232933044,0.0709214955568313,0.0391367673873901,0.0424340926110744,2.0,0.0710237099198401,0,0.3751311004161834,0.9884888888886691,0.9999555555553334,0.0344269499182701
mobilenetv2_x0_75,3,2.0,0.1,1.272229068835245,0.0443485006690025,0.0957038700580596,0.6387999999987224,0.9035999999981928,1.2726562023162842,0.6595357060432434,3.253253698348999,0.1000000014901161,0.0141770392656326,1,0.00025,43272780_5,True,True,cifar100_mobilenetv2_x0_75,1.2726556062698364,1.2572143077850342,1.6833322048187256,0.0443486720323562,2.0,1.275294380742434,0,0.0957024693489074,0.6387999999987224,0.9035999999981928,3.2532527446746826,0.6160743236541748,0.59811931848526,0.5505862236022949,0.1145409047603607,2.0,0.6161140916010985,0,0.1792824864387512,0.8169777777775963,0.9841333333331148,0.6393793821334839
mobilenetv2_x0_75,3,0.5,0.1,2.1074836124373166,0.1363170444965362,0.2450572848320007,0.4453999999991092,0.767999999998464,2.109829425811768,0.5610265135765076,1.8697280883789065,0.1000000014901161,0.0089031755924224,1,0.001,43272780_3,True,True,cifar100_mobilenetv2_x0_75,2.1098291873931885,1.111765742301941,0.1865111589431762,0.1363173127174377,0.5,2.111513697045287,0,0.2450575232505798,0.4453999999991092,0.767999999998464,1.8697353601455688,2.1191282272338867,1.0369408130645752,0.1603703498840332,0.1606518775224685,0.5,2.11907993177273,0,0.288575530052185,0.4399333333332356,0.783088888888715,1.544853687286377
mobilenetv2_x0_75,4,0.5,0.1,1.0353237623760148,0.0481683313846588,0.1012390851974487,0.7125999999985748,0.9257999999981484,1.0342494249343872,0.6147022843360901,2.85373592376709,0.1000000014901161,0.0125540792942047,1,0.001,43272780_9,True,True,cifar100_mobilenetv2_x0_75,1.0342501401901243,0.9639219641685486,0.2089442610740661,0.04816784709692,0.5,1.037997567134657,0,0.1012334823608398,0.7125999999985748,0.9257999999981484,2.8537416458129883,0.294404923915863,0.2580487132072449,0.0220050513744354,0.1104339957237243,0.5,0.2943788948724931,0,0.922512412071228,0.9301333333331266,0.9985333333331116,0.2172030359506607
mobilenetv2_x0_75,3,1.0,0.1,1.3716839366253304,0.0532613210380077,0.1001215577125549,0.6055999999987888,0.886999999998226,1.3741298913955688,0.5655037760734558,2.161350727081299,0.1000000014901161,0.0099010020494461,1,0.0005,43272780_4,True,True,cifar100_mobilenetv2_x0_75,1.3741307258605957,1.1980209350585938,0.5634908676147461,0.0532607361674308,1.0,1.3770417742996537,0,0.1001232862472534,0.6055999999987888,0.886999999998226,2.161363124847412,1.124794602394104,0.923387348651886,0.3471561670303345,0.1458868980407714,1.0,1.1248672329604892,0,0.2019250392913818,0.6742222222220724,0.9412222222220132,1.1263844966888428
mobilenetv2_x0_75,5,1.0,0.1,1.0616392905172305,0.0807744041085243,0.1490887999534607,0.7077999999985845,0.9325999999981348,1.0625406503677368,0.6556557416915894,3.378607749938965,0.1000000014901161,0.0145153701305389,1,0.0005,43272780_16,True,True,cifar100_mobilenetv2_x0_75,1.0625417232513428,1.0536446571350098,0.6316373348236084,0.0807759314775466,1.0,1.0652515137829794,0,0.149089515209198,0.7077999999985845,0.9325999999981348,3.378611326217652,0.2401355504989624,0.2326510399580001,0.0586904287338256,0.0946491658687591,1.0,0.2401613665777538,0,0.2287822663784027,0.9434666666664572,0.9989777777775558,0.1735402643680572
mobilenetv2_x0_75,4,0.1,0.1,2.1160189558416334,0.1149471551179885,0.2173835039138794,0.4327999999991344,0.7691999999984617,2.117386102676392,0.5751912593841553,1.9043397903442385,0.1000000014901161,0.0091476738452911,1,0.005,43272780_8,True,True,cifar100_mobilenetv2_x0_75,2.117384672164917,0.575191080570221,0.0091475248336792,0.1149460971355438,0.1000000014901161,2.119808458222017,0,0.2173842191696167,0.4327999999991344,0.7691999999984617,1.9043456315994265,2.166055202484131,0.5474165678024292,0.0081695020198822,0.146197885274887,0.1000000014901161,2.166112332735748,0,0.2447355985641479,0.4317333333332374,0.7717999999998285,1.6863640546798706
mobilenetv2_x0_75,4,0.001,0.1,4.605204746804758,0.0024058781564235,0.0024058781564235,0.0075999999999848,0.0385999999999228,4.605203628540039,0.0001206995730171,7.253152745079205e-08,0.1000000014901161,5.960464477539062e-07,1,0.5,43272780_6,True,True,cifar100_mobilenetv2_x0_75,4.605203628540039,1.1642735444183929e-05,8.642673492431641e-07,0.0024058781564235,0.0010000000474974,4.605203983865305,0,0.0024058781564235,0.0075999999999848,0.0385999999999228,7.253153455621941e-08,4.605166912078857,1.22183482744731e-05,8.274801075458527e-07,0.0002585360780358,0.0010000000474974,4.605166529805613,0,0.0002585360780358,0.0102666666666643,0.0512666666666552,7.364184284597286e-08
shufflenetv2_x0_5,3,0.5,0.1,2.269852792081779,0.113344132900238,0.2640880346298218,0.403999999999192,0.7381999999985236,2.267821311950684,0.5879132151603699,2.006014108657837,0.1000000014901161,0.00960473716259,1,0.001,43272780_3,True,True,cifar100_shufflenetv2_x0_5,2.267821311950684,1.179793357849121,0.2039074897766113,0.1133440881967544,0.5,2.264702235520024,0,0.2640880942344665,0.403999999999192,0.7381999999985236,2.006014108657837,2.2805893421173096,1.068514108657837,0.1662861108779907,0.1660041809082031,0.5,2.2806666221189795,0,0.3166343569755554,0.4161111111110186,0.7529111111109439,1.5683680772781372
shufflenetv2_x0_5,4,0.01,0.1,4.605458948693669,0.0024443864822387,0.0024443864822387,0.0075999999999848,0.0383999999999232,4.605458736419678,0.0010249542538076,5.243486612016568e-06,0.1000000014901161,3.5762786865234375e-07,1,0.05,43272780_7,True,True,cifar100_shufflenetv2_x0_5,4.60545825958252,0.0003245141997467,-2.5331974029541016e-07,0.0024443864822387,0.0099999997764825,4.605455181680122,0,0.0024443864822387,0.0075999999999848,0.0383999999999232,5.243486612016568e-06,4.605140686035156,0.0003263551916461,3.874301910400392e-07,0.0002247299998998,0.0099999997764825,4.605140823947904,0,0.0002247299998998,0.0102666666666643,0.0512888888888775,5.331374268280342e-06
shufflenetv2_x0_5,3,0.1,0.1,4.347659275742124,0.0036201365292072,0.2004283666610717,0.0275999999999448,0.1261999999997476,4.347209453582764,0.249478280544281,0.2740685939788818,0.1000000014901161,0.0013865232467651,1,0.005,43272780_2,True,True,cifar100_shufflenetv2_x0_5,4.347209453582764,0.249478280544281,0.0013865828514099,0.003620114410296,0.1000000014901161,4.348811862678499,0,0.2004283964633941,0.0275999999999448,0.1261999999997476,0.2740685939788818,4.36549186706543,0.2325862944126129,0.0012093186378479,0.003720246721059,0.1000000014901161,4.36553110022016,0,0.1420606076717376,0.0259999999999942,0.1253333333333054,0.2392103374004364
shufflenetv2_x0_5,5,0.5,0.1,1.2633075111748342,0.011673467233777,0.0838341787457466,0.6357999999987284,0.8975999999982048,1.2616488933563232,0.5934073328971863,2.3942689895629883,0.1000000014901161,0.0109181255102157,1,0.001,43272780_15,True,True,cifar100_shufflenetv2_x0_5,1.2616490125656128,1.0425074100494385,0.2001928687095642,0.0116736330091953,0.5,1.2610297077549526,0,0.0838341787457466,0.6357999999987284,0.8975999999982048,2.3942689895629883,0.861901581287384,0.6577432155609131,0.0865742266178131,0.1457341760396957,0.5,0.8620041967303169,0,0.2069423198699951,0.7593999999998313,0.96464444444423,0.8923423290252686
shufflenetv2_x0_5,4,0.5,0.1,1.216472040998667,0.053951509296894,0.1157173514366149,0.663999999998672,0.9055999999981889,1.214913845062256,0.6591578722000122,3.106334686279297,0.1000000014901161,0.0138024762272834,1,0.001,43272780_9,True,True,cifar100_shufflenetv2_x0_5,1.214913845062256,1.092527151107788,0.2352607250213623,0.0539514347910881,0.5,1.211661302437535,0,0.1157171726226806,0.663999999998672,0.9055999999981889,3.106334924697876,0.438293993473053,0.3670887351036072,0.0355761349201202,0.1374576091766357,0.5,0.438283489992154,0,0.9041395783424376,0.8901999999998023,0.995822222222001,0.3535666763782501
shufflenetv2_x0_5,3,1.0,0.1,1.581903546257617,0.0624648556113243,0.1064229011535644,0.5517999999988964,0.8537999999982924,1.5822337865829468,0.5884295701980591,2.2516777515411377,0.1000000014901161,0.0104019492864608,1,0.0005,43272780_4,True,True,cifar100_shufflenetv2_x0_5,1.5822337865829468,1.3207950592041016,0.6173166036605835,0.0624647662043571,1.0,1.5798377744404888,0,0.1064226627349853,0.5517999999988964,0.8537999999982924,2.2516777515411377,1.296553134918213,1.0088759660720823,0.3850321769714355,0.1810246407985687,1.0,1.296692290692997,0,0.2415855526924133,0.6491777777776335,0.9201111111109068,1.2209069728851318
shufflenetv2_x0_5,4,1.0,0.1,1.317103546199282,0.1125667914748191,0.1968801021575927,0.6691999999986616,0.8993999999982012,1.3156708478927612,0.7918775677680969,4.667393684387207,0.1000000014901161,0.0199690759181976,1,0.0005,43272780_10,True,True,cifar100_shufflenetv2_x0_5,1.3156708478927612,1.306875467300415,0.8320778608322144,0.1125677675008773,1.0,1.3115726166366175,0,0.1968798637390136,0.6691999999986616,0.8993999999982012,4.667393684387207,0.1563532650470733,0.1499548554420471,0.0256731808185577,0.0973306000232696,1.0,0.1563478370785608,0,0.4619171321392059,0.9792666666664492,0.9999999999997778,0.0668579712510109
shufflenetv2_x0_5,4,0.1,0.1,2.0072784831024246,0.0783943980932235,0.1285461783409118,0.4621999999990756,0.7843999999984312,2.007073163986206,0.6237984299659729,2.245079755783081,0.1000000014901161,0.0107496976852417,1,0.005,43272780_8,True,True,cifar100_shufflenetv2_x0_5,2.007073402404785,0.6237984299659729,0.0107497125864028,0.0783943533897399,0.1000000014901161,2.005135624598247,0,0.1285459399223327,0.4621999999990756,0.7843999999984312,2.245079517364502,2.026068210601806,0.5663617253303528,0.0087238848209381,0.1381565183401107,0.1000000014901161,2.0261085966974752,0,0.2078248262405395,0.4687333333332292,0.7956222222220455,1.799222469329834
shufflenetv2_x0_5,5,0.1,0.1,3.536598191877178,0.0427591353654861,0.235916256904602,0.1463999999997072,0.4185999999991628,3.5318260192871094,0.5030002593994141,1.2368769645690918,0.1000000014901161,0.0062225461006164,1,0.005,43272780_14,True,True,cifar100_shufflenetv2_x0_5,3.53182601928711,0.5030005574226379,0.0062225461006164,0.042759146541357,0.1000000014901161,3.534048197886601,0,0.235916256904602,0.1463999999997072,0.4185999999991628,1.2368769645690918,3.596097707748413,0.4717338979244232,0.0054370760917663,0.0625220388174057,0.1000000014901161,3.596087928318393,0,0.2999143004417419,0.1509111111110775,0.4050888888887989,1.079122543334961
shufflenetv2_x0_5,3,2.0,0.1,1.2918812268473454,0.0473551154136657,0.1099218130111694,0.637999999998724,0.897999999998204,1.2861015796661377,0.6597926616668701,3.1698343753814697,0.1000000014901161,0.0139546692371368,1,0.00025,43272780_5,True,True,cifar100_shufflenetv2_x0_5,1.2861015796661377,1.2769423723220823,1.7178425788879397,0.0473551712930202,2.0,1.2878030532119944,0,0.1099216938018798,0.637999999998724,0.897999999998204,3.16983413696289,0.5760529637336731,0.5631106495857239,0.5063034296035767,0.1367906332015991,2.0,0.5761299820458826,0,0.2151660323143005,0.8435111111109237,0.9857555555553366,0.5681641101837158
shufflenetv2_x0_5,3,0.01,0.1,4.605561611733779,0.0001511964946985,0.0001511964946985,0.00999999999998,0.047999999999904,4.605567932128906,0.0026798651088029,3.469703005976044e-05,0.1000000014901161,8.046627044677734e-07,1,0.05,43272780_1,True,True,cifar100_shufflenetv2_x0_5,4.605567932128906,0.0008375230245292,-1.1920928955078125e-07,0.0001511964946985,0.0099999997764825,4.6055749631742025,0,0.0001511964946985,0.00999999999998,0.047999999999904,3.469703005976044e-05,4.605145454406738,0.0008353182929567,4.284083843231201e-07,0.0001554368063807,0.0099999997764825,4.605144852680031,0,0.0001554368063807,0.0099999999999977,0.050222222222211,3.4537843021098524e-05
shufflenetv2_x0_5,4,0.001,0.1,4.605202100358532,0.0024056611582636,0.0024056611582636,0.0075999999999848,0.0383999999999232,4.605203151702881,0.0001174893041024,6.919078998635086e-08,0.1000000014901161,5.066394805908203e-07,1,0.5,43272780_6,True,True,cifar100_shufflenetv2_x0_5,4.605203151702881,1.1331883797538468e-05,8.633360266685486e-07,0.0024056611582636,0.0010000000474974,4.605202672563121,0,0.0024056611582636,0.0075999999999848,0.0383999999999232,6.919078288092352e-08,4.605166912078857,1.1891539543285036e-05,8.274801075458527e-07,0.0002585602924227,0.0010000000474974,4.605166667980017,0,0.0002585602924227,0.0102666666666643,0.0512888888888775,7.017111158802436e-08
shufflenetv2_x0_5,5,1.0,0.1,1.283194052531468,0.0809415131807327,0.1288837194442749,0.657999999998684,0.8973999999982052,1.2857577800750732,0.7219996452331543,3.757882833480835,0.1000000014901161,0.0164961516857147,1,0.0005,43272780_16,True,True,cifar100_shufflenetv2_x0_5,1.2857577800750732,1.2638014554977417,0.7495982646942139,0.0809414833784103,1.0,1.2823899381901342,0,0.1288834810256958,0.657999999998684,0.8973999999982052,3.757883071899414,0.3339213132858276,0.3153756260871887,0.0794275999069213,0.1341079473495483,1.0,0.3339595548957487,0,0.2622691988945007,0.9263111111109054,0.9980444444442228,0.2302566468715667
shufflenetv2_x0_5,4,2.0,0.1,1.467096035939044,0.1447716951370239,0.2667826414108276,0.6531999999986936,0.8947999999982105,1.4567874670028689,0.8905550837516785,5.986476421356201,0.1000000014901161,0.0249626487493515,1,0.00025,43272780_11,True,True,cifar100_shufflenetv2_x0_5,1.4567874670028689,1.456553936004639,2.296252012252808,0.1447719484567642,2.0,1.450088094939934,0,0.2667826414108276,0.6531999999986936,0.8947999999982105,5.986476421356201,0.0681120008230209,0.0677202865481376,0.0235578715801239,0.0549939647316932,2.0,0.0681159184063944,0,0.341673344373703,0.9962888888886676,0.9999999999997778,0.0165447331964969
shufflenetv2_x0_5,5,2.0,0.1,1.4651995055502065,0.1311970949172973,0.2097456455230713,0.6365999999987269,0.8923999999982152,1.4687230587005615,0.8518439531326294,5.302518844604492,0.1000000014901161,0.0226047337055206,1,0.00025,43272780_17,True,True,cifar100_shufflenetv2_x0_5,1.4687230587005615,1.4678137302398682,2.246623039245605,0.1311966627836227,2.0,1.4677907697968051,0,0.2097458839416504,0.6365999999987269,0.8923999999982152,5.302518844604492,0.2031361609697342,0.201552078127861,0.1258262693881988,0.1079420447349548,2.0,0.2031098693832497,0,0.2775915861129761,0.9649777777775634,0.9997111111108892,0.108975812792778
shufflenetv2_x0_5,5,0.01,0.1,4.605501339517012,7.820315659046173e-05,7.820315659046173e-05,0.00999999999998,0.0423999999999152,4.605502128601074,0.0015991067048162,1.3096296243020332e-05,0.1000000014901161,8.642673492431641e-07,1,0.05,43272780_13,True,True,cifar100_shufflenetv2_x0_5,4.605502128601074,0.0005097444518469,1.1362135410308838e-06,7.820315659046173e-05,0.0099999997764825,4.605501744828596,0,7.820315659046173e-05,0.00999999999998,0.0423999999999152,1.3096296243020332e-05,4.605140686035156,0.0005058246897533,3.7997961044311523e-07,7.292907685041428e-05,0.0099999997764825,4.605140238738665,0,7.292907685041428e-05,0.0099999999999977,0.0508444444444331,1.2885377145721575e-05
shufflenetv2_x0_5,5,0.001,0.1,4.6052028632979845,0.0018098270520567,0.0018098270520567,0.0081999999999836,0.0453999999999092,4.605203151702881,0.0002070022310363,2.170440751569913e-07,0.1000000014901161,5.066394805908203e-07,1,0.5,43272780_12,True,True,cifar100_shufflenetv2_x0_5,4.605203151702881,2.0986444724258035e-05,-9.033828973770144e-08,0.0018098270520567,0.0010000000474974,4.605202696404979,0,0.0018098270520567,0.0081999999999836,0.0453999999999092,2.1704408936784605e-07,4.605166435241699,2.049319664365612e-05,8.279457688331604e-07,0.0001902282238006,0.0010000000474974,4.605166917235804,0,0.0001902282238006,0.0101999999999977,0.0505111111110998,2.1605021061077426e-07
shufflenetv2_x0_5,3,0.001,0.1,4.605191919885209,0.0004183119162917,0.0004183119162917,0.0095999999999808,0.0481999999999036,4.605193138122559,0.000379602133762,7.578769327665213e-07,0.1000000014901161,4.76837158203125e-07,1,0.5,43272780_0,True,True,cifar100_shufflenetv2_x0_5,4.605193138122559,3.846260369755328e-05,-9.96515154838562e-08,0.0004183119162917,0.0010000000474974,4.6051932311873935,0,0.0004183119162917,0.0095999999999808,0.0481999999999036,7.578769327665213e-07,4.605167865753174,3.868927160510793e-05,8.288770914077759e-07,2.8081238269805908e-05,0.0010000000474974,4.605167911549651,0,2.8081238269805908e-05,0.0100444444444422,0.0501999999999888,7.612700301251607e-07
shufflenetv2_x1_0,0,0.0,0.1,1.1960259431580904,0.1110104471445083,0.2414214015007019,0.7187999999985624,0.91499999999817,1.189006209373474,0.7793903946876526,4.532901763916016,0.1000000014901161,0.019471488893032,1,0.0005,42516422,,True,cifar100_shufflenetv2_x1_0,1.1890060901641846,0.0102743711322546,0.0,0.1110103204846382,0.0,1.191699966192442,0,0.2414215207099914,0.7187999999985624,0.91499999999817,4.532901287078857,0.015293488278985,3.38829995598644e-05,0.0,0.013755646534264,0.0,0.0153075915604429,0,0.3812582790851593,0.9995777777775556,0.9999999999997778,0.0020681298337876
resnet20,0,0.0,0.1,1.2621636443979862,0.1038292050361633,0.1867449283599853,0.6845999999986309,0.9081999999981836,1.2664798498153689,0.777928352355957,4.536427974700928,0.1000000014901161,0.0194159001111984,1,0.0005,42516422,,True,cifar100_resnet20,1.2664798498153689,0.0103470748290419,0.0,0.1038292497396469,0.0,1.26364667948483,0,0.1867452263832092,0.6845999999986309,0.9081999999981836,4.536427974700928,0.2789024412631988,0.0007225559093058,0.0,0.0831454694271087,0.0,0.278861782074386,0,0.2119561433792114,0.9291777777775714,0.9954444444442232,0.2975413203239441
vgg11_bn,0,0.0,0.1,1.550352572619599,0.1564428210258484,0.3366765975952148,0.6939999999986121,0.8821999999982356,1.5455243587493896,1.0205565690994265,7.662793636322021,0.1000000014901161,0.0316791385412216,1,0.0005,42516422,,True,cifar100_vgg11_bn,1.545525074005127,0.0173283666372299,0.0,0.1564426720142364,0.0,1.5478666238198011,0,0.3366755247116089,0.6939999999986121,0.8821999999982356,7.662798881530762,0.0067518912255764,4.2263516661478207e-05,0.0,0.004243048839271,0.0,0.0067467538898004,0,0.7367914319038391,0.9991111111108892,0.9999999999997778,0.0039337566122412
shufflenetv2_x0_5,0,0.0,0.1,1.3278573387182429,0.1294853836297989,0.2376159429550171,0.665999999998668,0.9013999999981972,1.3334248065948486,0.8169838190078735,4.982120990753174,0.1000000014901161,0.0212046802043914,1,0.0005,42516422,,True,cifar100_shufflenetv2_x0_5,1.3334248065948486,0.0112795550376176,0.0,0.1294851899147033,0.0,1.3294653647451182,0,0.23761647939682,0.665999999998668,0.9013999999981972,4.982120990753174,0.1712670177221298,0.0004362985491752,0.0,0.0794814303517341,0.0,0.1712816117911391,0,0.92254376411438,0.9661333333331188,0.9992444444442224,0.1228280737996101
resnet44,0,0.0,0.1,1.370038180858331,0.1500504463911056,0.2768551707267761,0.702999999998594,0.9123999999981752,1.3739032745361328,0.9262320399284364,6.57825231552124,0.1000000014901161,0.0271589308977127,1,0.0005,42516422,,True,cifar100_resnet44,1.3739032745361328,0.0148501638323068,0.0,0.1500500440597534,0.0,1.366187720807766,0,0.2768554091453552,0.702999999998594,0.9123999999981752,6.578251361846924,0.0422817729413509,0.0001013575965771,0.0,0.0294981896877288,0.0,0.0422733556349364,0,0.8453114032745361,0.9955999999997788,0.9999999999997778,0.0178695321083068
mobilenetv2_x0_5,0,0.0,0.1,1.1732832783554663,0.1189459785819053,0.2637892067432403,0.7205999999985588,0.921999999998156,1.1755863428115845,0.7829672694206238,4.704885959625244,0.1000000014901161,0.0199767798185348,1,0.0005,42516422,,True,cifar100_mobilenetv2_x0_5,1.1755863428115845,0.0105631258338689,0.0,0.1189461648464202,0.0,1.1774619364811618,0,0.2637892067432403,0.7205999999985588,0.921999999998156,4.704886436462402,0.0790575519204139,0.000180175557034,0.0,0.0457525178790092,0.0,0.079101506912481,0,0.3114339709281921,0.9872666666664474,0.9999999999997778,0.042493138462305
repvgg_a1,0,0.0,0.1,0.9944416190181982,0.0741892457008361,0.2067967653274536,0.7623999999984752,0.9325999999981348,0.9882323741912842,0.6644691824913025,3.3486831188201904,0.1000000014901161,0.0145966410636901,1,0.0005,42516422,,True,cifar100_repvgg_a1,0.9882320761680604,0.0075373812578618,0.0,0.0741889178752899,0.0,0.9838885034171668,0,0.2067963480949402,0.7623999999984752,0.9325999999981348,3.3486745357513428,0.0061281658709049,2.350882277823985e-05,0.0,0.0054933526553213,0.0,0.0061278504009094,0,0.6175222992897034,0.9997555555553336,0.9999999999997778,0.0007080363575369
mobilenetv2_x1_4,0,0.0,0.1,0.9817220235922764,0.0906616002321243,0.2233814001083374,0.7671999999984657,0.935999999998128,0.981476902961731,0.6945613622665405,3.825517416000366,0.1000000014901161,0.0163396000862121,1,0.0005,42516422,,True,cifar100_mobilenetv2_x1_4,0.981476902961731,0.0085855070501565,0.0,0.0906628370285034,0.0,0.9781221504089186,0,0.2233815789222717,0.7671999999984657,0.935999999998128,3.825517892837525,0.0128264902159571,2.565085560490843e-05,0.0,0.0111790020018816,0.0,0.0128219478057862,0,0.6335578560829163,0.9995555555553336,0.9999999999997778,0.0023999842815101
repvgg_a0,0,0.0,0.1,1.0594117099710112,0.0892429128289222,0.1943191885948181,0.7451999999985096,0.9251999999981496,1.0657445192337036,0.7213940024375916,4.004124164581299,0.1000000014901161,0.0171636790037155,1,0.0005,42516422,,True,cifar100_repvgg_a0,1.0657445192337036,0.0091251200065016,0.0,0.0892428383231163,0.0,1.0692307317871237,0,0.1943188309669494,0.7451999999985096,0.9251999999981496,4.004124164581299,0.0075004836544394,1.5377276213257574e-05,0.0,0.0067488588392734,0.0,0.0075046515050948,0,0.757638692855835,0.9997777777775556,0.9999999999997778,0.0008504062425345
shufflenetv2_x2_0,0,0.0,0.1,1.0168069715184214,0.0693927779793739,0.192562460899353,0.748999999998502,0.9315999999981368,1.0144273042678833,0.672025203704834,3.3713674545288086,0.1000000014901161,0.0147747248411178,1,0.0005,42516422,,True,cifar100_shufflenetv2_x2_0,1.0144274234771729,0.0075808386318385,0.0,0.0693928822875022,0.0,1.0157593424009796,0,0.1925621628761291,0.748999999998502,0.9315999999981368,3.3713674545288086,0.0077587245032191,1.6017549569369294e-05,0.0,0.007171066943556,0.0,0.0077594909177578,0,0.3153878450393677,0.9997555555553336,0.9999999999997778,0.0006095473072491
vgg16_bn,0,0.0,0.1,1.657238846188669,0.1933080404996872,0.4469868540763855,0.7297999999985404,0.9035999999981928,1.6654460430145264,1.196647882461548,10.546013832092283,0.1000000014901161,0.0424591600894928,1,0.0005,42516422,,True,cifar100_vgg16_bn,1.6654448509216309,0.0235719140619039,0.0,0.193309485912323,0.0,1.6663681677592688,0,0.4469866156578064,0.7297999999985404,0.9035999999981928,10.545994758605955,0.0059443213976919,3.906271376763471e-05,0.0,0.0026907864958047,0.0,0.0059517288659175,0,0.3916211724281311,0.998888888888667,0.9999777777775556,0.0059449379332363
repvgg_a2,0,0.0,0.1,0.971148007622565,0.0590494722127914,0.1201740503311157,0.7663999999984672,0.9381999999981236,0.9646359086036682,0.6311001181602478,2.929177761077881,0.1000000014901161,0.0129932463169097,1,0.0005,42516422,,True,cifar100_repvgg_a2,0.9646359086036682,0.0067185908555984,0.0,0.0590485483407974,0.0,0.9681745405124642,0,0.1201740503311157,0.7663999999984672,0.9381999999981236,2.929177761077881,0.0058064726181328,1.816551230149344e-05,0.0,0.0053745405748486,0.0,0.0058089004328814,0,0.2526631355285644,0.9998888888886668,0.9999999999997778,0.0004498732741922
mobilenetv2_x0_75,0,0.0,0.1,1.091510310223326,0.1103371232748031,0.2326183915138244,0.7391999999985216,0.9265999999981468,1.0973020792007446,0.753549337387085,4.394923210144043,0.1000000014901161,0.0187248960137367,1,0.0005,42516422,,True,cifar100_mobilenetv2_x0_75,1.0973020792007446,0.0098909782245755,0.0,0.1103373244404792,0.0,1.1016779029821429,0,0.2326159477233886,0.7391999999985216,0.9265999999981468,4.394906044006348,0.0310103204101324,7.713811100984458e-06,0.0,0.0238943584263324,0.0,0.0310173256580281,0,0.3718127906322479,0.9976888888886672,0.9999999999997778,0.0099416263401508
vgg13_bn,0,0.0,0.1,1.3212511056015814,0.1303611993789672,0.3381193280220032,0.7367999999985264,0.9085999999981828,1.3171762228012085,0.9247987866401672,6.649535655975342,0.1000000014901161,0.0272178053855896,1,0.0005,42516422,,True,cifar100_vgg13_bn,1.317176342010498,0.0150668332353234,0.0,0.1303622871637344,0.0,1.3225983315053724,0,0.3381198644638061,0.7367999999985264,0.9085999999981828,6.649524211883545,0.0056714075617492,5.657248038914986e-05,0.0,0.0039504137821495,0.0,0.0056696488791289,0,0.7433544397354126,0.9994222222220002,0.9999999999997778,0.0028770377393811
mobilenetv2_x1_0,0,0.0,0.1,1.0666609728963494,0.1107065081596374,0.2600140571594238,0.7435999999985128,0.9323999999981352,1.062583327293396,0.7423059344291687,4.414255142211914,0.1000000014901161,0.0185784623026847,1,0.0005,42516422,,True,cifar100_mobilenetv2_x1_0,1.062583327293396,0.0099708903580904,0.0,0.1107062324881553,0.0,1.0659147346650637,0,0.2600135207176208,0.7435999999985128,0.9323999999981352,4.414255142211914,0.0201092064380645,5.7288300013169646e-05,0.0,0.0166243240237236,0.0,0.0201101457498209,0,0.757445752620697,0.9988666666664447,0.9999999999997778,0.0046337191015481
vgg19_bn,0,0.0,0.1,1.7983688643523563,0.2005540132522583,0.523531436920166,0.7395999999985208,0.9005999999981988,1.809447169303894,1.329350471496582,13.251382827758787,0.1000000014901161,0.0515587776899337,1,0.0005,42516422,,True,cifar100_vgg19_bn,1.8094491958618164,0.0296463668346405,0.0,0.2005538940429687,0.0,1.8122631600378536,0,0.5235334634780884,0.7395999999985208,0.9005999999981988,13.251408576965332,0.0074982084333896,0.0001166355868917,0.0,0.0031448635272681,0.0,0.0075003452150292,0,0.3460454046726227,0.9987555555553336,0.9999777777775556,0.0127962958067655
resnet32,0,0.0,0.1,1.3491216116358486,0.1448394805192947,0.2528187930583954,0.6911999999986176,0.9061999999981876,1.3502557277679443,0.8863723278045654,6.024314880371094,0.1000000014901161,0.0250497609376907,1,0.0005,42516422,,True,cifar100_resnet32,1.3502557277679443,0.013558286242187,0.0,0.1448390781879425,0.0,1.3568375878702414,0,0.252819150686264,0.6911999999986176,0.9061999999981876,6.024314880371094,0.1005153357982635,0.0001259439741261,0.0,0.051912598311901,0.0,0.1005409783626591,0,0.2523764371871948,0.9817777777775596,0.9996444444442224,0.0685135424137115
resnet56,0,0.0,0.1,1.3553129696029906,0.147874653339386,0.2864987850189209,0.7175999999985648,0.9127999999981744,1.3641594648361206,0.9312567114830016,6.616407871246338,0.1000000014901161,0.0273547172546386,1,0.0005,42516422,,True,cifar100_resnet56,1.3641595840454102,0.0148078398779034,0.0,0.1478743255138397,0.0,1.359608923709081,0,0.2864984273910522,0.7175999999985648,0.9127999999981744,6.616407871246338,0.0239130556583404,0.0001112509999074,0.0,0.0182885155081748,0.0,0.0239033992653254,0,0.3201289772987366,0.9981111111108892,0.9999333333331112,0.0083806682378053
shufflenetv2_x1_5,0,0.0,0.1,1.076983540711737,0.0801567137241363,0.2556865811347961,0.7455999999985088,0.9201999999981596,1.07649827003479,0.7160516381263733,3.7988710403442383,0.1000000014901161,0.0165729746222496,1,0.0005,42516422,,True,cifar100_shufflenetv2_x1_5,1.07649827003479,0.0087009472772479,0.0,0.0801574736833572,0.0,1.0731647664903188,0,0.2556865811347961,0.7455999999985088,0.9201999999981596,3.7988710403442383,0.0098926303908228,2.213758125435561e-05,0.0,0.0091746663674712,0.0,0.0098900376993369,0,0.7389547824859619,0.999822222222,0.9999999999997778,0.0009236660553142
