name,reg,lamb,test/lr,test/loss,test/ece,test/mce,test/top1_acc,test/top5_acc,test/L,test/alphaD,test/var,test/lambd,test/cummulant,celoss,wd,job_id,data_aug,sweep_model,eval/L,eval/alphaD,eval/cummulant,eval/ece,eval/lambd,eval/loss,eval/lr,eval/mce,eval/top1_acc,eval/top5_acc,eval/var,train/L,train/alphaD,train/cummulant,train/ece,train/lambd,train/loss,train/lr,train/mce,train/top1_acc,train/top5_acc,train/var
resnet32,3,0.5,0.1,0.0412338884341183,0.1489309668540954,0.3207689523696899,0.8971999999982057,0.9973999999980052,0.4305494129657745,0.196551039814949,0.3067960739135742,0.1000000014901161,0.0014594905078411,0,0.0005,42318077_3,True,cifar10_resnet32,0.4305494129657745,0.3157285451889038,0.0305327326059341,0.1489310264587402,0.5,0.0413307308944042,0,0.3207689523696899,0.8971999999982057,0.9973999999980052,0.3067960739135742,0.0238406136631965,0.0238434728235006,0.0007184483110904,0.2148740440607071,0.5,0.0238393652503888,0,0.3239108324050903,0.9302888888886822,0.9997555555553336,0.0061617903411388
resnet32,5,2.0,0.1,0.032166640165011,0.1673855036497116,0.2494850158691406,0.920999999998158,0.9975999999980047,0.4015682637691498,0.1705780178308487,0.2675040364265442,0.1000000014901161,0.0012631304562091,0,0.0005,42318077_17,True,cifar10_resnet32,0.4015682637691498,0.3296889066696167,0.2418109774589538,0.1673856675624847,2.0,0.0323376399303217,0,0.2494845986366272,0.920999999998158,0.9975999999980047,0.2675040364265442,0.0035767150111496,0.0035961375106126,0.0008048200979828,0.2899262011051178,2.0,0.0035739990183375,0,0.4659940898418426,0.989688888888669,0.9999999999997778,0.0004521775408647
resnet32,4,1.0,0.1,0.0320818106483446,0.3279769122600555,0.4369528889656067,0.9307999999981384,0.9977999999980044,0.6158037781715393,0.1591518074274063,0.2180079072713852,0.1000000014901161,0.0010392293334007,0,0.0005,42318077_10,True,cifar10_resnet32,0.6158037781715393,0.3285935223102569,0.072458803653717,0.3279771208763122,1.0,0.0316004167152891,0,0.4369529187679291,0.9307999999981384,0.9977999999980044,0.2180079072713852,0.0006480221636593,0.0006578561733476,2.9087532311677933e-05,0.4530581831932068,1.0,0.0006472204765793,0,0.6232845187187195,0.9986222222220004,0.9999999999997778,6.177871546242386e-05
resnet32,3,1.0,0.1,0.0387694705083834,0.1432463228702545,0.2394952774047851,0.90499999999819,0.9975999999980047,0.4053741097450256,0.1919867247343063,0.2973096370697021,0.1000000014901161,0.0014138780534267,0,0.0005,42318077_4,True,cifar10_resnet32,0.4053741097450256,0.3449597060680389,0.0978303551673889,0.143246129155159,1.0,0.038890695552454,0,0.2394952774047851,0.90499999999819,0.9975999999980047,0.2973096370697021,0.0194685794413089,0.0194766353815794,0.0019553042948246,0.2117410600185394,1.0,0.0194675393380932,0,0.4498057365417481,0.9423555555553462,0.9999555555553334,0.004388712812215
resnet32,3,0.1,0.1,0.0481951614600843,0.1119972765445709,0.1998902559280395,0.87999999999824,0.99499999999801,0.4285500943660736,0.2174757421016693,0.3670522272586822,0.1000000014901161,0.0017449669539928,0,0.0005,42318077_2,True,cifar10_resnet32,0.4285500943660736,0.2174763530492782,0.0017449669539928,0.111996941268444,0.1000000014901161,0.0481445448232373,0,0.1998894810676574,0.87999999999824,0.99499999999801,0.3670522570610046,0.032674640417099,0.028749655932188,5.262810736894607e-05,0.180508017539978,0.1000000014901161,0.0326653602620314,0,0.2970858812332153,0.9109777777775754,0.9989777777775558,0.0105690313503146
resnet32,5,1.0,0.1,0.0325047790841657,0.1678750216960907,0.2889630198478699,0.9257999999981484,0.9967999999980064,0.395946055650711,0.1718465983867645,0.2766827940940857,0.1000000014901161,0.0013036243617534,0,0.0005,42318077_16,True,cifar10_resnet32,0.395946055650711,0.2924147248268127,0.0846324265003204,0.167875051498413,1.0,0.0319528980952179,0,0.2889630198478699,0.9257999999981484,0.9967999999980064,0.2766827940940857,0.0043712565675377,0.0043805944733321,0.0002866694703698,0.2748281061649322,1.0,0.0043699345006558,0,0.8467774987220764,0.987733333333114,0.9999999999997778,0.0006153944414108
resnet32,4,0.01,0.1,0.0302235546370724,0.3810678422451019,0.4863440096378326,0.930999999998138,0.9977999999980044,0.7045022249221802,0.1500565558671951,0.1892970204353332,0.1000000014901161,0.0009063780307769,0,0.0005,42318077_7,True,cifar10_resnet32,0.7045022249221802,0.0569793693721294,9.766779839992523e-06,0.3810679912567138,0.0099999997764825,0.0306133178840992,0,0.486343652009964,0.930999999998138,0.9977999999980044,0.1892970204353332,0.000604523520451,0.0005957217072136,3.23189397022361e-07,0.5068883895874023,0.0099999997764825,0.0006038000738321,0,0.6764560341835022,0.9986222222220004,0.9999999999997778,7.050894782878458e-05
resnet32,4,2.0,0.1,0.030142848551103,0.3094287812709808,0.8100632429122925,0.9301999999981396,0.9981999999980036,0.5858142375946045,0.1597193926572799,0.219636783003807,0.1000000014901161,0.001046247780323,0,0.0005,42318077_11,True,cifar10_resnet32,0.5858142375946045,0.3928811252117157,0.2205572128295898,0.3094286024570465,2.0,0.0300310195273507,0,0.8100632429122925,0.9301999999981396,0.9981999999980036,0.219636783003807,0.0006489645456895,0.0006688038702122,0.000112511916086,0.4340715706348419,2.0,0.0006487646468519,0,0.6198136806488037,0.998777777777556,0.9999999999997778,6.196788308443502e-05
resnet32,5,0.5,0.1,0.0314198409515727,0.1677656173706054,0.2773467898368835,0.9213999999981572,0.997999999998004,0.4035718441009521,0.1730000972747802,0.2760578691959381,0.1000000014901161,0.0013013593852519,0,0.0005,42318077_15,True,cifar10_resnet32,0.4035718739032745,0.2647719383239746,0.0263346582651138,0.167766124010086,0.5,0.0319264877427924,0,0.2773467898368835,0.9213999999981572,0.997999999998004,0.2760578691959381,0.0053345449268817,0.0053388224914669,0.0001037959009408,0.2729654312133789,0.5,0.0053326930802735,0,0.8318947553634644,0.984155555555337,0.9999999999997778,0.0008644850458949
resnet32,3,0.01,0.1,0.0466149461222568,0.1350391954183578,0.2344048023223877,0.8843999999982313,0.9971999999980056,0.448234349489212,0.2143328636884689,0.351644217967987,0.1000000014901161,0.0016734935343265,0,0.0005,42318077_1,True,cifar10_resnet32,0.4482344090938568,0.0787738412618637,1.8194317817687988e-05,0.1350388526916504,0.0099999997764825,0.0466363060986272,0,0.234404981136322,0.8843999999982313,0.9971999999980056,0.351644217967987,0.0319441556930542,0.0123157333582639,9.14325937628746e-07,0.1939786672592163,0.0099999997764825,0.0319446975198965,0,0.3026888370513916,0.9136666666664636,0.9993111111108892,0.0099530331790447
resnet32,5,0.001,0.1,0.0327224871911408,0.1534371376037597,0.2445405125617981,0.9197999999981604,0.9973999999980052,0.3894880712032318,0.1752180606126785,0.2854081094264984,0.1000000014901161,0.0013425648212432,0,0.0005,42318077_12,True,cifar10_resnet32,0.3894880712032318,0.0232690665870904,3.889435902237892e-07,0.1534373462200164,0.0010000000474974,0.0330002486540778,0,0.2445405125617981,0.9197999999981604,0.9973999999980052,0.2854081094264984,0.00747452955693,0.0015846204478293,7.988091965671629e-07,0.2526295483112335,0.0010000000474974,0.0074689776820268,0,0.6100485920906067,0.9769777777775608,0.9999999999997778,0.0014300760813057
resnet32,3,0.001,0.1,0.0494932401677859,0.1116303130984306,0.3103985786437988,0.8715999999982568,0.9967999999980064,0.446799486875534,0.223089799284935,0.3803710639476776,0.1000000014901161,0.0018084719777107,0,0.0005,42318077_0,True,cifar10_resnet32,0.446799486875534,0.0270688012242317,4.799221642315388e-07,0.1116302460432052,0.0010000000474974,0.0496072344233908,0,0.3103985786437988,0.8715999999982568,0.9967999999980064,0.3803710341453552,0.0358325764536857,0.004749831277877,5.466281436383724e-07,0.1791580021381378,0.0010000000474974,0.0358364500339016,0,0.2792673707008362,0.9042666666664658,0.9985555555553336,0.0122669078409671
resnet32,4,0.001,0.1,0.0335722563620433,0.3684201836585998,0.4845708012580871,0.9331999999981336,0.996999999998006,0.684508204460144,0.1591664105653762,0.217117890715599,0.1000000014901161,0.0010355859994888,0,0.0005,42318077_6,True,cifar10_resnet32,0.684508204460144,0.0203477498143911,7.237540557980537e-07,0.3684201240539551,0.0010000000474974,0.0334683982488064,0,0.4845708012580872,0.9331999999981336,0.996999999998006,0.217117890715599,0.0005583248566836,0.0002792512532323,5.583248707807797e-07,0.4968995153903961,0.0010000000474974,0.0005576510845518,0,0.8013150095939636,0.9989111111108891,0.9999999999997778,5.6932633015094325e-05
resnet32,5,0.01,0.1,0.0327811214908964,0.1515879929065704,0.8254684805870056,0.9187999999981624,0.9971999999980056,0.3871995806694031,0.1757512092590332,0.2813621163368225,0.1000000014901161,0.0013282932341098,0,0.0005,42318077_13,True,cifar10_resnet32,0.3871996104717254,0.0689411014318466,1.4382880181074142e-05,0.1515884399414062,0.0099999997764825,0.0332916937602,0,0.8254684805870056,0.9187999999981624,0.9971999999980056,0.2813621163368225,0.0074081225320696,0.0042409570887684,6.483023753389716e-07,0.2493322193622589,0.0099999997764825,0.0074041995575508,0,0.4001820087432861,0.9773777777775606,0.9999999999997778,0.0013578073121607
resnet32,4,0.1,0.1,0.0331672249196036,0.3669212758541107,0.4644254446029663,0.9285999999981428,0.9977999999980044,0.6901045441627502,0.1582883149385452,0.2143287062644958,0.1000000014901161,0.0010220631957054,0,0.0005,42318077_8,True,cifar10_resnet32,0.6901045441627502,0.1582883894443512,0.0010220631957054,0.3669211268424988,0.1000000014901161,0.0334126260895856,0,0.4644255340099334,0.9285999999981428,0.9977999999980044,0.2143287062644958,0.0005596918636001,0.0005605476326309,6.560730980709195e-07,0.4968684315681457,0.1000000014901161,0.000560318013593,0,0.6773432493209839,0.9988444444442224,0.9999999999997778,5.4103620641399175e-05
resnet32,3,2.0,0.1,0.0356420807362206,0.1389598101377487,0.2400476932525634,0.9075999999981847,0.997999999998004,0.3906910121440887,0.1854094862937927,0.2811905145645141,0.1000000014901161,0.0013379305601119,0,0.0005,42318077_5,True,cifar10_resnet32,0.3906910419464111,0.3573929667472839,0.2770037651062011,0.1389590948820114,2.0,0.0360059920518374,0,0.2400476336479187,0.9075999999981847,0.997999999998004,0.2811904847621918,0.0143293878063559,0.0143477134406566,0.0043410342186689,0.2194729894399643,2.0,0.0143263856528272,0,0.3690328896045685,0.9561999999997876,0.9999999999997778,0.0025791469961404
resnet32,5,0.1,0.1,0.0350991880345682,0.1549580693244934,0.2806514501571655,0.915999999998168,0.9963999999980072,0.3978264927864074,0.1776658594608307,0.2924720048904419,0.1000000014901161,0.0013762824237346,0,0.0005,42318077_14,True,cifar10_resnet32,0.3978264927864074,0.177665889263153,0.0013762786984443,0.1549578756093979,0.1000000014901161,0.0349526683625159,0,0.2806518077850342,0.915999999998168,0.9963999999980072,0.2924720346927643,0.0071989330463111,0.0071990462020039,6.544985808432102e-06,0.2574205100536346,0.1000000014901161,0.0071957087066084,0,0.398317277431488,0.9776888888886716,0.9999999999997778,0.0013087852858006
resnet32,4,0.5,0.1,0.0328854252419851,0.3456668853759765,0.4598518013954162,0.9303999999981392,0.9957999999980084,0.6472943425178528,0.1567988246679306,0.2172356843948364,0.1000000014901161,0.001033529639244,0,0.0005,42318077_9,True,cifar10_resnet32,0.6472943425178528,0.2614290714263916,0.021531730890274,0.3456666469573974,0.5,0.032418022195432,0,0.4598515927791595,0.9303999999981392,0.9957999999980084,0.2172356694936752,0.0006321610999293,0.0006370145129039,8.997420081868768e-06,0.4800546765327453,0.5,0.0006314069599245,0,0.8014012575149536,0.9986444444442226,0.9999999999997778,6.964437488932163e-05
resnet32,0,0.0,0.1,0.0295964813643233,0.3869028091430664,0.4890193343162536,0.9377999999981244,0.9975999999980047,0.6990835070610046,0.1486877351999282,0.1893605440855026,0.1000000014901161,0.0009052455425262,0,0.0005,42318053,True,cifar10_resnet32,0.6990834474563599,0.0003648565034382,0.0,0.3869031369686126,0.0,0.0297905205600022,0,0.4890193939208984,0.9377999999981244,0.9975999999980047,0.189360573887825,0.0005879823584109,6.120352281868691e-06,0.0,0.5086835622787476,0.0,0.0005872515609551,0,0.6802637577056885,0.998488888888667,0.9999999999997778,7.080426439642906e-05
resnet56,3,0.01,0.1,0.0471232258479119,0.1327014714479446,0.2347320318222046,0.8847999999982304,0.9963999999980072,0.4455739557743072,0.214066207408905,0.3528387248516083,0.1000000014901161,0.0016801990568637,0,0.0005,42318077_1,True,cifar10_resnet56,0.445574015378952,0.0789477676153183,1.733936369419098e-05,0.1327014565467834,0.0099999997764825,0.0470236755672417,0,0.2347325682640075,0.8847999999982304,0.9963999999980072,0.3528387546539306,0.0299173071980476,0.0119083914905786,6.730260793119669e-07,0.1962137967348098,0.0099999997764825,0.0299148997804086,0,0.3063196539878845,0.9180444444442404,0.9991333333331114,0.0094588752835989
resnet56,3,1.0,0.1,0.0373884552902795,0.1082545891404151,0.1919125914573669,0.9017999999981964,0.9965999999980067,0.3648036122322082,0.1898004859685897,0.3015802204608917,0.1000000014901161,0.0014299675822257,0,0.0005,42318077_4,True,cifar10_resnet56,0.3648036122322082,0.3225801289081573,0.0967782139778137,0.1082541793584823,1.0,0.0368584734203403,0,0.1919124126434326,0.9017999999981964,0.9965999999980067,0.3015802204608917,0.0178004000335931,0.0178086813539266,0.0017958376556634,0.1785622388124466,1.0,0.0178002732854001,0,0.3875464797019958,0.9448666666664568,0.9999111111108888,0.004023659043014
resnet56,4,0.01,0.1,0.0289423578274079,0.4477333724498749,0.5477162599563599,0.935999999998128,0.9977999999980044,0.818381130695343,0.1336723566055297,0.1558901369571685,0.1000000014901161,0.0007462352514266,0,0.0005,42318077_7,True,cifar10_resnet56,0.818381130695343,0.0513249635696411,7.96094536781311e-06,0.4477335214614868,0.0099999997764825,0.0289352038264884,0,0.5477160811424255,0.935999999998128,0.9977999999980044,0.1558901369571685,0.0003434692043811,0.0003434947284404,5.736692401114851e-07,0.5612421631813049,0.0099999997764825,0.0003430422935352,0,0.7075775861740112,0.9989333333331114,0.9999999999997778,4.662799619836733e-05
resnet56,5,0.5,0.1,0.0282033084750719,0.1740809679031372,0.26671302318573,0.9301999999981396,0.9973999999980052,0.3885841965675354,0.159148022532463,0.2473201155662536,0.1000000014901161,0.001165397465229,0,0.0005,42318077_15,True,cifar10_resnet56,0.3885841965675354,0.2405191212892532,0.0234918892383575,0.1740810871124267,0.5,0.028177881692417,0,0.2667128443717956,0.9301999999981396,0.9973999999980052,0.2473201155662537,0.0032930457964539,0.0032975864596664,6.246985867619514e-05,0.274321049451828,0.5,0.0032937617852222,0,0.4397698044776917,0.9895555555553356,0.9999999999997778,0.0005135446554049
resnet56,5,0.01,0.1,0.0296649104767234,0.1265198588371276,0.1926978230476379,0.921999999998156,0.9977999999980044,0.3456962704658508,0.167729303240776,0.2714041769504547,0.1000000014901161,0.0012768507003784,0,0.0005,42318077_13,True,cifar10_resnet56,0.3456962704658508,0.067302793264389,1.3244571164250374e-05,0.12651988863945,0.0099999997764825,0.0296545175687217,0,0.1926976442337036,0.921999999998156,0.9977999999980044,0.2714041769504547,0.0058251107111573,0.0037535214796662,7.697963155806067e-08,0.2225416600704193,0.0099999997764825,0.0058284730790046,0,0.3822529315948486,0.981822222222004,0.9999777777775556,0.0011565369786694
resnet56,3,2.0,0.1,0.0354381456793977,0.1553167402744293,0.2545285820960998,0.9083999999981832,0.9967999999980064,0.4073476791381836,0.1795643717050552,0.2774948179721832,0.1000000014901161,0.0013127364218235,0,0.0005,42318077_5,True,cifar10_resnet56,0.4073476791381836,0.3606486618518829,0.2628560066223144,0.1553164422512054,2.0,0.035129627847243,0,0.2545286417007446,0.9083999999981832,0.9967999999980064,0.2774948179721832,0.011207259260118,0.0112259117886424,0.0032714139670133,0.236767515540123,2.0,0.011206474876855,0,0.369448721408844,0.964622222222008,0.9999999999997778,0.0019151011947542
resnet56,3,0.1,0.1,0.0451272362617519,0.1410366594791412,0.3072228729724884,0.8905999999982188,0.996999999998006,0.4401873350143432,0.2059718519449234,0.334018737077713,0.1000000014901161,0.0015888139605522,0,0.0005,42318077_2,True,cifar10_resnet56,0.440187394618988,0.2059718519449234,0.0015888139605522,0.1410367041826248,0.1000000014901161,0.0449138076751372,0,0.3072228729724884,0.8905999999982188,0.996999999998006,0.3340187072753906,0.0279560573399066,0.0251625981181859,4.1394494473934174e-05,0.2041326314210891,0.1000000014901161,0.0279507885184344,0,0.3026386499404907,0.921266666666462,0.9993111111108892,0.0083919893950223
resnet56,4,2.0,0.1,0.0300987943856425,0.3716635704040527,0.4703080952167511,0.932999999998134,0.9967999999980064,0.682924747467041,0.1461900174617767,0.1908134967088699,0.1000000014901161,0.0009096637368202,0,0.0005,42318077_11,True,cifar10_resnet56,0.6829246878623962,0.3783691823482513,0.1924108266830444,0.3716636598110199,2.0,0.0305697931755222,0,0.4703080356121063,0.932999999998134,0.9967999999980064,0.1908134818077087,0.0003032473032362,0.0003231733862776,6.576126907020807e-05,0.4951171278953552,2.0,0.0003028888788495,0,0.703971803188324,0.9991555555553336,0.9999999999997778,3.713310434250161e-05
resnet56,3,0.001,0.1,0.0449658285601615,0.1298932135105133,0.2085645198822021,0.8867999999982265,0.9975999999980047,0.4351741075515747,0.2105452716350555,0.3412872850894928,0.1000000014901161,0.0016244053840637,0,0.0005,42318077_0,True,cifar10_resnet56,0.4351741075515747,0.0256318766623735,2.9863440431654453e-07,0.1298932284116745,0.0010000000474974,0.0449853233768126,0,0.2085646390914917,0.8867999999982265,0.9975999999980047,0.3412872850894928,0.0321945175528526,0.0043887738138437,7.232665666379035e-07,0.1881976425647735,0.0010000000474974,0.0321963945681731,0,0.2948843836784363,0.9129555555553528,0.998999999999778,0.0105076227337121
resnet56,5,1.0,0.1,0.0271034177490034,0.1860683411359787,0.2582511305809021,0.9345999999981308,0.9981999999980036,0.3932062983512878,0.1520782560110092,0.2331496477127075,0.1000000014901161,0.0010983198881149,0,0.0005,42318077_16,True,cifar10_resnet56,0.3932063281536102,0.2638159096240997,0.0710971057415008,0.1860680133104324,1.0,0.0274384945959496,0,0.2582508325576782,0.9345999999981308,0.9981999999980036,0.2331496477127075,0.0026861869264394,0.0026957804802805,0.0001818381715565,0.2907903790473938,1.0,0.0026845804500767,0,0.4615174531936645,0.9917999999997796,0.9999999999997778,0.0003897787828464
resnet56,4,0.001,0.1,0.0286081699511419,0.4212100207805633,0.5064327716827393,0.9381999999981236,0.9971999999980056,0.7564923167228699,0.1327487379312515,0.1621511727571487,0.1000000014901161,0.000773400068283,0,0.0005,42318077_6,True,cifar10_resnet56,0.7564922571182251,0.0175210833549499,2.2863969206810005e-07,0.4212099909782409,0.0010000000474974,0.0280151076474781,0,0.5064322352409363,0.9381999999981236,0.9971999999980056,0.1621511727571487,0.000390332104871,0.0002821335219778,3.903321328380116e-07,0.5442495942115784,0.0010000000474974,0.0003898469507569,0,0.6976544857025146,0.998688888888667,0.9999999999997778,6.491524254670367e-05
resnet56,3,0.5,0.1,0.0409917452167651,0.1464400142431259,0.3187555968761444,0.8987999999982024,0.9963999999980072,0.4280350506305694,0.1974320262670517,0.3207373917102813,0.1000000014901161,0.0015189461410045,0,0.0005,42318077_3,True,cifar10_resnet56,0.4280350506305694,0.31278195977211,0.0313221365213394,0.1464399695396423,0.5,0.0408923716079872,0,0.3187555968761444,0.8987999999982024,0.9963999999980072,0.3207373917102813,0.0204891934990882,0.0204922370612621,0.0005838759243488,0.2184517830610275,0.5,0.020492745138895,0,0.3351286053657532,0.9399333333331246,0.9997777777775556,0.0049964473582804
resnet56,0,0.0,0.1,0.0287520524901932,0.4269142746925354,0.509527862071991,0.9381999999981236,0.9963999999980072,0.7686863541603088,0.1334120333194732,0.1621805876493454,0.1000000014901161,0.000774011015892,0,0.0005,42318053,True,cifar10_resnet56,0.7686864137649536,0.0003700054658111,0.0,0.4269140064716339,0.0,0.0291260797384782,0,0.5095281600952148,0.9381999999981236,0.9963999999980072,0.1621805876493454,0.000394935690565,6.971059519855771e-06,0.0,0.550591230392456,0.0,0.0003945606806004,0,0.6924747228622437,0.9987555555553336,0.9999999999997778,6.336299702525139e-05
resnet56,4,0.5,0.1,0.0294731691332317,0.4130167365074157,0.4923674166202545,0.9365999999981268,0.9975999999980047,0.7470511198043823,0.136878415942192,0.1725572049617767,0.1000000014901161,0.0008220598101615,0,0.0005,42318077_9,True,cifar10_resnet56,0.7470511794090271,0.232973113656044,0.0172443091869354,0.4130164384841919,0.5,0.0294719712195707,0,0.4923677146434784,0.9365999999981268,0.9975999999980047,0.1725571751594543,0.0003552122216206,0.0003601433127187,5.944733857177198e-06,0.5361672639846802,0.5,0.0003548910955336,0,0.7108025550842285,0.9990222222220004,0.9999999999997778,4.7530185838695616e-05
resnet56,4,0.1,0.1,0.0287765702088835,0.4210171103477478,0.5045211315155029,0.9363999999981272,0.9971999999980056,0.7656192183494568,0.1372565627098083,0.1677906960248947,0.1000000014901161,0.0008010864257812,0,0.0005,42318077_8,True,cifar10_resnet56,0.7656192779541016,0.1372565627098083,0.0008010864257812,0.4210168719291687,0.1000000014901161,0.0287418932975915,0,0.5045205354690552,0.9363999999981272,0.9971999999980056,0.1677906960248947,0.0003027388302143,0.0003036739944946,7.099806680344045e-07,0.5496109127998352,0.1000000014901161,0.0003023625568435,0,0.6996503472328186,0.9990666666664448,0.9999999999997778,4.650129267247394e-05
resnet56,4,1.0,0.1,0.0289737442363471,0.3931729197502136,0.4820150136947632,0.9381999999981236,0.9963999999980072,0.7040771245956421,0.1382164061069488,0.1747117340564727,0.1000000014901161,0.0008324012160301,0,0.0005,42318077_10,True,cifar10_resnet56,0.7040771245956421,0.298745334148407,0.0580285787582397,0.3931730687618256,1.0,0.0283685848906354,0,0.4820145964622497,0.9381999999981236,0.9963999999980072,0.1747117340564727,0.0002325292007299,0.0002424719277769,1.223043364007026e-05,0.5180144906044006,1.0,0.0002328510794821,0,0.6662356853485107,0.9993555555553336,0.9999999999997778,2.588758070487529e-05
resnet56,5,2.0,0.1,0.0278778360085871,0.2202537208795547,0.3291841149330139,0.9305999999981388,0.996999999998006,0.4481484889984131,0.1552824676036834,0.2293744534254074,0.1000000014901161,0.0010831579566001,0,0.0005,42318077_17,True,cifar10_resnet56,0.4481484293937683,0.3345119953155517,0.2105840444564819,0.2202536314725876,2.0,0.0275626050170533,0,0.3291842341423034,0.9305999999981388,0.996999999998006,0.2293744534254074,0.0016622232506051,0.0016819251468405,0.0003594730515033,0.3387405574321747,2.0,0.0016622940222621,0,0.5193321704864502,0.9952888888886676,0.9999999999997778,0.0002018929517362
resnet56,5,0.001,0.1,0.0304013887268289,0.1332380473613739,0.2367941737174987,0.9227999999981544,0.9975999999980047,0.356903076171875,0.1689918637275695,0.2775220274925232,0.1000000014901161,0.0013046264648437,0,0.0005,42318077_12,True,cifar10_resnet56,0.356903076171875,0.0229233670979738,2.2890162654221058e-07,0.1332382708787918,0.0010000000474974,0.0304360034723391,0,0.2367942035198211,0.9227999999981544,0.9975999999980047,0.2775220274925232,0.0063503044657409,0.0015001236461102,6.282593858486507e-07,0.2351521253585815,0.0010000000474974,0.0063525395820128,0,0.3775075674057007,0.9790666666664491,0.9999999999997778,0.0012941079912707
resnet56,5,0.1,0.1,0.030901315606581,0.1460894346237182,0.2089523077011108,0.9247999999981504,0.9973999999980052,0.3694815933704376,0.1673124134540558,0.2773948609828949,0.1000000014901161,0.0013026744127273,0,0.0005,42318077_14,True,cifar10_resnet56,0.3694815933704376,0.1673123836517334,0.0013026781380176,0.1460894346237182,0.1000000014901161,0.0307036793637239,0,0.2089520692825317,0.9247999999981504,0.9973999999980052,0.2773948609828949,0.0048975036479532,0.0048978994600474,4.330126103013754e-06,0.2518803179264068,0.1000000014901161,0.0049028611528833,0,0.3942131400108337,0.9831777777775592,0.9999999999997778,0.0008488468010909
repvgg_a0,4,0.5,0.1,0.0289564266656098,0.5651608109474182,0.6383376717567444,0.94499999999811,0.9971999999980056,1.055888056755066,0.1252366006374359,0.1133806705474853,0.1000000014901161,0.0005501732230186,0,0.0005,42297269_9,True,cifar10_repvgg_a0,1.0558881759643557,0.2546887993812561,0.0123190879821777,0.5651610493659973,0.5,0.0299539727009074,0,0.6383382081985474,0.94499999999811,0.9971999999980056,0.1133806705474853,7.369550439761952e-05,7.866157102398574e-05,1.5618024917785078e-06,0.6605147123336792,0.5,7.36980624721103e-05,0,0.713516116142273,0.9998888888886668,0.9999999999997778,7.757543244224507e-06
repvgg_a0,0,0.0,0.1,0.0320940764460429,0.5795071125030518,0.6408928632736206,0.9393999999981212,0.9977999999980044,1.1122573614120483,0.11771010607481,0.1043992415070533,0.1000000014901161,0.00050700455904,0,0.0005,42297321,True,cifar10_repvgg_a0,1.1122573614120483,0.000170637096744,0.0,0.5795067548751831,0.0,0.0321303614254576,0,0.6408923268318176,0.9393999999981212,0.9977999999980044,0.1043992266058921,8.54489189805463e-05,3.2219347758655204e-06,0.0,0.6701062917709351,0.0,8.534271152449992e-05,0,0.7139929533004761,0.999799999999778,0.9999999999997778,1.963108661584556e-05
repvgg_a0,5,0.01,0.1,0.0271864033168222,0.2452578693628311,0.3575428128242492,0.9315999999981368,0.9981999999980036,0.4834154546260834,0.158231183886528,0.2225232869386673,0.1000000014901161,0.0010555163025856,0,0.0005,42297269_13,True,cifar10_repvgg_a0,0.4834154546260834,0.0612302012741565,1.1424068361520767e-05,0.2452580034732818,0.0099999997764825,0.0275529958169978,0,0.3575430512428283,0.9315999999981368,0.9981999999980036,0.2225233167409896,0.0026036910712718,0.0020438279025256,2.877040969906375e-07,0.3623179793357849,0.0099999997764825,0.0026032209652187,0,0.5597469806671143,0.9923111111108908,0.9999777777775556,0.0004341254243627
repvgg_a0,5,1.0,0.1,0.0276593624475882,0.2770400643348694,0.3937081396579742,0.9377999999981244,0.9971999999980056,0.5228241086006165,0.1598947197198867,0.2310595959424972,0.1000000014901161,0.0010929852724075,0,0.0005,42297269_16,True,cifar10_repvgg_a0,0.5228241086006165,0.3286212980747223,0.0736005902290344,0.2770401835441589,1.0,0.0283873811222236,0,0.3937081694602966,0.9377999999981244,0.9971999999980056,0.2310596108436584,0.0011519535910338,0.0011617285199463,6.571854464709759e-05,0.389720618724823,1.0,0.0011516263609757,0,0.6096005439758301,0.996755555555334,0.9999999999997778,0.0001387759402859
repvgg_a0,5,0.001,0.1,0.0262316794469179,0.2549276351928711,0.3674731254577636,0.9331999999981336,0.9985999999980028,0.4935860335826874,0.1554479449987411,0.2166806310415268,0.1000000014901161,0.0010273419320583,0,0.0005,42297269_12,True,cifar10_repvgg_a0,0.4935859739780426,0.0202734768390655,5.363835953176022e-07,0.2549276053905487,0.0010000000474974,0.0267552155867553,0,0.3674731254577636,0.9331999999981336,0.9985999999980028,0.2166806608438492,0.0023646997287869,0.0007653055363334,4.5735123421764e-07,0.3724674880504608,0.0010000000474974,0.002366205086084,0,0.5636970400810242,0.992555555555335,0.9999999999997778,0.000359350349754
repvgg_a0,4,0.01,0.1,0.0309430189741659,0.5868054032325745,0.6411026120185852,0.9407999999981184,0.9983999999980032,1.1247014999389648,0.114497572183609,0.0981815308332443,0.1000000014901161,0.0004773139953613,0,0.0005,42297269_7,True,cifar10_repvgg_a0,1.1247014999389648,0.0413624756038188,6.056390702724457e-06,0.5868052840232849,0.0099999997764825,0.0318022789274587,0,0.6411023139953613,0.9407999999981184,0.9983999999980032,0.0981815308332443,6.871396908536553e-05,6.878220301587135e-05,6.871397317809169e-07,0.6728183031082153,0.0099999997764825,6.865320563385792e-05,0,0.7144331932067871,0.9998666666664444,0.9999999999997778,1.0062355613627004e-05
repvgg_a0,3,0.1,0.1,0.0445496517942124,0.1253598481416702,0.2091808915138244,0.8881999999982236,0.9963999999980072,0.427813857793808,0.2095509022474289,0.3499724864959717,0.1000000014901161,0.001659907400608,0,0.0005,42297269_2,True,cifar10_repvgg_a0,0.427813857793808,0.2095509022474289,0.001659907400608,0.1253595948219299,0.1000000014901161,0.0454421941895069,0,0.2091813683509827,0.8881999999982236,0.9963999999980072,0.3499724864959717,0.0276034921407699,0.0249738153070211,4.142383113503456e-05,0.1857514679431915,0.1000000014901161,0.0275981569625842,0,0.3027128577232361,0.9225555555553506,0.9992444444442224,0.0083311274647712
repvgg_a0,4,0.001,0.1,0.0309929138825841,0.5849535465240479,0.6432822346687317,0.9415999999981168,0.997999999998004,1.1172611713409424,0.1181815639138221,0.1015098914504051,0.1000000014901161,0.0004933774471282,0,0.0005,42297269_6,True,cifar10_repvgg_a0,1.117261290550232,0.0139570329338312,-4.450557753443718e-07,0.5849536657333374,0.0010000000474974,0.0316624675719079,0,0.6432823538780212,0.9415999999981168,0.997999999998004,0.1015098989009857,0.0001127357463701,0.0001006520251394,1.1273576205894645e-07,0.6722697615623474,0.0010000000474974,0.0001125956284914,0,0.7144386768341064,0.9997333333331112,0.9999999999997778,1.3074857633910142e-05
repvgg_a0,3,0.001,0.1,0.0483393700551688,0.1214532852172851,0.2091771364212036,0.8807999999982384,0.995999999998008,0.4445301592350006,0.2191353440284729,0.3727687299251556,0.1000000014901161,0.0017703734338283,0,0.0005,42297269_0,True,cifar10_repvgg_a0,0.4445302188396454,0.0267870910465717,1.179578248411417e-07,0.1214532628655433,0.0010000000474974,0.0491819731645245,0,0.2091777920722961,0.8807999999982384,0.995999999998008,0.3727687299251557,0.0338273793458938,0.0045643895864486,4.487847036216408e-07,0.1797701120376587,0.0010000000474974,0.0338171415054074,0,0.2887514233589172,0.9083555555553536,0.998888888888667,0.0113304331898689
repvgg_a0,5,0.1,0.1,0.028426296994778,0.2596081495285034,0.3780381083488464,0.9343999999981312,0.9973999999980052,0.5031582713127136,0.1598546802997589,0.2378765493631363,0.1000000014901161,0.001121487468481,0,0.0005,42297269_14,True,cifar10_repvgg_a0,0.5031582713127136,0.1598546802997589,0.001121487468481,0.2596080303192138,0.1000000014901161,0.0290045580681676,0,0.378038227558136,0.9343999999981312,0.9973999999980052,0.2378765493631363,0.0022441097535192,0.0022447754163295,2.2048770915716887e-06,0.3792086541652679,0.1000000014901161,0.0022452544296982,0,0.5814602375030518,0.992955555555335,0.9999999999997778,0.0003384798183105
repvgg_a0,4,2.0,0.1,0.0297997597455991,0.5241267681121826,0.6050618886947632,0.9413999999981172,0.9977999999980044,0.9623646140098572,0.1305112689733505,0.1277665197849273,0.1000000014901161,0.0006191730499267,0,0.0005,42297269_11,True,cifar10_repvgg_a0,0.9623646140098572,0.4656538069248199,0.1616381406784057,0.5241267085075378,2.0,0.0306550505883453,0,0.6050618886947632,0.9413999999981172,0.9977999999980044,0.1277665197849273,7.725266186753288e-05,9.72146008280106e-05,7.639479008503258e-06,0.6232314109802246,2.0,7.715664264552155e-05,0,0.7134819030761719,0.9999555555553334,0.9999999999997778,3.9307851693592966e-06
repvgg_a0,5,0.5,0.1,0.0247677832718034,0.287144124507904,0.3918336927890777,0.9391999999981216,0.9975999999980047,0.5246900916099548,0.1480490267276764,0.1967864632606506,0.1000000014901161,0.0009343512356281,0,0.0005,42297269_15,True,cifar10_repvgg_a0,0.5246900916099548,0.2533323764801025,0.019428938627243,0.2871440649032593,0.5,0.0253782495263732,0,0.3918333351612091,0.9391999999981216,0.9975999999980047,0.1967864632606506,0.0015003114240244,0.0015050502261146,2.4409557227045298e-05,0.3985635340213776,0.5,0.001499570536078,0,0.8206583857536316,0.9955555555553344,0.9999999999997778,0.0001970127923414
repvgg_a0,5,2.0,0.1,0.0273548574050087,0.2693043351173401,0.382066547870636,0.935999999998128,0.997999999998004,0.5121391415596008,0.1593901664018631,0.2254977226257324,0.1000000014901161,0.0010697208344936,0,0.0005,42297269_17,True,cifar10_repvgg_a0,0.5121391415596008,0.3974197804927826,0.2198983430862426,0.2693044245243072,2.0,0.0280436493781806,0,0.3820664286613464,0.935999999998128,0.997999999998004,0.2254977226257324,0.000794370949734,0.00081419700291,0.0001420179614797,0.3912252187728882,2.0,0.0007943309812362,0,0.607565701007843,0.9978444444442228,0.9999999999997778,7.776320853736252e-05
repvgg_a0,3,0.5,0.1,0.0386724539839084,0.1325354129076004,0.1984844803810119,0.901999999998196,0.9977999999980044,0.398571640253067,0.1930771023035049,0.3029884099960327,0.1000000014901161,0.0014393478631973,0,0.0005,42297269_3,True,cifar10_repvgg_a0,0.398571640253067,0.3050713241100311,0.0299208909273147,0.1325351148843765,0.5,0.0386033423983259,0,0.1984844207763672,0.901999999998196,0.9977999999980044,0.3029884099960327,0.0201151631772518,0.0201183035969734,0.0005866419523954,0.1931964755058288,0.5,0.0201121799064887,0,0.3172093629837036,0.9402444444442356,0.9997555555553336,0.0050238384865224
repvgg_a0,4,1.0,0.1,0.029474696036592,0.5384678840637207,0.6174885034561157,0.9401999999981197,0.9987999999980024,1.0002886056900024,0.1277530342340469,0.120309442281723,0.1000000014901161,0.0005835220217704,0,0.0005,42297269_10,True,cifar10_repvgg_a0,1.0002886056900024,0.3437311947345733,0.0462738275527954,0.5384679436683655,1.0,0.0299694279058932,0,0.6174889802932739,0.9401999999981197,0.9987999999980024,0.120309442281723,7.197709055617452e-05,8.194847760023549e-05,3.3125397749245167e-06,0.6369479298591614,1.0,7.215559324930423e-05,0,0.7130146026611328,0.999822222222,0.9999999999997778,6.007592673995532e-06
repvgg_a0,3,2.0,0.1,0.0321400954227381,0.1323684751987457,0.2036545276641845,0.9151999999981696,0.996999999998006,0.362129807472229,0.1727501302957534,0.2658981084823608,0.1000000014901161,0.0012570023536682,0,0.0005,42297269_5,True,cifar10_repvgg_a0,0.3621298372745514,0.3243386745452881,0.2470324635505676,0.1323684006929397,2.0,0.0325915993959666,0,0.2036545872688293,0.9151999999981696,0.996999999998006,0.2658981382846832,0.0084919435903429,0.0085108969360589,0.0023812260478734,0.2177431583404541,2.0,0.0084929127249253,0,0.3610603809356689,0.9724888888886728,0.9999999999997778,0.0013864806387573
repvgg_a0,4,0.1,0.1,0.0293452661337753,0.5808731913566589,0.6405091881752014,0.9405999999981188,0.9975999999980047,1.1047874689102173,0.1148213222622871,0.094605728983879,0.1000000014901161,0.0004609525203704,0,0.0005,42297269_8,True,cifar10_repvgg_a0,1.1047873497009275,0.1148213222622871,0.0004609525203704,0.5808728337287903,0.1000000014901161,0.029601218303766,0,0.640508770942688,0.9405999999981188,0.9975999999980047,0.0946057215332984,8.637931023258716e-05,8.734702714718878e-05,5.486253940034658e-08,0.6706055998802185,0.1000000014901161,8.638066822971322e-05,0,0.7149038910865784,0.9997777777775556,0.9999999999997778,1.062713454302866e-05
repvgg_a0,3,0.01,0.1,0.045940168830879,0.1284700781106948,0.1977508068084716,0.883999999998232,0.9971999999980056,0.441592812538147,0.2133831083774566,0.3530360162258148,0.1000000014901161,0.0016788132488727,0,0.0005,42297269_1,True,cifar10_repvgg_a0,0.441592812538147,0.078843742609024,1.758243888616562e-05,0.1284701228141784,0.0099999997764825,0.0465101377805974,0,0.197750985622406,0.883999999998232,0.9971999999980056,0.3530360162258148,0.0311253033578395,0.0121826967224478,1.308857463300228e-06,0.1853883117437362,0.0099999997764825,0.0311087308306859,0,0.2985321283340454,0.9128444444442416,0.9989555555553336,0.0098355542868375
repvgg_a0,3,1.0,0.1,0.0349317936983389,0.137382760643959,0.2227339744567871,0.90999999999818,0.9977999999980044,0.3799475431442261,0.1793447881937027,0.2703808546066284,0.1000000014901161,0.001284971833229,0,0.0005,42297269_4,True,cifar10_repvgg_a0,0.3799475431442261,0.3153780102729797,0.0882414579391479,0.1373830139636993,1.0,0.0353608208531661,0,0.2227334380149841,0.90999999999818,0.9977999999980044,0.2703808546066284,0.0141924005001783,0.0142009183764457,0.0013301949948072,0.2043282985687256,1.0,0.0141903399905085,0,0.339410126209259,0.9555333333331212,0.9999999999997778,0.0029512250330299
repvgg_a1,5,2.0,0.1,0.0256988311989261,0.3119062483310699,0.4207262098789215,0.9413999999981172,0.997999999998004,0.5590924024581909,0.1506207585334777,0.1938696652650833,0.1000000014901161,0.0009241923689842,0,0.0005,42297269_17,True,cifar10_repvgg_a1,0.5590924620628357,0.4085285663604736,0.2021383047103881,0.3119062483310699,2.0,0.0255596545862758,0,0.4207262396812439,0.9413999999981172,0.997999999998004,0.1938696503639221,0.0005704014329239,0.0005902605480514,9.748316369950771e-05,0.4279112517833709,2.0,0.0005709118491315,0,0.8054830431938171,0.998888888888667,0.9999999999997778,5.423037146101706e-05
repvgg_a1,3,0.5,0.1,0.034577819501456,0.1327670961618423,0.204865276813507,0.908999999998182,0.997999999998004,0.3793487846851349,0.1832079142332077,0.2816753387451172,0.1000000014901161,0.0013366751372814,0,0.0005,42297269_3,True,cifar10_repvgg_a1,0.3793488144874573,0.2848530411720276,0.0276937782764434,0.1327671408653259,0.5,0.0350773175071627,0,0.2048647999763488,0.908999999998182,0.997999999998004,0.2816753983497619,0.0156067898496985,0.0156102450564503,0.0004057432524859,0.2000935971736908,0.5,0.0156072197282624,0,0.3354661464691162,0.9518888888886774,0.9999555555553334,0.0034316619858145
repvgg_a1,4,0.5,0.1,0.0278983837785405,0.6004500985145569,0.6389040350914001,0.9441999999981115,0.9981999999980036,1.139665603637695,0.1029688715934753,0.0794611275196075,0.1000000014901161,0.0003867968916893,0,0.0005,42297269_9,True,cifar10_repvgg_a1,1.1396654844284058,0.2103360444307327,0.0087222456932067,0.6004500985145569,0.5,0.0282902252718916,0,0.6389041543006897,0.9441999999981115,0.9981999999980036,0.0794611275196075,5.6446049711667e-05,6.140799087006599e-05,5.664696800522506e-07,0.6835120320320129,0.5,5.6375893685816e-05,0,0.7158550024032593,0.9999333333331112,0.9999999999997778,3.095342890446773e-06
repvgg_a1,3,0.001,0.1,0.0402919120885137,0.1297121495008468,0.2471265494823455,0.9003999999981992,0.9963999999980072,0.4009537994861603,0.1984589099884033,0.3146574199199676,0.1000000014901161,0.0014963634312152,0,0.0005,42297269_0,True,cifar10_repvgg_a1,0.4009537994861603,0.0245810393244028,4.106550477445126e-07,0.1297124624252319,0.0010000000474974,0.041106790097366,0,0.2471269071102142,0.9003999999981992,0.9963999999980072,0.3146574795246124,0.0255525708198547,0.0038053067401051,7.570379239041358e-07,0.1822798997163772,0.0010000000474974,0.0255482233358339,0,0.3124504089355469,0.9286666666664604,0.999088888888667,0.0080047436058521
repvgg_a1,3,1.0,0.1,0.031345076936457,0.1389839649200439,0.2126202583312988,0.9153999999981692,0.9987999999980024,0.3706409931182861,0.1739827096462249,0.2611024379730224,0.1000000014901161,0.0012383721768856,0,0.0005,42297269_4,True,cifar10_repvgg_a1,0.3706409931182861,0.3024989366531372,0.0843603610992431,0.1389838457107544,1.0,0.031962950325422,0,0.2126203775405884,0.9153999999981692,0.9987999999980024,0.2611025273799896,0.0113411378115415,0.011349868029356,0.0010166596621274,0.2096262872219085,1.0,0.0113433735750901,0,0.3535597920417785,0.9647111111108968,0.9999555555553334,0.0022582612000405
repvgg_a1,3,0.01,0.1,0.0398809551993283,0.131650909781456,0.2049798369407653,0.8983999999982032,0.9961999999980076,0.4077554941177368,0.1982389241456985,0.3140738606452942,0.1000000014901161,0.0014946609735488,0,0.0005,42297269_1,True,cifar10_repvgg_a1,0.4077554643154144,0.0740934610366821,1.5855301171541214e-05,0.1316508650779724,0.0099999997764825,0.0406354767067208,0,0.2049798369407653,0.8983999999982032,0.9961999999980076,0.3140739202499389,0.023634660989046,0.0101948976516723,7.890630513429642e-07,0.1915521323680877,0.0099999997764825,0.0236310985994814,0,0.3134487271308899,0.933444444444237,0.9992888888886668,0.0072919544763863
repvgg_a1,3,2.0,0.1,0.0285217981642926,0.1394613087177276,0.2390480041503906,0.92499999999815,0.9977999999980044,0.3490478098392486,0.1642131507396698,0.245300218462944,0.1000000014901161,0.0011599734425544,0,0.0005,42297269_5,True,cifar10_repvgg_a1,0.3490477800369262,0.3115160763263702,0.2289507389068603,0.1394611001014709,2.0,0.0288731066365715,0,0.2390482425689697,0.92499999999815,0.9977999999980044,0.2453000247478485,0.0069915461353957,0.007010621484369,0.0018866872414946,0.2184839993715286,2.0,0.0069915535207569,0,0.3869848251342773,0.9783777777775604,0.9999999999997778,0.0010978375794366
repvgg_a1,4,0.001,0.1,0.0300793245284364,0.6088796854019165,0.6688411235809326,0.943999999998112,0.9973999999980052,1.168114423751831,0.1033839583396911,0.0816164910793304,0.1000000014901161,0.0003964230418205,0,0.0005,42297269_6,True,cifar10_repvgg_a1,1.168114423751831,0.0124883400276303,-1.3655517250299456e-07,0.608879566192627,0.0010000000474974,0.0305669707093289,0,0.6688411235809326,0.943999999998112,0.9973999999980052,0.0816165283322334,7.532612653449178e-05,6.845891039120033e-05,7.532612755767333e-08,0.6893866062164307,0.0010000000474974,7.526410387136822e-05,0,0.7167164087295532,0.9998666666664444,0.9999999999997778,9.683531970949844e-06
repvgg_a1,4,1.0,0.1,0.0311194681406885,0.5893760323524475,0.6384221315383911,0.946999999998106,0.9975999999980047,1.1034563779830933,0.1098368614912033,0.0930121839046478,0.1000000014901161,0.0004518404603004,0,0.0005,42297269_10,True,cifar10_repvgg_a1,1.1034563779830933,0.2999664545059204,0.0358437299728393,0.5893760919570923,1.0,0.0306488538007675,0,0.6384219527244568,0.946999999998106,0.9975999999980047,0.0930122286081314,5.621458331006579e-05,6.617450708290562e-05,1.855147274909541e-06,0.6746231913566589,1.0,5.614471342116025e-05,0,0.8061152100563049,0.9999777777775556,0.9999999999997778,3.008821067851386e-06
repvgg_a1,5,0.01,0.1,0.0246427616912592,0.2779887616634369,0.4018952846527099,0.9403999999981192,0.9975999999980047,0.511652410030365,0.1507806032896042,0.2044081836938858,0.1000000014901161,0.0009695515036582,0,0.0005,42297269_13,True,cifar10_repvgg_a1,0.5116523504257202,0.0585186034440994,1.0551419109106064e-05,0.2779886126518249,0.0099999997764825,0.0248721628325496,0,0.4018948078155517,0.9403999999981192,0.9975999999980047,0.2044079899787902,0.0017785732634365,0.0015334152849391,6.195950845722109e-07,0.3895605802536011,0.0099999997764825,0.0017798745932663,0,0.597514271736145,0.9948222222220012,0.9999999999997778,0.000269302399829
repvgg_a1,5,0.001,0.1,0.0260306026190751,0.2742510139942169,0.384135365486145,0.9371999999981256,0.9983999999980032,0.5159428715705872,0.1556840687990188,0.2176102250814438,0.1000000014901161,0.0010314285755157,0,0.0005,42297269_12,True,cifar10_repvgg_a1,0.5159429907798767,0.0203105956315994,9.58913005888462e-07,0.2742509245872497,0.0010000000474974,0.0264115647280778,0,0.3841351866722107,0.9371999999981256,0.9983999999980032,0.2176103144884109,0.00170810718555,0.0006614726153202,7.544330173914204e-07,0.3935071229934693,0.0010000000474974,0.0017064741006939,0,0.5956834554672241,0.9948444444442236,0.9999999999997778,0.0003067471261601
repvgg_a1,5,1.0,0.1,0.0248497752348509,0.3086310029029846,0.4305520057678222,0.9397999999981204,0.9983999999980032,0.5603353381156921,0.1514960378408432,0.2012971192598343,0.1000000014901161,0.0009559839963912,0,0.0005,42297269_16,True,cifar10_repvgg_a1,0.5603353381156921,0.3305767178535461,0.066424548625946,0.3086311221122741,1.0,0.024962141817993,0,0.4305516183376312,0.9397999999981204,0.9983999999980032,0.2012968957424164,0.000725905993022,0.0007357357535511,3.544578794389963e-05,0.4294676184654236,1.0,0.0007262726112045,0,0.6457801461219788,0.9984666666664448,0.9999999999997778,7.511641160817817e-05
repvgg_a1,4,0.01,0.1,0.0281458250106212,0.6094666123390198,0.8057835102081299,0.946999999998106,0.9977999999980044,1.1565734148025513,0.0995056927204132,0.0774609223008155,0.1000000014901161,0.0003762394189834,0,0.0005,42297269_7,True,cifar10_repvgg_a1,1.1565734148025513,0.0364011488854885,4.340894520282745e-06,0.6094664931297302,0.0099999997764825,0.0282477358214879,0,0.8057835102081299,0.946999999998106,0.9977999999980044,0.0774609148502349,5.1862982218153775e-05,5.192446769797243e-05,5.186298039916437e-07,0.6883576512336731,0.0099999997764825,5.1798521347698215e-05,0,0.7158172726631165,0.9999111111108888,0.9999999999997778,6.960601240280084e-06
repvgg_a1,5,0.1,0.1,0.0254568494263412,0.2944179475307464,0.4048106670379638,0.9401999999981197,0.9975999999980047,0.5391370058059692,0.1509670168161392,0.2106253653764724,0.1000000014901161,0.0009971745312213,0,0.0005,42297269_14,True,cifar10_repvgg_a1,0.5391368865966797,0.1509668976068496,0.0009971633553504,0.2944181561470032,0.1000000014901161,0.0260517765637613,0,0.4048106968402862,0.9401999999981197,0.9975999999980047,0.2106250971555709,0.0014212564565241,0.0014220234006643,1.9355211406946182e-06,0.4055847525596618,0.1000000014901161,0.0014206161161154,0,0.8148704767227173,0.9955777777775566,0.9999999999997778,0.000234635968809
repvgg_a1,4,0.1,0.1,0.0304909909922911,0.6103372573852539,0.6510268449783325,0.9475999999981048,0.9975999999980047,1.157634973526001,0.1017679199576377,0.0824779048562049,0.1000000014901161,0.000400386750698,0,0.0005,42297269_8,True,cifar10_repvgg_a1,1.1576350927352903,0.1017679199576378,0.000400386750698,0.6103371381759644,0.1000000014901161,0.030506516418999,0,0.6510272026062012,0.9475999999981048,0.9975999999980047,0.0824779048562049,5.922230411670171e-05,6.018534259055741e-05,2.0018433133373042e-07,0.6883024573326111,0.1000000014901161,5.914869375367471e-05,0,0.8094092607498169,0.9998888888886668,0.9999999999997778,5.07066124555422e-06
repvgg_a1,5,0.5,0.1,0.0244996053975512,0.303716629743576,0.3987572193145752,0.9403999999981192,0.9983999999980032,0.5469247698783875,0.1467788070440292,0.1912431865930557,0.1000000014901161,0.0009100176393985,0,0.0005,42297269_15,True,cifar10_repvgg_a1,0.5469247102737427,0.2530119121074676,0.0189962983131408,0.3037164509296417,0.5,0.0249465151565214,0,0.3987569808959961,0.9403999999981192,0.9983999999980032,0.1912434548139572,0.0009898571297526,0.0009946692734956,1.4276709407567978e-05,0.4153333902359009,0.5,0.0009895813850051,0,0.6095116138458252,0.9970222222220008,0.9999999999997778,0.0001145933638326
repvgg_a1,4,2.0,0.1,0.0282959112756035,0.5762535333633423,0.633499264717102,0.946999999998106,0.9985999999980028,1.066362977027893,0.1119899824261665,0.0942288637161254,0.1000000014901161,0.0004570633172988,0,0.0005,42297269_11,True,cifar10_repvgg_a1,1.0663628578186035,0.4203726649284363,0.1242470741271972,0.5762538313865662,2.0,0.0284024851254667,0,0.6334998607635498,0.946999999998106,0.9985999999980028,0.0942288339138031,5.3112467867322266e-05,7.307645864784718e-05,5.135458195582032e-06,0.6611449718475342,2.0,5.304645337701752e-05,0,0.8016022443771362,0.9999777777775556,0.9999999999997778,2.63495849139872e-06
repvgg_a1,0,0.0,0.1,0.0306809554654437,0.6036293506622314,0.6415079832077026,0.941999999998116,0.9977999999980044,1.1565849781036377,0.1020422577857971,0.0808983594179153,0.1000000014901161,0.0003935918211936,0,0.0005,42297321,True,cifar10_repvgg_a1,1.1565849781036377,0.0002086365420836,0.0,0.6036295294761658,0.0,0.0303880580548993,0,0.6415085792541504,0.941999999998116,0.9977999999980044,0.0808982998132705,5.786610199720599e-05,1.6837196881169805e-06,0.0,0.6878350377082825,0.0,5.7794184153834986e-05,0,0.7162801027297974,0.9999111111108888,0.9999999999997778,5.232355306361569e-06
repvgg_a1,3,0.1,0.1,0.041139175722295,0.1285887062549591,0.497896134853363,0.8967999999982064,0.9971999999980056,0.4094672203063965,0.19983671605587,0.3262771368026733,0.1000000014901161,0.0015475712716579,0,0.0005,42297269_2,True,cifar10_repvgg_a1,0.4094673097133637,0.1998367607593536,0.0015475787222385,0.1285883486270904,0.1000000014901161,0.0415917697154642,0,0.497896134853363,0.8967999999982064,0.9971999999980056,0.3262775838375091,0.021934499964118,0.020528020337224,3.051687963306904e-05,0.19067944586277,0.1000000014901161,0.0219305153098196,0,0.3191335201263428,0.9363555555553476,0.999599999999778,0.0061678760685026
vgg13_bn,3,0.5,0.1,0.045190584264452,0.1734223663806915,0.2559932470321655,0.885999999998228,0.9951999999980096,0.4914872944355011,0.2024557292461395,0.3176092803478241,0.1000000014901161,0.0015155598521232,0,0.0005,42297269_3,True,cifar10_vgg13_bn,0.4914873540401459,0.3271470367908478,0.0319413393735885,0.1734226942062378,0.5,0.045321440487791,0,0.2559936642646789,0.885999999998228,0.9951999999980096,0.3176093697547912,0.0311573725193738,0.0311601050198078,0.00134605076164,0.2362826615571975,0.5,0.0311546710365614,0,0.3385875225067138,0.9185333333331293,0.9985555555553336,0.0119842197746038
vgg13_bn,5,1.0,0.1,0.026597937509157,0.3768759071826935,0.4160844087600708,0.938999999998122,0.9981999999980036,0.6599079370498657,0.1294504255056381,0.1534792333841323,0.1000000014901161,0.0007346719503402,0,0.0005,42297269_16,True,cifar10_vgg13_bn,0.6599080562591553,0.2615764737129211,0.0526521205902099,0.3768758475780487,1.0,0.0271263681216506,0,0.4160840511322021,0.938999999998122,0.9981999999980036,0.1534793227910995,0.0016074366867542,0.0016171073075383,0.00010921433568,0.4153678715229034,1.0,0.001606661618544,0,0.6011887788772583,0.995622222222001,0.9999999999997778,0.0002363496168982
vgg13_bn,4,0.001,0.1,0.0356549964108112,0.5431302785873413,0.5712226629257202,0.9421999999981155,0.9967999999980064,0.9797001481056212,0.1050223410129547,0.1003686189651489,0.1000000014901161,0.0004863813519477,0,0.0005,42297269_6,True,cifar10_vgg13_bn,0.9797001481056212,0.0138244573026895,2.7671921998262405e-07,0.5431304574012756,0.0010000000474974,0.0359090993932648,0,0.5712223649024963,0.9421999999981155,0.9967999999980064,0.1003686413168907,0.0002680181642062,0.0001292070373892,2.6801819785760017e-07,0.5807164907455444,0.0010000000474974,0.0002678230111741,0,0.8103911876678467,0.9999111111108888,0.9999999999997778,1.476512807130348e-05
vgg13_bn,3,0.01,0.1,0.0895656946598689,0.1606897711753845,0.2162919044494629,0.7923999999984153,0.9887999999980224,0.7200536727905273,0.2683873474597931,0.4848509728908539,0.1000000014901161,0.0023280158638954,0,0.0005,42297269_1,True,cifar10_vgg13_bn,0.7200536131858826,0.0942927077412605,2.413708716630936e-05,0.1606897711753845,0.0099999997764825,0.0898372210113043,0,0.2162917852401733,0.7923999999984153,0.9887999999980224,0.4848509132862091,0.0937542021274566,0.0278265625238418,2.941233105957508e-06,0.2072996199131012,0.0099999997764825,0.0937764104402427,0,0.26265949010849,0.7962444444442676,0.9894222222220024,0.0477661564946174
vgg13_bn,4,0.5,0.1,0.0355449743391172,0.539296567440033,0.573072075843811,0.9405999999981188,0.9977999999980044,0.9749653935432434,0.1061290055513382,0.1008121892809867,0.1000000014901161,0.0004878491163253,0,0.0005,42297269_9,True,cifar10_vgg13_bn,0.974965512752533,0.1709299087524414,0.0107533633708953,0.5392963886260986,0.5,0.0351570926430869,0,0.5730718970298767,0.9405999999981188,0.9977999999980044,0.1008121892809868,0.000255009275861,0.0002598227583803,1.6196281649172306e-06,0.5766649842262268,0.5,0.0002547864278168,0,0.716910719871521,0.9999999999997778,0.9999999999997778,9.78427669906523e-06
vgg13_bn,0,0.0,0.1,0.0357024737455252,0.546423077583313,0.5714511275291443,0.9433999999981132,0.9965999999980067,0.9849705100059508,0.1047453880310058,0.0995474532246589,0.1000000014901161,0.0004812628030776,0,0.0005,42297321,True,cifar10_vgg13_bn,0.9849705100059508,0.0002685706422198,0.0,0.546423077583313,0.0,0.0354384135277701,0,0.5714508295059204,0.9433999999981132,0.9965999999980067,0.0995473712682724,0.0002470362232998,3.468120212346548e-06,0.0,0.5820017457008362,0.0,0.0002468321455691,0,0.8194722533226013,0.9999777777775556,0.9999999999997778,1.1208583600819113e-05
vgg13_bn,4,2.0,0.1,0.0352782475585677,0.5318117737770081,0.5573663115501404,0.9425999999981148,0.9975999999980047,0.9540278315544128,0.1098229587078094,0.1074762418866157,0.1000000014901161,0.0005198121070861,0,0.0005,42297269_11,True,cifar10_vgg13_bn,0.9540277123451232,0.2953119575977325,0.1238104104995727,0.5318117737770081,2.0,0.0355288921677745,0,0.5573664903640747,0.9425999999981148,0.9975999999980047,0.1074763163924217,0.00030917202821,0.0003289738378953,2.992700319737196e-05,0.5670615434646606,2.0,0.0003091305297578,0,0.8133093118667603,0.9998666666664444,0.9999999999997778,1.579487434355542e-05
vgg13_bn,4,1.0,0.1,0.0343362949616888,0.5326869487762451,0.5559450387954712,0.9401999999981197,0.9973999999980052,0.9602963328361512,0.1059368401765823,0.1025538146495819,0.1000000014901161,0.0004962682723999,0,0.0005,42297269_10,True,cifar10_vgg13_bn,0.9602964520454408,0.2072004526853561,0.0375564694404602,0.5326869487762451,1.0,0.0344662280580923,0,0.5559449195861816,0.9401999999981197,0.9973999999980052,0.1025537848472595,0.0002524422307033,0.0002622594474814,5.440582754090428e-06,0.5710225105285645,1.0,0.0002523793077579,0,0.7155761122703552,0.9999333333331112,0.9999999999997778,1.1172020094818436e-05
vgg13_bn,4,0.1,0.1,0.0341495908626039,0.5421183109283447,0.5695416927337646,0.9401999999981197,0.9973999999980052,0.9801695346832277,0.1028767302632331,0.096202552318573,0.1000000014901161,0.0004656165838241,0,0.0005,42297269_8,True,cifar10_vgg13_bn,0.980169713497162,0.1028767302632331,0.0004656314849853,0.5421184301376343,0.1000000014901161,0.0342645967207889,0,0.569541335105896,0.9401999999981197,0.9973999999980052,0.0962026193737983,0.0002303671499248,0.0002311757125426,1.4853139873594048e-07,0.5818058252334595,0.1000000014901161,0.0002301403746249,0,0.7155148386955261,0.9999777777775556,0.9999999999997778,7.2176658250100445e-06
vgg13_bn,3,1.0,0.1,0.0382728361333277,0.1846304982900619,0.2615371942520141,0.9027999999981944,0.9965999999980067,0.4600058495998382,0.1823160797357559,0.2736888527870178,0.1000000014901161,0.0013037770986557,0,0.0005,42297269_4,True,cifar10_vgg13_bn,0.4600058495998382,0.3306048512458801,0.0903683602809906,0.1846305131912231,1.0,0.0378367404264272,0,0.2615376710891723,0.9027999999981944,0.9965999999980067,0.2736888229846954,0.0200944002717733,0.0201026480644941,0.0025935228914022,0.2471486330032349,1.0,0.0200954793877488,0,0.3593292236328125,0.942444444444235,0.999622222222,0.0061069610528647
vgg13_bn,5,0.001,0.1,0.0293699818516449,0.3298987746238708,0.3868129253387451,0.9307999999981384,0.9971999999980056,0.6027775406837463,0.1381651163101196,0.1784929484128952,0.1000000014901161,0.0008514449000358,0,0.0005,42297269_12,True,cifar10_vgg13_bn,0.6027774214744568,0.0184053499251604,5.51808625459671e-08,0.329899251461029,0.0010000000474974,0.0290324421920006,0,0.3868131041526794,0.9307999999981384,0.9971999999980056,0.1784927994012832,0.00345029681921,0.0010816790163516,5.892741228308296e-07,0.3757559061050415,0.0010000000474974,0.0034502526708182,0,0.8109469413757324,0.9892222222220024,0.9999999999997778,0.0007249411428347
vgg13_bn,5,2.0,0.1,0.0297285129167508,0.3875468373298645,0.4280562400817871,0.9331999999981336,0.9983999999980032,0.6922106742858887,0.1323357820510864,0.1573237478733062,0.1000000014901161,0.0007548779249191,0,0.0005,42297269_17,True,cifar10_vgg13_bn,0.6922105550765991,0.3460219204425812,0.1653344631195068,0.3875467479228973,2.0,0.0289923567645576,0,0.4280559122562408,0.9331999999981336,0.9983999999980032,0.1573235988616943,0.0012002765433862,0.0012200004421174,0.0003005622420459,0.4335441589355469,2.0,0.0012006334061363,0,0.8172945380210876,0.9971777777775562,0.9999999999997778,0.0001779384620022
vgg13_bn,5,0.1,0.1,0.027846388132358,0.3368712067604065,0.3842165470123291,0.9361999999981276,0.9973999999980052,0.6007589101791382,0.1364636421203613,0.1733452081680297,0.1000000014901161,0.0008269697427749,0,0.0005,42297269_14,True,cifar10_vgg13_bn,0.6007590889930725,0.1364634782075882,0.0008269846439361,0.3368712067604065,0.1000000014901161,0.0278283606144224,0,0.3842169046401977,0.9361999999981276,0.9973999999980052,0.1733454018831253,0.0032424512319266,0.0032429909333586,3.810564521700144e-06,0.3772704899311065,0.1000000014901161,0.003240355155187,0,0.5455472469329834,0.9903555555553356,0.9999777777775556,0.0006882415618747
vgg13_bn,5,0.5,0.1,0.0291605234000315,0.3609474003314972,0.4054396748542785,0.932999999998134,0.9977999999980044,0.6481179594993591,0.1342828869819641,0.1652252525091171,0.1000000014901161,0.0007906779646873,0,0.0005,42297269_15,True,cifar10_vgg13_bn,0.6481179594993591,0.2140663862228393,0.0167498290538787,0.3609475493431091,0.5,0.0285821851200005,0,0.4054401516914368,0.932999999998134,0.9977999999980044,0.1652251482009887,0.0020846901461482,0.0020893262699246,4.384806379675865e-05,0.4035980403423309,0.5,0.00208256876882,0,0.5887972116470337,0.9939999999997792,0.9999999999997778,0.0003639046044554
vgg13_bn,3,2.0,0.1,0.0337494008074336,0.1989086866378784,0.264521837234497,0.9123999999981752,0.9971999999980056,0.4578923285007477,0.170511394739151,0.2512592375278473,0.1000000014901161,0.0011944659054279,0,0.0005,42297269_5,True,cifar10_vgg13_bn,0.4578922688961029,0.3546721637248993,0.2424470782279968,0.198909044265747,2.0,0.0338810059072545,0,0.2645225524902344,0.9123999999981752,0.9971999999980056,0.2512592077255249,0.0110202990472316,0.0110391164198517,0.0041105672717094,0.2670253813266754,2.0,0.0110174690192359,0,0.3943373560905456,0.9653999999997857,0.9999111111108888,0.0026272267568856
vgg13_bn,3,0.1,0.1,0.0601303577122443,0.1791233271360397,0.2644438147544861,0.8603999999982792,0.9931999999980136,0.5728383660316467,0.2300388514995575,0.388796329498291,0.1000000014901161,0.0018572434782981,0,0.0005,42297269_2,True,cifar10_vgg13_bn,0.5728382468223572,0.2300388067960739,0.0018572397530078,0.1791232824325561,0.1000000014901161,0.0602899735492021,0,0.264443576335907,0.8603999999982792,0.9931999999980136,0.3887960910797119,0.0531084313988685,0.0448463074862957,0.0001219012774527,0.2269935607910156,0.1000000014901161,0.0531072080613165,0,0.3122358918190002,0.8741999999998058,0.9958444444442232,0.0249792579561471
vgg13_bn,3,0.001,0.1,0.90550131156469,0.0595592111349105,0.0595592111349105,0.096999999999806,0.4917999999990164,2.3417305946350098,0.1159924194216728,0.0637626573443412,0.1000000014901161,0.0003206580877304,0,0.0005,42297269_0,True,cifar10_vgg13_bn,2.3417305946350098,0.0113367391750216,4.6030618250370026e-07,0.0595592111349105,0.0010000000474974,0.9061005796431943,0,0.0595592111349105,0.096999999999806,0.4917999999990164,0.0637626573443412,0.8993415832519531,0.0113822557032108,9.803916327655315e-07,0.0562900453805923,0.0010000000474974,0.8993582938371438,0,0.0562900453805923,0.100333333333311,0.5009111111109998,0.0643032640218734
vgg13_bn,5,0.01,0.1,0.0267994957842045,0.3346845507621765,0.3955556750297546,0.9357999999981284,0.997999999998004,0.5981220602989197,0.1353930681943893,0.170418232679367,0.1000000014901161,0.0008140988647937,0,0.0005,42297269_13,True,cifar10_vgg13_bn,0.5981218814849854,0.0535466074943542,8.357223123311996e-06,0.3346841633319855,0.0099999997764825,0.0269769424437702,0,0.3955555558204651,0.9357999999981284,0.997999999998004,0.1704180687665939,0.0034833489917218,0.0027026650495827,5.012152541894466e-07,0.37445068359375,0.0099999997764825,0.0034816336069614,0,0.5395545959472656,0.9899111111108913,0.9999777777775556,0.0007533704629167
vgg13_bn,4,0.01,0.1,0.0347733243194699,0.5449802279472351,0.5789356231689453,0.9413999999981172,0.996999999998006,0.984627902507782,0.1044783145189285,0.0974625796079635,0.1000000014901161,0.0004718005657196,0,0.0005,42297269_7,True,cifar10_vgg13_bn,0.984627902507782,0.0407774560153484,5.31412661075592e-06,0.5449802279472351,0.0099999997764825,0.0353818788016256,0,0.5789362788200378,0.9413999999981172,0.996999999998006,0.0974625572562217,0.0002249008684884,0.000214145227801,3.416603249206674e-07,0.5819318294525146,0.0099999997764825,0.0002247552961063,0,0.810293436050415,0.9999333333331112,0.9999999999997778,1.0216575901722535e-05
shufflenetv2_x2_0,4,2.0,0.1,0.0294902176448773,0.6083838939666748,0.6799758672714233,0.9387999999981224,0.9973999999980052,1.1830655336380005,0.1061597466468811,0.0788766667246818,0.1000000014901161,0.0003856644034385,0,0.0005,42297269_11,True,cifar10_shufflenetv2_x2_0,1.1830655336380005,0.3956383466720581,0.1127998828887939,0.60838383436203,2.0,0.0292130990739132,0,0.6799758672714233,0.9387999999981224,0.9973999999980052,0.0788766667246818,0.0001273007801501,0.0001472331496188,2.285870141349733e-05,0.6813673377037048,2.0,0.0001271425605876,0,0.7189593315124512,0.999822222222,0.9999999999997778,1.2478513781388756e-05
shufflenetv2_x2_0,3,0.001,0.1,0.0534040366963752,0.1382205486297607,0.2596358060836792,0.8675999999982649,0.9963999999980072,0.4905560314655304,0.2255375832319259,0.3697447776794433,0.1000000014901161,0.0017686188220977,0,0.0005,42297269_0,True,cifar10_shufflenetv2_x2_0,0.4905560314655304,0.0267470423132181,1.3211392797529695e-06,0.1382207572460174,0.0010000000474974,0.053327562260786,0,0.2596358060836792,0.8675999999982649,0.9963999999980072,0.3697448074817657,0.0428168065845966,0.0050911614671349,8.551360224373639e-07,0.1985785067081451,0.0010000000474974,0.0428287429731896,0,0.297228455543518,0.8872222222220251,0.998599999999778,0.0139582995325326
shufflenetv2_x2_0,5,0.001,0.1,0.0294093534203348,0.3420736789703369,0.4347403347492218,0.9257999999981484,0.9973999999980052,0.6434361338615417,0.1526817083358764,0.1916934549808502,0.1000000014901161,0.0009156838059425,0,0.0005,42297269_12,True,cifar10_shufflenetv2_x2_0,0.6434361338615417,0.0191066823899745,6.596674211323261e-07,0.3420738577842712,0.0010000000474974,0.0291325978789101,0,0.4347400963306427,0.9257999999981484,0.9973999999980052,0.191693440079689,0.0046275588683784,0.0011679489398375,-1.4081251720199361e-07,0.4183959662914276,0.0010000000474974,0.0046286601782263,0,0.8059866428375244,0.9850444444442256,0.9999999999997778,0.000789679470472
shufflenetv2_x2_0,0,0.0,0.1,0.0301893733290882,0.6228157877922058,0.6921356916427612,0.9433999999981132,0.9973999999980052,1.2105792760849,0.1069109514355659,0.0784755200147628,0.1000000014901161,0.0003838017582893,0,0.0005,42297321,True,cifar10_shufflenetv2_x2_0,1.2105792760849,0.000317691854434,0.0,0.6228154897689819,0.0,0.0302197358419894,0,0.6921350955963135,0.9433999999981132,0.9973999999980052,0.0784755200147628,0.0001924196258187,5.668131507263752e-06,0.0,0.6908782720565796,0.0,0.0001921804686056,0,0.8160679340362549,0.9994222222220002,0.9999999999997778,3.015293987118639e-05
shufflenetv2_x2_0,3,1.0,0.1,0.0404373586906961,0.1506955027580261,0.2512111067771911,0.8983999999982032,0.996999999998006,0.4282519519329071,0.1958801746368408,0.2954558134078979,0.1000000014901161,0.0014118887484073,0,0.0005,42297269_4,True,cifar10_shufflenetv2_x2_0,0.4282519519329071,0.3642152845859528,0.1003386676311492,0.1506954133510589,1.0,0.0398522887179669,0,0.2512116432189941,0.8983999999982032,0.996999999998006,0.2954558134078979,0.0224178861826658,0.0224256459623575,0.0021904539316892,0.2170825600624084,1.0,0.0224167984654158,0,0.3417776823043823,0.9325777777775706,0.9998666666664444,0.0048928917385637
shufflenetv2_x2_0,4,0.01,0.1,0.0328698117121617,0.6232159733772278,0.6937798261642456,0.9395999999981208,0.9977999999980044,1.2269461154937744,0.1051586270332336,0.0780863165855407,0.1000000014901161,0.0003820583224296,0,0.0005,42297269_7,True,cifar10_shufflenetv2_x2_0,1.2269461154937744,0.0371893905103206,4.254281520843506e-06,0.6232160329818726,0.0099999997764825,0.0322341562087595,0,0.6937798261642456,0.9395999999981208,0.9977999999980044,0.0780863165855407,0.0001564738922752,0.0001565041602589,6.110645927037694e-07,0.6952381730079651,0.0099999997764825,0.000156279413108,0,0.7235698699951172,0.9995555555553336,0.9999999999997778,2.104314808093477e-05
shufflenetv2_x2_0,4,0.1,0.1,0.0334969279654477,0.6202061176300049,0.6968660950660706,0.9373999999981252,0.9973999999980052,1.225433588027954,0.1058136746287345,0.0808790251612663,0.1000000014901161,0.0003948435187339,0,0.0005,42297269_8,True,cifar10_shufflenetv2_x2_0,1.225433588027954,0.1058136746287346,0.0003948435187339,0.6202062964439392,0.1000000014901161,0.0336215786002106,0,0.6968666315078735,0.9373999999981252,0.9973999999980052,0.0808790251612663,0.0001406494993716,0.000141581025673,7.135095074772835e-07,0.6925222873687744,0.1000000014901161,0.0001405117790128,0,0.7232241630554199,0.9997111111108892,0.9999999999997778,1.7126212696894072e-05
shufflenetv2_x2_0,5,0.01,0.1,0.0304512579773102,0.312614381313324,0.4222330749034881,0.9283999999981432,0.9963999999980072,0.5982738733291626,0.162587970495224,0.2215896397829055,0.1000000014901161,0.0010553039610385,0,0.0005,42297269_13,True,cifar10_shufflenetv2_x2_0,0.5982738137245178,0.0615462213754653,1.0829884558916092e-05,0.312614232301712,0.0099999997764825,0.0300587890519409,0,0.4222332835197449,0.9283999999981432,0.9963999999980072,0.2215896397829056,0.0041029113344848,0.0028325014282017,2.1114828996360305e-08,0.4002908170223236,0.0099999997764825,0.004102438635129,0,0.8122830390930176,0.987555555555336,0.9999999999997778,0.0006900331936776
shufflenetv2_x2_0,4,0.5,0.1,0.0330149862750202,0.6220952868461609,0.6981782913208008,0.9397999999981204,0.9973999999980052,1.2238610982894895,0.1114623546600341,0.0839740931987762,0.1000000014901161,0.0004111602902412,0,0.0005,42297269_9,True,cifar10_shufflenetv2_x2_0,1.2238610982894895,0.2295629233121872,0.0094663500785827,0.6220952868461609,0.5,0.0327296431012716,0,0.6981781721115112,0.9397999999981204,0.9973999999980052,0.0839740931987762,0.0001461018982809,0.0001510372094344,2.4790497263893485e-06,0.6918028593063354,0.5,0.0001461398751768,0,0.7231510877609253,0.9995555555553336,0.9999999999997778,2.091427995765116e-05
shufflenetv2_x2_0,5,1.0,0.1,0.0266112459224771,0.3726216554641723,0.4665086269378662,0.9375999999981248,0.9975999999980047,0.6674625873565674,0.1449960619211197,0.175445020198822,0.1000000014901161,0.0008387863636016,0,0.0005,42297269_16,True,cifar10_shufflenetv2_x2_0,0.6674625873565674,0.3276899755001068,0.0607392787933349,0.3726216554641723,1.0,0.0264861578920673,0,0.4665083289146423,0.9375999999981248,0.9975999999980047,0.175445020198822,0.0017085836734622,0.0017182651208713,9.973510168492794e-05,0.4533035159111023,1.0,0.0017069752572856,0,0.6104831695556641,0.99511111111089,0.9999999999997778,0.0002108645858243
shufflenetv2_x2_0,5,0.1,0.1,0.0294291687516498,0.3260170519351959,0.3949071764945984,0.9263999999981472,0.9967999999980064,0.6190024018287659,0.1567117273807525,0.2044979184865951,0.1000000014901161,0.0009766668081283,0,0.0005,42297269_14,True,cifar10_shufflenetv2_x2_0,0.6190024018287659,0.1567117869853973,0.0009766668081283,0.3260171115398407,0.1000000014901161,0.0295735344142865,0,0.3949075639247894,0.9263999999981472,0.9967999999980064,0.2044979035854339,0.0037853512912988,0.0037858088035136,3.741122782230377e-06,0.4178937375545501,0.1000000014901161,0.0037825444386313,0,0.5823709964752197,0.9877111111108916,0.9999999999997778,0.0006061675376258
shufflenetv2_x2_0,3,2.0,0.1,0.0359579530364789,0.1498890817165374,0.2481140494346618,0.9075999999981847,0.9981999999980036,0.4022802412509918,0.1849809736013412,0.2787446081638336,0.1000000014901161,0.0013257451355457,0,0.0005,42297269_5,True,cifar10_shufflenetv2_x2_0,0.4022802114486694,0.3694247901439667,0.2765991687774658,0.1498889625072479,2.0,0.0354223767118367,0,0.2481142282485962,0.9075999999981847,0.9981999999980036,0.2787446081638336,0.0141445994377136,0.0141628822311759,0.0040763616561889,0.2278434038162231,2.0,0.0141410679093316,0,0.8130796551704407,0.956644444444232,0.9999999999997778,0.0023912417236715
shufflenetv2_x2_0,3,0.1,0.1,0.0515694182108285,0.1374182999134063,0.3060995936393738,0.8717999999982564,0.9963999999980072,0.4776042699813843,0.2214720249176025,0.3631057441234588,0.1000000014901161,0.0017342045903205,0,0.0005,42297269_2,True,cifar10_shufflenetv2_x2_0,0.4776042699813843,0.2214719653129577,0.0017342008650302,0.1374185681343078,0.1000000014901161,0.0512046009046116,0,0.3060995638370514,0.8717999999982564,0.9963999999980072,0.3631057441234588,0.0388930924236774,0.0325363874435424,6.126053631305695e-05,0.2006552666425705,0.1000000014901161,0.0388906657864171,0,0.3023613095283508,0.8959777777775787,0.9988444444442224,0.0123269343748688
shufflenetv2_x2_0,3,0.5,0.1,0.0430705462367056,0.1533505171537399,0.2530998587608337,0.8933999999982132,0.996999999998006,0.4462378919124603,0.2040514051914215,0.3179708123207092,0.1000000014901161,0.0015177130699157,0,0.0005,42297269_3,True,cifar10_shufflenetv2_x2_0,0.4462378919124603,0.3377775549888611,0.0320226401090621,0.1533507108688354,0.5,0.0433873302086317,0,0.2531000971794128,0.8933999999982132,0.996999999998006,0.3179708421230316,0.0288219470530748,0.0288243517279624,0.0008831033483147,0.2135501503944397,0.5,0.0288123882740282,0,0.332602322101593,0.9198888888886844,0.9995111111108892,0.0076028164476156
shufflenetv2_x2_0,4,1.0,0.1,0.0340202497148285,0.6147270798683167,0.689328670501709,0.9395999999981208,0.9977999999980044,1.202675700187683,0.1103689223527908,0.0850579217076301,0.1000000014901161,0.0004164651036262,0,0.0005,42297269_10,True,cifar10_shufflenetv2_x2_0,1.2026758193969729,0.3033102452754974,0.0347356796264648,0.6147271394729614,1.0,0.0330655198378936,0,0.6893288493156433,0.9395999999981208,0.9977999999980044,0.0850579217076301,0.0001393407583236,0.0001492799783591,1.1548399925231934e-05,0.687506914138794,1.0,0.0001392126074128,0,0.7202520370483398,0.9996444444442224,0.9999999999997778,2.4177395971491933e-05
shufflenetv2_x2_0,4,0.001,0.1,0.0309617649143352,0.6272339224815369,0.6987413167953491,0.9407999999981184,0.9981999999980036,1.2367219924926758,0.104840911924839,0.076288528740406,0.1000000014901161,0.0003735423088073,0,0.0005,42297269_6,True,cifar10_shufflenetv2_x2_0,1.2367219924926758,0.0121222520247101,-1.935986801981926e-07,0.6272338032722473,0.0010000000474974,0.0313732869766248,0,0.6987411975860596,0.9407999999981184,0.9981999999980036,0.076288528740406,0.0001498141064075,0.000127169128973,1.4981412732595345e-07,0.6978418231010437,0.0010000000474974,0.0001496279106837,0,0.7240368127822876,0.999622222222,0.9999999999997778,2.297394530614838e-05
shufflenetv2_x2_0,5,0.5,0.1,0.027307949667181,0.358793705701828,0.4701473116874695,0.9343999999981312,0.9977999999980044,0.6535767912864685,0.1511620581150055,0.1887970864772796,0.1000000014901161,0.0009007453918457,0,0.0005,42297269_15,True,cifar10_shufflenetv2_x2_0,0.6535767912864685,0.27298703789711,0.0190977752208709,0.3587934970855713,0.5,0.0271587575650021,0,0.4701475799083709,0.9343999999981312,0.9977999999980044,0.1887970864772797,0.0024138027802109,0.0024184226058423,4.341872408986091e-05,0.4431825280189514,0.5,0.0024146686047259,0,0.5957880020141602,0.9923999999997796,0.9999999999997778,0.0003569824039004
shufflenetv2_x2_0,5,2.0,0.1,0.0283576674617599,0.368269681930542,0.465331107378006,0.9293999999981412,0.9977999999980044,0.6816965937614441,0.1560427099466323,0.1867789328098297,0.1000000014901161,0.00089842826128,0,0.0005,42297269_17,True,cifar10_shufflenetv2_x2_0,0.6816965937614441,0.4477847516536712,0.2162827253341674,0.3682697713375091,2.0,0.0277557974542479,0,0.4653308093547821,0.9293999999981412,0.9977999999980044,0.1867789477109909,0.0011599421268329,0.0011797138722613,0.0002361058723181,0.4649297595024109,2.0,0.0011592022764307,0,0.6269090175628662,0.9968666666664452,0.9999999999997778,0.0001309000799665
shufflenetv2_x2_0,3,0.01,0.1,0.0524287190026161,0.1378795355558395,0.2464019656181335,0.867999999998264,0.9965999999980067,0.4883420765399933,0.2254759669303894,0.3690933585166931,0.1000000014901161,0.0017656125128269,0,0.0005,42297269_1,True,cifar10_shufflenetv2_x2_0,0.4883420765399933,0.0813671424984932,1.8727965652942657e-05,0.1378795057535171,0.0099999997764825,0.0525376641860176,0,0.2464017868041992,0.867999999998264,0.9965999999980067,0.3690933585166931,0.0411861613392829,0.0145557690411806,8.279748726636171e-07,0.1992191076278686,0.0099999997764825,0.0411824273895779,0,0.2998954653739929,0.8919555555553574,0.998688888888667,0.0135992392897605
vgg11_bn,4,0.01,0.1,0.047681096172334,0.5187034010887146,0.5618953704833984,0.9241999999981516,0.9963999999980072,0.9863184094429016,0.1332850307226181,0.140080064535141,0.1000000014901161,0.00067900121212,0,0.0005,42297269_7,True,cifar10_vgg11_bn,0.9863186478614808,0.0496316365897655,7.914379239082336e-06,0.5187028646469116,0.0099999997764825,0.0469272884305623,0,0.5618956089019775,0.9241999999981516,0.9963999999980072,0.1400801390409469,0.0003254787879996,0.000309252354782,3.937648216378875e-07,0.5640262961387634,0.0099999997764825,0.0003255886446989,0,0.8066727519035339,0.9998444444442224,0.9999999999997778,2.150831278413534e-05
vgg11_bn,4,0.001,0.1,0.0468772500519016,0.5173622965812683,0.5467873811721802,0.9255999999981488,0.995999999998008,0.9798696041107178,0.1339678764343261,0.1406983137130737,0.1000000014901161,0.0006816610693931,0,0.0005,42297269_6,True,cifar10_vgg11_bn,0.9798696041107178,0.0164585467427968,4.461035132408142e-07,0.5173622369766235,0.0010000000474974,0.0467503178630965,0,0.5467875003814697,0.9255999999981488,0.995999999998008,0.1406982094049453,0.0003336279769428,0.0001701826549833,3.33628008775122e-07,0.5599296689033508,0.0010000000474974,0.0003337797112848,0,0.7124490737915039,0.9998444444442224,0.9999999999997778,3.195943281752989e-05
vgg11_bn,3,0.1,0.1,0.066678301956693,0.1772652864456176,0.2505454421043396,0.8403999999983193,0.9945999999980109,0.6190567016601562,0.2409357875585556,0.4062581658363342,0.1000000014901161,0.001948170363903,0,0.0005,42297269_2,True,cifar10_vgg11_bn,0.6190567016601562,0.2409356832504272,0.001948170363903,0.1772653460502624,0.1000000014901161,0.0656861865564575,0,0.2505457401275635,0.8403999999983193,0.9945999999980109,0.4062580168247223,0.0633523762226104,0.0511569045484066,0.0001449380069971,0.2255532145500183,0.1000000014901161,0.0633397097663355,0,0.3035969734191894,0.8528888888886994,0.9941555555553347,0.0296848006546497
vgg11_bn,4,2.0,0.1,0.0437321067569046,0.4973428249359131,0.5309181213378906,0.9263999999981472,0.9967999999980064,0.9319226145744324,0.1389326304197311,0.1494648456573486,0.1000000014901161,0.0007240027189254,0,0.0005,42297269_11,True,cifar10_vgg11_bn,0.931922733783722,0.4000600576400757,0.1780534982681274,0.4973422288894654,2.0,0.0437510750969045,0,0.5309171676635742,0.9263999999981472,0.9967999999980064,0.1494650244712829,0.0003445954644121,0.0003643973614089,4.069239366799593e-05,0.5382411479949951,2.0,0.0003442490379562,0,0.8017920255661011,0.999799999999778,0.9999999999997778,2.231042890343815e-05
vgg11_bn,5,2.0,0.1,0.0368182307856468,0.3244381546974182,0.3859979510307312,0.9151999999981696,0.9955999999980089,0.6386235356330872,0.1629617512226104,0.2195334434509277,0.1000000014901161,0.0010514557361602,0,0.0005,42297269_17,True,cifar10_vgg11_bn,0.6386232376098633,0.3970338106155395,0.2273540496826172,0.3244381844997406,2.0,0.0368764885516856,0,0.3859978914260864,0.9151999999981696,0.9955999999980089,0.2195331454277038,0.0018099626759067,0.0018296019406989,0.0004298847634345,0.3790152668952942,2.0,0.0018107083809276,0,0.8169305324554443,0.994999999999779,0.9999999999997778,0.0002470424224156
vgg11_bn,4,0.1,0.1,0.0428673375183583,0.5201560854911804,0.568922221660614,0.9301999999981396,0.9973999999980052,0.9696245789527892,0.1298216134309768,0.1327468901872635,0.1000000014901161,0.000644214451313,0,0.0005,42297269_8,True,cifar10_vgg11_bn,0.9696244597434998,0.1298217177391052,0.0006442070007324,0.5201558470726013,0.1000000014901161,0.0424256520133678,0,0.5689226388931274,0.9301999999981396,0.9973999999980052,0.1327468901872635,0.0002696537412703,0.0002704759244807,2.624929038574919e-07,0.5595887303352356,0.1000000014901161,0.0002696504054557,0,0.7171324491500854,0.9999555555553334,0.9999999999997778,1.1593425369937904e-05
vgg11_bn,5,0.1,0.1,0.0371052129939936,0.2760207056999206,0.3338367342948913,0.9127999999981744,0.9965999999980067,0.5723058581352234,0.169900581240654,0.2412522882223129,0.1000000014901161,0.0011516772210597,0,0.0005,42297269_14,True,cifar10_vgg11_bn,0.5723059177398682,0.1699007600545883,0.0011516846716403,0.2760209441184997,0.1000000014901161,0.0364005286064535,0,0.3338370323181152,0.9127999999981744,0.9965999999980067,0.2412527352571487,0.0047926502302289,0.0047930432483553,6.242597009986639e-06,0.3318486511707306,0.1000000014901161,0.0047919435155321,0,0.6088612675666809,0.9859333333331144,0.9999777777775556,0.0011295347940176
vgg11_bn,5,1.0,0.1,0.0364446624931263,0.3146882057189941,0.3891224265098572,0.9145999999981708,0.9965999999980067,0.6229070425033569,0.1625831723213195,0.2179795354604721,0.1000000014901161,0.0010438375174999,0,0.0005,42297269_16,True,cifar10_vgg11_bn,0.6229071021080017,0.3241045475006103,0.074683129787445,0.3146882951259613,1.0,0.0359147626727059,0,0.389123022556305,0.9145999999981708,0.9965999999980067,0.2179794907569885,0.0023721570614725,0.0023817557375878,0.0001739377621561,0.364552766084671,1.0,0.0023713734714602,0,0.5472931861877441,0.9932222222220016,0.9999999999997778,0.0003800598788075
vgg11_bn,3,0.01,0.1,0.0746397394313738,0.1711955219507217,0.2408050298690796,0.8267999999983464,0.990999999998018,0.6474230289459229,0.2523134648799896,0.4445654153823852,0.1000000014901161,0.002128817141056,0,0.0005,42297269_1,True,cifar10_vgg11_bn,0.6474230289459229,0.0898143872618675,2.262229099869728e-05,0.1711957603693008,0.0099999997764825,0.0740142788367941,0,0.2408045530319214,0.8267999999983464,0.990999999998018,0.4445655047893524,0.0739456564188003,0.0241945479065179,2.266315277665853e-06,0.2212962955236435,0.0099999997764825,0.0739609106105469,0,0.2938969731330871,0.8350222222220367,0.9919777777775574,0.0369242802262306
vgg11_bn,5,0.5,0.1,0.0376074771208778,0.3013709187507629,0.357764184474945,0.9153999999981692,0.9953999999980092,0.6014621257781982,0.1656173020601272,0.2300494015216827,0.1000000014901161,0.0010994672775268,0,0.0005,42297269_15,True,cifar10_vgg11_bn,0.6014623045921326,0.2686053216457367,0.023201435804367,0.3013704717159271,0.5,0.037306479625377,0,0.3577638864517212,0.9153999999981692,0.9953999999980092,0.2300495803356171,0.0032939496450126,0.0032984628342092,6.959750317037106e-05,0.3506013751029968,0.5,0.0032903758753523,0,0.5165154933929443,0.98979999999978,0.9999777777775556,0.0005832468159496
vgg11_bn,0,0.0,0.1,0.0467253104549968,0.5155308246612549,0.5522383451461792,0.9241999999981516,0.9961999999980076,0.9785867929458618,0.1333796679973602,0.1407306492328643,0.1000000014901161,0.0006821379065513,0,0.0005,42297321,True,cifar10_vgg11_bn,0.9785869121551514,0.0004229369515087,0.0,0.5155307650566101,0.0,0.0465114997467299,0,0.552238404750824,0.9241999999981516,0.9961999999980076,0.1407306492328643,0.000306356116198,2.6432639970153105e-06,0.0,0.5602242350578308,0.0,0.0003061124373399,0,0.8260577321052551,0.9998888888886668,0.9999999999997778,2.103254337271209e-05
vgg11_bn,3,2.0,0.1,0.0401104924068468,0.1877466738224029,0.3062698245048523,0.8981999999982037,0.9953999999980092,0.4821479022502899,0.1902945339679718,0.2919124066829681,0.1000000014901161,0.0013903304934501,0,0.0005,42297269_5,True,cifar10_vgg11_bn,0.4821479320526123,0.4023005366325378,0.2882680892944336,0.1877468973398209,2.0,0.0404361620343206,0,0.3062698245048523,0.8981999999982037,0.9953999999980092,0.2919125556945801,0.0158057697117328,0.0158241689205169,0.0061284080147743,0.2495299130678177,2.0,0.0158047371598463,0,0.4842455387115478,0.950822222222011,0.9998666666664444,0.0039483960717916
vgg11_bn,5,0.01,0.1,0.0370941841789383,0.2704286277294159,0.3316083550453186,0.9121999999981756,0.996999999998006,0.5620142221450806,0.1683056354522705,0.2369507700204849,0.1000000014901161,0.001131497323513,0,0.0005,42297269_13,True,cifar10_vgg11_bn,0.5620143413543701,0.0640710294246673,1.253793016076088e-05,0.2704290449619293,0.0099999997764825,0.0356021012932865,0,0.331608772277832,0.9121999999981756,0.996999999998006,0.2369510233402252,0.0053187664598226,0.0036284455563873,7.355811248999089e-07,0.3249131739139557,0.0099999997764825,0.0053185865515466,0,0.4864872992038727,0.9839777777775592,0.9999333333331112,0.0012174001894891
vgg11_bn,3,1.0,0.1,0.0458363741407094,0.1826548129320144,0.2561983466148376,0.887999999998224,0.9965999999980067,0.5051009058952332,0.2038770318031311,0.3213264942169189,0.1000000014901161,0.0015331916511058,0,0.0005,42297269_4,True,cifar10_vgg11_bn,0.5051011443138123,0.3831492066383362,0.1075076460838318,0.1826543509960174,1.0,0.0456012278567236,0,0.2561985850334167,0.887999999998224,0.9965999999980067,0.3213266432285309,0.0259557589888572,0.0259636100381612,0.003578744828701,0.2434213459491729,1.0,0.0259529366407783,0,0.3468188345432281,0.926577777777572,0.9992222222220002,0.0086471373215317
vgg11_bn,3,0.001,0.1,0.0718503616390988,0.1692213863134384,0.2561287879943847,0.8305999999983388,0.991999999998016,0.6314167976379395,0.2477232962846756,0.4297155141830444,0.1000000014901161,0.0020588487386703,0,0.0005,42297269_0,True,cifar10_vgg11_bn,0.6314168572425842,0.0288954470306634,1.0381336323916912e-06,0.1692215502262115,0.0010000000474974,0.0708227941412267,0,0.2561290860176086,0.8305999999983388,0.991999999998016,0.4297155737876892,0.0677158236503601,0.0078701926395297,4.954927135258913e-09,0.2170562446117401,0.0010000000474974,0.0677232457371049,0,0.2990052103996277,0.8445777777775901,0.9931777777775572,0.033297948539257
vgg11_bn,3,0.5,0.1,0.0536004241287927,0.1866171956062317,0.4886322617530823,0.8719999999982561,0.9953999999980092,0.5491770505905151,0.2181071192026138,0.3482353687286377,0.1000000014901161,0.0016673915088176,0,0.0005,42297269_3,True,cifar10_vgg11_bn,0.5491770505905151,0.3669638335704803,0.035519540309906,0.1866170763969421,0.5,0.0533579023288131,0,0.4886323809623718,0.8719999999982561,0.9953999999980092,0.3482351303100586,0.0396643094718456,0.0396665185689926,0.0017972197383642,0.2340364456176757,0.5,0.0396563690979869,0,0.3265858292579651,0.8982666666664672,0.997666666666445,0.0162161290645599
vgg11_bn,4,1.0,0.1,0.043957975298539,0.5071906447410583,0.5389417409896851,0.928999999998142,0.9971999999980056,0.9442883729934692,0.1336909383535385,0.1407572925090789,0.1000000014901161,0.0006817057728767,0,0.0005,42297269_10,True,cifar10_vgg11_bn,0.944288432598114,0.2923775911331177,0.0525667071342468,0.5071907043457031,1.0,0.0432619537941868,0,0.5389416217803955,0.928999999998142,0.9971999999980056,0.1407572031021118,0.0003728311858139,0.0003826424654107,1.3295968528836966e-05,0.5452461838722229,1.0,0.0003726367491146,0,0.8082342743873596,0.9998888888886668,0.9999999999997778,2.660629070305731e-05
vgg11_bn,5,0.001,0.1,0.0359965084871971,0.2665519118309021,0.3159394264221191,0.9113999999981772,0.9965999999980067,0.5601666569709778,0.16977559030056,0.2413547486066818,0.1000000014901161,0.0011527389287948,0,0.0005,42297269_12,True,cifar10_vgg11_bn,0.5601666569709778,0.0215162076056003,3.598397597670555e-07,0.266552060842514,0.0010000000474974,0.0357698247589135,0,0.315939724445343,0.9113999999981772,0.9965999999980067,0.2413545846939087,0.0056281220167875,0.0015617279568687,8.597512533015106e-07,0.3228563070297241,0.0010000000474974,0.0056277118323729,0,0.8181107044219971,0.983444444444226,0.9998888888886668,0.0015359693206846
vgg11_bn,4,0.5,0.1,0.0448808708003766,0.5094008445739746,0.5354324579238892,0.926999999998146,0.9965999999980067,0.9572476148605348,0.1347950100898742,0.1423388570547104,0.1000000014901161,0.0006892159581184,0,0.0005,42297269_9,True,cifar10_vgg11_bn,0.9572476148605348,0.2329899668693542,0.015267789363861,0.509400486946106,0.5,0.0443828589061015,0,0.5354321002960205,0.926999999998146,0.9965999999980067,0.1423388421535492,0.0003957773733418,0.000400588120101,5.246474756859243e-06,0.5511234402656555,0.5,0.0003974754077072,0,0.8059563636779785,0.9997555555553336,0.9999999999997778,3.913084219675511e-05
vgg19_bn,3,1.0,0.1,0.1317214920458221,0.1775801479816436,0.2286235094070434,0.6975999999986048,0.9861999999980277,0.961239457130432,0.2775170505046844,0.485127717256546,0.1000000014901161,0.0023434311151504,0,0.0005,42297269_4,True,cifar10_vgg19_bn,0.961239457130432,0.6756471991539001,0.1814318895339965,0.1775799989700317,1.0,0.1317475757834208,0,0.2286238670349121,0.6975999999986048,0.9861999999980277,0.485127717256546,0.1396563053131103,0.1373896449804306,0.0219185352325439,0.2068196535110473,1.0,0.1396440288226616,0,0.2642814517021179,0.6891777777776247,0.9849999999997812,0.0567616373300552
vgg19_bn,0,0.0,0.1,0.0335029763002071,0.5205087065696716,0.5716873407363892,0.936999999998126,0.996999999998006,0.9572123885154724,0.1031304746866226,0.1112981662154197,0.1000000014901161,0.0005350112915039,0,0.0005,42297321,True,cifar10_vgg19_bn,0.9572124481201172,0.0003496155259199,0.0,0.5205084085464478,0.0,0.0333965094593077,0,0.5716872215270996,0.936999999998126,0.996999999998006,0.1112981662154197,0.0003465266781859,3.748439439732465e-06,0.0,0.5858210325241089,0.0,0.0003461709811574,0,0.7088127136230469,0.9993555555553336,0.9999999999997778,4.997439100407064e-05
vgg19_bn,3,0.5,0.1,0.137636590680207,0.2326010465621948,0.3474869132041931,0.7091999999985816,0.980999999998038,1.0132454633712769,0.2572028338909149,0.4229575097560882,0.1000000014901161,0.0020279735326766,0,0.0005,42297269_3,True,cifar10_vgg19_bn,1.0132453441619873,0.5065979957580566,0.0447162389755249,0.23260098695755,0.5,0.1356881487436154,0,0.3474869728088379,0.7091999999985816,0.980999999998038,0.4229574203491211,0.1403573602437973,0.1254223138093948,0.0064760968089103,0.2178267985582351,0.5,0.1403640303257686,0,0.2564900517463684,0.7045777777776212,0.9829111111108928,0.0596811175346374
vgg19_bn,5,2.0,0.1,0.0319010965366598,0.3534649908542633,0.3804901838302612,0.9275999999981448,0.9955999999980089,0.6569082736968994,0.1290269047021865,0.1832152903079986,0.1000000014901161,0.0008676797151565,0,0.0005,42297269_17,True,cifar10_vgg19_bn,0.6569081544876099,0.2645890414714813,0.1641504764556884,0.3534654974937439,2.0,0.03156245284067,0,0.3804904222488403,0.9275999999981448,0.9955999999980089,0.1832151561975479,0.0018229708075523,0.0018426467431709,0.0006008595228195,0.4254190027713776,2.0,0.0018212512285446,0,0.5961958169937134,0.994288888888668,0.9999777777775556,0.0003624360542744
vgg19_bn,3,0.01,0.1,0.903865819717516,0.0429270714521408,0.0429270714521408,0.0951999999998096,0.4921999999990156,2.335692882537842,0.1061760112643241,0.0562866926193237,0.1000000014901161,0.0002824217081069,0,0.0005,42297269_1,True,cifar10_vgg19_bn,2.335692882537842,0.0336345545947551,3.350898623466492e-06,0.0429270714521408,0.0099999997764825,0.904541939044723,0,0.0429270714521408,0.0951999999998096,0.4921999999990156,0.0562867000699043,0.8995081186294556,0.0338951386511325,2.886168658733368e-06,0.0376406908035278,0.0099999997764825,0.8995215496045234,0,0.0376406908035278,0.100533333333311,0.5008666666665554,0.0572493746876716
vgg19_bn,4,0.5,0.1,0.0348910167638846,0.5075623989105225,0.5401604175567627,0.9371999999981256,0.9955999999980089,0.9289928674697876,0.1074997559189796,0.121326558291912,0.1000000014901161,0.000580757856369,0,0.0005,42297269_9,True,cifar10_vgg19_bn,0.9289931654930116,0.1674796789884567,0.0123567283153533,0.5075621604919434,0.5,0.0338264844211186,0,0.5401601791381836,0.9371999999981256,0.9955999999980089,0.1213268265128135,0.0003380817070137,0.0003428723139222,5.962545401416719e-06,0.5732077360153198,0.5,0.0003379317588459,0,0.7129155397415161,0.9995111111108892,0.9999999999997778,4.337174323154613e-05
vgg19_bn,5,0.1,0.1,0.0353116731914153,0.3011087477207184,0.3337201476097107,0.9211999999981576,0.9957999999980084,0.5864888429641724,0.1410812884569168,0.2162123471498489,0.1000000014901161,0.0010212026536464,0,0.0005,42297269_14,True,cifar10_vgg19_bn,0.5864887237548828,0.141081303358078,0.0010211989283561,0.3011082708835602,0.1000000014901161,0.0347612459038735,0,0.3337199091911316,0.9211999999981576,0.9957999999980084,0.2162121534347534,0.0058439569547772,0.0058443113230168,8.37643165141344e-06,0.3747621476650238,0.1000000014901161,0.0058388726234118,0,0.4998011887073517,0.9817555555553374,0.9998888888886668,0.0016922084614634
vgg19_bn,5,0.01,0.1,0.0336749074812242,0.3072113394737243,0.3356406688690185,0.9217999999981564,0.9953999999980092,0.5941116809844971,0.1382743120193481,0.2081859856843948,0.1000000014901161,0.0009833574295043,0,0.0005,42297269_13,True,cifar10_vgg19_bn,0.5941116809844971,0.0585102066397666,1.0215677320957184e-05,0.3072120547294616,0.0099999997764825,0.033731673547896,0,0.3356416225433349,0.9217999999981564,0.9953999999980092,0.2081859856843948,0.0068238088861107,0.0048955911770462,5.27215888723731e-07,0.3775242865085602,0.0099999997764825,0.0068206995111898,0,0.4976625144481659,0.9794888888886712,0.9997777777775556,0.0023061735555529
vgg19_bn,4,0.01,0.1,0.0340491093059256,0.5213973522186279,0.5755715370178223,0.9363999999981272,0.9957999999980084,0.961173415184021,0.103133238852024,0.1122515201568603,0.1000000014901161,0.0005391538143157,0,0.0005,42297269_7,True,cifar10_vgg19_bn,0.9611735939979552,0.0430246293544769,6.327405571937561e-06,0.521397590637207,0.0099999997764825,0.0337148679251777,0,0.5755714178085327,0.9363999999981272,0.9957999999980084,0.1122516542673111,0.0002942830324172,0.0002773733867798,8.180768418242226e-08,0.5876094102859497,0.0099999997764825,0.0002942016960852,0,0.7114894390106201,0.9996666666664444,0.9999999999997778,3.582870704121888e-05
vgg19_bn,5,0.5,0.1,0.0320867016751073,0.3274948894977569,0.3576293587684631,0.9257999999981484,0.9961999999980076,0.616470217704773,0.1329641193151474,0.1905042976140976,0.1000000014901161,0.0009017810225486,0,0.0005,42297269_15,True,cifar10_vgg19_bn,0.6164702773094177,0.189590185880661,0.0184364020824432,0.327495127916336,0.5,0.0316635030163459,0,0.3576291799545288,0.9257999999981484,0.9961999999980076,0.1905041486024856,0.0042294841259717,0.0042339344508945,0.0001272847875952,0.3976657688617706,0.5,0.0042311464492155,0,0.5274641513824463,0.9862888888886696,0.9999555555553334,0.001096217194572
vgg19_bn,3,2.0,0.1,0.0546335899929225,0.1946769505739212,0.2406599521636963,0.8705999999982588,0.993999999998012,0.5646876692771912,0.214676946401596,0.3626663386821747,0.1000000014901161,0.0017173774540424,0,0.0005,42297269_5,True,cifar10_vgg19_bn,0.5646878480911255,0.4671930968761444,0.3488829135894775,0.194676861166954,2.0,0.0545694632182859,0,0.2406602501869201,0.8705999999982588,0.993999999998012,0.362666517496109,0.031179305166006,0.0311964564025402,0.0150515958666801,0.2710885405540466,2.0,0.0311883065344994,0,0.3699673414230346,0.9135555555553526,0.9987111111108892,0.0108223967254161
vgg19_bn,4,0.1,0.1,0.0334707385693029,0.5182743668556213,0.5591906309127808,0.9383999999981232,0.9965999999980067,0.9463788866996764,0.1017995327711105,0.1115912571549415,0.1000000014901161,0.0005350187420845,0,0.0005,42297269_8,True,cifar10_vgg19_bn,0.9463787078857422,0.1017992794513702,0.0005350187420845,0.518274188041687,0.1000000014901161,0.0333157521505968,0,0.5591907501220703,0.9383999999981232,0.9965999999980067,0.1115911230444908,0.0003517912700772,0.0003525749198161,8.46852344693616e-07,0.5824791193008423,0.1000000014901161,0.0003513558426004,0,0.7120175361633301,0.9993555555553336,0.9999999999997778,4.359230661066249e-05
vgg19_bn,5,0.001,0.1,0.0348424636584651,0.2972510159015655,0.3275520801544189,0.9185999999981628,0.9957999999980084,0.588782787322998,0.1429474502801895,0.215303748846054,0.1000000014901161,0.0010179094970226,0,0.0005,42297269_12,True,cifar10_vgg19_bn,0.5887829065322876,0.0201763268560171,3.658933565020561e-07,0.2972507178783417,0.0010000000474974,0.0345264606005174,0,0.3275515437126159,0.9185999999981628,0.9957999999980084,0.2153038084506988,0.0075250626541674,0.0019918386824429,8.493429959344212e-07,0.3690768778324127,0.0010000000474974,0.007524966186448,0,0.4873236417770386,0.9769555555553384,0.999799999999778,0.0023852621670812
vgg19_bn,3,0.001,0.1,0.1864362775347268,0.1538834273815155,0.2593809366226196,0.6095999999987808,0.9771999999980456,1.164617896080017,0.297616571187973,0.5135126113891602,0.1000000014901161,0.002507247030735,0,0.0005,42297269_0,True,cifar10_vgg19_bn,1.164617896080017,0.0318224988877773,1.8172431737184525e-07,0.1538833677768707,0.0010000000474974,0.1861789911054502,0,0.2593810558319092,0.6095999999987808,0.9771999999980456,0.5135124921798706,0.2051667273044586,0.0133797852322459,1.2674718163907528e-07,0.151566743850708,0.0010000000474974,0.2051958145287815,0,0.1932944655418396,0.5934888888887571,0.971488888888673,0.093927226960659
vgg19_bn,4,2.0,0.1,0.0331463684162168,0.4892827868461609,0.5223258137702942,0.9335999999981328,0.9957999999980084,0.8976296782493591,0.1073244586586952,0.1251457184553146,0.1000000014901161,0.0005982294678688,0,0.0005,42297269_11,True,cifar10_vgg19_bn,0.8976296782493591,0.231830433011055,0.1250289678573608,0.4892831444740295,2.0,0.0331870455594573,0,0.5223262310028076,0.9335999999981328,0.9957999999980084,0.1251457035541534,0.0003371568163856,0.0003569456166587,6.77767675369978e-05,0.5593714118003845,2.0,0.0003368234229143,0,0.7072967886924744,0.9995111111108892,0.9999999999997778,4.070742579642683e-05
vgg19_bn,4,1.0,0.1,0.0324471524754353,0.502997636795044,0.5234639644622803,0.9353999999981292,0.9971999999980056,0.9198862314224244,0.1048256456851959,0.116452157497406,0.1000000014901161,0.0005589202046394,0,0.0005,42297269_10,True,cifar10_vgg19_bn,0.9198864102363586,0.1970585584640503,0.039889633655548,0.502997636795044,1.0,0.0323795411573875,0,0.5234638452529907,0.9353999999981292,0.9971999999980056,0.1164522096514701,0.0003471827949397,0.00035696462146,2.484087599441409e-05,0.5701401233673096,1.0,0.0003468758702525,0,0.7078682780265808,0.999399999999778,0.9999999999997778,5.624978803098202e-05
vgg19_bn,5,1.0,0.1,0.0302021192235735,0.3525612950325012,0.3795176148414612,0.9273999999981452,0.9965999999980067,0.6520277261734009,0.1246844008564949,0.1719005554914474,0.1000000014901161,0.0008154511451721,0,0.0005,42297269_16,True,cifar10_vgg19_bn,0.6520277857780457,0.1937574297189712,0.0545026659965515,0.3525611758232116,1.0,0.0304374738444192,0,0.3795179724693298,0.9273999999981452,0.9965999999980067,0.1719006150960922,0.0027895185630768,0.0027991023380309,0.0002784940879791,0.4214909374713897,1.0,0.0027892734507889,0,0.8072764277458191,0.99079999999978,0.9999999999997778,0.0006151917623355
vgg19_bn,4,0.001,0.1,0.0340675697491598,0.5186533331871033,0.5684357285499573,0.9401999999981197,0.995999999998008,0.944086492061615,0.1022729650139808,0.1140260472893714,0.1000000014901161,0.0005461052060127,0,0.0005,42297269_6,True,cifar10_vgg19_bn,0.9440866112709044,0.0146685158833861,-5.093170329928398e-08,0.518653392791748,0.0010000000474974,0.0338434005918264,0,0.568435549736023,0.9401999999981197,0.995999999998008,0.1140262186527252,0.0003134139406029,0.0001830199180403,3.134139774374489e-07,0.5813144445419312,0.0010000000474974,0.0003135096131904,0,0.7100557088851929,0.9994666666664448,0.9999999999997778,3.316821675980464e-05
vgg19_bn,3,0.1,0.1,0.9019315208455354,0.0162768065929412,0.0162768065929412,0.0951999999998096,0.4885999999990228,2.307141065597534,0.0327406413853168,0.005382970906794,0.1000000014901161,2.6971101760864254e-05,0,0.0005,42297269_2,True,cifar10_vgg19_bn,2.307141065597534,0.0327408164739608,2.697110176086425e-05,0.0162768065929412,0.1000000014901161,0.901889013793135,0,0.0162768065929412,0.0951999999998096,0.4885999999990228,0.005382970906794,0.8997942209243774,0.0326945334672927,2.694129943847656e-05,0.0109471753239631,0.1000000014901161,0.8997955941507217,0,0.0109471753239631,0.100533333333311,0.5012666666665553,0.005397381260991
mobilenetv2_x1_0,5,1.0,0.1,0.0290749980922699,0.3451330959796905,0.4172509014606476,0.9257999999981484,0.9971999999980056,0.645143985748291,0.1477825343608856,0.1816855072975158,0.1000000014901161,0.0008690431714057,0,0.0005,42297269_16,True,cifar10_mobilenetv2_x1_0,0.6451439261436462,0.3241321146488189,0.062839925289154,0.3451330363750458,1.0,0.0294013436736681,0,0.4172509610652923,0.9257999999981484,0.9971999999980056,0.1816854923963546,0.00593983521685,0.0059490911662578,0.0004600225947797,0.3927510380744934,1.0,0.0059437627625576,0,0.4988006055355072,0.9796222222220046,0.9999999999997778,0.0009914844995364
mobilenetv2_x1_0,0,0.0,0.1,0.0267306940496424,0.5764517784118652,0.6270480751991272,0.9417999999981164,0.9975999999980047,1.0800310373306274,0.1078145951032638,0.0886205211281776,0.1000000014901161,0.0004315078258514,0,0.0005,42297321,True,cifar10_mobilenetv2_x1_0,1.0800310373306274,0.0002123438025591,0.0,0.5764518976211548,0.0,0.0270528241391071,0,0.6270483732223511,0.9417999999981164,0.9975999999980047,0.0886205211281776,0.0003901334712281,2.7900966870220145e-06,0.0,0.6234868764877319,0.0,0.0003904174187381,0,0.7094272375106812,0.9989555555553336,0.9999999999997778,5.256339500192553e-05
mobilenetv2_x1_0,4,0.001,0.1,0.0295578534567088,0.5763331055641174,0.6224691271781921,0.93999999999812,0.9967999999980064,1.0849168300628662,0.107726402580738,0.0911134108901023,0.1000000014901161,0.0004423037171363,0,0.0005,42297269_6,True,cifar10_mobilenetv2_x1_0,1.0849168300628662,0.0132011044770479,5.891779437661171e-07,0.5763333439826965,0.0010000000474974,0.0292733668668977,0,0.6224693059921265,0.93999999999812,0.9967999999980064,0.0911134108901024,0.0003896717389579,0.0002607748610898,3.896717544193962e-07,0.6244134306907654,0.0010000000474974,0.0003911708605558,0,0.710232138633728,0.9988444444442224,0.9999999999997778,5.552532456931658e-05
mobilenetv2_x1_0,4,2.0,0.1,0.0280017112241747,0.5519250631332397,0.618099570274353,0.9395999999981208,0.9983999999980032,1.0239609479904177,0.1134926825761795,0.100198857486248,0.1000000014901161,0.0004874095320701,0,0.0005,42297269_11,True,cifar10_mobilenetv2_x1_0,1.0239609479904177,0.3445345759391784,0.1276648044586181,0.5519252419471741,2.0,0.0281887201917043,0,0.618099570274353,0.9395999999981208,0.9983999999980032,0.100198857486248,0.0003871856897603,0.0004070876457262,8.677219739183784e-05,0.5946414470672607,2.0,0.0003873812644236,0,0.7050905227661133,0.9989777777775558,0.9999999999997778,4.8907564632827416e-05
mobilenetv2_x1_0,3,0.001,0.1,0.0681103581222086,0.1496310085058212,0.2189054489135742,0.83499999999833,0.9947999999980104,0.588458776473999,0.2475313693284988,0.4209016561508178,0.1000000014901161,0.0020221471786499,0,0.0005,42297269_0,True,cifar10_mobilenetv2_x1_0,0.588458776473999,0.0286169927567243,4.173489287495613e-08,0.1496311426162719,0.0010000000474974,0.0686625886365185,0,0.2189058661460876,0.83499999999833,0.9947999999980104,0.4209016561508178,0.0616167560219764,0.0066407965496182,5.816036718897521e-07,0.199455052614212,0.0010000000474974,0.0616327208558807,0,0.2764368653297424,0.8475555555553672,0.9957777777775566,0.0235145520418882
mobilenetv2_x1_0,5,0.001,0.1,0.0320943561222119,0.3257187008857727,0.3981033265590668,0.91999999999816,0.9963999999980072,0.6290802359580994,0.1511549353599548,0.1977998465299606,0.1000000014901161,0.0009430423378944,0,0.0005,42297269_12,True,cifar10_mobilenetv2_x1_0,0.6290802359580994,0.0194092132151126,6.089103408157825e-07,0.3257189691066742,0.0010000000474974,0.0323558696383881,0,0.3981037735939026,0.91999999999816,0.9963999999980072,0.1977998465299606,0.0119148716330528,0.0022417218424379,4.7078174247872084e-07,0.3637039363384247,0.0010000000474974,0.0119265199550106,0,0.8052407503128052,0.960644444444231,0.9999111111108888,0.0028125320095568
mobilenetv2_x1_0,4,1.0,0.1,0.0271858674338131,0.562099814414978,0.6197175979614258,0.9435999999981128,0.9973999999980052,1.036583423614502,0.1107813343405723,0.0953658670186996,0.1000000014901161,0.0004631578922271,0,0.0005,42297269_10,True,cifar10_mobilenetv2_x1_0,1.036583423614502,0.2662789821624756,0.0368638038635253,0.5620993375778198,1.0,0.0276604487422387,0,0.6197168827056885,0.9435999999981128,0.9973999999980052,0.0953658670186996,0.0003879783907905,0.000397874857299,2.272112760692835e-05,0.6046384572982788,1.0,0.0003877580925716,0,0.708469033241272,0.999088888888667,0.9999999999997778,4.852649362874217e-05
mobilenetv2_x1_0,3,0.01,0.1,0.066037597287955,0.1474071443080902,0.1990097761154174,0.8391999999983216,0.99499999999801,0.5782185196876526,0.2468430548906326,0.4238165020942688,0.1000000014901161,0.0020328685641288,0,0.0005,42297269_1,True,cifar10_mobilenetv2_x1_0,0.5782185196876526,0.0877758488059043,2.1992716938257217e-05,0.1474070250988006,0.0099999997764825,0.0671714748851373,0,0.1990094184875488,0.8391999999983216,0.99499999999801,0.4238165020942688,0.0581348910927772,0.0187477599829435,1.5148543752729893e-06,0.1980854570865631,0.0099999997764825,0.0581450562848776,0,0.2770813107490539,0.8530222222220327,0.9969777777775564,0.0217819064855575
mobilenetv2_x1_0,3,0.5,0.1,0.0554696552178076,0.164247065782547,0.3066698908805847,0.8651999999982696,0.9963999999980072,0.5305538773536682,0.2235272526741027,0.3568268120288849,0.1000000014901161,0.001712430268526,0,0.0005,42297269_3,True,cifar10_mobilenetv2_x1_0,0.530553936958313,0.3801078796386719,0.0367327332496643,0.1642468571662902,0.5,0.0558361185435421,0,0.3066699206829071,0.8651999999982696,0.9963999999980072,0.3568268120288849,0.0451196357607841,0.0451211743056774,0.0016362033784389,0.2135790437459945,0.5,0.0451272581149159,0,0.3001237511634826,0.8786888888886937,0.9985111111108892,0.0142555367201566
mobilenetv2_x1_0,4,0.1,0.1,0.0263936174901482,0.5776897668838501,0.6455643177032471,0.943999999998112,0.9985999999980028,1.0772777795791626,0.1082321107387542,0.0881848484277725,0.1000000014901161,0.0004289299249649,0,0.0005,42297269_8,True,cifar10_mobilenetv2_x1_0,1.0772777795791626,0.1082321107387542,0.0004289299249649,0.577689528465271,0.1000000014901161,0.0266315466591178,0,0.6455641984939575,0.943999999998112,0.9985999999980028,0.0881848484277725,0.0003885613696184,0.000389450637158,7.09165760781616e-07,0.6239516735076904,0.1000000014901161,0.0003885536790234,0,0.7098652124404907,0.9990222222220004,0.9999999999997778,4.964127219864167e-05
mobilenetv2_x1_0,3,2.0,0.1,0.0407221551780937,0.1854979693889618,0.2710367441177368,0.89499999999821,0.9965999999980067,0.4750690162181854,0.1882835775613784,0.2733930945396423,0.1000000014901161,0.0013080611824989,0,0.0005,42297269_5,True,cifar10_mobilenetv2_x1_0,0.4750690162181854,0.4078344404697418,0.2870649695396423,0.1854981184005737,2.0,0.0411361303906098,0,0.2710362672805786,0.89499999999821,0.9965999999980067,0.2733930945396423,0.0252885613590478,0.0253061056137084,0.0092782564461231,0.2379903197288513,2.0,0.0253060460340839,0,0.5102652311325073,0.9242666666664612,0.9998888888886668,0.0057707233354449
mobilenetv2_x1_0,4,0.01,0.1,0.0281749415536166,0.5860149264335632,0.6447732448577881,0.9441999999981115,0.9967999999980064,1.09855854511261,0.1068829372525215,0.0885087698698043,0.1000000014901161,0.0004303082823753,0,0.0005,42297269_7,True,cifar10_mobilenetv2_x1_0,1.09855854511261,0.0391510464251041,4.979781806468964e-06,0.5860148668289185,0.0099999997764825,0.028540022051593,0,0.6447731852531433,0.9441999999981115,0.9967999999980064,0.0885087624192237,0.000323133834172,0.0003231382870581,3.703153197420761e-07,0.6338475942611694,0.0099999997764825,0.00032402203187,0,0.8105257153511047,0.9991333333331114,0.9999999999997778,4.2030776967294514e-05
mobilenetv2_x1_0,3,0.1,0.1,0.0636145079190351,0.1551711410284042,0.2142786979675293,0.8447999999983105,0.9953999999980092,0.5700689554214478,0.2390027791261673,0.3964823186397552,0.1000000014901161,0.0019045397639274,0,0.0005,42297269_2,True,cifar10_mobilenetv2_x1_0,0.570068895816803,0.2390027791261673,0.0019045397639274,0.1551708430051803,0.1000000014901161,0.063756836360107,0,0.2142785191535949,0.8447999999983105,0.9953999999980092,0.3964823186397553,0.0570392906665802,0.0446291007101535,0.000101092737168,0.2041754126548767,0.1000000014901161,0.0570528954446749,0,0.2787551283836365,0.85519999999981,0.9969999999997784,0.0205842666327953
mobilenetv2_x1_0,4,0.5,0.1,0.026691763322493,0.5726788640022278,0.61854088306427,0.9433999999981132,0.9983999999980032,1.0633859634399414,0.1064666509628295,0.0884998068213462,0.1000000014901161,0.0004302039742469,0,0.0005,42297269_9,True,cifar10_mobilenetv2_x1_0,1.0633859634399414,0.1989789456129074,0.0096449851989746,0.5726787447929382,0.5,0.0271224332372087,0,0.6185407042503357,0.9433999999981132,0.9983999999980032,0.0884998142719268,0.0003845430910587,0.0003894335823133,6.3050538301467896e-06,0.6156124472618103,0.5,0.0003854368559373,0,0.8110783696174622,0.9990666666664448,0.9999999999997778,4.882195207756013e-05
mobilenetv2_x1_0,5,2.0,0.1,0.0296560251005725,0.3395954370498657,0.4390783309936523,0.9271999999981456,0.996999999998006,0.6384255886077881,0.1536280065774917,0.1971183121204376,0.1000000014901161,0.000941053032875,0,0.0005,42297269_17,True,cifar10_mobilenetv2_x1_0,0.6384255290031433,0.4147879183292389,0.2088087797164917,0.3395951390266418,2.0,0.0294657743854268,0,0.439078152179718,0.9271999999981456,0.996999999998006,0.1971182972192764,0.004364401102066,0.0043837549164891,0.0011108517646789,0.3917273879051209,2.0,0.0043648370897658,0,0.5246912240982056,0.9856666666664476,0.9999999999997778,0.0006308197625912
mobilenetv2_x1_0,5,0.5,0.1,0.0311019918725846,0.3399482071399688,0.4035419225692749,0.921999999998156,0.9971999999980056,0.6480713486671448,0.1506814062595367,0.1938423961400985,0.1000000014901161,0.0009243041276931,0,0.0005,42297269_15,True,cifar10_mobilenetv2_x1_0,0.6480712890625,0.2577223777770996,0.019515037536621,0.3399478793144226,0.5,0.0315047575934659,0,0.4035417437553406,0.921999999998156,0.9971999999980056,0.1938423812389373,0.0081258798018097,0.0081299450248479,0.0001786244101822,0.3861214518547058,0.5,0.0081289189754578,0,0.4883242845535278,0.9718222222220064,0.9999999999997778,0.0014891824685037
mobilenetv2_x1_0,3,1.0,0.1,0.0491490866743151,0.1616405248641967,0.4798941016197204,0.8711999999982576,0.9977999999980044,0.5069435834884644,0.2135930955410003,0.3314629197120666,0.1000000014901161,0.0015896670520305,0,0.0005,42297269_4,True,cifar10_mobilenetv2_x1_0,0.5069435238838196,0.4153124094009399,0.1152694821357727,0.1616404354572296,1.0,0.0497921857733913,0,0.4798941016197204,0.8711999999982576,0.9977999999980044,0.3314629197120666,0.0368602573871612,0.0368671379983425,0.0043971836566925,0.220804214477539,1.0,0.0368791733614635,0,0.3136498928070068,0.896622222222023,0.999599999999778,0.0101321032270789
mobilenetv2_x1_0,5,0.01,0.1,0.0317843084995969,0.3203447759151459,0.3719292283058166,0.912999999998174,0.996999999998006,0.6312032341957092,0.1519123166799545,0.189071238040924,0.1000000014901161,0.0009054690599441,0,0.0005,42297269_13,True,cifar10_mobilenetv2_x1_0,0.6312032341957092,0.0570815652608871,1.0151881724596024e-05,0.3203450441360473,0.0099999997764825,0.0321851987230784,0,0.3719293177127838,0.912999999998174,0.996999999998006,0.189071238040924,0.0120721934363245,0.0062494375742971,5.589827196672559e-07,0.3667065501213074,0.0099999997764825,0.0120808958460655,0,0.8023204803466797,0.9594888888886758,0.9999555555553334,0.0027900356799364
mobilenetv2_x1_0,5,0.1,0.1,0.0306531925532437,0.32480388879776,0.3879566788673401,0.9185999999981628,0.996999999998006,0.628402054309845,0.1527266949415207,0.1892150789499282,0.1000000014901161,0.0009076446294784,0,0.0005,42297269_14,True,cifar10_mobilenetv2_x1_0,0.628402054309845,0.1527266949415207,0.0009076446294784,0.3248037099838257,0.1000000014901161,0.0309494268925712,0,0.3879566788673401,0.9185999999981628,0.996999999998006,0.1892150789499282,0.0107603995129466,0.0107398023828864,1.173955388367176e-05,0.3656781017780304,0.1000000014901161,0.0107702615860529,0,0.8133522272109985,0.9644444444442302,0.9999555555553334,0.0023315811995416
shufflenetv2_x0_5,3,2.0,0.1,0.0581456239975833,0.1556696891784668,0.2357280254364013,0.8525999999982948,0.9957999999980084,0.5383351445198059,0.2254192680120468,0.3594654202461242,0.1000000014901161,0.0017237998545169,0,0.0005,42297269_5,True,cifar10_shufflenetv2_x0_5,0.5383351445198059,0.4964955747127533,0.3885966539382934,0.1556697189807891,2.0,0.0574999032254609,0,0.2357276082038879,0.8525999999982948,0.9957999999980084,0.3594654202461242,0.0456792116165161,0.0456953272223472,0.0192873477935791,0.2189809679985046,2.0,0.0456846164598164,0,0.3061035871505737,0.8763555555553608,0.998999999999778,0.012607367709279
shufflenetv2_x0_5,4,0.01,0.1,0.0393522932928734,0.3250859081745147,0.4454368352890014,0.9081999999981836,0.9963999999980072,0.6853368282318115,0.1883344501256942,0.2701694667339325,0.1000000014901161,0.0012920051813125,0,0.0005,42297269_7,True,cifar10_shufflenetv2_x0_5,0.6853368282318115,0.068908616900444,1.3615470379590988e-05,0.3250856399536133,0.0099999997764825,0.0390054832017599,0,0.4454364478588104,0.9081999999981836,0.9963999999980072,0.2701694667339325,0.0043553956784307,0.0028245248831808,6.386180757544935e-07,0.4179076254367829,0.0099999997764825,0.0043591557713711,0,0.5767726898193359,0.9861555555553364,0.9999999999997778,0.0006390293128788
shufflenetv2_x0_5,4,0.1,0.1,0.0389476103513409,0.3048523366451263,0.4200399518013,0.9101999999981796,0.995999999998008,0.6423413157463074,0.1858452558517456,0.2693462371826172,0.1000000014901161,0.0012859031558036,0,0.0005,42297269_8,True,cifar10_shufflenetv2_x0_5,0.6423413157463074,0.1858453005552292,0.0012859031558036,0.3048519790172577,0.1000000014901161,0.0386481380828199,0,0.4200398325920105,0.9101999999981796,0.995999999998008,0.2693462371826172,0.0051420307718217,0.0051422812975943,3.987341187894344e-06,0.3953324556350708,0.1000000014901161,0.0051520618287014,0,0.5473675727844238,0.98448888888867,0.9999999999997778,0.0007634138455614
shufflenetv2_x0_5,5,0.5,0.1,0.0459678832211728,0.158873826265335,0.2371571063995361,0.8811999999982376,0.9975999999980047,0.4800369143486023,0.2073827385902404,0.3223243057727813,0.1000000014901161,0.0015406794846057,0,0.0005,42297269_15,True,cifar10_shufflenetv2_x0_5,0.4800369143486023,0.3470273315906524,0.0327068269252777,0.1588738560676574,0.5,0.0451814907377058,0,0.2371569871902465,0.8811999999982376,0.9975999999980047,0.3223243057727813,0.0259859450161457,0.0259884670376777,0.0007115546613931,0.2290671616792678,0.5,0.0259913760804704,0,0.3349933624267578,0.923711111110906,0.9997777777775556,0.0060458360239863
shufflenetv2_x0_5,3,0.5,0.1,0.0707639392111533,0.1507697403430938,0.3653247356414795,0.8243999999983512,0.9947999999980104,0.6092597246170044,0.247852012515068,0.416113942861557,0.1000000014901161,0.0020013004541397,0,0.0005,42297269_3,True,cifar10_shufflenetv2_x0_5,0.6092597246170044,0.4411731958389282,0.0432868599891662,0.1507695615291595,0.5,0.0699812212609025,0,0.3653247356414795,0.8243999999983512,0.9947999999980104,0.4161140024662018,0.0642409697175026,0.0642413794994354,0.0025699324905872,0.2060537189245224,0.5,0.0642444418537418,0,0.279352605342865,0.8400888888887023,0.9963777777775564,0.0226667039096355
shufflenetv2_x0_5,3,1.0,0.1,0.0677252884615587,0.1551629602909088,0.2551292777061462,0.8395999999983208,0.99499999999801,0.5874580144882202,0.2440682053565979,0.4126375019550323,0.1000000014901161,0.0019793026149272,0,0.0005,42297269_4,True,cifar10_shufflenetv2_x0_5,0.5874580144882202,0.4976569712162018,0.1440681219100952,0.1551631093025207,1.0,0.0674885157158294,0,0.2551292777061462,0.8395999999983208,0.99499999999801,0.4126375019550323,0.0557385832071304,0.0557442754507064,0.0074511915445327,0.2133644372224807,1.0,0.0557512029423451,0,0.2892220616340637,0.8561999999998098,0.997955555555334,0.0175919327884912
shufflenetv2_x0_5,5,0.1,0.1,0.0473505234109041,0.1703196763992309,0.2593218684196472,0.8795999999982408,0.9977999999980044,0.5016920566558838,0.2082234174013137,0.3287884891033172,0.1000000014901161,0.0015699639916419,0,0.0005,42297269_14,True,cifar10_shufflenetv2_x0_5,0.5016920566558838,0.2082233726978302,0.0015699677169322,0.1703200042247772,0.1000000014901161,0.0468892756615081,0,0.2593222856521606,0.8795999999982408,0.9977999999980044,0.3287885189056396,0.0276691243052482,0.0244067814201116,3.654300235211849e-05,0.2374485433101654,0.1000000014901161,0.0276756335499804,0,0.3327728509902954,0.9180666666664627,0.9996888888886668,0.0073162717744708
shufflenetv2_x0_5,3,0.001,0.1,0.0832313162789824,0.1364661753177642,0.1878493428230285,0.8065999999983868,0.9933999999980132,0.6521627902984619,0.2705761194229126,0.4911180436611175,0.1000000014901161,0.0023576989769935,0,0.0005,42297269_0,True,cifar10_shufflenetv2_x0_5,0.6521627902984619,0.030949268490076,8.032657206058502e-07,0.1364662647247314,0.0010000000474974,0.082541552331006,0,0.1878494620323181,0.8065999999983868,0.9933999999980132,0.4911180436611175,0.0763433724641799,0.0074854609556496,4.94328560307622e-08,0.190917283296585,0.0010000000474974,0.0763497408647735,0,0.2505677342414856,0.8181111111109294,0.9940222222220014,0.029741421341896
shufflenetv2_x0_5,4,0.001,0.1,0.039830259213798,0.3266557157039642,0.424079418182373,0.9081999999981836,0.9957999999980084,0.6830493807792664,0.1870253682136535,0.2662422955036163,0.1000000014901161,0.0012730807065963,0,0.0005,42297269_6,True,cifar10_shufflenetv2_x0_5,0.6830493807792664,0.0226194318383932,2.1868618205189705e-07,0.3266555964946747,0.0010000000474974,0.0395685991074487,0,0.4240791797637939,0.9081999999981836,0.9957999999980084,0.2662423253059387,0.0046718213707208,0.0010860001202672,-9.655013855081053e-08,0.4164712429046631,0.0010000000474974,0.0046747766312767,0,0.8038833141326904,0.9853999999997812,0.9999999999997778,0.0006679693469777
shufflenetv2_x0_5,4,2.0,0.1,0.038862837831616,0.2257760763168335,0.326043963432312,0.9047999999981904,0.9971999999980056,0.5215978622436523,0.1888473629951477,0.2829563319683075,0.1000000014901161,0.0013489760458469,0,0.0005,42297269_11,True,cifar10_shufflenetv2_x0_5,0.5215978622436523,0.4451384246349334,0.2878775596618652,0.2257762402296066,2.0,0.0386635726124445,0,0.3260442614555359,0.9047999999981904,0.9971999999980056,0.2829563319683075,0.0061960811726748,0.006215123925358,0.0014039268717169,0.3137208819389343,2.0,0.0062037142947897,0,0.4647621810436249,0.9821777777775595,0.9999999999997778,0.0007899926276877
shufflenetv2_x0_5,4,0.5,0.1,0.0379474880915387,0.2976886928081512,0.4228308200836181,0.910999999998178,0.9961999999980076,0.6264780163764954,0.1855549663305282,0.2709360420703888,0.1000000014901161,0.0012912601232528,0,0.0005,42297269_9,True,cifar10_shufflenetv2_x0_5,0.6264780163764954,0.329063355922699,0.0271796286106109,0.2976883947849273,0.5,0.0374561170860108,0,0.422830581665039,0.910999999998178,0.9961999999980076,0.2709360420703888,0.0046425596810877,0.0046468419022858,7.633049972355366e-05,0.3885031342506408,0.5,0.004645580706711,0,0.8125147819519043,0.98588888888867,0.9999999999997778,0.0006304667331278
shufflenetv2_x0_5,5,0.01,0.1,0.0515866778533017,0.172915369272232,0.2535548806190491,0.8731999999982536,0.9973999999980052,0.5262697339057922,0.2173301875591278,0.3512610197067261,0.1000000014901161,0.0016788281500339,0,0.0005,42297269_13,True,cifar10_shufflenetv2_x0_5,0.5262697339057922,0.0791265591979026,1.7488375306129456e-05,0.1729154288768768,0.0099999997764825,0.0505365213126581,0,0.2535550594329834,0.8731999999982536,0.9973999999980052,0.3512610197067261,0.0310962833464145,0.0117564164102077,1.018692273646593e-06,0.2323032915592193,0.0099999997764825,0.0311039196182657,0,0.3293924927711487,0.911133333333131,0.9993555555553336,0.0089498460292816
shufflenetv2_x0_5,5,1.0,0.1,0.0445910462886657,0.1656957864761352,0.3255098164081573,0.8893999999982212,0.996999999998006,0.4741235375404358,0.2031824886798858,0.3238417506217956,0.1000000014901161,0.0015406161546707,0,0.0005,42297269_16,True,cifar10_shufflenetv2_x0_5,0.4741235375404358,0.386364072561264,0.1068997979164123,0.16569584608078,1.0,0.0441376611369697,0,0.3255098164081573,0.8893999999982212,0.996999999998006,0.3238417506217956,0.0201118178665637,0.020119683817029,0.0018241591751575,0.2409185171127319,1.0,0.0201117169968363,0,0.3552860617637634,0.937422222222014,0.9999999999997778,0.0040363827720284
shufflenetv2_x0_5,5,0.001,0.1,0.0513776566576369,0.1764391958713531,0.2536673545837402,0.8773999999982453,0.99499999999801,0.5212268233299255,0.214192509651184,0.3497296869754791,0.1000000014901161,0.0016675852239131,0,0.0005,42297269_12,True,cifar10_shufflenetv2_x0_5,0.5212268233299255,0.0259587261825799,5.20667526870966e-07,0.1764393001794815,0.0010000000474974,0.0512241546739817,0,0.2536672949790954,0.8773999999982453,0.99499999999801,0.3497296869754791,0.0301353074610233,0.0039656120352447,5.714064172934741e-07,0.2384272366762161,0.0010000000474974,0.0301356978528012,0,0.3302578330039978,0.9145555555553524,0.9996444444442224,0.0085186678916215
shufflenetv2_x0_5,3,0.01,0.1,0.0820791080183667,0.1354643106460571,0.2075567245483398,0.8045999999983908,0.993999999998012,0.6472203135490417,0.2677052319049835,0.4785112142562866,0.1000000014901161,0.0022992715239524,0,0.0005,42297269_1,True,cifar10_shufflenetv2_x0_5,0.6472203135490417,0.0937577113509178,2.440996468067169e-05,0.1354643106460571,0.0099999997764825,0.0815318462962544,0,0.2075564861297607,0.8045999999983908,0.993999999998012,0.4785111248493194,0.0823505669832229,0.0233988743275404,2.392043825238943e-06,0.1888971030712127,0.0099999997764825,0.0823554448016946,0,0.2514565587043762,0.8073333333331539,0.9930888888886684,0.0330394133925437
shufflenetv2_x0_5,3,0.1,0.1,0.0755486301700027,0.1317878812551498,0.204430878162384,0.815999999998368,0.9953999999980092,0.6145511865615845,0.2613811194896698,0.4595946669578552,0.1000000014901161,0.0022090636193752,0,0.0005,42297269_2,True,cifar10_shufflenetv2_x0_5,0.6145512461662292,0.2613811194896698,0.0022090636193752,0.1317879557609558,0.1000000014901161,0.0750411074233358,0,0.2044312357902526,0.815999999998368,0.9953999999980092,0.4595946669578552,0.0708838552236557,0.0525366924703121,0.000133239198476,0.1920077204704284,0.1000000014901161,0.0708909709474263,0,0.270556628704071,0.8285333333331493,0.994799999999779,0.0270990896970033
shufflenetv2_x0_5,4,1.0,0.1,0.0420856145931458,0.2589154839515686,0.3667935729026794,0.905999999998188,0.99499999999801,0.5829935073852539,0.1957785040140152,0.3057729303836822,0.1000000014901161,0.0014536865055561,0,0.0005,42297269_10,True,cifar10_shufflenetv2_x0_5,0.5829935073852539,0.4089401066303253,0.1005611419677734,0.2589154839515686,1.0,0.0418157771020665,0,0.3667935729026794,0.905999999998188,0.99499999999801,0.3057729303836822,0.0049347341991961,0.0049439431168138,0.0003036917187273,0.3541129827499389,1.0,0.0049383075248861,0,0.5099815726280212,0.9857333333331144,0.9999999999997778,0.00064893218223
shufflenetv2_x0_5,0,0.0,0.1,0.0376571425979798,0.3102784156799316,0.4213202595710754,0.9133999999981732,0.9961999999980076,0.6423338651657104,0.1847411692142486,0.2676860392093658,0.1000000014901161,0.0012756213545799,0,0.0005,42297321,True,cifar10_shufflenetv2_x0_5,0.6423338651657104,0.0005587669438682,0.0,0.3102783262729645,0.0,0.0374625406040693,0,0.4213204681873321,0.9133999999981732,0.9961999999980076,0.2676860392093658,0.0045592673122882,2.7712032533599995e-05,0.0,0.4011718034744262,0.0,0.0045632762753785,0,0.567550778388977,0.9869777777775584,0.9999999999997778,0.0006513393600471
shufflenetv2_x0_5,5,2.0,0.1,0.0442055564152703,0.1763514578342437,0.2534999847412109,0.8931999999982136,0.9965999999980067,0.4778270423412323,0.1980554610490799,0.309867799282074,0.1000000014901161,0.0014760941267013,0,0.0005,42297269_17,True,cifar10_shufflenetv2_x0_5,0.4778270423412323,0.4258058667182922,0.3081583380699157,0.1763515174388885,2.0,0.043596451055812,0,0.2534993290901184,0.8931999999982136,0.9965999999980067,0.3098678290843963,0.0185100734233856,0.0185279715806245,0.0057176947593688,0.2539994716644287,2.0,0.0185167367019837,0,0.359086811542511,0.9422888888886796,0.9999555555553334,0.0034041195176541
mobilenetv2_x1_4,4,2.0,0.1,0.0281717321228938,0.5747915506362915,0.6184557676315308,0.940999999998118,0.9977999999980044,1.0738017559051514,0.106139913201332,0.0874503403902053,0.1000000014901161,0.000425599515438,0,0.0005,42297269_11,True,cifar10_mobilenetv2_x1_4,1.0738017559051514,0.3205196857452392,0.1139717102050781,0.574791431427002,2.0,0.0278395621898153,0,0.6184556484222412,0.940999999998118,0.9977999999980044,0.0874503403902053,0.0002302633802173,0.0002501727722119,3.995638689957559e-05,0.61986243724823,2.0,0.0002319115038696,0,0.7107710838317871,0.999599999999778,0.9999999999997778,2.231208600278478e-05
mobilenetv2_x1_4,3,2.0,0.1,0.0387378420487072,0.1760620474815368,0.2553239464759826,0.8983999999982032,0.9975999999980047,0.4559263586997986,0.1873580366373062,0.2708225548267364,0.1000000014901161,0.0012963749468326,0,0.0005,42297269_5,True,cifar10_mobilenetv2_x1_4,0.4559263586997986,0.3966984450817108,0.2842835187911987,0.1760620474815369,2.0,0.0387888411797354,0,0.2553238272666931,0.8983999999982032,0.9975999999980047,0.2708225548267364,0.0225658677518367,0.0225835964083671,0.0079527422785758,0.2319350838661193,2.0,0.0225714047754651,0,0.3450752794742584,0.9309555555553488,0.9999555555553334,0.0048892786726355
mobilenetv2_x1_4,4,0.001,0.1,0.0270632000039057,0.6029108762741089,0.6617641448974609,0.9453999999981092,0.997999999998004,1.1372343301773071,0.1034438535571098,0.0776050761342048,0.1000000014901161,0.000379242002964,0,0.0005,42297269_6,True,cifar10_mobilenetv2_x1_4,1.1372343301773071,0.012211843393743,4.547182470560074e-07,0.6029109358787537,0.0010000000474974,0.0269299114919659,0,0.6617638468742371,0.9453999999981092,0.997999999998004,0.0776050835847854,0.0002871934557333,0.0002195960259996,2.8719347255901084e-07,0.6502689123153687,0.0010000000474974,0.0002872927164976,0,0.7127854824066162,0.9993777777775558,0.9999999999997778,6.055305857444182e-05
mobilenetv2_x1_4,3,0.001,0.1,0.0633776951264351,0.147440880537033,0.2228110432624817,0.846999999998306,0.9945999999980109,0.5560680627822876,0.2407721579074859,0.4089602828025818,0.1000000014901161,0.0019578598439693,0,0.0005,42297269_0,True,cifar10_mobilenetv2_x1_4,0.5560680627822876,0.0281627457588911,1.0295771062374115e-06,0.1474410593509674,0.0010000000474974,0.0632514932807927,0,0.2228113412857055,0.846999999998306,0.9945999999980109,0.4089602828025818,0.0567772686481475,0.0062989210709929,5.104884621687233e-07,0.1973963379859924,0.0010000000474974,0.0567730716609057,0,0.2732294797897339,0.8573555555553651,0.9970888888886674,0.0212533604353666
mobilenetv2_x1_4,4,0.01,0.1,0.0272486156647754,0.6015116572380066,0.6682239770889282,0.9435999999981128,0.9977999999980044,1.140981912612915,0.1033756509423255,0.0777903348207473,0.1000000014901161,0.0003801584243774,0,0.0005,42297269_7,True,cifar10_mobilenetv2_x1_4,1.140981912612915,0.0370097085833549,4.827976226806641e-06,0.6015114784240723,0.0099999997764825,0.0268196907691669,0,0.6682239770889282,0.9435999999981128,0.9977999999980044,0.0777903348207473,0.0002723221550695,0.0002723251236602,-1.3780118024442345e-07,0.6516110897064209,0.0099999997764825,0.000272617618569,0,0.7131233215332031,0.9992888888886668,0.9999999999997778,3.5776720324065536e-05
mobilenetv2_x1_4,4,0.5,0.1,0.0265131827311272,0.5987864136695862,0.6491644382476807,0.9451999999981096,0.9977999999980044,1.124551773071289,0.1002802103757858,0.0752156823873519,0.1000000014901161,0.0003669932484626,0,0.0005,42297269_9,True,cifar10_mobilenetv2_x1_4,1.124551773071289,0.1938496530056,0.0083374977111816,0.5987865924835205,0.5,0.0260462984312479,0,0.6491641998291016,0.9451999999981096,0.9977999999980044,0.0752156898379325,0.0002368607529206,0.0002417777868686,4.943132807966322e-06,0.6432088613510132,0.5,0.0002385034453744,0,0.7118268013000488,0.9995333333331112,0.9999999999997778,4.324492329033092e-05
mobilenetv2_x1_4,3,0.01,0.1,0.0650927351462222,0.1422089487314224,0.254235029220581,0.8443999999983112,0.9947999999980104,0.5613372325897217,0.2470179498195648,0.4269169270992279,0.1000000014901161,0.0020460858941078,0,0.0005,42297269_1,True,cifar10_mobilenetv2_x1_4,0.5613372325897217,0.0880397707223892,2.19796784222126e-05,0.1422086656093597,0.0099999997764825,0.0652382269175494,0,0.2542351484298706,0.8443999999983112,0.9947999999980104,0.4269169270992279,0.0561216585338115,0.018428886309266,1.4097895473241806e-06,0.1965287923812866,0.0099999997764825,0.0561222771616429,0,0.2699377536773681,0.8599777777775868,0.9968222222220008,0.0210723839700222
mobilenetv2_x1_4,5,0.001,0.1,0.0309057143362309,0.3551845252513885,0.4347223341464996,0.9217999999981564,0.997999999998004,0.6745083928108215,0.1506843268871307,0.1854003816843032,0.1000000014901161,0.0008881911635398,0,0.0005,42297269_12,True,cifar10_mobilenetv2_x1_4,0.6745083928108215,0.0188301280140876,2.6065390557050705e-07,0.3551843762397766,0.0010000000474974,0.0308180562997746,0,0.4347220063209533,0.9217999999981564,0.997999999998004,0.1854003816843032,0.0100897718220949,0.0020272969268262,5.530291673494503e-07,0.3943445682525635,0.0010000000474974,0.0100952800270254,0,0.4877643287181854,0.9667999999997852,0.9999999999997778,0.0023079812526702
mobilenetv2_x1_4,4,0.1,0.1,0.0264799823386442,0.6034459471702576,0.6651626229286194,0.9443999999981112,0.9987999999980024,1.143155813217163,0.1033984646201133,0.0774547979235649,0.1000000014901161,0.0003782212734222,0,0.0005,42297269_8,True,cifar10_mobilenetv2_x1_4,1.1431559324264526,0.103398360311985,0.0003782212734222,0.6034459471702576,0.1000000014901161,0.0269909249483694,0,0.6651628017425537,0.9443999999981112,0.9987999999980024,0.0774548053741455,0.0002600520965643,0.0002609606308396,2.5600456865504384e-07,0.6531355381011963,0.1000000014901161,0.0002598768270569,0,0.7122858762741089,0.9993111111108892,0.9999999999997778,3.351519262650981e-05
mobilenetv2_x1_4,0,0.0,0.1,0.0261732640079672,0.604973316192627,0.6618372201919556,0.947999999998104,0.9977999999980044,1.1331664323806765,0.1013112589716911,0.0761681273579597,0.1000000014901161,0.0003720447421073,0,0.0005,42297321,True,cifar10_mobilenetv2_x1_4,1.1331664323806765,0.0002002951950998,0.0,0.604973316192627,0.0,0.0266896975093251,0,0.6618372201919556,0.947999999998104,0.9977999999980044,0.0761681199073791,0.000269443669822,7.03758860254311e-06,0.0,0.6484835147857666,0.0,0.0002693783201184,0,0.712515115737915,0.9993777777775558,0.9999999999997778,3.495420241961256e-05
mobilenetv2_x1_4,5,0.01,0.1,0.0299375424011865,0.3315998315811157,0.3936881124973297,0.9237999999981524,0.9975999999980047,0.6270752549171448,0.1490374356508255,0.1854560822248459,0.1000000014901161,0.0008874908089637,0,0.0005,42297269_13,True,cifar10_mobilenetv2_x1_4,0.6270752549171448,0.0563836395740509,9.880401194095612e-06,0.3315997421741485,0.0099999997764825,0.0294626865854322,0,0.3936876356601715,0.9237999999981524,0.9975999999980047,0.185456097126007,0.0093175247311592,0.0052087819203734,6.688351277261972e-07,0.3762980699539184,0.0099999997764825,0.0093241744902275,0,0.4792382717132568,0.9695111111108956,0.9999777777775556,0.0019960678182542
mobilenetv2_x1_4,4,1.0,0.1,0.026786535266432,0.5868544578552246,0.6288763284683228,0.9433999999981132,0.998999999998002,1.0989859104156494,0.1025980934500694,0.0808012560009956,0.1000000014901161,0.0003929436206817,0,0.0005,42297269_10,True,cifar10_mobilenetv2_x1_4,1.0989859104156494,0.2519657611846924,0.0318925380706787,0.5868543982505798,1.0,0.0265283723694809,0,0.6288763284683228,0.9433999999981132,0.998999999998002,0.0808012560009956,0.0002230422251159,0.0002329528797417,1.7048572772182524e-05,0.6343441605567932,1.0,0.0002227826263271,0,0.7107219696044922,0.9995777777775556,0.9999999999997778,3.903973993146792e-05
mobilenetv2_x1_4,5,0.5,0.1,0.0282269732885488,0.3736840188503265,0.4509014785289764,0.9267999999981464,0.9977999999980044,0.6902422904968262,0.1390755474567413,0.1656122207641601,0.1000000014901161,0.0007926374673843,0,0.0005,42297269_15,True,cifar10_mobilenetv2_x1_4,0.6902422904968262,0.2411217093467712,0.0168826580047607,0.3736837208271026,0.5,0.0280320901749193,0,0.4509017169475555,0.9267999999981464,0.9977999999980044,0.1656122207641601,0.0061864936724305,0.0061907554045319,0.0001368564553558,0.4220643937587738,0.5,0.0061902379089708,0,0.5126698017120361,0.9781777777775604,0.9999777777775556,0.0011383141390979
mobilenetv2_x1_4,5,2.0,0.1,0.0281352197610726,0.3825486302375793,0.4747434854507446,0.931999999998136,0.996999999998006,0.6980562210083008,0.1456048041582107,0.1774912774562835,0.1000000014901161,0.0008482933044433,0,0.0005,42297269_17,True,cifar10_mobilenetv2_x1_4,0.6980562210083008,0.4063738286495209,0.1919422149658203,0.382548838853836,2.0,0.0284607478275152,0,0.4747435748577118,0.931999999998136,0.996999999998006,0.1774912774562835,0.0031617349013686,0.0031812605448067,0.0008083712309598,0.4327757954597473,2.0,0.0031636097140543,0,0.5601516962051392,0.9893555555553356,0.9999999999997778,0.0004607233859132
mobilenetv2_x1_4,3,0.5,0.1,0.0513915672641334,0.1646313071250915,0.3844106197357178,0.8711999999982576,0.9971999999980056,0.5134416818618774,0.2163930684328079,0.3382689952850342,0.1000000014901161,0.0016224533319473,0,0.0005,42297269_3,True,cifar10_mobilenetv2_x1_4,0.5134416818618774,0.365613728761673,0.034788429737091,0.1646310687065124,0.5,0.0513231778260749,0,0.3844105899333954,0.8711999999982576,0.9971999999980056,0.3382689952850342,0.0403874702751636,0.040389247238636,0.0013949070125818,0.2153728008270263,0.5,0.0403918938857667,0,0.304212749004364,0.8910444444442465,0.9990222222220004,0.0120894815772771
mobilenetv2_x1_4,5,1.0,0.1,0.0271372612430069,0.3635797202587127,0.4571261405944824,0.9285999999981428,0.9985999999980028,0.6719475388526917,0.1498524099588394,0.1761572808027267,0.1000000014901161,0.0008466765284538,0,0.0005,42297269_16,True,cifar10_mobilenetv2_x1_4,0.6719475388526917,0.3382548689842224,0.0632339119911193,0.3635799586772918,1.0,0.0270632737180874,0,0.4571258127689361,0.9285999999981428,0.9985999999980028,0.1761572659015655,0.0046987542882561,0.0047081396915018,0.0003490457311272,0.4121167659759521,1.0,0.0046980929560274,0,0.5389763712882996,0.9839999999997814,0.9999999999997778,0.0007488397532142
mobilenetv2_x1_4,3,1.0,0.1,0.0451668129076727,0.1651726365089416,0.3083595335483551,0.8767999999982464,0.9973999999980052,0.4889073967933655,0.2021954953670501,0.3004538416862488,0.1000000014901161,0.0014425814151763,0,0.0005,42297269_4,True,cifar10_mobilenetv2_x1_4,0.4889073967933655,0.3923708200454712,0.1051593422889709,0.1651723533868789,1.0,0.0450782120933745,0,0.3083595335483551,0.8767999999982464,0.9973999999980052,0.3004538416862488,0.032155655324459,0.0321628339588642,0.003708504140377,0.2255782932043075,1.0,0.0321574047485891,0,0.3170121312141418,0.9081111111109094,0.9996444444442224,0.0084834713488817
mobilenetv2_x1_4,5,0.1,0.1,0.0287622695644929,0.3529486060142517,0.4174563586711883,0.9247999999981504,0.9981999999980036,0.658951461315155,0.1445004492998123,0.174468532204628,0.1000000014901161,0.0008354857563972,0,0.0005,42297269_14,True,cifar10_mobilenetv2_x1_4,0.6589515209197998,0.1445004492998123,0.0008354932069778,0.3529484272003174,0.1000000014901161,0.0290745304752054,0,0.4174564778804779,0.9247999999981504,0.9981999999980036,0.174468532204628,0.0086611174046993,0.0086611695587635,9.712239261716604e-06,0.3912740647792816,0.1000000014901161,0.0086654343899305,0,0.4891287088394165,0.9716444444442286,0.9999999999997778,0.0018158423481509
mobilenetv2_x1_4,3,0.1,0.1,0.0586796948392843,0.1526848375797271,0.2275376319885254,0.8557999999982884,0.99499999999801,0.5389961004257202,0.232720136642456,0.3833912312984466,0.1000000014901161,0.0018375776708126,0,0.0005,42297269_2,True,cifar10_mobilenetv2_x1_4,0.5389961004257202,0.232720136642456,0.0018375776708126,0.152684599161148,0.1000000014901161,0.0590852964374039,0,0.2275373339653015,0.8557999999982884,0.99499999999801,0.383391261100769,0.0515680611133575,0.0412590689957141,8.99340957403183e-05,0.2022558748722076,0.1000000014901161,0.0515702453793612,0,0.2854527831077575,0.8683999999998071,0.9974666666664452,0.0182073079049587
repvgg_a2,5,0.01,0.1,0.0229873695761512,0.3229764103889465,0.4561136662960052,0.945999999998108,0.9983999999980032,0.5685265064239502,0.1482544839382171,0.1866181641817093,0.1000000014901161,0.000889129936695,0,0.0005,42297269_13,True,cifar10_repvgg_a2,0.5685264468193054,0.0562283881008625,9.94885340332985e-06,0.3229765295982361,0.0099999997764825,0.0233506494084966,0,0.4561136662960053,0.945999999998108,0.9983999999980032,0.1866181492805481,0.0011494258651509,0.0010732644004747,5.016772774979472e-08,0.4330281019210815,0.0099999997764825,0.001150483996026,0,0.6157461404800415,0.9967999999997784,0.9999999999997778,0.0001602564880158
repvgg_a2,5,0.001,0.1,0.0234765298547187,0.3056455552577972,0.4106478989124298,0.9453999999981092,0.9977999999980044,0.5369170308113098,0.1444849967956543,0.1840317249298095,0.1000000014901161,0.0008753128349781,0,0.0005,42297269_12,True,cifar10_repvgg_a2,0.5369170308113098,0.0186738520860672,9.521027095615864e-07,0.3056457042694092,0.0010000000474974,0.0235720782422878,0,0.4106479287147522,0.9453999999981092,0.9977999999980044,0.1840317249298095,0.0012591829290613,0.0005409212899394,3.055087063330575e-07,0.4141246676445007,0.0010000000474974,0.0012586606439886,0,0.6087011098861694,0.9966888888886676,0.9999777777775556,0.0002116140094585
repvgg_a2,4,1.0,0.1,0.0296424743571186,0.6042343378067017,0.6407580375671387,0.9485999999981028,0.997999999998004,1.127803921699524,0.0972530245780944,0.0763887763023376,0.1000000014901161,0.0003708004951477,0,0.0005,42297269_10,True,cifar10_repvgg_a2,1.127803921699524,0.267560064792633,0.0294147729873657,0.6042347550392151,1.0,0.0296764204130206,0,0.6407581567764282,0.9485999999981028,0.997999999998004,0.0763887763023376,5.496034282259643e-05,6.491285603260621e-05,1.5545811038464308e-06,0.6895618438720703,1.0,5.491160818246364e-05,0,0.7170726656913757,0.9999555555553334,0.9999999999997778,3.217608082195511e-06
repvgg_a2,3,0.5,0.1,0.0305668713372103,0.1439120769500732,0.232452392578125,0.9225999999981548,0.9971999999980056,0.3612386286258697,0.1700785756111145,0.2581868469715118,0.1000000014901161,0.0012193843722343,0,0.0005,42297269_3,True,cifar10_repvgg_a2,0.3612386286258697,0.2628054022789001,0.0249605923891067,0.1439117789268493,0.5,0.0308534696543921,0,0.2324526906013488,0.9225999999981548,0.9971999999980056,0.2581868469715118,0.0115297567099332,0.0115334885194897,0.0002793436869978,0.2122133821249008,0.5,0.0115330614651011,0,0.3621852993965149,0.9641333333331192,0.9999333333331112,0.0023653444368392
repvgg_a2,5,1.0,0.1,0.022706121381195,0.3624746799468994,0.4804940819740295,0.9435999999981128,0.9987999999980024,0.6350371837615967,0.1457261145114898,0.1718806624412536,0.1000000014901161,0.0008225291967391,0,0.0005,42297269_16,True,cifar10_repvgg_a2,0.6350371837615967,0.3430505394935608,0.0604121685028076,0.3624747097492218,1.0,0.023259210854315,0,0.4804940521717071,0.9435999999981128,0.9987999999980024,0.1718806624412536,0.0003987599047832,0.0004086557601112,2.30122241191566e-05,0.475538432598114,1.0,0.000398973763554,0,0.6634347438812256,0.9992888888886668,0.9999999999997778,5.160733417142183e-05
repvgg_a2,4,2.0,0.1,0.0291851824003563,0.5941429138183594,0.6371524333953857,0.9495999999981009,0.9981999999980036,1.0966074466705322,0.1020544320344924,0.0815817937254905,0.1000000014901161,0.0003963634371757,0,0.0005,42297269_11,True,cifar10_repvgg_a2,1.0966074466705322,0.3800078630447388,0.106234073638916,0.5941426753997803,2.0,0.0295157288984897,0,0.6371521949768066,0.9495999999981009,0.9981999999980036,0.0815817937254905,3.977518281317316e-05,5.97373436903581e-05,3.25642031384632e-06,0.6741586327552795,2.0,4.006573970790375e-05,0,0.7160847187042236,0.9999999999997778,0.9999999999997778,1.3082063787805964e-06
repvgg_a2,4,0.001,0.1,0.0325036820793056,0.6320825219154358,0.6850113868713379,0.947999999998104,0.9987999999980024,1.21879243850708,0.0917378440499305,0.069565437734127,0.1000000014901161,0.0003382191061973,0,0.0005,42297269_6,True,cifar10_repvgg_a2,1.21879243850708,0.011495110578835,-3.2596290111541752e-09,0.632082462310791,0.0010000000474974,0.0323267348880364,0,0.6850109100341797,0.947999999998104,0.9987999999980024,0.069565437734127,4.52472195320297e-05,4.0008446376305073e-05,4.5247226410083385e-08,0.707356870174408,0.0010000000474974,4.5395781322459295e-05,0,0.720083475112915,0.9999777777775556,0.9999999999997778,5.923914613958914e-06
repvgg_a2,4,0.01,0.1,0.030170191809351,0.6289951801300049,0.6863769292831421,0.9475999999981048,0.9983999999980032,1.2094534635543823,0.0927732065320015,0.0684416815638542,0.1000000014901161,0.0003332048654556,0,0.0005,42297269_7,True,cifar10_repvgg_a2,1.2094534635543823,0.0341782383620739,3.851018846035004e-06,0.6289949417114258,0.0099999997764825,0.0305191010084144,0,0.6863768100738525,0.9475999999981048,0.9983999999980032,0.0684416815638542,2.977170879603364e-05,2.9827353500877507e-05,2.977170652229688e-07,0.7062145471572876,0.0099999997764825,3.012542393844609e-05,0,0.7197186946868896,0.9999777777775556,0.9999999999997778,1.3413546184892766e-06
repvgg_a2,3,0.001,0.1,0.038986616562185,0.1277009844779968,0.2274101972579956,0.9045999999981909,0.9973999999980052,0.3883388340473175,0.1940295398235321,0.3087281286716461,0.1000000014901161,0.001464158296585,0,0.0005,42297269_0,True,cifar10_repvgg_a2,0.3883388638496399,0.0243279300630092,1.147127477452159e-06,0.1277008801698684,0.0010000000474974,0.0385249790542917,0,0.2274105548858642,0.9045999999981909,0.9973999999980052,0.3087281286716461,0.0221780817955732,0.0034171084407716,2.4357359507121146e-07,0.1853540539741516,0.0010000000474974,0.0221858497601181,0,0.3483856320381164,0.9365555555553476,0.999399999999778,0.0064610545523464
repvgg_a2,3,0.1,0.1,0.0346243512643605,0.1302536725997924,0.2364022731781005,0.90999999999818,0.9975999999980047,0.3763509690761566,0.1844701021909713,0.2907666265964508,0.1000000014901161,0.0013744942843914,0,0.0005,42297269_2,True,cifar10_repvgg_a2,0.3763510286808014,0.1844701021909713,0.0013744942843914,0.1302538216114044,0.1000000014901161,0.0350701986636704,0,0.2364028096199035,0.90999999999818,0.9975999999980047,0.2907666265964508,0.0172153897583484,0.0165482740849256,2.2091204300522804e-05,0.195116177201271,0.1000000014901161,0.0172230770685237,0,0.3318743705749511,0.9490666666664558,0.9997111111108892,0.0044804802164435
repvgg_a2,4,0.5,0.1,0.0298199537061066,0.6161843538284302,0.6485159993171692,0.946999999998106,0.9977999999980044,1.1713675260543823,0.0952221974730491,0.0715906471014022,0.1000000014901161,0.0003478899598121,0,0.0005,42297269_9,True,cifar10_repvgg_a2,1.1713674068450928,0.1910472065210342,0.0078357458114624,0.6161848306655884,0.5,0.0299882333575749,0,0.6485165357589722,0.946999999998106,0.9977999999980044,0.0715906471014022,3.646614641183987e-05,4.142545367358253e-05,1.132611942011863e-07,0.6972517967224121,0.5,3.642082060702307e-05,0,0.7178364992141724,0.9999999999997778,0.9999999999997778,1.3151375242159702e-06
repvgg_a2,4,0.1,0.1,0.0283838065664857,0.6317483186721802,0.6823807954788208,0.948999999998102,0.997999999998004,1.2084038257598877,0.0895214453339576,0.064078651368618,0.1000000014901161,0.0003121793270111,0,0.0005,42297269_8,True,cifar10_repvgg_a2,1.2084038257598877,0.0895214453339576,0.0003121793270111,0.6317484378814697,0.1000000014901161,0.0293926386946998,0,0.6823807954788208,0.948999999998102,0.997999999998004,0.064078651368618,3.294061025371775e-05,3.3898020774358884e-05,4.330381671024952e-07,0.7040125727653503,0.1000000014901161,3.29296370277396e-05,0,0.7190995216369629,0.9999999999997778,0.9999999999997778,1.1359895779605722e-06
repvgg_a2,5,0.1,0.1,0.0245048778474741,0.3380152881145477,0.4720832705497741,0.9457999999981084,0.9981999999980036,0.5928720831871033,0.148993968963623,0.1885557025671005,0.1000000014901161,0.0008984953165054,0,0.0005,42297269_14,True,cifar10_repvgg_a2,0.5928720831871033,0.148993968963623,0.0008984953165054,0.3380149602890014,0.1000000014901161,0.0241893130233636,0,0.4720829129219055,0.9457999999981084,0.9981999999980036,0.1885557174682617,0.0009544580825604,0.0009552862029522,1.032050931826234e-06,0.4449934363365173,0.1000000014901161,0.0009533885547807,0,0.6213582754135132,0.9973111111108895,0.9999999999997778,0.0001392982085235
repvgg_a2,3,1.0,0.1,0.0291720194596223,0.142469435930252,0.2356182932853698,0.9251999999981496,0.9975999999980047,0.3513779938220978,0.1650051027536392,0.2419173270463943,0.1000000014901161,0.0011459924280643,0,0.0005,42297269_4,True,cifar10_repvgg_a2,0.3513779938220978,0.2873541414737701,0.0777793228626251,0.1424698680639267,1.0,0.0291320023912562,0,0.2356184124946594,0.9251999999981496,0.9975999999980047,0.2419173270463943,0.0084743704646825,0.0084833139553666,0.000672360882163,0.2157425284385681,1.0,0.0084766265812318,0,0.4703995585441589,0.9735333333331172,0.9999777777775556,0.001473831362091
repvgg_a2,0,0.0,0.1,0.0312361548498554,0.6365589499473572,0.6891332864761353,0.9487999999981024,0.9987999999980024,1.2237788438796997,0.0881803557276725,0.0643833205103874,0.1000000014901161,0.0003132969141006,0,0.0005,42297321,True,cifar10_repvgg_a2,1.2237788438796997,0.0001250171626452,0.0,0.6365589499473572,0.0,0.0313994265004457,0,0.6891330480575562,0.9487999999981024,0.9987999999980024,0.0643833205103874,5.338191476766952e-05,1.58712612119416e-06,0.0,0.7084326148033142,0.0,5.334228853070817e-05,0,0.8078608512878418,0.9999777777775556,0.9999999999997778,4.896230620943243e-06
repvgg_a2,5,0.5,0.1,0.0235732643747182,0.3336962759494781,0.4534096419811249,0.945999999998108,0.9981999999980036,0.5828141570091248,0.1465114951133728,0.1874656975269317,0.1000000014901161,0.0008921548724174,0,0.0005,42297269_15,True,cifar10_repvgg_a2,0.5828141570091248,0.2604683637619018,0.0186466872692108,0.3336966037750244,0.5,0.0236926610463113,0,0.4534099400043487,0.945999999998108,0.9981999999980036,0.1874656975269317,0.0006005708128213,0.0006054428522475,9.414739906787872e-06,0.4565457999706268,0.5,0.0006000300722085,0,0.6655839681625366,0.9987333333331114,0.9999999999997778,7.328849460463971e-05
repvgg_a2,3,0.01,0.1,0.0388923921427873,0.1286247670650482,0.2212555408477783,0.9021999999981956,0.996999999998006,0.3949983119964599,0.1952640861272812,0.312094122171402,0.1000000014901161,0.0014806538820266,0,0.0005,42297269_1,True,cifar10_repvgg_a2,0.3949983417987823,0.0735661834478378,1.607649028301239e-05,0.1286248564720153,0.0099999997764825,0.039286916962739,0,0.2212559580802917,0.9021999999981956,0.996999999998006,0.312094122171402,0.022033505141735,0.0096017364412546,9.89966792985797e-07,0.1920352131128311,0.0099999997764825,0.0220421364211483,0,0.3285671472549438,0.9379111111109028,0.9994444444442224,0.0063483333215117
repvgg_a2,5,2.0,0.1,0.0235750919555716,0.3818409442901611,0.5670040845870972,0.9487999999981024,0.9977999999980044,0.6567004919052124,0.143829196691513,0.1667500585317611,0.1000000014901161,0.000799223780632,0,0.0005,42297269_17,True,cifar10_repvgg_a2,0.6567004919052124,0.4391165971755981,0.1891000270843506,0.3818408846855163,2.0,0.0238351385921273,0,0.5670040845870972,0.9487999999981024,0.9977999999980044,0.1667500734329223,0.0003549881512299,0.0003748905437532,6.815348751842976e-05,0.4916400313377381,2.0,0.0003546360350366,0,0.6932566165924072,0.9993111111108892,0.9999999999997778,3.942851617466658e-05
repvgg_a2,3,2.0,0.1,0.0261612542774107,0.1662082076072693,0.2541584968566894,0.9335999999981328,0.9981999999980036,0.3631983697414398,0.154696986079216,0.2285797297954559,0.1000000014901161,0.0010777600109577,0,0.0005,42297269_5,True,cifar10_repvgg_a2,0.3631983995437622,0.3122194111347198,0.2094147205352783,0.1662081629037857,2.0,0.0266139538825598,0,0.254158079624176,0.9335999999981328,0.9981999999980036,0.2285797595977783,0.0048333378508687,0.0048526274040341,0.0011885110288858,0.2466131597757339,2.0,0.0048356432371025,0,0.41370689868927,0.9849333333331144,0.9999999999997778,0.0006767799495719
vgg16_bn,3,2.0,0.1,0.0387836543649231,0.2029457539319992,0.2681143283843994,0.9047999999981904,0.9947999999980104,0.484316736459732,0.1774441301822662,0.2737063765525818,0.1000000014901161,0.0012963190674781,0,0.0005,42297269_5,True,cifar10_vgg16_bn,0.4843167960643768,0.3640568554401397,0.257318913936615,0.2029458582401275,2.0,0.0384708517970015,0,0.2681140899658203,0.9047999999981904,0.9947999999980104,0.2737064361572265,0.015872910618782,0.015891395509243,0.0067481100559234,0.2720418274402618,2.0,0.0158649121365089,0,0.379169225692749,0.9514222222220108,0.9997333333331112,0.0045153805986046
vgg16_bn,5,0.1,0.1,0.0321201470519934,0.350007027387619,0.3845288753509521,0.9281999999981436,0.9951999999980096,0.6464636325836182,0.1245669871568679,0.1832475066184997,0.1000000014901161,0.0008665323257446,0,0.0005,42297269_14,True,cifar10_vgg16_bn,0.6464636325836182,0.1245668083429336,0.0008665323257446,0.350007027387619,0.1000000014901161,0.0326022346341021,0,0.3845285177230835,0.9281999999981436,0.9951999999980096,0.1832475960254669,0.0045452970080077,0.0045457636006176,6.302783731371164e-06,0.4132553339004516,0.1000000014901161,0.0045436338612553,0,0.5496870279312134,0.985599999999781,0.9999111111108888,0.0012385612353682
vgg16_bn,4,0.1,0.1,0.0346494872881078,0.538509726524353,0.5765570402145386,0.9407999999981184,0.9971999999980056,0.9792347550392152,0.0972614511847496,0.0997077152132988,0.1000000014901161,0.0004798918962478,0,0.0005,42297269_8,True,cifar10_vgg16_bn,0.9792347550392152,0.097261443734169,0.0004798918962478,0.5385099053382874,0.1000000014901161,0.0346788021096791,0,0.5765568017959595,0.9407999999981184,0.9971999999980056,0.0997077077627182,0.0002707224339246,0.0002715165028348,3.693603503052145e-07,0.5957694053649902,0.1000000014901161,0.0002705007441726,0,0.7114924192428589,0.9997111111108892,0.9999999999997778,2.3902772227302197e-05
vgg16_bn,4,2.0,0.1,0.0331039125865581,0.5173720121383667,0.536235511302948,0.9403999999981192,0.995999999998008,0.9325026869773864,0.0995909720659256,0.1075044050812721,0.1000000014901161,0.0005168840289115,0,0.0005,42297269_11,True,cifar10_vgg16_bn,0.9325026869773864,0.2243518829345703,0.1115974187850952,0.5173720121383667,2.0,0.0333043835890664,0,0.5362353324890137,0.9403999999981192,0.995999999998008,0.1075043901801109,0.0002829763689078,0.0003027674101758,3.284879494458437e-05,0.5751984715461731,2.0,0.000284690219492,0,0.7092183828353882,0.9997555555553336,0.9999999999997778,1.805920510378201e-05
vgg16_bn,3,0.01,0.1,0.1321775722587832,0.1513536274433136,0.2392144203186035,0.708999999998582,0.9845999999980308,0.919967234134674,0.2938332855701446,0.5501074194908142,0.1000000014901161,0.0026527047157287,0,0.0005,42297269_1,True,cifar10_vgg16_bn,0.919967234134674,0.1011584997177124,2.8186477720737457e-05,0.1513535529375076,0.0099999997764825,0.1325649122976043,0,0.2392139434814453,0.708999999998582,0.9845999999980308,0.5501073002815247,0.1403273642063141,0.0343144163489341,4.233326762914658e-06,0.1927722692489624,0.0099999997764825,0.140325186385166,0,0.2378423810005188,0.7098888888887311,0.9815111111108932,0.0704867169260978
vgg16_bn,4,1.0,0.1,0.0338855474086551,0.5245212316513062,0.546890377998352,0.938999999998122,0.9955999999980089,0.9535261392593384,0.1001207455992698,0.1069819182157516,0.1000000014901161,0.0005135238170623,0,0.0005,42297269_10,True,cifar10_vgg16_bn,0.953526258468628,0.1801092326641082,0.0372316837310791,0.5245215892791748,1.0,0.0344589331015013,0,0.5468900799751282,0.938999999998122,0.9955999999980089,0.1069819927215576,0.0002621044404804,0.0002718910109251,7.473398000001907e-06,0.5843147039413452,1.0,0.0002619905015686,0,0.7120625972747803,0.999799999999778,0.9999999999997778,1.3919285265728831e-05
vgg16_bn,5,0.001,0.1,0.0306797507065617,0.3369902074337005,0.3613678216934204,0.926999999998146,0.996999999998006,0.6242557168006897,0.1234370246529579,0.1759773343801498,0.1000000014901161,0.0008334629237651,0,0.0005,42297269_12,True,cifar10_vgg16_bn,0.6242555379867554,0.0181931108236312,5.526235327124596e-07,0.3369905352592468,0.0010000000474974,0.0306532078269339,0,0.3613678216934204,0.926999999998146,0.996999999998006,0.1759772002696991,0.0053710103966295,0.0016030432889238,6.026384653523564e-07,0.4003342092037201,0.0010000000474974,0.0053724782483441,0,0.5311648845672607,0.9835999999997816,0.9999111111108888,0.0015619471669197
vgg16_bn,3,0.5,0.1,0.1280351079360225,0.177044928073883,0.2527322173118591,0.7077999999985845,0.9863999999980272,0.9317841529846193,0.2766176760196686,0.4830013513565063,0.1000000014901161,0.0023313984274864,0,0.0005,42297269_3,True,cifar10_vgg16_bn,0.9317841529846193,0.5383855104446411,0.0513851642608642,0.1770448386669159,0.5,0.127858370478597,0,0.2527324557304382,0.7077999999985845,0.9863999999980272,0.4830012619495392,0.1423402428627014,0.1242278218269348,0.0065872967243194,0.2006641030311584,0.5,0.1423303279098194,0,0.2920466363430023,0.6915555555554019,0.983755555555337,0.061099998652935
vgg16_bn,4,0.001,0.1,0.0327073932461816,0.5418667197227478,0.5831465125083923,0.9415999999981168,0.9967999999980064,0.9835023283958436,0.0948056131601333,0.0953059047460556,0.1000000014901161,0.0004593729972839,0,0.0005,42297269_6,True,cifar10_vgg16_bn,0.9835023283958436,0.0134197454899549,2.6402994990348816e-07,0.5418669581413269,0.0010000000474974,0.0329836444764323,0,0.5831466913223267,0.9415999999981168,0.9967999999980064,0.0953058823943138,0.0002567637711763,0.0001437326864106,2.5676382620076765e-07,0.5992662906646729,0.0010000000474974,0.0002568604994837,0,0.7135953307151794,0.999799999999778,0.9999999999997778,2.8762848160113208e-05
vgg16_bn,5,1.0,0.1,0.0299963131396992,0.3752618134021759,0.4107277989387512,0.9293999999981412,0.9965999999980067,0.6857665181159973,0.1199613660573959,0.1640574932098388,0.1000000014901161,0.0007780343294143,0,0.0005,42297269_16,True,cifar10_vgg16_bn,0.6857665777206421,0.1902502328157425,0.0517715215682983,0.3752619326114654,1.0,0.030377860678072,0,0.4107275009155273,0.9293999999981412,0.9965999999980067,0.164057508111,0.0022776701953262,0.0022872907575219,0.0002129653003066,0.4449615478515625,1.0,0.0022777797949306,0,0.8044881224632263,0.992844444444224,0.9999999999997778,0.0004701879224739
vgg16_bn,5,2.0,0.1,0.030597036875387,0.395925760269165,0.8117266297340393,0.932999999998134,0.9967999999980064,0.7146087288856506,0.1177059784531593,0.1562924981117248,0.1000000014901161,0.000742107629776,0,0.0005,42297269_17,True,cifar10_vgg16_bn,0.7146087884902954,0.2368872761726379,0.1438214778900146,0.3959259986877441,2.0,0.0298556732330204,0,0.8117418885231018,0.932999999998134,0.9967999999980064,0.1562927067279815,0.0015571673866361,0.0015768542652949,0.0004669348709285,0.4614614248275757,2.0,0.0015561651074702,0,0.6441231966018677,0.9949333333331124,0.9999999999997778,0.000275049242191
vgg16_bn,3,0.1,0.1,0.0838191650388761,0.1633720099925995,0.2072376012802124,0.7997999999984005,0.9921999999980156,0.7034135460853577,0.2614900469779968,0.4611029326915741,0.1000000014901161,0.0022146850824356,0,0.0005,42297269_2,True,cifar10_vgg16_bn,0.7034135460853577,0.2614900469779968,0.002214677631855,0.1633720695972442,0.1000000014901161,0.0846173837357865,0,0.2072371244430542,0.7997999999984005,0.9921999999980156,0.4611027836799621,0.0868968665599823,0.0636267736554145,0.000202938914299,0.215177983045578,0.1000000014901161,0.0868970489249382,0,0.2842531204223633,0.8049111111109323,0.9911111111108908,0.0416316539049148
vgg16_bn,3,0.001,0.1,0.3287109120036705,0.048163317143917,0.2601950764656067,0.3657999999992684,0.9411999999981177,1.562970519065857,0.2752929627895355,0.4398462176322937,0.1000000014901161,0.0021470338106155,0,0.0005,42297269_0,True,cifar10_vgg16_bn,1.562970519065857,0.0294134188443422,8.51927325129509e-07,0.0481633432209491,0.0010000000474974,0.3281629307417374,0,0.2601954340934753,0.3657999999992684,0.9411999999981177,0.4398461878299713,0.3573647737503052,0.0160311292856931,6.905756890773773e-07,0.0559847056865692,0.0010000000474974,0.3573564285717381,0,0.0722124576568603,0.3620222222221418,0.9322666666664596,0.1338075697422027
vgg16_bn,4,0.01,0.1,0.0334346756171899,0.5341815948486328,0.5759423971176147,0.936999999998126,0.996999999998006,0.9814263582229614,0.0990544110536575,0.1007974743843078,0.1000000014901161,0.0004854351282119,0,0.0005,42297269_7,True,cifar10_vgg16_bn,0.9814264178276062,0.0408978387713432,4.7693029046058655e-06,0.5341814756393433,0.0099999997764825,0.0343395256265663,0,0.5759421586990356,0.936999999998126,0.996999999998006,0.100797489285469,0.0002817751374095,0.0002680240140762,-4.327148417360149e-08,0.5956860780715942,0.0099999997764825,0.0002819753632541,0,0.7154054641723633,0.9997777777775556,0.9999999999997778,3.810374983004294e-05
vgg16_bn,3,1.0,0.1,0.0465635448461411,0.1978004425764084,0.2570523619651794,0.888999999998222,0.9951999999980096,0.5201119184494019,0.1969596445560455,0.3146699666976928,0.1000000014901161,0.0014941096305847,0,0.0005,42297269_4,True,cifar10_vgg16_bn,0.5201119780540466,0.3647534847259521,0.1022471785545349,0.1978005319833755,1.0,0.0466401379322263,0,0.2570518851280212,0.888999999998222,0.9951999999980096,0.3146697580814361,0.0268954746425151,0.0269032791256904,0.0038527958095073,0.2649002373218536,1.0,0.0268877431290525,0,0.3569976687431335,0.9266888888886832,0.9991333333331114,0.0093112979084253
vgg16_bn,5,0.01,0.1,0.0311944881298137,0.3330522775650024,0.3460068702697754,0.9255999999981488,0.9963999999980072,0.626225471496582,0.1263059973716735,0.1849200874567031,0.1000000014901161,0.0008749961853027,0,0.0005,42297269_13,True,cifar10_vgg16_bn,0.626225471496582,0.0549393035471439,9.011942893266678e-06,0.3330523073673248,0.0099999997764825,0.0313826965476866,0,0.3460068702697754,0.9255999999981488,0.9963999999980072,0.1849201023578644,0.0050676427781581,0.0038345709908753,1.3168755685910585e-07,0.4014969170093536,0.0099999997764825,0.0050678326567171,0,0.5147830247879028,0.983955555555337,0.9999333333331112,0.0014256895519793
vgg16_bn,4,0.5,0.1,0.033085617872176,0.5353508591651917,0.5745855569839478,0.9423999999981152,0.9971999999980056,0.9665161967277528,0.0954430773854255,0.099662072956562,0.1000000014901161,0.0004792883992195,0,0.0005,42297269_9,True,cifar10_vgg16_bn,0.9665160775184632,0.1443469524383545,0.0102746784687042,0.5353509187698364,0.5,0.0334100238811812,0,0.5745857954025269,0.9423999999981152,0.9971999999980056,0.0996619835495948,0.0002467217273078,0.0002515072119422,1.2905511539429426e-06,0.5921742916107178,0.5,0.0002465873640036,0,0.7117047309875488,0.999822222222,0.9999999999997778,1.0793193723657168e-05
vgg16_bn,0,0.0,0.1,0.0361006857646802,0.5364100933074951,0.5695198774337769,0.9347999999981303,0.9965999999980067,0.9920837879180908,0.0981811210513114,0.1012650579214096,0.1000000014901161,0.0004868656396865,0,0.0005,42297321,True,cifar10_vgg16_bn,0.9920835494995116,0.0004219071706756,0.0,0.5364102125167847,0.0,0.0357524205751768,0,0.5695202350616455,0.9347999999981303,0.9965999999980067,0.1012648195028305,0.0002142884186469,3.5355437830730807e-06,0.0,0.6004588603973389,0.0,0.0002145098973918,0,0.7134320735931396,0.9998666666664444,0.9999999999997778,8.672328476677649e-06
vgg16_bn,5,0.5,0.1,0.0306848949599323,0.3819860816001892,0.4098885655403137,0.9315999999981368,0.995999999998008,0.6943843364715576,0.1192249506711959,0.1643599569797516,0.1000000014901161,0.0007786527276039,0,0.0005,42297269_15,True,cifar10_vgg16_bn,0.6943842172622681,0.1633812040090561,0.0159476399421691,0.3819860517978668,0.5,0.0309592400522705,0,0.4098887443542481,0.9315999999981368,0.995999999998008,0.1643598228693008,0.002768233185634,0.0027728294953703,6.80460361763835e-05,0.4438035488128662,0.5,0.0027693879227789,0,0.5860013961791992,0.9907555555553356,0.9999999999997778,0.0005675478605553
resnet20,3,0.01,0.1,0.0506398051723958,0.1304280757904052,0.2519277334213257,0.8747999999982504,0.9965999999980067,0.4630303680896759,0.2210113704204559,0.3638191819190979,0.1000000014901161,0.0017359256744384,0,0.0005,42318077_1,True,cifar10_resnet20,0.4630303084850311,0.0804629996418953,1.833401620388031e-05,0.1304284036159515,0.0099999997764825,0.0495391972115299,0,0.25192791223526,0.8747999999982504,0.9965999999980067,0.3638191819190979,0.0360949486494064,0.0132646663114428,1.4142424333840609e-06,0.194935917854309,0.0099999997764825,0.0360686285718255,0,0.3055509328842163,0.9041999999997992,0.9990444444442224,0.0114104598760604
resnet20,0,0.0,0.1,0.036506698448584,0.2501721680164337,0.3759675025939941,0.9181999999981636,0.9971999999980056,0.5319966673851013,0.1879347115755081,0.2825241982936859,0.1000000014901161,0.0013445802032947,0,0.0005,42318053,True,cifar10_resnet20,0.5319967269897461,0.0007343470933847,0.0,0.2501722872257232,0.0,0.0360715399315899,0,0.3759671449661255,0.9181999999981636,0.9971999999980056,0.2825241982936859,0.0017992439679801,9.683288226369768e-06,0.0,0.3636706173419952,0.0,0.0017977604837939,0,0.8082438707351685,0.9966888888886676,0.9999999999997778,0.0001780125312507
resnet20,5,2.0,0.1,0.0345749682573952,0.1480719149112701,0.2466294169425964,0.915999999998168,0.9975999999980047,0.3900931477546692,0.1859021484851837,0.2855574786663055,0.1000000014901161,0.001357302069664,0,0.0005,42318077_17,True,cifar10_resnet20,0.3900931477546692,0.3588976263999939,0.2775474786758423,0.1480718553066253,2.0,0.0344793365164557,0,0.2466293573379517,0.915999999998168,0.9975999999980047,0.2855574786663055,0.0065489900298416,0.0065679526887834,0.0014774585142731,0.2478044331073761,2.0,0.006544374554861,0,0.6075578927993774,0.9821777777775595,0.9999999999997778,0.0008365834364667
resnet20,3,2.0,0.1,0.0385178554610543,0.1351257264614105,0.2440862655639648,0.9015999999981968,0.9965999999980067,0.3989000618457794,0.1948538571596145,0.2996953427791595,0.1000000014901161,0.0014254599809646,0,0.0005,42318077_5,True,cifar10_resnet20,0.398900032043457,0.3814884722232818,0.3013591766357422,0.1351260244846344,2.0,0.0386654839657634,0,0.24408620595932,0.9015999999981968,0.9965999999980067,0.2996953427791595,0.0180904939770698,0.018108420073986,0.0056758075952529,0.2108225971460342,2.0,0.0180808253263814,0,0.3592340052127838,0.9469777777775674,0.9998888888886668,0.0034168632701039
resnet20,4,2.0,0.1,0.0352250320660776,0.2108608931303024,0.3275201320648193,0.9193999999981612,0.9961999999980076,0.4722746014595032,0.1898826956748962,0.2849679589271545,0.1000000014901161,0.0013585835695266,0,0.0005,42318077_11,True,cifar10_resnet20,0.4722745418548584,0.4193281829357147,0.2896766662597656,0.2108608484268188,2.0,0.035682773758511,0,0.3275201320648193,0.9193999999981612,0.9961999999980076,0.2849679589271545,0.0018234112067148,0.0018429510528221,0.0002793984021991,0.3181899487972259,2.0,0.0018227456392153,0,0.591694176197052,0.9970888888886674,0.9999999999997778,0.0001532305323053
resnet20,4,0.1,0.1,0.03361670931983,0.241931602358818,0.3840619921684265,0.9233999999981533,0.996999999998006,0.5034236907958984,0.1825615912675857,0.2644579410552978,0.1000000014901161,0.001263428479433,0,0.0005,42318077_8,True,cifar10_resnet20,0.5034236907958984,0.1825615912675857,0.001263428479433,0.2419317066669464,0.1000000014901161,0.0335043939594295,0,0.3840622305870056,0.9233999999981533,0.996999999998006,0.2644579410552978,0.0017621644074097,0.0017627688357606,7.403723429888487e-07,0.3617478907108307,0.1000000014901161,0.0017611054775021,0,0.6054631471633911,0.9966222222220008,0.9999999999997778,0.0001725097827147
resnet20,5,0.001,0.1,0.0363686763499628,0.1410498321056366,0.2578057646751404,0.910999999998178,0.9963999999980072,0.3957251310348511,0.1935261934995651,0.3165546655654907,0.1000000014901161,0.0014961138367652,0,0.0005,42318077_12,True,cifar10_resnet20,0.3957251310348511,0.0245852470397949,-4.9709342420101166e-08,0.1410500407218933,0.0010000000474974,0.0366175051595467,0,0.257806122303009,0.910999999998178,0.9963999999980072,0.3165546655654907,0.0113496389240026,0.0019675625953823,8.592214726377279e-07,0.2343592345714569,0.0010000000474974,0.0113434887495304,0,0.398801177740097,0.966266666666452,0.9999333333331112,0.0021603917703032
resnet20,3,0.1,0.1,0.0464529480552866,0.1361076384782791,0.3150964975357055,0.8841999999982316,0.9965999999980067,0.4506987631320953,0.2169859260320663,0.3497945666313171,0.1000000014901161,0.0016710199415683,0,0.0005,42318077_2,True,cifar10_resnet20,0.4506987631320953,0.2169859260320663,0.0016710199415683,0.1361080408096313,0.1000000014901161,0.0462563311449869,0,0.3150964975357055,0.8841999999982316,0.9965999999980067,0.3497945666313171,0.0331972613930702,0.028592886403203,4.957709461450577e-05,0.1968175917863845,0.1000000014901161,0.0331781678179223,0,0.3240779042243957,0.9115555555553532,0.999088888888667,0.0099304756149649
resnet20,5,0.5,0.1,0.0353342618616577,0.1484642177820205,0.4099668264389038,0.917999999998164,0.9977999999980044,0.3912645876407623,0.1902933418750763,0.2980534136295318,0.1000000014901161,0.0014162696897983,0,0.0005,42318077_15,True,cifar10_resnet20,0.3912646174430847,0.299001008272171,0.0294040143489837,0.1484643965959549,0.5,0.0354877975591901,0,0.4099668264389038,0.917999999998164,0.9977999999980044,0.2980533838272095,0.0086900992318987,0.0086938906461,0.0001584193669259,0.2390830069780349,0.5,0.0086844202882798,0,0.4363046586513519,0.974644444444228,0.9999999999997778,0.0013148800935596
resnet20,4,0.5,0.1,0.0356149072580778,0.2303252220153808,0.3362529873847961,0.921999999998156,0.9963999999980072,0.4950762689113617,0.1876704692840576,0.2825238406658172,0.1000000014901161,0.0013461224734783,0,0.0005,42318077_9,True,cifar10_resnet20,0.4950762689113617,0.3123313188552856,0.0282187908887863,0.2303253710269928,0.5,0.035190411732632,0,0.336252748966217,0.921999999998156,0.9963999999980072,0.2825238704681396,0.0018190830014646,0.0018236440373584,1.880968920886517e-05,0.3458015024662018,0.5,0.0018177858540557,0,0.5983666181564331,0.996955555555334,0.9999999999997778,0.0001520148070994
resnet20,5,1.0,0.1,0.0358175107098842,0.1450569480657577,0.2528943419456482,0.9127999999981744,0.9973999999980052,0.3971108496189117,0.1926286071538925,0.309014230966568,0.1000000014901161,0.0014630258083343,0,0.0005,42318077_16,True,cifar10_resnet20,0.3971108198165893,0.3414787054061889,0.0988911390304565,0.1450566351413726,1.0,0.0359165369353419,0,0.2528941035270691,0.9127999999981744,0.9973999999980052,0.309014230966568,0.0075847953557968,0.0075936680659651,0.0004923194646835,0.2423449456691742,1.0,0.0075802307701278,0,0.4594565033912658,0.9786222222220048,0.9999999999997778,0.0010551181621849
resnet20,3,0.001,0.1,0.050006977257461,0.1337347477674484,0.2441304326057434,0.8771999999982456,0.996999999998006,0.4600846469402313,0.2202295213937759,0.3571286797523498,0.1000000014901161,0.0017064772546291,0,0.0005,42318077_0,True,cifar10_resnet20,0.4600846469402313,0.0262709762901067,4.136818461120129e-07,0.1337345242500305,0.0010000000474974,0.0492762770257378,0,0.24413001537323,0.8771999999982456,0.996999999998006,0.3571286797523498,0.0360493212938308,0.004638532642275,7.633716450072825e-07,0.1933665573596954,0.0010000000474974,0.0360235280749578,0,0.3089203834533691,0.9053999999997988,0.9986666666664448,0.0116858649998903
resnet20,4,1.0,0.1,0.0355410397806382,0.2233629524707794,0.3535086512565613,0.9223999999981553,0.9963999999980072,0.486193835735321,0.1892268359661102,0.2916142642498016,0.1000000014901161,0.0013867542147636,0,0.0005,42318077_10,True,cifar10_resnet20,0.4861937761306762,0.3680971562862396,0.0955277681350708,0.2233628630638122,1.0,0.0355575575315488,0,0.3535090088844299,0.9223999999981553,0.9963999999980072,0.2916142642498016,0.0019976077601313,0.0020071407780051,8.64444300532341e-05,0.335604727268219,1.0,0.0019963963467264,0,0.806350588798523,0.9966444444442232,0.9999999999997778,0.000181947791134
resnet20,4,0.01,0.1,0.0334395412188463,0.2410899847745895,0.3684913516044616,0.9227999999981544,0.9977999999980044,0.5062669515609741,0.183289423584938,0.2709167301654815,0.1000000014901161,0.0012902691960334,0,0.0005,42318077_7,True,cifar10_resnet20,0.5062670111656189,0.0685923770070076,1.391815021634102e-05,0.2410902380943298,0.0099999997764825,0.0333352628928639,0,0.368491530418396,0.9227999999981544,0.9977999999980044,0.2709167301654815,0.0018924806499853,0.0014147580368444,8.049937605392188e-07,0.3628872632980346,0.0099999997764825,0.0018908018358492,0,0.6069754362106323,0.996533333333112,0.9999999999997778,0.0001894865708891
resnet20,3,1.0,0.1,0.0397787395665831,0.1400402337312698,0.2384533882141113,0.8975999999982048,0.9981999999980036,0.4149419963359833,0.1995846778154373,0.302263855934143,0.1000000014901161,0.0014436952769756,0,0.0005,42318077_4,True,cifar10_resnet20,0.4149419963359833,0.3726669549942016,0.1032201945781707,0.1400399059057235,1.0,0.039546811747149,0,0.2384536266326904,0.8975999999982048,0.9981999999980036,0.302263855934143,0.0234806705266237,0.0234883222728967,0.0023634601384401,0.2056137323379517,1.0,0.023463914344151,0,0.3468236923217773,0.933844444444237,0.9997555555553336,0.0053386813960969
resnet20,5,0.1,0.1,0.0362906580609424,0.1465915441513061,0.2446974515914917,0.9091999999981816,0.9981999999980036,0.4030378758907318,0.1923305988311767,0.2948083877563476,0.1000000014901161,0.0014043673872947,0,0.0005,42318077_14,True,cifar10_resnet20,0.4030378460884094,0.1923305988311767,0.0014043636620044,0.1465916335582733,0.1000000014901161,0.0362284429190214,0,0.2446977496147156,0.9091999999981816,0.9981999999980036,0.2948083877563476,0.0103650679811835,0.0102399680763483,9.39960591495037e-06,0.2355904281139373,0.1000000014901161,0.010357039253729,0,0.4177283048629761,0.968911111110896,0.9999999999997778,0.0018068701028823
resnet20,5,0.01,0.1,0.0355913083822392,0.1459129601716995,0.2590260505676269,0.9131999999981736,0.9973999999980052,0.3933284282684326,0.1898059248924255,0.3001276552677154,0.1000000014901161,0.0014223828911781,0,0.0005,42318077_13,True,cifar10_resnet20,0.3933284282684326,0.0719015002250671,1.5589874237775803e-05,0.1459129750728607,0.0099999997764825,0.0354847246603567,0,0.2590260505676269,0.9131999999981736,0.9973999999980052,0.3001276850700378,0.0103569366037845,0.0051515572704374,5.725451046600938e-07,0.2372002750635147,0.0099999997764825,0.010350890068109,0,0.4512367844581604,0.9707333333331176,0.9999555555553334,0.0018806844018399
resnet20,4,0.001,0.1,0.0365902047421371,0.2434612512588501,0.3838471174240112,0.917999999998164,0.9971999999980056,0.5269502997398376,0.1920873075723648,0.2939530611038208,0.1000000014901161,0.0013997517526149,0,0.0005,42318077_6,True,cifar10_resnet20,0.5269502997398376,0.0237461496144533,5.221227183938026e-07,0.2434611618518829,0.0010000000474974,0.0367161813939811,0,0.3838470876216888,0.917999999998164,0.9971999999980056,0.2939530313014984,0.0017472910694777,0.0005108726909384,7.936168913147412e-07,0.3587830662727356,0.0010000000474974,0.0017457243263462,0,0.5973581075668335,0.9968444444442228,0.9999999999997778,0.000155453584739
resnet20,3,0.5,0.1,0.0454704040434102,0.1355933994054794,0.2593769431114197,0.888999999998222,0.9961999999980076,0.4367710947990417,0.2117660492658615,0.3409490585327148,0.1000000014901161,0.0016257874667644,0,0.0005,42318077_3,True,cifar10_resnet20,0.4367710947990417,0.348264992237091,0.0341862142086029,0.1355936527252197,0.5,0.0450775200275696,0,0.2593767046928406,0.888999999998222,0.9961999999980076,0.3409490585327148,0.0282117500901222,0.0282141976058483,0.0008536167442798,0.2011600732803344,0.5,0.0281927011658251,0,0.3262063264846802,0.9212888888886842,0.9996444444442224,0.0073577524162828
mobilenetv2_x0_5,5,0.01,0.1,0.040385019479616,0.2365276515483856,0.3027634024620056,0.8997999999982004,0.9965999999980067,0.5473074316978455,0.1849529594182968,0.2719231247901916,0.1000000014901161,0.0012963749468326,0,0.0005,42297269_13,True,cifar10_mobilenetv2_x0_5,0.5473074316978455,0.0688419714570045,1.4242250472307204e-05,0.2365278452634811,0.0099999997764825,0.0395706037792895,0,0.3027637004852295,0.8997999999982004,0.9965999999980067,0.2719231247901916,0.0196671243757009,0.0086827427148818,2.14320607483387e-07,0.2895722389221191,0.0099999997764825,0.0196677310571583,0,0.3784329891204834,0.94008888888868,0.999822222222,0.0050795604474842
mobilenetv2_x0_5,4,0.5,0.1,0.0311214934878906,0.4803380966186523,0.577950119972229,0.932999999998134,0.996999999998006,0.8898043036460876,0.1415857225656509,0.1508288085460662,0.1000000014901161,0.000729314982891,0,0.0005,42297269_9,True,cifar10_mobilenetv2_x0_5,0.8898043036460876,0.264286458492279,0.0160786807537078,0.4803378582000733,0.5,0.0314585382427189,0,0.5779498815536499,0.932999999998134,0.996999999998006,0.1508288085460662,0.0010711145587265,0.0010759024880826,1.5804776921868324e-05,0.5231314897537231,0.5,0.0010725745751934,0,0.6718802452087402,0.996755555555334,0.9999999999997778,0.0001281686418224
mobilenetv2_x0_5,3,2.0,0.1,0.0512387895700441,0.1686921417713165,0.2457755208015442,0.8695999999982608,0.9961999999980076,0.5176509022712708,0.2120121419429779,0.3286780118942261,0.1000000014901161,0.0015760697424411,0,0.0005,42297269_5,True,cifar10_mobilenetv2_x0_5,0.5176509022712708,0.4625912308692932,0.3482052087783813,0.1686919927597046,2.0,0.0516282597298568,0,0.2457752227783203,0.8695999999982608,0.9961999999980076,0.3286780118942261,0.0359786748886108,0.0359954759478569,0.0146920680999755,0.2309655845165252,2.0,0.0359850667862264,0,0.3249779343605041,0.8984222222220226,0.999599999999778,0.0094736292958259
mobilenetv2_x0_5,3,0.1,0.1,0.0712379330412991,0.1540097594261169,0.2298497557640075,0.8287999999983424,0.9957999999980084,0.6100889444351196,0.2502769827842712,0.4253160059452057,0.1000000014901161,0.0020460747182369,0,0.0005,42297269_2,True,cifar10_mobilenetv2_x0_5,0.6100889444351196,0.2502768635749817,0.0020460747182369,0.1540097445249557,0.1000000014901161,0.0714064634979366,0,0.2298493385314941,0.8287999999983424,0.9957999999980084,0.4253160059452057,0.0673528015613555,0.050857376307249,0.0001263171434402,0.1990567445755005,0.1000000014901161,0.0673418356363752,0,0.2681540846824646,0.8347333333331479,0.9956888888886676,0.0257285200059413
mobilenetv2_x0_5,3,0.001,0.1,0.0842906847174715,0.1500191539525985,0.1981911659240722,0.8005999999983988,0.9943999999980112,0.6795133352279663,0.2667846977710724,0.4745030999183655,0.1000000014901161,0.0022813156247138,0,0.0005,42297269_0,True,cifar10_mobilenetv2_x0_5,0.6795133352279663,0.0304244384169578,4.972098395228386e-07,0.1500191986560821,0.0010000000474974,0.0847587065347428,0,0.1981911063194275,0.8005999999983988,0.9943999999980112,0.4745030999183655,0.084077812731266,0.0080349184572696,1.544831320643425e-07,0.1893097162246704,0.0010000000474974,0.0840706958345375,0,0.2509254813194275,0.7999777777776,0.9929333333331128,0.0342323295772075
mobilenetv2_x0_5,4,2.0,0.1,0.030161553513079,0.4507374167442322,0.5414345860481262,0.9337999999981323,0.9965999999980067,0.8268263339996338,0.1442666947841644,0.1624302864074707,0.1000000014901161,0.0007820427417755,0,0.0005,42297269_11,True,cifar10_mobilenetv2_x0_5,0.8268263339996338,0.4347635209560394,0.1899113655090332,0.4507374763488769,2.0,0.0302491195348651,0,0.5414341688156128,0.9337999999981323,0.9965999999980067,0.1624302864074707,0.0012690231669694,0.0012887773336842,0.0002768845297396,0.4924423694610596,2.0,0.0012688939762031,0,0.8220791816711426,0.9963111111108898,0.9999999999997778,0.0001546200510347
mobilenetv2_x0_5,3,1.0,0.1,0.0570543912885423,0.1509858816862106,0.4053029417991638,0.8511999999982977,0.9961999999980076,0.5408960580825806,0.2286445647478103,0.3663440644741058,0.1000000014901161,0.001760546118021,0,0.0005,42297269_4,True,cifar10_mobilenetv2_x0_5,0.5408961176872253,0.4549474120140076,0.1290070414543152,0.150985985994339,1.0,0.0570320844365108,0,0.4053029417991638,0.8511999999982977,0.9961999999980076,0.3663440644741058,0.0455179549753665,0.0455243252217769,0.0058069564402103,0.2154175341129303,1.0,0.0455209721510088,0,0.3070868253707886,0.8775111111109162,0.999088888888667,0.013549406081438
mobilenetv2_x0_5,4,0.01,0.1,0.0303199487586711,0.5050145983695984,0.5928317308425903,0.9341999999981316,0.9977999999980044,0.934613823890686,0.128818854689598,0.1302641779184341,0.1000000014901161,0.0006288215517997,0,0.0005,42297269_7,True,cifar10_mobilenetv2_x0_5,0.934613823890686,0.0475394055247306,6.8051740527153015e-06,0.5050144195556641,0.0099999997764825,0.0300783950219413,0,0.5928314924240112,0.9341999999981316,0.9977999999980044,0.1302641779184341,0.0012404019944369,0.0011611458612605,6.253685569390654e-09,0.5459009408950806,0.0099999997764825,0.0012392910152107,0,0.67276930809021,0.9958444444442232,0.9999999999997778,0.0001825380022637
mobilenetv2_x0_5,5,1.0,0.1,0.0340588090771015,0.2521538734436035,0.3388574123382568,0.9145999999981708,0.9981999999980036,0.530293881893158,0.1729506850242614,0.2390549182891845,0.1000000014901161,0.0011418759822845,0,0.0005,42297269_16,True,cifar10_mobilenetv2_x0_5,0.530293881893158,0.359924852848053,0.0815710425376892,0.2521536648273468,1.0,0.0340395001524362,0,0.3388575911521911,0.9145999999981708,0.9981999999980036,0.2390549182891845,0.0110764522105455,0.0110851107165217,0.0008826274424791,0.3013991117477417,1.0,0.0110755698929005,0,0.4219794273376465,0.9639999999997858,0.9999999999997778,0.001917807967402
mobilenetv2_x0_5,4,1.0,0.1,0.0296084776838347,0.4560171365737915,0.5511399507522583,0.9331999999981336,0.9971999999980056,0.8367853164672852,0.1430729031562805,0.1560682505369186,0.1000000014901161,0.0007537007331848,0,0.0005,42297269_10,True,cifar10_mobilenetv2_x0_5,0.8367854356765747,0.3430367112159729,0.0577131509780883,0.4560173153877258,1.0,0.0296314166710635,0,0.5511397123336792,0.9331999999981336,0.9971999999980056,0.1560682505369186,0.0011508200550451,0.0011605928884819,6.649235729128122e-05,0.4982175529003143,1.0,0.0011515190998111,0,0.6460683345794678,0.9968222222220008,0.9999999999997778,0.00013973962632
mobilenetv2_x0_5,5,0.1,0.1,0.0399794448898511,0.2353180050849914,0.3346074223518371,0.8953999999982092,0.996999999998006,0.5511844754219055,0.1844180673360824,0.2697422802448272,0.1000000014901161,0.0012863874435424,0,0.0005,42297269_14,True,cifar10_mobilenetv2_x0_5,0.5511844754219055,0.1844180673360825,0.0012863874435424,0.2353181540966034,0.1000000014901161,0.0400763419256398,0,0.3346074819564819,0.8953999999982092,0.996999999998006,0.2697422504425049,0.0178541932255029,0.0169787649065256,2.1121930330991745e-05,0.2936997413635254,0.1000000014901161,0.0178508522846668,0,0.386592149734497,0.9439111111109014,0.9999111111108888,0.0041562644764781
mobilenetv2_x0_5,4,0.001,0.1,0.0294967881256379,0.5110114216804504,0.5848759412765503,0.9335999999981328,0.9963999999980072,0.9493204951286316,0.1265921741724014,0.1241305544972419,0.1000000014901161,0.0006012618541717,0,0.0005,42297269_6,True,cifar10_mobilenetv2_x0_5,0.9493204951286316,0.0154186189174652,4.1443854570388805e-07,0.5110113620758057,0.0010000000474974,0.0292576234641414,0,0.5848762392997742,0.9335999999981328,0.9963999999980072,0.1241305395960807,0.0012847506441175,0.0005386880366131,3.3107653507613577e-07,0.5571732521057129,0.0010000000474974,0.0012855079094403,0,0.6945470571517944,0.9959777777775564,0.9999999999997778,0.0001844156940933
mobilenetv2_x0_5,5,2.0,0.1,0.0327176335104134,0.2624246180057525,0.3351838588714599,0.9137999999981724,0.9973999999980052,0.5468472838401794,0.1679542809724807,0.2306725978851318,0.1000000014901161,0.0011006295680999,0,0.0005,42297269_17,True,cifar10_mobilenetv2_x0_5,0.5468472242355347,0.4175633490085602,0.2398264408111572,0.2624242901802063,2.0,0.03280090809091,0,0.3351836800575256,0.9137999999981724,0.9973999999980052,0.2306725978851318,0.0093401316553354,0.0093589490279555,0.0026079900562763,0.3176556229591369,2.0,0.0093419564319017,0,0.8115596175193787,0.969644444444229,0.9999999999997778,0.0015114648267626
mobilenetv2_x0_5,0,0.0,0.1,0.0297530788779504,0.5139322280883789,0.5955262184143066,0.9351999999981296,0.9971999999980056,0.9521119594573976,0.1255528479814529,0.1251607686281204,0.1000000014901161,0.0006048008799552,0,0.0005,42297321,True,cifar10_mobilenetv2_x0_5,0.9521118998527528,0.0003108952369075,0.0,0.5139319896697998,0.0,0.0291254545416342,0,0.5955259799957275,0.9351999999981296,0.9971999999980056,0.1251607686281204,0.0013752900995314,1.758643520588521e-05,0.0,0.5573278665542603,0.0,0.001374158829472,0,0.692937970161438,0.9953555555553344,0.9999999999997778,0.0002253153070341
mobilenetv2_x0_5,3,0.5,0.1,0.061923848061594,0.1555461585521698,0.241448700428009,0.8443999999983112,0.9951999999980096,0.5669803023338318,0.2352210134267807,0.386629194021225,0.1000000014901161,0.0018560364842414,0,0.0005,42297269_3,True,cifar10_mobilenetv2_x0_5,0.566980242729187,0.4072742760181427,0.0398988127708435,0.1555462777614593,0.5,0.0620147663789857,0,0.2414484620094299,0.8443999999983112,0.9951999999980096,0.386629194021225,0.0539042055606842,0.0539052672684192,0.0020774155855178,0.2113451510667801,0.5,0.05390454558561,0,0.2879360914230346,0.8599333333331423,0.9976444444442228,0.0182232409715652
mobilenetv2_x0_5,5,0.5,0.1,0.0351795995432074,0.2435465604066848,0.3382579684257507,0.9121999999981756,0.9973999999980052,0.5226394534111023,0.1739159226417541,0.2424353659152984,0.1000000014901161,0.0011584535241127,0,0.0005,42297269_15,True,cifar10_mobilenetv2_x0_5,0.5226395130157471,0.293840229511261,0.0245300531387329,0.2435468733310699,0.5,0.0352530064816341,0,0.3382578492164612,0.9121999999981756,0.9973999999980052,0.2424353957176208,0.0138969756662845,0.0139004504308104,0.0003242660313844,0.2922441065311432,0.5,0.0139009375540599,0,0.3942522406578064,0.9557999999997876,0.9999777777775556,0.0027317712083458
mobilenetv2_x0_5,5,0.001,0.1,0.0408543279190235,0.2267405390739441,0.3044691681861877,0.8955999999982088,0.9971999999980056,0.5385149717330933,0.1861511915922165,0.2751932442188263,0.1000000014901161,0.0013135820627212,0,0.0005,42297269_12,True,cifar10_mobilenetv2_x0_5,0.5385149121284485,0.0229964386671781,6.426707841455936e-07,0.2267404347658157,0.0010000000474974,0.0409023455139628,0,0.3044691085815429,0.8955999999982088,0.9971999999980056,0.2751932442188263,0.020252114161849,0.0030938135460019,2.249544195365161e-07,0.2804630100727081,0.0010000000474974,0.0202564015623779,0,0.3720525503158569,0.9386888888886804,0.9997555555553336,0.0052776071242988
mobilenetv2_x0_5,4,0.1,0.1,0.0313770827680403,0.498839259147644,0.5843459367752075,0.9327999999981345,0.9963999999980072,0.9262056350708008,0.1326983422040939,0.1364451199769973,0.1000000014901161,0.0006596520543098,0,0.0005,42297269_8,True,cifar10_mobilenetv2_x0_5,0.9262056350708008,0.1326983422040939,0.0006596520543098,0.4988395571708679,0.1000000014901161,0.030937174505918,0,0.5843460559844971,0.9327999999981345,0.9963999999980072,0.1364451199769973,0.0012731644092127,0.0012739383382722,1.4314427971839905e-06,0.5413439273834229,0.1000000014901161,0.0012739537040922,0,0.8117515444755554,0.9960888888886676,0.9999999999997778,0.0001733507087919
mobilenetv2_x0_5,3,0.01,0.1,0.07880907576316,0.1415890753269195,0.2091749310493469,0.8077999999983844,0.9951999999980096,0.6443226933479309,0.2620056569576263,0.4601859152317047,0.1000000014901161,0.0022126510739326,0,0.0005,42297269_1,True,cifar10_mobilenetv2_x0_5,0.6443226337432861,0.0919182300567627,2.3090746253728867e-05,0.141589343547821,0.0099999997764825,0.0797166207406692,0,0.209175169467926,0.8077999999983844,0.9951999999980096,0.4601858258247375,0.0752901285886764,0.022180713713169,1.4059478417038918e-06,0.1952975839376449,0.0099999997764825,0.075283457372632,0,0.2585809230804443,0.8191555555553736,0.9946444444442236,0.0298351999372243
resnet44,3,1.0,0.1,0.0368309055270874,0.1466855406761169,0.2701290547847748,0.9061999999981876,0.9973999999980052,0.4060907065868377,0.187590479850769,0.2875503897666931,0.1000000014901161,0.0013663284480571,0,0.0005,42318077_4,True,cifar10_resnet44,0.4060907065868377,0.3381163477897644,0.094305008649826,0.1466858237981796,1.0,0.0369188935311318,0,0.2701290249824524,0.9061999999981876,0.9973999999980052,0.2875503897666931,0.0170937553048133,0.0171020161360502,0.0016480460762977,0.2188934683799743,1.0,0.017093913062478,0,0.3447428941726684,0.9478888888886784,0.9999555555553334,0.0036741492804139
resnet44,4,0.1,0.1,0.0292766475903636,0.4010471403598785,0.4952899217605591,0.935999999998128,0.9971999999980056,0.7285231351852417,0.1437596082687378,0.1781319826841354,0.1000000014901161,0.0008508637547492,0,0.0005,42318077_8,True,cifar10_resnet44,0.7285231947898865,0.1437598317861557,0.0008508637547492,0.4010469615459442,0.1000000014901161,0.0291737519058747,0,0.4952893555164337,0.935999999998128,0.9971999999980056,0.1781319826841354,0.0004577094514388,0.00045861012768,9.482537279836832e-07,0.5233468413352966,0.1000000014901161,0.0004573405037716,0,0.6928048133850098,0.9987333333331114,0.9999999999997778,5.781234358437359e-05
resnet44,4,0.001,0.1,0.0283156239286048,0.4148151874542236,0.4939500391483307,0.93999999999812,0.9971999999980056,0.7405461668968201,0.1390876919031143,0.1692856401205063,0.1000000014901161,0.0008086115121841,0,0.0005,42318077_6,True,cifar10_resnet44,0.7405461668968201,0.0179226770997047,4.949397407472134e-07,0.4148149490356446,0.0010000000474974,0.0283606166809555,0,0.493950217962265,0.93999999999812,0.9971999999980056,0.1692856401205063,0.0004979918012395,0.0003058206057175,4.979917775926879e-07,0.5264021158218384,0.0010000000474974,0.0004984521416496,0,0.6965433359146118,0.9985111111108892,0.9999999999997778,7.149986049626023e-05
resnet44,3,0.001,0.1,0.0445041293987138,0.1193354725837707,0.1967532038688659,0.8865999999982268,0.996999999998006,0.4211674630641937,0.2103691399097442,0.3402073085308075,0.1000000014901161,0.0016218312084674,0,0.0005,42318077_0,True,cifar10_resnet44,0.4211674630641937,0.0255994293838739,5.971232894808054e-07,0.1193355843424797,0.0010000000474974,0.0444492360354741,0,0.196753442287445,0.8865999999982268,0.996999999998006,0.3402073085308075,0.0307099372148513,0.0042329439893364,1.9236176740378141e-07,0.1828821450471878,0.0010000000474974,0.030699954980256,0,0.2984731197357178,0.9154222222220189,0.9990666666664448,0.0097786281257867
resnet44,4,2.0,0.1,0.0303529550169635,0.3477631509304046,0.4630363285541534,0.93499999999813,0.9967999999980064,0.642372727394104,0.1564986258745193,0.2140475064516067,0.1000000014901161,0.0010191574692726,0,0.0005,42318077_11,True,cifar10_resnet44,0.6423726677894592,0.4124608635902405,0.2139092683792114,0.3477634191513061,2.0,0.0298678775168627,0,0.463036447763443,0.93499999999813,0.9967999999980064,0.2140475064516067,0.0003720549575518,0.0003919574082829,6.127910455688834e-05,0.4721060693264008,2.0,0.0003721365915931,0,0.6921291947364807,0.999399999999778,0.9999999999997778,3.3404412533855066e-05
resnet44,3,0.5,0.1,0.0386105821274883,0.1432979851961136,0.2575282454490661,0.8983999999982032,0.996999999998006,0.4128564298152923,0.1914209574460983,0.2917472720146179,0.1000000014901161,0.001389630138874,0,0.0005,42318077_3,True,cifar10_resnet44,0.4128564298152923,0.3085788190364837,0.0291401594877243,0.143297865986824,0.5,0.0390511717452058,0,0.25752854347229,0.8983999999982032,0.996999999998006,0.2917472720146179,0.0221748314797878,0.0221777651458978,0.0006399136036634,0.2099469602108001,0.5,0.0221699654503659,0,0.3336194157600403,0.9353555555553478,0.9996888888886668,0.0054789371788501
resnet44,5,0.01,0.1,0.0308545973928971,0.1485006809234619,0.2211946845054626,0.9183999999981632,0.9981999999980036,0.3822665810585022,0.1719128787517547,0.2707540094852447,0.1000000014901161,0.0012775026261806,0,0.0005,42318077_13,True,cifar10_resnet44,0.3822665810585022,0.0675646215677261,1.3689976185560226e-05,0.148500382900238,0.0099999997764825,0.0310020980270168,0,0.2211946845054626,0.9183999999981632,0.9981999999980036,0.2707540094852447,0.0060409000143408,0.0037890211679041,3.275126800872386e-07,0.2528236806392669,0.0099999997764825,0.0060437779952195,0,0.3975661993026733,0.9807333333331154,0.9999777777775556,0.0011510178446769
resnet44,5,1.0,0.1,0.0321835310037448,0.1700401902198791,0.2696919441223144,0.925999999998148,0.9957999999980084,0.4014068245887756,0.1724544614553451,0.288563460111618,0.1000000014901161,0.0013537965714931,0,0.0005,42318077_16,True,cifar10_resnet44,0.401406854391098,0.2956475615501404,0.0857969224452972,0.1700398325920105,1.0,0.0324586970569322,0,0.2696917653083801,0.925999999998148,0.9957999999980084,0.288563460111618,0.0031548889819532,0.0031644108239561,0.0001984986010938,0.2814835011959076,1.0,0.0031559560108798,0,0.4913851916790008,0.9903777777775578,0.9999999999997778,0.0004223688156343
resnet44,4,0.5,0.1,0.030281171932577,0.3816860020160675,0.4735994935035705,0.9347999999981303,0.9977999999980044,0.6999255418777466,0.150787353515625,0.1945118457078933,0.1000000014901161,0.0009293630719184,0,0.0005,42318077_9,True,cifar10_resnet44,0.6999254822731018,0.262389600276947,0.0196204483509063,0.3816862106323242,0.5,0.0306928143683093,0,0.4735997319221496,0.9347999999981303,0.9977999999980044,0.1945118606090545,0.0004556136264,0.000460520008346,7.508046110160649e-06,0.4989771544933319,0.5,0.0004568201046232,0,0.6657423973083496,0.998799999999778,0.9999999999997778,5.988120392430574e-05
resnet44,0,0.0,0.1,0.0296070586741946,0.4222577810287475,0.5042434334754944,0.9345999999981308,0.997999999998004,0.7707932591438293,0.1412947326898574,0.1692977100610733,0.1000000014901161,0.0008101761341094,0,0.0005,42318053,True,cifar10_resnet44,0.7707932591438293,0.0005788480048067,0.0,0.4222576916217804,0.0,0.0299162732287671,0,0.5042434930801392,0.9345999999981308,0.997999999998004,0.1692977100610733,0.0004490377614274,7.956320587254595e-06,0.0,0.5432866811752319,0.0,0.0004490717651441,0,0.704993724822998,0.9986222222220004,0.9999999999997778,6.209754064911976e-05
resnet44,3,2.0,0.1,0.0347036860709717,0.1320938169956207,0.2092159986495971,0.9145999999981708,0.9971999999980056,0.368391752243042,0.179098904132843,0.2842642366886139,0.1000000014901161,0.0013405568897724,0,0.0005,42318077_5,True,cifar10_resnet44,0.368391752243042,0.3301374316215515,0.2608304023742676,0.1320933103561401,2.0,0.0350896688002733,0,0.2092161774635315,0.9145999999981708,0.9971999999980056,0.2842642366886139,0.0120546156540513,0.0120731899514794,0.003550874069333,0.2161824256181717,2.0,0.0120527211448145,0,0.361684501171112,0.9619111111108974,0.9999999999997778,0.0020881213713437
resnet44,4,1.0,0.1,0.0291296155977632,0.3692235052585602,0.466093361377716,0.9295999999981408,0.9981999999980036,0.6855941414833069,0.1505265980958938,0.1891937255859375,0.1000000014901161,0.0009057521820068,0,0.0005,42318077_10,True,cifar10_resnet44,0.6855941414833069,0.3271709978580475,0.0652270913124084,0.3692234456539154,1.0,0.0291559888835502,0,0.4660932421684265,0.9295999999981408,0.9981999999980036,0.1891937255859375,0.0003831048961728,0.0003930102102458,1.7847632989287376e-05,0.4988578259944916,1.0,0.0003833576799522,0,0.6883643269538879,0.9991555555553336,0.9999999999997778,3.682395617943257e-05
resnet44,5,2.0,0.1,0.0312891226105408,0.187198132276535,0.2730419039726257,0.9285999999981428,0.9965999999980067,0.4158040881156921,0.1684494316577911,0.2715655565261841,0.1000000014901161,0.0012771785259246,0,0.0005,42318077_17,True,cifar10_resnet44,0.4158040881156921,0.3366546630859375,0.2371906042098999,0.1871979534626007,2.0,0.0312999395497105,0,0.2730420231819153,0.9285999999981428,0.9965999999980067,0.2715655565261841,0.0022412165999412,0.0022608314175158,0.0005189627408981,0.2977202534675598,2.0,0.0022395290095748,0,0.5006886720657349,0.9932444444442238,0.9999999999997778,0.0002941951970569
resnet44,4,0.01,0.1,0.0279673730814691,0.4098625183105469,0.5031578540802002,0.9395999999981208,0.9971999999980056,0.7346529364585876,0.1407249271869659,0.1722161322832107,0.1000000014901161,0.0008229687809944,0,0.0005,42318077_7,True,cifar10_resnet44,0.7346529364585876,0.0539573207497596,8.959788829088211e-06,0.4098625779151917,0.0099999997764825,0.0283117794290187,0,0.5031572580337524,0.9395999999981208,0.9971999999980056,0.1722161322832107,0.0004218107787892,0.0004218239919282,4.034104676975403e-07,0.5293341875076294,0.0099999997764825,0.0004235259540574,0,0.6929820775985718,0.9988222222220005,0.9999999999997778,5.577556657954119e-05
resnet44,5,0.001,0.1,0.0322964502337025,0.1504996120929718,0.2050893902778625,0.91999999999816,0.9973999999980052,0.3864948153495788,0.1722762286663055,0.2807986736297607,0.1000000014901161,0.0013217143714427,0,0.0005,42318077_12,True,cifar10_resnet44,0.3864947855472564,0.0230873562395572,2.56724888458848e-07,0.1504997014999389,0.0010000000474974,0.0322622516962507,0,0.2050893306732177,0.91999999999816,0.9973999999980052,0.2807986736297607,0.006723852828145,0.0015255757607519,4.81327333545778e-08,0.255441278219223,0.0010000000474974,0.0067253534040635,0,0.3922067880630493,0.9785777777775604,0.9999999999997778,0.0013380114687606
resnet44,3,0.01,0.1,0.046341633400992,0.120455116033554,0.1998092532157898,0.8807999999982384,0.9965999999980067,0.4344474077224731,0.2134498655796051,0.3467798829078674,0.1000000014901161,0.0016537830233573,0,0.0005,42318077_1,True,cifar10_resnet44,0.4344474375247955,0.0783747732639312,1.7653685063123703e-05,0.1204549670219421,0.0099999997764825,0.0466873999451612,0,0.1998090744018554,0.8807999999982384,0.9965999999980067,0.3467798829078674,0.0330055505037307,0.0128819961100816,1.0378716979175806e-06,0.1846268028020858,0.0099999997764825,0.0329999030358457,0,0.2938901782035827,0.9101111111109088,0.9990666666664448,0.0109828561544418
resnet44,5,0.5,0.1,0.0306781548853309,0.1809581220149994,0.2665941715240478,0.9245999999981508,0.9971999999980056,0.4124440252780914,0.1680147498846054,0.2695918679237366,0.1000000014901161,0.0012663826346397,0,0.0005,42318077_15,True,cifar10_resnet44,0.4124440252780914,0.2573437988758087,0.0254349261522293,0.1809582114219665,0.5,0.0308350503290496,0,0.2665938138961792,0.9245999999981508,0.9971999999980056,0.2695918977260589,0.0036431590560823,0.0036476431414484,6.58651115372777e-05,0.2876071035861969,0.5,0.0036427364824783,0,0.4578677713871002,0.988355555555336,0.9999999999997778,0.000539279426448
resnet44,5,0.1,0.1,0.0299920810236578,0.1598809361457824,0.2346461415290832,0.9251999999981496,0.9975999999980047,0.3849852681159973,0.1691427379846573,0.2699489295482635,0.1000000014901161,0.0012708976864814,0,0.0005,42318077_14,True,cifar10_resnet44,0.3849852681159973,0.1691427379846573,0.0012708976864814,0.1598812788724899,0.1000000014901161,0.0299427044428183,0,0.2346463799476623,0.9251999999981496,0.9975999999980047,0.2699489295482635,0.0049605518579483,0.0049609057605266,4.9129012040793896e-06,0.2628714144229889,0.1000000014901161,0.004960536812309,0,0.4217149019241333,0.9844222222220036,0.9999999999997778,0.0008387211710214
resnet44,3,0.1,0.1,0.0453873974044181,0.1324814856052398,0.2066442370414734,0.886999999998226,0.9977999999980044,0.4367684423923492,0.2091471999883651,0.3407615125179291,0.1000000014901161,0.0016217194497585,0,0.0005,42318077_2,True,cifar10_resnet44,0.4367684423923493,0.2091471999883651,0.0016217194497585,0.1324819326400756,0.1000000014901161,0.0453666060936115,0,0.2066446542739868,0.886999999998226,0.9977999999980044,0.3407615125179291,0.0289407726377248,0.0258426051586866,4.3544918298721313e-05,0.1992027461528778,0.1000000014901161,0.0289314608602348,0,0.3149154186248779,0.9201111111109068,0.9993333333331114,0.0087419785559177
mobilenetv2_x0_75,3,0.1,0.1,0.0708294476959609,0.1493044942617416,0.2046860456466674,0.8319999999983361,0.9947999999980104,0.5975266695022583,0.2502859532833099,0.4270188808441162,0.1000000014901161,0.0020534545183181,0,0.0005,42297269_2,True,cifar10_mobilenetv2_x0_75,0.5975264310836792,0.2502858340740204,0.0020534433424472,0.1493048369884491,0.1000000014901161,0.0692730515848931,0,0.204688012599945,0.8319999999983361,0.9947999999980104,0.4270194172859192,0.0625918731093406,0.0480197183787822,0.0001165713183581,0.1974589973688125,0.1000000014901161,0.062594949412413,0,0.2717617154121399,0.8431555555553683,0.9960444444442232,0.0237035080790519
mobilenetv2_x0_75,3,1.0,0.1,0.0493894912055546,0.1705577373504638,0.2449851036071777,0.8765999999982468,0.9971999999980056,0.5057652592658997,0.2099225521087646,0.3223834931850433,0.1000000014901161,0.0015452690422534,0,0.0005,42297269_4,True,cifar10_mobilenetv2_x0_75,0.5057659149169922,0.4072471857070923,0.1119718551635742,0.1705577373504638,1.0,0.0492223610855396,0,0.2449841499328613,0.8765999999982468,0.9971999999980056,0.3223831951618194,0.0369705893099308,0.0369775034487247,0.0045799948275089,0.2233904004096985,1.0,0.036977130473099,0,0.3121594190597534,0.8971999999998007,0.999399999999778,0.0107026817277073
mobilenetv2_x0_75,5,0.1,0.1,0.0320845252673837,0.3036935329437256,0.3698621988296509,0.9165999999981668,0.997999999998004,0.5998720526695251,0.1571988463401794,0.2001418620347976,0.1000000014901161,0.0009595341980457,0,0.0005,42297269_14,True,cifar10_mobilenetv2_x0_75,0.5998722910881042,0.1571993082761764,0.0009595565497875,0.3036940097808838,0.1000000014901161,0.0318400598903242,0,0.3698621988296509,0.9165999999981668,0.9981999999980036,0.2001423388719558,0.0128894206136465,0.0127414399757981,1.4833174645900726e-05,0.343867540359497,0.1000000014901161,0.0128945192150768,0,0.4353654980659485,0.958177777777565,0.9999555555553334,0.0028740235138684
mobilenetv2_x0_75,5,0.5,0.1,0.0345192706971127,0.3121255338191986,0.4026086330413818,0.916999999998166,0.9977999999980044,0.6211613416671753,0.1645704358816146,0.2223885208368301,0.1000000014901161,0.001060951501131,0,0.0005,42297269_15,True,cifar10_mobilenetv2_x0_75,0.6211602091789246,0.2836793661117553,0.0224007070064544,0.3121252954006195,0.5,0.0340318712235701,0,0.4026076197624206,0.916999999998166,0.9977999999980044,0.2223880738019943,0.0100765815004706,0.0100804725661873,0.0002384479157626,0.359301745891571,0.5,0.0100788085832121,0,0.8051425218582153,0.9668666666664518,0.9999999999997778,0.0020011402666568
mobilenetv2_x0_75,5,2.0,0.1,0.0316057951031548,0.3022749423980713,0.3904008269309997,0.9235999999981528,0.9961999999980076,0.588908851146698,0.1620739549398422,0.2220982611179351,0.1000000014901161,0.0010562613606452,0,0.0005,42297269_17,True,cifar10_mobilenetv2_x0_75,0.5889096260070801,0.4157257974147796,0.2267255783081054,0.3020747303962707,2.0,0.0317092785453202,0,0.3888682723045349,0.9233999999981533,0.9961999999980076,0.2221018075942993,0.0058517046272754,0.005870908498764,0.0015706196427345,0.3593750894069671,2.0,0.0058508311965173,0,0.4871127903461456,0.9803555555553376,0.9999999999997778,0.0009063117904588
mobilenetv2_x0_75,4,2.0,0.1,0.029136602938508,0.5275661945343018,0.6039299368858337,0.9393999999981212,0.9967999999980064,0.9689972400665284,0.1225103065371513,0.1162419393658638,0.1000000014901161,0.0005633533000946,0,0.0005,42297269_11,True,cifar10_mobilenetv2_x0_75,0.9689965844154358,0.3742000162601471,0.1450487375259399,0.5275658965110779,2.0,0.0284470164540481,0,0.6039289236068726,0.9393999999981212,0.9967999999980064,0.1162404865026474,0.0006230612052604,0.0006429183413274,0.0001379528548568,0.5676448345184326,2.0,0.0006229099187511,0,0.7011509537696838,0.9983999999997782,0.9999999999997778,7.730011566309258e-05
mobilenetv2_x0_75,5,0.01,0.1,0.0341835064642577,0.2849362790584564,0.3484821319580078,0.9125999999981748,0.995999999998008,0.5829772353172302,0.1652750074863433,0.2205932587385177,0.1000000014901161,0.0010553337633609,0,0.0005,42297269_13,True,cifar10_mobilenetv2_x0_75,0.5829777717590332,0.0618445426225662,1.1410564184188844e-05,0.2849366962909698,0.0099999997764825,0.033838277013817,0,0.3484829068183899,0.9125999999981748,0.995999999998008,0.2205943018198013,0.014290421269834,0.0070787565782666,8.067436283454299e-07,0.3302838802337646,0.0099999997764825,0.0142981287438384,0,0.4250208437442779,0.9552444444442322,0.9999555555553334,0.0035453259479254
mobilenetv2_x0_75,0,0.0,0.1,0.0275896443381793,0.5520132184028625,0.6160837411880493,0.9365999999981268,0.9977999999980044,1.0343499183654783,0.1148624792695045,0.100642554461956,0.1000000014901161,0.0004887133836746,0,0.0005,42297321,True,cifar10_mobilenetv2_x0_75,1.0343502759933472,0.000508306955453,0.0,0.5520128011703491,0.0,0.02769892717258,0,0.6160839796066284,0.9365999999981268,0.9977999999980044,0.1006431430578231,0.0005963826552033,8.750406777835451e-06,0.0,0.6017953157424927,0.0,0.0005960188120827,0,0.7065039277076721,0.998177777777556,0.9999999999997778,8.405231346841902e-05
mobilenetv2_x0_75,3,0.001,0.1,0.0690349457440312,0.1385645419359207,0.2061352729797363,0.8285999999983428,0.9941999999980116,0.5869138240814209,0.2505413293838501,0.4359025657176971,0.1000000014901161,0.0020898543298244,0,0.0005,42297269_0,True,cifar10_mobilenetv2_x0_75,0.5869128704071045,0.0291166882961988,1.3568787835538387e-06,0.1385642290115356,0.0010000000474974,0.0695424632752916,0,0.2061353325843811,0.8285999999983428,0.9941999999980116,0.4359008073806762,0.0637986212968826,0.0068274103105068,8.561182767152786e-07,0.1945989280939102,0.0010000000474974,0.0638111491270344,0,0.2641361355781555,0.8422222222220351,0.9958666666664454,0.0248825568705797
mobilenetv2_x0_75,5,0.001,0.1,0.0341449521311266,0.3034946918487549,0.3788867592811584,0.9111999999981776,0.997999999998004,0.6155247688293457,0.1621827781200409,0.2161844670772552,0.1000000014901161,0.0010332576930522,0,0.0005,42297269_12,True,cifar10_mobilenetv2_x0_75,0.6155241131782532,0.0203353893011808,4.0425220504403125e-07,0.3034946620464325,0.0010000000474974,0.0345220794728641,0,0.3788866698741913,0.9111999999981776,0.997999999998004,0.2161851972341537,0.0134284170344471,0.0024465238675475,7.69778125686571e-08,0.351017028093338,0.0010000000474974,0.0134368073849035,0,0.4521400928497314,0.9571999999997872,0.9999111111108888,0.0033698137849569
mobilenetv2_x0_75,4,0.01,0.1,0.0275036670130063,0.5608125329017639,0.6151883602142334,0.9363999999981272,0.9981999999980036,1.0582562685012815,0.1138204261660575,0.0968210995197296,0.1000000014901161,0.0004713386297225,0,0.0005,42297269_7,True,cifar10_mobilenetv2_x0_75,1.0582560300827026,0.0412191227078437,5.358830094337463e-06,0.5608124136924744,0.0099999997764825,0.0276711529448108,0,0.6151882410049438,0.9363999999981272,0.9981999999980036,0.0968199148774147,0.0005966294556856,0.0005915506626479,2.4424844013992697e-07,0.6092120409011841,0.0099999997764825,0.0005970345627811,0,0.709647536277771,0.9982222222220004,0.9999999999997778,8.039443491725251e-05
mobilenetv2_x0_75,4,0.5,0.1,0.029545477856079,0.5449890494346619,0.60953688621521,0.9325999999981348,0.9981999999980036,1.0317411422729492,0.1179582774639129,0.106521800160408,0.1000000014901161,0.0005167871713638,0,0.0005,42297269_9,True,cifar10_mobilenetv2_x0_75,1.03174090385437,0.2175213694572448,0.0115741491317749,0.544988751411438,0.5,0.0296537584942577,0,0.6095362901687622,0.9325999999981348,0.9981999999980036,0.1065215766429901,0.0006053639226593,0.0006102236220613,9.903946192935107e-06,0.5967365503311157,0.5,0.0006063334056118,0,0.7067437171936035,0.9983111111108892,0.9999999999997778,7.952682790346444e-05
mobilenetv2_x0_75,3,0.5,0.1,0.0555470108708165,0.1588341295719146,0.2511172890663147,0.8583999999982832,0.9965999999980067,0.5349377989768982,0.2251358330249786,0.3623901903629303,0.1000000014901161,0.0017378740012645,0,0.0005,42297269_3,True,cifar10_mobilenetv2_x0_75,0.5349370837211609,0.3838856220245361,0.0371828973293304,0.1588336825370788,0.5,0.0554410317635492,0,0.2511157393455505,0.8583999999982832,0.9965999999980067,0.3623879849910736,0.0463664382696151,0.0463679395616054,0.0017160102725028,0.2127970308065414,0.5,0.0463749093125386,0,0.2976225614547729,0.8762888888886942,0.9985333333331116,0.0149875190109014
mobilenetv2_x0_75,5,1.0,0.1,0.030826103206212,0.2997585535049438,0.3719092011451721,0.9181999999981636,0.9981999999980036,0.5923336744308472,0.1619086563587188,0.2136381268501281,0.1000000014901161,0.0010210871696472,0,0.0005,42297269_16,True,cifar10_mobilenetv2_x0_75,0.5923335552215576,0.3451359570026397,0.0732467174530029,0.2997588217258453,1.0,0.0306879700008076,0,0.3719101548194885,0.9181999999981636,0.9981999999980036,0.2136381566524505,0.0075272349640727,0.0075363032519817,0.00059116166085,0.3524960875511169,1.0,0.0075293454834723,0,0.476676732301712,0.9743333333331168,0.9999999999997778,0.0012870684731751
mobilenetv2_x0_75,4,0.1,0.1,0.0273968515780674,0.5651804804801941,0.6356064081192017,0.9405999999981188,0.9975999999980047,1.0587960481643677,0.1147829592227935,0.0981783866882324,0.1000000014901161,0.0004776194691658,0,0.0005,42297269_8,True,cifar10_mobilenetv2_x0_75,1.0587968826293943,0.1147833615541458,0.0004776939749717,0.5651803016662598,0.1000000014901161,0.0274480685454457,0,0.6356065273284912,0.9405999999981188,0.9975999999980047,0.0981793403625488,0.0005367237608879,0.0005375934415496,2.666165528353304e-07,0.6112594604492188,0.1000000014901161,0.0005362048010658,0,0.7099220752716064,0.9981999999997784,0.9999999999997778,7.280382124008611e-05
mobilenetv2_x0_75,4,0.001,0.1,0.0283702941469557,0.5598644018173218,0.6206174492835999,0.9403999999981192,0.9977999999980044,1.042722463607788,0.1122076585888862,0.0978284329175949,0.1000000014901161,0.0004752799868583,0,0.0005,42297269_6,True,cifar10_mobilenetv2_x0_75,1.0427230596542358,0.0136825013905763,3.57162207365036e-07,0.5598642230033875,0.0010000000474974,0.027611145549618,0,0.6206175088882446,0.9403999999981192,0.9977999999980044,0.0978284180164337,0.0006232890882529,0.0003542354970704,6.232891678337182e-07,0.6074360013008118,0.0010000000474974,0.0006235138960753,0,0.7085426449775696,0.9981111111108892,0.9999999999997778,9.170631528832018e-05
mobilenetv2_x0_75,3,2.0,0.1,0.0444900015146607,0.1709038615226745,0.2346247434616089,0.8833999999982333,0.9971999999980056,0.4832979440689087,0.1979939043521881,0.2924891412258148,0.1000000014901161,0.0014013908803462,0,0.0005,42297269_5,True,cifar10_mobilenetv2_x0_75,0.4832974374294281,0.4216753542423248,0.3121868968009949,0.1709040105342865,2.0,0.0443147609720087,0,0.2346237897872924,0.8833999999982333,0.9971999999980056,0.2924865186214447,0.0305438581854105,0.0305610671639442,0.0119143612682819,0.2267592251300812,2.0,0.0305494469869457,0,0.3146376609802246,0.9106666666664645,0.9997777777775556,0.0075895604677498
mobilenetv2_x0_75,3,0.01,0.1,0.0721515869361012,0.1487474143505096,0.207099437713623,0.8285999999983428,0.9943999999980112,0.6053014397621155,0.2528684735298157,0.4411411881446838,0.1000000014901161,0.0021156892180442,0,0.0005,42297269_1,True,cifar10_mobilenetv2_x0_75,0.6053023934364319,0.089637167751789,2.1987594664096832e-05,0.1487473398447036,0.0099999997764825,0.0722020733740523,0,0.2070993185043335,0.8285999999983428,0.9943999999980112,0.4411434829235077,0.0667879581451416,0.0206277836114168,1.2613018043339252e-06,0.1978625953197479,0.0099999997764825,0.066790822783754,0,0.2626873254776001,0.8369555555553696,0.995733333333112,0.0262884572148323
mobilenetv2_x0_75,4,1.0,0.1,0.0277935224911928,0.5414025187492371,0.6081404685974121,0.9397999999981204,0.9973999999980052,0.9981170892715454,0.1163125857710838,0.1061597391963005,0.1000000014901161,0.0005141794681549,0,0.0005,42297269_10,True,cifar10_mobilenetv2_x0_75,0.9981165528297424,0.2761851251125335,0.0404072403907775,0.5414029955863953,1.0,0.028134918524786,0,0.6081441640853882,0.9397999999981204,0.9973999999980052,0.1061589568853378,0.0006829021731391,0.0006927446229383,4.107935819774866e-05,0.5826517343521118,1.0,0.0006832902025992,0,0.8225087523460388,0.9980444444442228,0.9999999999997778,8.655720739625394e-05
shufflenetv2_x1_5,5,0.5,0.1,0.0294949480184959,0.3157725632190704,0.4080348908901214,0.926999999998146,0.9977999999980044,0.5990805625915527,0.1569978147745132,0.2029188722372055,0.1000000014901161,0.0009690746665,0,0.0005,42297269_15,True,cifar10_shufflenetv2_x1_5,0.5990805625915527,0.2761545777320862,0.0205342769622802,0.31577268242836,0.5,0.0303837935288323,0,0.4080350399017334,0.926999999998146,0.9977999999980044,0.2029188722372055,0.0039161345921456,0.0039205616340041,6.979214958846569e-05,0.3952808380126953,0.5,0.0039194847646043,0,0.5459679365158081,0.987133333333114,0.9999999999997778,0.0005751122371293
shufflenetv2_x1_5,5,0.1,0.1,0.0310452736758931,0.3052735030651092,0.4005134701728821,0.9241999999981516,0.9975999999980047,0.5947017073631287,0.1666356176137924,0.2221321761608123,0.1000000014901161,0.0010604858398437,0,0.0005,42297269_14,True,cifar10_shufflenetv2_x1_5,0.5947017669677734,0.1666356176137924,0.0010604858398437,0.3052736222743988,0.1000000014901161,0.0313318004675012,0,0.400513231754303,0.9241999999981516,0.9975999999980047,0.2221321761608124,0.0053937062621116,0.0053939991630613,4.3593463487923145e-06,0.3803929984569549,0.1000000014901161,0.0053943596877775,0,0.5390875339508057,0.9821777777775595,0.9999999999997778,0.0009051071247085
shufflenetv2_x1_5,3,0.01,0.1,0.0550177562706755,0.146579772233963,0.3181792497634887,0.8707999999982584,0.9955999999980089,0.4992249310016632,0.2280143499374389,0.3767701983451843,0.1000000014901161,0.0018019936978816,0,0.0005,42297269_1,True,cifar10_shufflenetv2_x1_5,0.499224990606308,0.0822273716330528,1.8837396055459976e-05,0.1465797573328018,0.0099999997764825,0.0555113106688462,0,0.3181792497634887,0.8707999999982584,0.9955999999980089,0.3767701685428619,0.0463427901268005,0.0159192569553852,8.958741091191769e-07,0.1932750195264816,0.0099999997764825,0.046340258651828,0,0.2898509502410888,0.8796666666664712,0.9978888888886672,0.0161172971129417
shufflenetv2_x1_5,5,2.0,0.1,0.0300186853705754,0.3453371226787567,0.4595305621623993,0.9307999999981384,0.9973999999980052,0.6483917236328125,0.163107544183731,0.2111387699842453,0.1000000014901161,0.0010107010602951,0,0.0005,42297269_17,True,cifar10_shufflenetv2_x1_5,0.6483917236328125,0.4463757574558258,0.2309746742248535,0.345337450504303,2.0,0.0303905087371209,0,0.4595310091972351,0.9307999999981384,0.9973999999980052,0.2111387699842453,0.0018023218726739,0.0018219714984297,0.0003669194411486,0.423935055732727,2.0,0.0018031537762648,0,0.636192798614502,0.9949777777775568,0.9999999999997778,0.0002040897670667
shufflenetv2_x1_5,0,0.0,0.1,0.0312920936226846,0.605963408946991,0.685702383518219,0.938999999998122,0.997999999998004,1.1823511123657229,0.1161144971847534,0.0909375622868537,0.1000000014901161,0.0004449039697647,0,0.0005,42297321,True,cifar10_shufflenetv2_x1_5,1.1823511123657229,0.0002449883322697,0.0,0.6059632897377014,0.0,0.0316688245004023,0,0.6857022047042847,0.938999999998122,0.997999999998004,0.0909375622868538,0.0002606130146887,8.457589501631446e-06,0.0,0.6754710674285889,0.0,0.0002622281613084,0,0.7201441526412964,0.9992222222220002,0.9999999999997778,3.812209615716711e-05
shufflenetv2_x1_5,3,0.1,0.1,0.0537551978334229,0.1471678167581558,0.2352320551872253,0.8681999999982636,0.9963999999980072,0.502496063709259,0.2249077260494232,0.3634008765220642,0.1000000014901161,0.0017419159412384,0,0.0005,42297269_2,True,cifar10_shufflenetv2_x1_5,0.502496063709259,0.2249077260494232,0.0017419159412384,0.1471677124500275,0.1000000014901161,0.0545733825962069,0,0.2352320551872253,0.8681999999982636,0.9963999999980072,0.3634008467197418,0.0449703261256217,0.0367783196270465,7.484527304768562e-05,0.199378490447998,0.1000000014901161,0.0449752048246238,0,0.2900956869125366,0.8832444444442482,0.9981111111108892,0.0151139600202441
shufflenetv2_x1_5,4,0.5,0.1,0.0327024370268387,0.5920237302780151,0.6615869402885437,0.93499999999813,0.9971999999980056,1.154657006263733,0.1166238710284233,0.0947862118482589,0.1000000014901161,0.000462107360363,0,0.0005,42297269_9,True,cifar10_shufflenetv2_x1_5,1.154657006263733,0.2361954301595688,0.0105565190315246,0.5920233130455017,0.5,0.0329851479104638,0,0.6615869998931885,0.93499999999813,0.9971999999980056,0.0947862118482589,0.0001932209997903,0.0001981416571652,2.196742570959032e-06,0.6643146872520447,0.5,0.0001935956456238,0,0.716486930847168,0.9996444444442224,0.9999999999997778,1.8168057067669e-05
shufflenetv2_x1_5,3,0.001,0.1,0.0592600959988171,0.1366407871246338,0.2029556035995483,0.8561999999982877,0.9963999999980072,0.5223376750946045,0.2382885813713073,0.4082836210727691,0.1000000014901161,0.0019512921571731,0,0.0005,42297269_0,True,cifar10_shufflenetv2_x1_5,0.5223376750946045,0.0281135495752096,6.778864189982414e-07,0.1366407871246338,0.0010000000474974,0.0600971214172761,0,0.2029553651809692,0.8561999999982877,0.9963999999980072,0.4082835912704468,0.0487986467778682,0.0056269289925694,1.612606865819544e-07,0.1956768184900284,0.0010000000474974,0.0487995547087737,0,0.2880225777626037,0.8748222222220279,0.9979333333331116,0.0170056670904159
shufflenetv2_x1_5,5,0.001,0.1,0.031289683825524,0.2599599361419678,0.3706510663032532,0.922999999998154,0.997999999998004,0.5307299494743347,0.1738380491733551,0.243882805109024,0.1000000014901161,0.0011625960469245,0,0.0005,42297269_12,True,cifar10_shufflenetv2_x1_5,0.5307300090789795,0.021601628512144,4.870234988629818e-07,0.2599597573280334,0.0010000000474974,0.0318246346739253,0,0.3706510663032532,0.922999999998154,0.997999999998004,0.243882805109024,0.0061692665331065,0.0013715927489101,4.4722128222929314e-07,0.3382757008075714,0.0010000000474974,0.0061707710923126,0,0.4899313747882843,0.9803333333331156,0.9999999999997778,0.0010677491081878
shufflenetv2_x1_5,5,1.0,0.1,0.0310479550467163,0.3197441101074219,0.4284241795539856,0.9233999999981533,0.9975999999980047,0.622356116771698,0.1661952435970306,0.2217603921890258,0.1000000014901161,0.0010593123733997,0,0.0005,42297269_16,True,cifar10_shufflenetv2_x1_5,0.622356116771698,0.3698602020740509,0.0760218501091003,0.3197441399097442,1.0,0.031304680354142,0,0.4284243881702423,0.9233999999981533,0.9975999999980047,0.2217603921890258,0.0028108956757932,0.0028204431291669,0.000178754562512,0.399824321269989,1.0,0.0028155069159654,0,0.5829818248748779,0.9914666666664465,0.9999999999997778,0.0003828486660495
shufflenetv2_x1_5,5,0.01,0.1,0.0314106798108075,0.3237046003341675,0.4826468825340271,0.918999999998162,0.9963999999980072,0.6317000985145569,0.1609175652265548,0.2072332501411438,0.1000000014901161,0.0009913966059684,0,0.0005,42297269_13,True,cifar10_shufflenetv2_x1_5,0.6317000985145569,0.059890154749155,1.0352116078138351e-05,0.3237046003341675,0.0099999997764825,0.0321388349707663,0,0.4826468825340271,0.918999999998162,0.9963999999980072,0.2072332501411438,0.0061040818691253,0.0037974633742123,5.660695023834705e-09,0.3966620564460754,0.0099999997764825,0.0061053727638867,0,0.5533768534660339,0.9793999999997824,0.9999777777775556,0.0011227609356865
shufflenetv2_x1_5,3,2.0,0.1,0.0374382482654419,0.1471504122018814,0.230778694152832,0.8971999999982057,0.9977999999980044,0.4184745848178863,0.1893641352653503,0.2786321341991424,0.1000000014901161,0.0013315603137016,0,0.0005,42297269_5,True,cifar10_shufflenetv2_x1_5,0.4184745848178863,0.3833097219467163,0.2886174321174621,0.1471504867076873,2.0,0.037919011413718,0,0.230778694152832,0.8971999999982057,0.9977999999980044,0.2786321341991424,0.0185026917606592,0.0185206793248653,0.0059957094490528,0.2231846004724502,2.0,0.0185102477225287,0,0.3464696407318115,0.9441999999997902,0.9999555555553334,0.003618118353188
shufflenetv2_x1_5,4,2.0,0.1,0.0309426127778252,0.588290810585022,0.6582639217376709,0.9375999999981248,0.9975999999980047,1.1320134401321411,0.1147786974906921,0.0937649980187416,0.1000000014901161,0.0004570111632347,0,0.0005,42297269_11,True,cifar10_shufflenetv2_x1_5,1.1320134401321411,0.4051039814949035,0.1295788288116455,0.5882906913757324,2.0,0.0311550389819534,0,0.6582640409469604,0.9375999999981248,0.9975999999980047,0.0937649980187416,0.0002185051853302,0.0002384114923188,5.649431841447949e-05,0.6549617648124695,2.0,0.00021977668606,0,0.7163482308387756,0.999622222222,0.9999999999997778,3.351960185682401e-05
shufflenetv2_x1_5,3,1.0,0.1,0.0419814049987694,0.1586912274360656,0.2256895899772644,0.8955999999982088,0.996999999998006,0.444411426782608,0.1967759579420089,0.3000687062740326,0.1000000014901161,0.0014313831925392,0,0.0005,42297269_4,True,cifar10_shufflenetv2_x1_5,0.444411426782608,0.3694576919078827,0.1011373102664947,0.158691257238388,1.0,0.0425629183437202,0,0.2256898283958435,0.8955999999982088,0.996999999998006,0.3000687062740326,0.0268709417432546,0.026878448203206,0.0029041524976491,0.2191809117794037,1.0,0.0268700242725766,0,0.3275925517082214,0.922088888888684,0.9997555555553336,0.0066087720915675
shufflenetv2_x1_5,4,0.001,0.1,0.0328964528463211,0.607639491558075,0.6807427406311035,0.9385999999981228,0.9977999999980044,1.184224247932434,0.1128401011228561,0.0882091745734214,0.1000000014901161,0.0004309713840484,0,0.0005,42297269_6,True,cifar10_shufflenetv2_x1_5,1.184224247932434,0.0130470404401421,-2.3923348635435104e-07,0.6076393127441406,0.0010000000474974,0.0339316442439175,0,0.680742621421814,0.9385999999981228,0.9977999999980044,0.0882091745734214,0.0002705006336327,0.0002056043449556,2.705006636460894e-07,0.6752073168754578,0.0010000000474974,0.000271469802462,0,0.7200735807418823,0.9991777777775558,0.9999999999997778,3.8515230698976666e-05
shufflenetv2_x1_5,4,1.0,0.1,0.0339843563099902,0.594561755657196,0.677472710609436,0.9353999999981292,0.9971999999980056,1.16424298286438,0.1174286678433418,0.0963018909096717,0.1000000014901161,0.0004708468914031,0,0.0005,42297269_10,True,cifar10_shufflenetv2_x1_5,1.16424298286438,0.3208622634410858,0.0389678478240966,0.594561755657196,1.0,0.0347191786219927,0,0.6774729490280151,0.9353999999981292,0.9971999999980056,0.0963018983602523,0.0001951889862539,0.0002051096671493,1.1129843187518418e-05,0.6713235378265381,1.0,0.0001963029285284,0,0.7171570658683777,0.9994888888886668,0.9999999999997778,2.29491779464297e-05
shufflenetv2_x1_5,4,0.1,0.1,0.0338519815186279,0.601140022277832,0.674640417098999,0.9341999999981316,0.9975999999980047,1.184104561805725,0.1127929985523223,0.0899602323770523,0.1000000014901161,0.0004390478134155,0,0.0005,42297269_8,True,cifar10_shufflenetv2_x1_5,1.1841046810150146,0.1127929985523224,0.0004390478134155,0.6011399626731873,0.1000000014901161,0.0338166451843872,0,0.674640417098999,0.9341999999981316,0.9975999999980047,0.0899602249264717,0.0001811105612432,0.0001820194884203,-8.754795999266207e-09,0.6782082915306091,0.1000000014901161,0.0001815321199898,0,0.7190784215927124,0.9995555555553336,0.9999999999997778,1.9423676349106245e-05
shufflenetv2_x1_5,4,0.01,0.1,0.0318570515912928,0.5998775959014893,0.6787585020065308,0.937999999998124,0.997999999998004,1.1670126914978027,0.1154215410351753,0.0919031873345375,0.1000000014901161,0.0004493221640586,0,0.0005,42297269_7,True,cifar10_shufflenetv2_x1_5,1.1670126914978027,0.0405304469168186,5.736015737056732e-06,0.5998777151107788,0.0099999997764825,0.0326238423422772,0,0.6787586212158203,0.937999999998124,0.997999999998004,0.0919031873345375,0.0002801939554046,0.0002801945083774,-5.9083276937599294e-08,0.6694120168685913,0.0099999997764825,0.0002830394335053,0,0.810623288154602,0.9991111111108892,0.9999999999997778,4.2811436287593096e-05
shufflenetv2_x1_5,3,0.5,0.1,0.0482843484488106,0.1473784446716308,0.2404717206954956,0.8755999999982488,0.9977999999980044,0.4774731695652008,0.2136773914098739,0.3316285610198974,0.1000000014901161,0.001590434461832,0,0.0005,42297269_3,True,cifar10_shufflenetv2_x1_5,0.4774731695652008,0.3582191467285156,0.0340952426195144,0.1473784297704697,0.5,0.0483198756110467,0,0.2404713630676269,0.8755999999982488,0.9977999999980044,0.3316285610198974,0.0335813350975513,0.0335834696888923,0.0011074934154748,0.2112229317426681,0.5,0.0335831986086157,0,0.3159451484680176,0.9074222222220206,0.9991555555553336,0.009590495377779
shufflenetv2_x1_0,4,1.0,0.1,0.0325180883356761,0.5187686681747437,0.6111923456192017,0.9315999999981368,0.996999999998006,0.9865474104881288,0.1448371261358261,0.1443492919206619,0.1000000014901161,0.0007009506225585,0,0.0005,42297269_10,True,cifar10_shufflenetv2_x1_0,0.9865474104881288,0.3948653936386109,0.0567883849143981,0.5187685489654541,1.0,0.0318689280030229,0,0.6111922860145569,0.9315999999981368,0.996999999998006,0.1443492919206619,0.0003279450465925,0.0003378382825758,1.5139870811253786e-05,0.59456467628479,1.0,0.0003288935373895,0,0.7127846479415894,0.999399999999778,0.9999999999997778,3.001357254106551e-05
shufflenetv2_x1_0,3,2.0,0.1,0.0427860244894674,0.1602735370397567,0.2500293254852295,0.8901999999982196,0.9971999999980056,0.4553937315940857,0.1973965167999267,0.2947026193141937,0.1000000014901161,0.001410000026226,0,0.0005,42297269_5,True,cifar10_shufflenetv2_x1_0,0.4553937315940857,0.4139547049999237,0.3100637197494507,0.1602735817432403,2.0,0.0421454199379061,0,0.2500288486480713,0.8901999999982196,0.9971999999980056,0.2947026193141937,0.0240143276751041,0.0240319184958934,0.0084816887974739,0.2238648831844329,2.0,0.0240204447644491,0,0.3319959640502929,0.9280888888886828,0.9999111111108888,0.0052180192433297
shufflenetv2_x1_0,5,0.001,0.1,0.0350235658522666,0.2334530353546142,0.3427934646606445,0.9115999999981768,0.996999999998006,0.515545666217804,0.1808446198701858,0.258498340845108,0.1000000014901161,0.001233946532011,0,0.0005,42297269_12,True,cifar10_shufflenetv2_x1_0,0.515545666217804,0.0222680140286684,5.615293048322201e-07,0.2334531396627426,0.0010000000474974,0.0343259015880259,0,0.3427936136722564,0.9115999999981768,0.996999999998006,0.2584983110427856,0.0106433480978012,0.0019282021094113,1.5293153410311788e-07,0.303727924823761,0.0010000000474974,0.0106506498302208,0,0.8215128183364868,0.9655111111108966,0.9999999999997778,0.002063779393211
shufflenetv2_x1_0,3,0.1,0.1,0.0598631592168111,0.1458604782819748,0.3159568905830383,0.8557999999982884,0.9953999999980092,0.5370426177978516,0.2372167110443115,0.4054476618766784,0.1000000014901161,0.0019359551370143,0,0.0005,42297269_2,True,cifar10_shufflenetv2_x1_0,0.5370425581932068,0.2372166514396667,0.0019359625875949,0.1458604037761688,0.1000000014901161,0.0596473617180968,0,0.3159568905830383,0.8557999999982884,0.9953999999980092,0.4054476618766784,0.0516224429011344,0.0410764664411544,8.869683369994164e-05,0.1987597644329071,0.1000000014901161,0.0516269695492422,0,0.2828432321548462,0.8672222222220296,0.9977111111108896,0.0180412121117115
shufflenetv2_x1_0,0,0.0,0.1,0.0325487972074425,0.5661379098892212,0.6362779140472412,0.9321999999981356,0.9967999999980064,1.0977548360824585,0.126262679696083,0.11165152490139,0.1000000014901161,0.0005435347557067,0,0.0005,42297321,True,cifar10_shufflenetv2_x1_0,1.0977548360824585,0.0002203762123826,0.0,0.566137969493866,0.0,0.0318229612968072,0,0.6362779140472412,0.9321999999981356,0.9967999999980064,0.11165152490139,0.0004649813636206,3.843492322630482e-06,0.0,0.6365890502929688,0.0,0.0004678393165283,0,0.7164270877838135,0.9987111111108892,0.9999999999997778,6.883166497573256e-05
shufflenetv2_x1_0,3,1.0,0.1,0.0498510675255548,0.1424802541732788,0.2333657145500183,0.8711999999982576,0.996999999998006,0.4795174598693847,0.2152857929468155,0.3397007584571838,0.1000000014901161,0.0016260668635368,0,0.0005,42297269_4,True,cifar10_shufflenetv2_x1_0,0.4795175194740295,0.4142576456069946,0.116887629032135,0.1424803584814071,1.0,0.0489846976229004,0,0.2333657145500183,0.8711999999982576,0.996999999998006,0.3397007584571838,0.0341822169721126,0.034189224243164,0.0039268992841243,0.2124218344688415,1.0,0.0341964014045598,0,0.3107894659042358,0.9043333333331324,0.9995777777775556,0.0089734531939029
shufflenetv2_x1_0,4,0.01,0.1,0.0324543602602334,0.5766638517379761,0.6680246591567993,0.9347999999981303,0.996999999998006,1.1167210340499878,0.1236421912908554,0.1069737523794174,0.1000000014901161,0.0005204230546951,0,0.0005,42297269_7,True,cifar10_shufflenetv2_x1_0,1.1167210340499878,0.043610330671072,5.406327545642853e-06,0.5766641497612,0.0099999997764825,0.0316939605474327,0,0.6680245399475098,0.9347999999981303,0.996999999998006,0.1069737523794174,0.0003487595822662,0.000348764413502,6.265727279242128e-07,0.6467259526252747,0.0099999997764825,0.000348615534147,0,0.7155849933624268,0.998777777777556,0.9999999999997778,4.7726738557685167e-05
shufflenetv2_x1_0,5,0.5,0.1,0.0342195330947903,0.2495509982109069,0.3502892255783081,0.9165999999981668,0.9973999999980052,0.5280700325965881,0.1764725595712661,0.2522976398468017,0.1000000014901161,0.0012027360498905,0,0.0005,42297269_15,True,cifar10_shufflenetv2_x1_0,0.5280700922012329,0.3002134561538696,0.0253065228462219,0.2495509088039398,0.5,0.0337791170290345,0,0.3502890467643738,0.9165999999981668,0.9973999999980052,0.2522976398468017,0.0065135909244418,0.0065177003853023,0.0001220679841935,0.3271756172180176,0.5,0.0065174292020543,0,0.8157713413238525,0.9794222222220046,0.9999999999997778,0.0010118909412994
shufflenetv2_x1_0,3,0.01,0.1,0.0632535347398752,0.1349085867404937,0.3109100461006164,0.8445999999983108,0.9951999999980096,0.5411720275878906,0.2410369962453842,0.4087709188461303,0.1000000014901161,0.001958854496479,0,0.0005,42297269_1,True,cifar10_shufflenetv2_x1_0,0.5411720275878906,0.085994116961956,2.059945836663246e-05,0.1349087655544281,0.0099999997764825,0.0629573030082509,0,0.310910016298294,0.8445999999983108,0.9951999999980096,0.4087709486484528,0.0565604679286479,0.0182139705866575,1.0294606909155846e-06,0.1926734000444412,0.0099999997764825,0.0565720849892323,0,0.2721114754676819,0.8583777777775871,0.9970222222220008,0.0206837132573127
shufflenetv2_x1_0,5,0.01,0.1,0.0360916473722303,0.2504699826240539,0.3516407608985901,0.9095999999981808,0.9973999999980052,0.5418960452079773,0.1765581965446472,0.2531294226646423,0.1000000014901161,0.0012063197791576,0,0.0005,42297269_13,True,cifar10_shufflenetv2_x1_0,0.5418959856033325,0.0661805719137191,1.2580305337905884e-05,0.2504698932170868,0.0099999997764825,0.0353198825205096,0,0.3516408801078796,0.9095999999981808,0.9973999999980052,0.2531294226646423,0.0103514734655618,0.0053225834853947,5.179099389351904e-07,0.3148338198661804,0.0099999997764825,0.0103571895816278,0,0.4354373216629028,0.9678444444442296,0.9999999999997778,0.0020405040122568
shufflenetv2_x1_0,4,0.5,0.1,0.0341829252258391,0.5538188219070435,0.6230285167694092,0.9331999999981336,0.997999999998004,1.0651754140853882,0.1360285133123397,0.125624194741249,0.1000000014901161,0.0006129443645477,0,0.0005,42297269_9,True,cifar10_shufflenetv2_x1_0,1.0651754140853882,0.274124801158905,0.0139185786247253,0.5538188219070435,0.5,0.0335417759437043,0,0.6230286955833435,0.9331999999981336,0.997999999998004,0.125624194741249,0.0003296166541986,0.0003345182049088,4.591041943058372e-06,0.6257637739181519,0.5,0.0003294628887419,0,0.7152012586593628,0.9993111111108892,0.9999999999997778,3.251242742408067e-05
shufflenetv2_x1_0,4,0.001,0.1,0.0337397565896493,0.5624476075172424,0.6323897242546082,0.9345999999981308,0.9967999999980064,1.0866916179656982,0.1318305283784866,0.121871680021286,0.1000000014901161,0.0005930662155151,0,0.0005,42297269_6,True,cifar10_shufflenetv2_x1_0,1.0866916179656982,0.0153395785018801,4.5658089220523845e-07,0.5624476075172424,0.0010000000474974,0.0335579288489965,0,0.6323896050453186,0.9345999999981308,0.9967999999980064,0.121871680021286,0.0003375330707058,0.0002354765601921,3.375330663857312e-07,0.6414079666137695,0.0010000000474974,0.0003374931090054,0,0.7148019671440125,0.9991555555553336,0.9999999999997778,5.3674171795137227e-05
shufflenetv2_x1_0,3,0.5,0.1,0.0555691454281718,0.1441297233104705,0.2188760042190551,0.8637999999982724,0.995999999998008,0.5063055753707886,0.2269060015678405,0.3722169697284698,0.1000000014901161,0.0017804950475692,0,0.0005,42297269_3,True,cifar10_shufflenetv2_x1_0,0.5063055753707886,0.3841369748115539,0.0378827452659606,0.1441294997930526,0.5,0.0552945391929838,0,0.2188762426376342,0.8637999999982724,0.995999999998008,0.3722169399261474,0.0421207174658775,0.0421223826706409,0.0014528147876262,0.2066962420940399,0.5,0.0421376667829333,0,0.2962748408317566,0.8862666666664698,0.998999999999778,0.0126103442162275
shufflenetv2_x1_0,5,0.1,0.1,0.0340240002439669,0.2539502680301666,0.3407736420631408,0.9107999999981784,0.9985999999980028,0.5443849563598633,0.1746118515729904,0.2505847513675689,0.1000000014901161,0.0011929534375667,0,0.0005,42297269_14,True,cifar10_shufflenetv2_x1_0,0.5443849563598633,0.1746118068695068,0.0011929534375667,0.2539501488208771,0.1000000014901161,0.0338547722267213,0,0.3407735228538513,0.9107999999981784,0.9985999999980028,0.2505847513675689,0.0086291199550032,0.0086215706542134,7.466180250048637e-06,0.3359394669532776,0.1000000014901161,0.0086295569935059,0,0.4563762843608856,0.972511111110895,0.9999999999997778,0.0015005443710833
shufflenetv2_x1_0,4,2.0,0.1,0.0336782723496846,0.5220094323158264,0.6135298013687134,0.9293999999981412,0.9971999999980056,1.002055287361145,0.1430808752775192,0.1432592719793319,0.1000000014901161,0.0006962865591049,0,0.0005,42297269_11,True,cifar10_shufflenetv2_x1_0,1.002055287361145,0.5109490752220154,0.1905596256256103,0.5220097303390503,2.0,0.0333558756691331,0,0.6135302782058716,0.9293999999981412,0.9971999999980056,0.1432592719793319,0.0002972891670651,0.0003171945281792,5.0030299462378025e-05,0.5990930199623108,2.0,0.00029734870724,0,0.7125885486602783,0.9993777777775558,0.9999999999997778,2.7530166335054677e-05
shufflenetv2_x1_0,5,2.0,0.1,0.0372157643363065,0.2688832879066467,0.3720176219940185,0.9127999999981744,0.9967999999980064,0.5689814686775208,0.1792645901441574,0.2658037543296814,0.1000000014901161,0.0012617371976375,0,0.0005,42297269_17,True,cifar10_shufflenetv2_x1_0,0.568981409072876,0.4396739304065704,0.2651882171630859,0.2688833177089691,2.0,0.0361999760666538,0,0.372017502784729,0.9127999999981744,0.9967999999980064,0.2658037841320038,0.0040875440463423,0.0041068941354751,0.0009519588202238,0.3547216653823852,2.0,0.0040906451326661,0,0.5265540480613708,0.9879777777775582,0.9999999999997778,0.000541529036127
shufflenetv2_x1_0,3,0.001,0.1,0.066003465619464,0.1325131356716156,0.192722737789154,0.8335999999983328,0.9965999999980067,0.5658318400382996,0.2471344619989395,0.4191709756851196,0.1000000014901161,0.0020129904150962,0,0.0005,42297269_0,True,cifar10_shufflenetv2_x1_0,0.5658318400382996,0.0285538528114557,3.0297087505459785e-07,0.1325132101774215,0.0010000000474974,0.065461268802039,0,0.1927226185798645,0.8335999999983328,0.9965999999980067,0.4191709756851196,0.0600494891405105,0.0064048878848552,-3.198510967195034e-08,0.1903948485851288,0.0010000000474974,0.0600432907832029,0,0.2662293314933777,0.8496666666664779,0.9964222222220008,0.0218846090137958
shufflenetv2_x1_0,4,0.1,0.1,0.032078864316249,0.5596428513526917,0.6297073364257812,0.93499999999813,0.9971999999980056,1.072012424468994,0.1307709813117981,0.1185555532574653,0.1000000014901161,0.0005775913596153,0,0.0005,42297269_8,True,cifar10_shufflenetv2_x1_0,1.072012424468994,0.1307708472013473,0.0005776062607765,0.5596427917480469,0.1000000014901161,0.0316453435300016,0,0.6297072172164917,0.93499999999813,0.9971999999980056,0.1185555532574653,0.0003684800758492,0.0003693735343404,6.083864718675613e-07,0.6315863132476807,0.1000000014901161,0.0003685246548322,0,0.7155375480651855,0.9989333333331114,0.9999999999997778,4.908988921670243e-05
shufflenetv2_x1_0,5,1.0,0.1,0.0336822802032502,0.2559080123901367,0.3641677498817444,0.917999999998164,0.997999999998004,0.5392686724662781,0.1760874092578888,0.2559044957160949,0.1000000014901161,0.0012163408100605,0,0.0005,42297269_16,True,cifar10_shufflenetv2_x1_0,0.5392686724662781,0.3623648881912231,0.0846711993217468,0.2559080123901367,1.0,0.03344512580153,0,0.3641679883003235,0.917999999998164,0.997999999998004,0.2559044957160949,0.0052332342602312,0.00524248695001,0.0003694952465593,0.3429284393787384,1.0,0.0052337515593538,0,0.4990383386611938,0.9832888888886704,0.9999999999997778,0.0007959947688505
resnet20,4,0.01,0.1,0.2729094161218804,0.0398481823503971,0.2984280288219452,0.925999999998148,0.9981999999980036,0.2725796699523926,0.2648037672042846,1.2243696451187134,0.1000000014901161,0.0050087459385395,1,0.0005,42315700_7,True,cifar10_resnet20,0.2725796699523926,0.1341730207204818,6.027682684361935e-05,0.0398475788533687,0.0099999997764825,0.2708656719462761,0,0.2984280288219452,0.925999999998148,0.9981999999980036,1.2243696451187134,0.0092434715479612,0.0050856852903962,8.819843060337007e-07,0.0066537717357277,0.0099999997764825,0.0092422764012842,0,0.6602120399475098,0.9989555555553336,0.9999999999997778,0.0029857303015887
resnet20,3,0.1,0.1,0.3081710284897609,0.0195893011987209,0.1133930385112762,0.8935999999982128,0.9967999999980064,0.3063097596168518,0.251785546541214,0.723110020160675,0.1000000014901161,0.0032042581588029,1,0.0005,42315700_2,True,cifar10_resnet20,0.3063097596168518,0.251785546541214,0.0032042581588029,0.0195901449769735,0.1000000014901161,0.3052148400211139,0,0.1133930385112762,0.8935999999982128,0.9967999999980064,0.723110020160675,0.1914220303297042,0.1505018174648285,0.0012188479304313,0.023012101650238,0.1000000014901161,0.1913294238352979,0,0.1938450932502746,0.9356444444442366,0.9986222222220004,0.2633114457130432
resnet20,4,1.0,0.1,0.2781935526529755,0.0404334180057048,0.1991674304008484,0.9233999999981533,0.9967999999980064,0.2794334888458252,0.270102858543396,1.2287274599075315,0.1000000014901161,0.0050618387758731,1,0.0005,42315700_10,True,cifar10_resnet20,0.2794334590435028,0.2794314622879028,0.1896688640117645,0.0404334999620914,1.0,0.2783484077551987,0,0.1991670727729797,0.9233999999981533,0.9967999999980064,1.2287274599075315,0.011392556130886,0.0113852173089981,0.0014018639922142,0.0085621466860175,1.0,0.0113838155250031,0,0.3154614269733429,0.9989555555553336,0.9999999999997778,0.003688120516017
resnet20,4,0.001,0.1,0.2725985622533129,0.0397577658295631,0.2786082625389099,0.9255999999981488,0.9975999999980047,0.271786481142044,0.2639928460121155,1.192698955535889,0.1000000014901161,0.0049122609198093,1,0.0005,42315700_6,True,cifar10_resnet20,0.271786481142044,0.0467220470309257,9.429932106286288e-07,0.0397582128643989,0.0010000000474974,0.2702270782132847,0,0.2786085605621338,0.9255999999981488,0.9975999999980047,1.1926990747451782,0.0089969430118799,0.0021375624928623,4.138746589887887e-07,0.0066068391315639,0.0010000000474974,0.008992438868172,0,0.2352110147476196,0.9991111111108892,0.9999999999997778,0.0030614037532359
resnet20,5,0.1,0.1,0.2646343922781995,0.0371706485748291,0.2816879451274872,0.9201999999981596,0.9981999999980036,0.2633030116558075,0.2478721588850021,0.9812639355659484,0.1000000014901161,0.0040934793651103,1,0.0005,42315700_14,True,cifar10_resnet20,0.2633030414581299,0.2478721290826797,0.0040934830904006,0.0371700190007686,0.1000000014901161,0.2615616022232688,0,0.2816879451274872,0.9201999999981596,0.9981999999980036,0.9812638163566588,0.0454226918518543,0.0407316982746124,0.0001773019321262,0.0170593280345201,0.1000000014901161,0.0453984182386856,0,0.232065737247467,0.9879333333331138,0.9999333333331112,0.037523478269577
resnet20,3,2.0,0.1,0.2676403714868348,0.0327549800276756,0.269982099533081,0.916999999998166,0.996999999998006,0.267042875289917,0.247361958026886,0.930432379245758,0.1000000014901161,0.0039152819663286,1,0.0005,42315700_5,True,cifar10_resnet20,0.267042875289917,0.2670468389987945,0.3962235450744629,0.032755322754383,2.0,0.2665378196694921,0,0.269982099533081,0.916999999998166,0.996999999998006,0.9304323196411132,0.05184843018651,0.0518479607999324,0.039107359945774,0.0206076987087726,2.0,0.051815271808531,0,0.1581788659095764,0.9867777777775586,0.9999333333331112,0.0389020591974258
resnet20,4,2.0,0.1,0.2653124249145029,0.0318069532513618,0.2883127629756927,0.9305999999981388,0.996999999998006,0.2664239108562469,0.2572999596595764,1.1899123191833496,0.1000000014901161,0.0048919413238763,1,0.0005,42315700_11,True,cifar10_resnet20,0.2664239108562469,0.2664326131343841,0.4226278662681579,0.0318066328763961,2.0,0.2635391755574508,0,0.2883127629756927,0.9305999999981388,0.996999999998006,1.1899123191833496,0.0115121500566601,0.0115173337981104,0.0047080311924219,0.008461445569992,2.0,0.0115041406739274,0,0.363054871559143,0.9987555555553336,0.9999999999997778,0.0036318427883088
resnet20,3,0.5,0.1,0.2703866838056941,0.020540002733469,0.1110867857933044,0.9127999999981744,0.997999999998004,0.2701179683208465,0.23614601790905,0.7492897510528564,0.1000000014901161,0.0032519549131393,1,0.0005,42315700_3,True,cifar10_resnet20,0.2701179981231689,0.269431859254837,0.0530945062637329,0.0205399952828884,0.5,0.2695571495734924,0,0.1110867857933044,0.9127999999981744,0.997999999998004,0.7492897510528564,0.1066547781229019,0.1055821925401687,0.0102413371205329,0.0260710269212722,0.5,0.1065976484618118,0,0.1274468302726745,0.966688888888674,0.999822222222,0.1075714826583862
resnet20,3,0.001,0.1,0.3464398546274812,0.0234621651470661,0.1653295010328292,0.8811999999982376,0.9963999999980072,0.3492001295089721,0.2790536880493164,0.8478094339370728,0.1000000014901161,0.003731045871973,1,0.0005,42315700_0,True,cifar10_resnet20,0.3492001295089721,0.0398309305310249,1.1090305633842943e-06,0.0234618298709392,0.0010000000474974,0.3466577781493677,0,0.1653295010328292,0.8811999999982376,0.9963999999980072,0.8478094339370728,0.2526506185531616,0.0278130751103162,8.805945981293917e-07,0.0172403268516063,0.0010000000474974,0.2524803835247188,0,0.0640041828155517,0.9154222222220189,0.9974666666664452,0.4128402471542358
resnet20,4,0.1,0.1,0.2681586271673752,0.034991018474102,0.2903321981430053,0.9307999999981384,0.9975999999980047,0.26691535115242,0.2597087025642395,1.2364964485168457,0.1000000014901161,0.0050507597625255,1,0.0005,42315700_8,True,cifar10_resnet20,0.2669153213500976,0.2597087025642395,0.0050507560372352,0.0349903814494609,0.1000000014901161,0.264432320611583,0,0.2903321981430053,0.9307999999981384,0.9975999999980047,1.2364965677261353,0.0101246833801269,0.0091764358803629,1.77859328687191e-05,0.0073798056691884,0.1000000014901161,0.0101226222912575,0,0.3732722997665405,0.9989555555553336,0.9999999999997778,0.0035805564839392
resnet20,5,0.5,0.1,0.2616256012204483,0.0325250439345836,0.2356157153844833,0.92499999999815,0.9971999999980056,0.2626639604568481,0.2496000528335571,1.0290974378585815,0.1000000014901161,0.0042870640754699,1,0.0005,42315700_15,True,cifar10_resnet20,0.2626639604568481,0.262593001127243,0.0637937188148498,0.0325257442891597,0.5,0.261990729588405,0,0.2356156855821609,0.92499999999815,0.9971999999980056,1.0290974378585815,0.026860773563385,0.0267286300659179,0.0015113651752471,0.0150956083089113,0.5,0.0268520796127092,0,0.4091229438781738,0.9951333333331124,0.9999999999997778,0.014654679223895
resnet20,3,1.0,0.1,0.2634407630735694,0.028632940724492,0.4071792662143707,0.9161999999981676,0.9971999999980056,0.262960284948349,0.2399299293756485,0.8478471636772156,0.1000000014901161,0.0036186035722494,1,0.0005,42315700_4,True,cifar10_resnet20,0.262960284948349,0.2629398703575134,0.1550215184688568,0.0286338739097118,1.0,0.2604496514985078,0,0.4071792662143707,0.9161999999981676,0.9971999999980056,0.8478471636772156,0.071444883942604,0.071387879550457,0.0199073702096939,0.0235405638813972,1.0,0.0714161193211709,0,0.1842462420463562,0.9801333333331156,0.9999111111108888,0.062691181898117
resnet20,5,0.01,0.1,0.2443160234660225,0.0320035219192504,0.2870527803897857,0.9203999999981592,0.9977999999980044,0.2468954771757125,0.231072187423706,0.8611095547676086,0.1000000014901161,0.0036305114626884,1,0.0005,42315700_13,True,cifar10_resnet20,0.2468954473733902,0.112572580575943,4.28070779889822e-05,0.032003279775381,0.0099999997764825,0.2466228170949922,0,0.2870527505874634,0.9203999999981592,0.9977999999980044,0.8611095547676086,0.0613722428679466,0.0296478848904371,3.3709220588207245e-06,0.0165136735886335,0.0099999997764825,0.0613350300506806,0,0.1255001425743103,0.9822666666664484,0.9997555555553336,0.0691051483154296
resnet20,3,0.01,0.1,0.3151760136995382,0.0177870914340019,0.1971499621868133,0.890999999998218,0.9963999999980072,0.3164529800415039,0.2566591203212738,0.7389935255050659,0.1000000014901161,0.0032744407653808,1,0.0005,42315700_1,True,cifar10_resnet20,0.3164529800415039,0.1087044477462768,3.647804260253906e-05,0.0177879370748996,0.0099999997764825,0.3152771262738266,0,0.1971499621868133,0.890999999998218,0.9963999999980072,0.7389935255050659,0.22189262509346,0.0738280937075614,1.6892096027731895e-05,0.0187100544571876,0.0099999997764825,0.221773554050378,0,0.0720270872116088,0.924933333333128,0.9981555555553338,0.3432419002056122
resnet20,0,0.0,0.1,0.2833163192941767,0.0425954572856426,0.2739182412624359,0.9231999999981536,0.9977999999980044,0.2857164442539215,0.2774809002876282,1.2758997678756714,0.1000000014901161,0.0052581261843442,1,0.0005,42315712,True,cifar10_resnet20,0.2857164442539215,0.0028967370744794,0.0,0.0425955504179,0.0,0.2828572815732491,0,0.2739182412624359,0.9231999999981536,0.9977999999980044,1.2758997678756714,0.0093814423307776,2.9441849619615823e-05,0.0,0.0065139755606651,0.0,0.0093780424115105,0,0.37933349609375,0.998799999999778,0.9999999999997778,0.0033222143538296
resnet20,5,1.0,0.1,0.2912559820745449,0.0399230942130088,0.7081239819526672,0.9193999999981612,0.9971999999980056,0.2909487187862396,0.2778701484203338,1.262079119682312,0.1000000014901161,0.0051881670951843,1,0.0005,42315700_16,True,cifar10_resnet20,0.2909487187862396,0.2909459471702575,0.194361537694931,0.0399233400821685,1.0,0.2891447319134759,0,0.7081239819526672,0.9193999999981612,0.9971999999980056,1.262079119682312,0.0237950515002012,0.0237836744636297,0.0042037200182676,0.014692859724164,1.0,0.0237909176701454,0,0.3172241449356079,0.9964222222220008,0.9999777777775556,0.0119588337838649
resnet20,4,0.5,0.1,0.2788358880675408,0.0378987491130828,0.7035603523254395,0.9251999999981496,0.996999999998006,0.2768942713737488,0.2673888802528381,1.2315200567245483,0.1000000014901161,0.0050892531871795,1,0.0005,42315700_9,True,cifar10_resnet20,0.2768942713737488,0.276861160993576,0.0730012357234954,0.0378996655344963,0.5,0.2773162818058551,0,0.7035603523254395,0.9251999999981496,0.996999999998006,1.2315200567245483,0.0109970923513174,0.0109356716275215,0.0003925738856196,0.0078148292377591,0.5,0.0109917126055276,0,0.3796862065792084,0.9986444444442226,0.9999999999997778,0.0036286565009504
resnet20,5,2.0,0.1,0.2663329242328308,0.0368029028177261,0.7085781097412109,0.92499999999815,0.9957999999980084,0.2628764510154724,0.2522708773612976,1.0728832483291626,0.1000000014901161,0.0044446885585784,1,0.0005,42315700_17,True,cifar10_resnet20,0.2628764510154724,0.2628843486309051,0.4103459119796753,0.0368028543889522,2.0,0.2606864875741722,0,0.7085781097412109,0.92499999999815,0.9957999999980084,1.072883129119873,0.0181037597358226,0.0181079115718603,0.0090077742934227,0.0118894409388303,2.0,0.0181014109180945,0,0.2460063397884369,0.9975111111108896,0.9999999999997778,0.0076673235744237
resnet20,5,0.001,0.1,0.2576521425151024,0.0266048274934291,0.2128856778144836,0.9223999999981553,0.9975999999980047,0.2567152380943298,0.238506332039833,0.8707098364830017,0.1000000014901161,0.0037017278373241,1,0.0005,42315700_12,True,cifar10_resnet20,0.2567152380943298,0.0399960465729236,1.1305382940918207e-06,0.0266045816242694,0.0010000000474974,0.2555950938377328,0,0.2128856778144836,0.9223999999981553,0.9975999999980047,0.8707098364830017,0.0641757845878601,0.0114318169653415,2.7961505111306906e-07,0.0166450068354606,0.0010000000474974,0.0641534845308271,0,0.1763540208339691,0.9814888888886708,0.9997111111108892,0.0747964903712272
repvgg_a0,3,0.001,0.1,0.3199228374550517,0.0234725587069988,0.1313728988170623,0.8915999999982168,0.9963999999980072,0.3200686275959015,0.2651406228542328,0.8072789907455444,0.1000000014901161,0.0035530366003513,1,0.0005,42305016_0,True,cifar10_repvgg_a0,0.3200686275959015,0.0388345383107662,5.877518560737371e-07,0.0234730746597051,0.0010000000474974,0.3211193574849519,0,0.1313728988170623,0.8915999999982168,0.9963999999980072,0.8072789907455444,0.2214591056108474,0.0262559689581394,2.066663000732661e-07,0.0136776901781559,0.0010000000474974,0.2214057546152493,0,0.8190925121307373,0.924644444444239,0.9983555555553336,0.3709703087806701
repvgg_a0,4,2.0,0.1,0.2665201848902861,0.0399135872721672,0.2622185945510864,0.9423999999981152,0.9973999999980052,0.2644501030445099,0.2630354464054107,1.4587421417236328,0.1000000014901161,0.0058942809700965,1,0.0005,42305016_11,True,cifar10_repvgg_a0,0.2644501030445099,0.2644517719745636,0.4509192109107971,0.0399122349917888,2.0,0.2680577209741693,0,0.2622185945510864,0.9423999999981152,0.9973999999980052,1.4587420225143433,0.0015536148566752,0.0015420760028064,0.000406424049288,0.0011292638955637,2.0,0.0015536513861936,0,0.5997182726860046,0.9998666666664444,0.9999999999997778,0.000399224110879
repvgg_a0,5,0.1,0.1,0.2610204650646687,0.0387040302157402,0.2167929410934448,0.9357999999981284,0.997999999998004,0.2554486393928528,0.2519946098327636,1.2943103313446045,0.1000000014901161,0.005240187048912,1,0.0005,42305016_14,True,cifar10_repvgg_a0,0.2554486691951751,0.2519946694374084,0.0052392333745956,0.0387049093842506,0.1000000014901161,0.2599446250688688,0,0.2167929410934448,0.9357999999981284,0.997999999998004,1.2943103313446045,0.0088930912315845,0.0084068598225712,3.5770703107118607e-05,0.0040667201392352,0.1000000014901161,0.0089061611977806,0,0.6135820746421814,0.9980888888886672,0.9999999999997778,0.0080579817295074
repvgg_a0,3,0.1,0.1,0.2548859125591434,0.0211980231106281,0.1470072865486145,0.9137999999981724,0.9975999999980047,0.2566253244876861,0.2256261259317398,0.6705034971237183,0.1000000014901161,0.002932658419013,1,0.0005,42305016_2,True,cifar10_repvgg_a0,0.2566253244876861,0.2256260365247726,0.002932658419013,0.0211993511766195,0.1000000014901161,0.2575444279813504,0,0.1470072865486145,0.9137999999981724,0.9975999999980047,0.6705036163330078,0.1374092996120453,0.1175448298454284,0.0009483424946665,0.015150723978877,0.1000000014901161,0.1373689467094003,0,0.085664689540863,0.9539555555553436,0.9992666666664448,0.2068155109882354
repvgg_a0,4,0.1,0.1,0.2730271673327494,0.0409428179264068,0.8015860319137573,0.9425999999981148,0.9973999999980052,0.2743314206600189,0.2733280062675476,1.6601417064666748,0.1000000014901161,0.0065629333257675,1,0.0005,42305016_8,True,cifar10_repvgg_a0,0.2743313908576965,0.2733280658721924,0.0065629333257675,0.0409431010484695,0.1000000014901161,0.2780263422529546,0,0.8015860319137573,0.9425999999981148,0.9973999999980052,1.6601417064666748,0.0012565071228891,0.000945677224081,1.6730482457205651e-06,0.0009307950967922,0.1000000014901161,0.0012564518357923,0,0.4150193333625793,0.9999333333331112,0.9999999999997778,0.0002347440022276
repvgg_a0,5,0.001,0.1,0.2631428873713372,0.0369784794747829,0.2355159521102905,0.93499999999813,0.9973999999980052,0.2645813524723053,0.2599349915981293,1.2542657852172852,0.1000000014901161,0.0051664020866155,1,0.0005,42305016_12,True,cifar10_repvgg_a0,0.2645813524723053,0.0479852147400379,1.367239747196436e-06,0.0369790717959404,0.0010000000474974,0.2691572366799202,0,0.2355159223079681,0.93499999999813,0.9973999999980052,1.2542660236358645,0.0157065149396657,0.0051165875047445,4.477260517887771e-07,0.0053910678252577,0.0010000000474974,0.0156963192544616,0,0.3794147372245788,0.9962666666664454,0.9999777777775556,0.018650721758604
repvgg_a0,4,0.5,0.1,0.2583629845281061,0.0404073633253574,0.3451076745986938,0.9415999999981168,0.996999999998006,0.2583760619163513,0.2573011517524719,1.510800838470459,0.1000000014901161,0.0059830639511346,1,0.0005,42305016_9,True,cifar10_repvgg_a0,0.2583760619163513,0.2583419978618622,0.0785641372203826,0.0404085963964462,0.5,0.2591418101087904,0,0.3451073765754699,0.9415999999981168,0.996999999998006,1.5108007192611694,0.0013219045940786,0.0012311562895774,2.675887662917376e-05,0.0009791852207854,0.5,0.0013227938794022,0,0.434086799621582,0.9999333333331112,0.9999999999997778,0.000255188148003
repvgg_a0,0,0.0,0.1,0.2594965329958907,0.0365594774484634,0.1976775228977203,0.946999999998106,0.9977999999980044,0.2604536414146423,0.2596723139286041,1.5754716396331787,0.1000000014901161,0.0062756948173046,1,0.0005,42305041,True,cifar10_repvgg_a0,0.2604536414146423,0.0035748830996453,0.0,0.036557599902153,0.0,0.2640421262553366,0,0.1976775228977203,0.946999999998106,0.9977999999980044,1.5754717588424685,0.0011750755365937,1.2242328921274748e-05,0.0,0.0008777573239058,0.0,0.0011749768431228,0,0.532561719417572,0.9999555555553334,0.9999999999997778,0.0001162488115369
repvgg_a0,3,0.5,0.1,0.2419030210656386,0.0326926261186599,0.2808741331100464,0.92499999999815,0.9975999999980047,0.2409645617008209,0.2287415266036987,0.8852282166481018,0.1000000014901161,0.0037278812378644,1,0.0005,42305016_3,True,cifar10_repvgg_a0,0.2409645915031433,0.2408224791288376,0.0564459264278411,0.0326918363571167,0.5,0.2437601326677317,0,0.2808741629123688,0.92499999999815,0.9975999999980047,0.8852282166481018,0.0408138334751129,0.0405827611684799,0.003503993153572,0.0129282334819436,0.5,0.0407896664986409,0,0.2519149482250213,0.9882888888886692,0.9999777777775556,0.0364623554050922
repvgg_a0,4,0.001,0.1,0.2548376834608475,0.0400315560400486,0.741352379322052,0.941999999998116,0.9977999999980044,0.253332108259201,0.2525108456611633,1.378251552581787,0.1000000014901161,0.0055807121098041,1,0.0005,42305016_6,True,cifar10_repvgg_a0,0.253332108259201,0.0501997806131839,6.084737833589315e-07,0.0400317348539829,0.0010000000474974,0.2560901927412605,0,0.741352379322052,0.941999999998116,0.9977999999980044,1.378251552581787,0.0011477803345769,0.0003084495256189,1.941061782417819e-07,0.0008390733273699,0.0010000000474974,0.0011473430084492,0,0.4687721729278565,0.9999555555553334,0.9999999999997778,0.0001356688153464
repvgg_a0,3,1.0,0.1,0.2520772712907447,0.035935953259468,0.2252699732780456,0.9307999999981384,0.9973999999980052,0.2509162724018097,0.2440876811742782,1.11671781539917,0.1000000014901161,0.0046047940850257,1,0.0005,42305016_4,True,cifar10_repvgg_a0,0.2509162425994873,0.2509083449840545,0.1702973842620849,0.0359360612928867,1.0,0.2538032023829784,0,0.2252699732780456,0.9307999999981384,0.9973999999980052,1.1167179346084597,0.0183004140853881,0.0182752721011638,0.0040172338485717,0.0084449928253889,1.0,0.0183133446225354,0,0.29933962225914,0.9957999999997788,0.9999999999997778,0.0123726418241858
repvgg_a0,3,2.0,0.1,0.2650846167073434,0.0373315662145614,0.2541776299476623,0.9357999999981284,0.9977999999980044,0.2621602416038513,0.2580583989620209,1.3179292678833008,0.1000000014901161,0.0053458176553249,1,0.0005,42305016_5,True,cifar10_repvgg_a0,0.2621602416038513,0.2621646821498871,0.431146502494812,0.0373310819268226,2.0,0.2658784440320521,0,0.2541777491569519,0.9357999999981284,0.9977999999980044,1.3179292678833008,0.0098113184794783,0.0098076490685343,0.0054634343832731,0.0055217961780726,2.0,0.0098060763313747,0,0.1879630088806152,0.9982666666664448,0.9999999999997778,0.0054285982623696
repvgg_a0,3,0.01,0.1,0.2962016119072008,0.0253589078783988,0.1622861325740814,0.8985999999982028,0.9973999999980052,0.2959243655204773,0.251340389251709,0.7511268258094788,0.1000000014901161,0.0033139418810606,1,0.0005,42305016_1,True,cifar10_repvgg_a0,0.2959243655204773,0.1091331392526626,3.718538209795952e-05,0.0253583751618862,0.0099999997764825,0.297955594062839,0,0.162286102771759,0.8985999999982028,0.9973999999980052,0.7511268258094788,0.1926216781139373,0.0705586895346641,1.6007223166525364e-05,0.0142304860055446,0.0099999997764825,0.1925505380121467,0,0.3101162910461426,0.935999999999792,0.998777777777556,0.3244218230247497
repvgg_a0,4,1.0,0.1,0.260385421160801,0.0380992144346237,0.3743492066860199,0.9403999999981192,0.9977999999980044,0.2625519931316376,0.2608586847782135,1.506291151046753,0.1000000014901161,0.0059629175812006,1,0.0005,42305016_10,True,cifar10_repvgg_a0,0.2625519931316376,0.2625394463539123,0.1954104602336883,0.0380999930202961,1.0,0.2650647571847722,0,0.374349445104599,0.9403999999981192,0.9977999999980044,1.506291151046753,0.0014771982096135,0.0014300685143098,0.0001029535196721,0.0011484667193144,1.0,0.0014785092167076,0,0.5563708543777466,0.9999333333331112,0.9999999999997778,0.0003491707029752
repvgg_a0,5,2.0,0.1,0.2721009558568866,0.0419072583317756,0.3405419886112213,0.9343999999981312,0.9975999999980047,0.2738595008850097,0.2710327208042145,1.5147147178649902,0.1000000014901161,0.0060236472636461,1,0.0005,42305016_17,True,cifar10_repvgg_a0,0.2738595008850097,0.2738645672798157,0.4598503112792969,0.0419058874249458,2.0,0.2773163481160224,0,0.3405419886112213,0.9343999999981312,0.9975999999980047,1.5147148370742798,0.00284323701635,0.0028399054426699,0.0007807733491063,0.0022355527617037,2.0,0.0028425633081535,0,0.6318908333778381,0.9997777777775556,0.9999999999997778,0.000615588913206
repvgg_a0,5,0.5,0.1,0.2554987876329851,0.0361865423619747,0.3538143336772918,0.9397999999981204,0.9965999999980067,0.2498084455728531,0.2475556135177612,1.3410886526107788,0.1000000014901161,0.005374252796173,1,0.0005,42305016_15,True,cifar10_repvgg_a0,0.2498084455728531,0.2497847229242324,0.0724874213337898,0.0361879207193851,0.5,0.2541218521665496,0,0.3538142144680023,0.9397999999981204,0.9965999999980067,1.3410886526107788,0.003784058149904,0.0037243789993226,0.0001429903786629,0.0025739264674484,0.5,0.0037854358979032,0,0.5565181374549866,0.9995333333331112,0.9999999999997778,0.0014020961243659
repvgg_a0,5,0.01,0.1,0.2413604235932422,0.0338896177709102,0.2317126989364624,0.9393999999981212,0.9965999999980067,0.2401265501976013,0.236599326133728,1.1727838516235352,0.1000000014901161,0.004772275686264,1,0.0005,42305016_13,True,cifar10_repvgg_a0,0.2401265501976013,0.1299143880605697,5.8087753131985664e-05,0.0338890142738819,0.0099999997764825,0.2444968647032387,0,0.2317125797271728,0.9393999999981212,0.9965999999980067,1.1727838516235352,0.0120369987562298,0.0083562890067696,1.1606898624449968e-06,0.0046915402635931,0.0099999997764825,0.0120594278262129,0,0.1546652317047119,0.9970666666664452,0.9999999999997778,0.0102863786742091
repvgg_a0,4,0.01,0.1,0.246004774298451,0.0355138033628463,0.3371244370937347,0.947999999998104,0.9977999999980044,0.2464795112609863,0.2457182109355926,1.4322047233581543,0.1000000014901161,0.0057260990142822,1,0.0005,42305016_7,True,cifar10_repvgg_a0,0.2464795410633087,0.1436504870653152,7.011881098151207e-05,0.0355145968496799,0.0099999997764825,0.2516525639825454,0,0.3371243774890899,0.947999999998104,0.9977999999980044,1.4322047233581543,0.0010603800183162,0.000459220202174,1.1338306649122388e-07,0.000845517264679,0.0099999997764825,0.0010619548863831,0,0.5051182508468628,0.9999999999997778,0.9999999999997778,6.24508029432036e-05
repvgg_a0,5,1.0,0.1,0.254731344304273,0.0376468338072299,0.3694268763065338,0.9411999999981177,0.9981999999980036,0.2567168474197387,0.2546500265598297,1.4042786359786987,0.1000000014901161,0.0056235436350107,1,0.0005,42305016_16,True,cifar10_repvgg_a0,0.2567168474197387,0.2567111551761627,0.1895362138748169,0.0376455560326576,1.0,0.2632043099577476,0,0.3694268763065338,0.9411999999981177,0.9981999999980036,1.4042786359786987,0.0032359566539525,0.0032140344846993,0.0003577675670385,0.0023243553005158,1.0,0.003234155392236,0,0.5282784700393677,0.9996666666664444,0.9999999999997778,0.0009861781727522
resnet32,5,0.5,0.1,0.2550679470068416,0.0353676080703735,0.2986286282539367,0.9307999999981384,0.996999999998006,0.2561080753803253,0.2486830204725265,1.14349627494812,0.1000000014901161,0.0046929158270359,1,0.0005,42315700_15,True,cifar10_resnet32,0.2561080753803253,0.2560531497001648,0.067076101899147,0.0353671908378601,0.5,0.2587223960655736,0,0.2986286282539367,0.9307999999981384,0.996999999998006,1.14349627494812,0.0126953171566128,0.0126104932278394,0.0005388283170759,0.0082110287621617,0.5,0.0126909921732293,0,0.7167865037918091,0.9980444444442228,0.9999999999997778,0.0050203693099319
resnet32,4,1.0,0.1,0.25054832013835,0.0357760563492774,0.3249403834342956,0.9355999999981288,0.996999999998006,0.2507312297821045,0.2460378557443618,1.1682566404342651,0.1000000014901161,0.0047922860831022,1,0.0005,42315700_10,True,cifar10_resnet32,0.2507312297821045,0.2507261335849762,0.1748254299163818,0.0357771255075931,1.0,0.2509039356050053,0,0.3249403834342956,0.9355999999981288,0.996999999998006,1.1682566404342651,0.0047463080845773,0.0047311740927398,0.0004118583165109,0.0038695149123668,1.0,0.0047472236167312,0,0.3842863142490387,0.9996888888886668,0.9999999999997778,0.00112039828673
resnet32,4,0.01,0.1,0.2763657818097875,0.0389567539095878,0.2177178859710693,0.9353999999981292,0.9971999999980056,0.2771795690059662,0.2742883861064911,1.5487560033798218,0.1000000014901161,0.0061515681445598,1,0.0005,42315700_7,True,cifar10_resnet32,0.2771795690059662,0.1497413665056228,7.57584348320961e-05,0.0389546044170856,0.0099999997764825,0.2790667651688467,0,0.2177183032035827,0.9353999999981292,0.9971999999980056,1.5487560033798218,0.0037505973596125,0.0024531378876417,3.126770025119186e-07,0.0025640230160206,0.0099999997764825,0.0037530432552326,0,0.6259173154830933,0.9996888888886668,0.9999999999997778,0.0019857576116919
resnet32,4,0.1,0.1,0.2738708256305817,0.041365772485733,0.3253434300422668,0.9345999999981308,0.9975999999980047,0.2737498879432678,0.2711552083492279,1.5229190587997437,0.1000000014901161,0.0060365237295627,1,0.0005,42315700_8,True,cifar10_resnet32,0.2737498581409454,0.2711552083492279,0.0060365237295627,0.0413672775030136,0.1000000014901161,0.2734919010225405,0,0.3253434896469116,0.9345999999981308,0.9975999999980047,1.5229191780090332,0.0038777599111199,0.0035149939358234,6.306276191025972e-06,0.0028040746692568,0.1000000014901161,0.0038746313959677,0,0.6507397890090942,0.9996444444442224,0.9999999999997778,0.0013195351930335
resnet32,3,2.0,0.1,0.2411720878170074,0.0299637950956821,0.2818749547004699,0.9267999999981464,0.997999999998004,0.238686665892601,0.2263520956039428,0.8284242153167725,0.1000000014901161,0.003527745604515,1,0.0005,42315700_5,True,cifar10_resnet32,0.238686665892601,0.2386913001537323,0.3584081828594208,0.0299641080200672,2.0,0.2385273306369237,0,0.2818749547004699,0.9267999999981464,0.997999999998004,0.8284242153167725,0.0265949368476867,0.0265953429043293,0.0163780450820922,0.0143282189965248,2.0,0.0265841601369614,0,0.2796786427497864,0.9947333333331124,0.9999999999997778,0.0147909577935934
resnet32,5,0.001,0.1,0.2325952856569796,0.0283843651413917,0.7378770112991333,0.9333999999981332,0.997999999998004,0.2326407730579376,0.2232828736305236,0.901549994945526,0.1000000014901161,0.0037757419049739,1,0.0005,42315700_12,True,cifar10_resnet32,0.2326407432556152,0.0405487082898616,8.978968253359199e-07,0.0283831506967544,0.0010000000474974,0.2330160653916192,0,0.7378770112991333,0.9333999999981332,0.997999999998004,0.901549994945526,0.0335605330765247,0.0076264669187366,1.8193532014265656e-07,0.0110430754721164,0.0010000000474974,0.0335331704416732,0,0.2577011585235595,0.991222222222002,0.9999777777775556,0.0352881215512752
resnet32,4,0.5,0.1,0.2404712266017664,0.0355698354542255,0.2817946374416351,0.9363999999981272,0.9981999999980036,0.2406733781099319,0.237189695239067,1.1258876323699951,0.1000000014901161,0.004624780267477,1,0.0005,42315700_9,True,cifar10_resnet32,0.2406734079122543,0.2406394481658935,0.0655528828501701,0.0355710834264755,0.5,0.2407552077162503,0,0.2817947566509247,0.9363999999981272,0.9981999999980036,1.1258875131607056,0.00438833842054,0.0043198359198868,0.00011897389777,0.0033851750195026,0.5,0.0043860408521294,0,0.2368245124816894,0.999622222222,0.9999999999997778,0.0010899703484028
resnet32,0,0.0,0.1,0.2750457836802452,0.0395269207656383,0.2712751626968384,0.9395999999981208,0.9965999999980067,0.2752978205680847,0.273549348115921,1.6322307586669922,0.1000000014901161,0.0064497645944356,1,0.0005,42315712,True,cifar10_resnet32,0.2752978205680847,0.0036559279542416,0.0,0.039528489112854,0.0,0.2770384585962315,0,0.2712751626968384,0.9395999999981208,0.9965999999980067,1.6322307586669922,0.003603312652558,3.526458021951839e-05,0.0,0.002529235323891,0.0,0.0036029333130272,0,0.6596947908401489,0.9996444444442224,0.9999999999997778,0.0012319475645199
resnet32,3,0.001,0.1,0.3129919512495061,0.0209474898874759,0.2293078899383545,0.89499999999821,0.995999999998008,0.3124794363975525,0.2575098574161529,0.7812495827674866,0.1000000014901161,0.0034216362982988,1,0.0005,42315700_0,True,cifar10_resnet32,0.3124794661998749,0.0381265543401241,6.279733497649431e-07,0.0209480039775371,0.0010000000474974,0.3115487611226165,0,0.2293078601360321,0.89499999999821,0.995999999998008,0.7812495827674866,0.2073646783828735,0.0250174310058355,4.173634806647897e-07,0.0167419910430908,0.0010000000474974,0.2073268653199132,0,0.0620821714401245,0.930577777777571,0.9983999999997782,0.3375726342201233
resnet32,5,2.0,0.1,0.2919802805811579,0.0450163930654525,0.2609649896621704,0.92499999999815,0.997999999998004,0.2905029356479645,0.284578412771225,1.4420619010925293,0.1000000014901161,0.0058636087924242,1,0.0005,42315700_17,True,cifar10_resnet32,0.2905029356479645,0.2905106246471405,0.4776075482368469,0.0450168140232563,2.0,0.289290228341416,0,0.2609649896621704,0.92499999999815,0.997999999998004,1.4420619010925293,0.010234928689897,0.0102355275303125,0.0053932201117277,0.0062262830324471,2.0,0.0102345781217715,0,0.3293167054653168,0.9983555555553336,0.9999999999997778,0.0050462186336517
resnet32,5,0.1,0.1,0.2634315884286269,0.0388121008872985,0.2184613347053527,0.9241999999981516,0.9977999999980044,0.263092577457428,0.2535673975944519,1.1151766777038574,0.1000000014901161,0.004599817097187,1,0.0005,42315700_14,True,cifar10_resnet32,0.263092577457428,0.2535673975944519,0.004599817097187,0.0388123095035553,0.1000000014901161,0.2661221167604688,0,0.2184614539146423,0.9241999999981516,0.9977999999980044,1.1151766777038574,0.0232305973768234,0.0215168017894029,8.478621020913124e-05,0.0103773474693298,0.1000000014901161,0.0232166697374392,0,0.2442607283592224,0.9948444444442236,0.9999777777775556,0.0179150067269802
resnet32,3,0.01,0.1,0.3072744889511105,0.0158782098442316,0.0552302598953247,0.895999999998208,0.9955999999980089,0.3079025447368622,0.2531475126743316,0.7548458576202393,0.1000000014901161,0.0033234786242246,1,0.0005,42315700_1,True,cifar10_resnet32,0.3079025447368622,0.1092488765716552,3.775767982006073e-05,0.0158776137977838,0.0099999997764825,0.3087982600873478,0,0.0552300214767456,0.895999999998208,0.9955999999980089,0.7548458576202393,0.2060807347297668,0.0714599937200546,1.6129575669765472e-05,0.0186645649373531,0.0099999997764825,0.20605156417104,0,0.1959372758865356,0.9317333333331264,0.9985333333331116,0.3268549740314483
resnet32,3,0.5,0.1,0.252801335476598,0.0269696600735187,0.2739355266094208,0.9207999999981584,0.9965999999980067,0.2538857161998749,0.2321856468915939,0.7871368527412415,0.1000000014901161,0.0033873077481985,1,0.0005,42315700_3,True,cifar10_resnet32,0.2538857460021972,0.2535276114940643,0.0539228916168212,0.0269694570451974,0.5,0.2533389313742422,0,0.2739355266094208,0.9207999999981584,0.9965999999980067,0.7871367931365967,0.0728871300816536,0.0723413005471229,0.0066278912127017,0.0207829810678958,0.5,0.0728615787770178,0,0.304528534412384,0.9783777777775604,0.9999777777775556,0.0687992870807647
resnet32,5,0.01,0.1,0.2625368407546092,0.0334077477455139,0.2207099795341491,0.9261999999981476,0.9967999999980064,0.262789636850357,0.250349223613739,1.019157648086548,0.1000000014901161,0.0042777005583047,1,0.0005,42315700_13,True,cifar10_resnet32,0.262789636850357,0.1234327927231788,5.011470057070255e-05,0.0334079414606094,0.0099999997764825,0.2637109285764594,0,0.2207099795341491,0.9261999999981476,0.9967999999980064,1.019157648086548,0.0332543328404426,0.0188231077045202,1.6183475963771343e-06,0.0108113847672939,0.0099999997764825,0.0332345418052237,0,0.1494323313236236,0.9909555555553354,0.9999333333331112,0.0335259400308132
resnet32,5,1.0,0.1,0.2538898712617288,0.0335353873670101,0.2794550955295563,0.93499999999813,0.996999999998006,0.2542877793312073,0.2484564483165741,1.1695029735565186,0.1000000014901161,0.0048027113080024,1,0.0005,42315700_16,True,cifar10_resnet32,0.2542877793312073,0.254281222820282,0.1754637360572815,0.0335345938801765,1.0,0.2539168356579537,0,0.2794550955295563,0.93499999999813,0.996999999998006,1.169503092765808,0.0099526569247245,0.0099319564178586,0.0014315769076347,0.0066276285797357,1.0,0.0099460434173509,0,0.1978377699851989,0.998599999999778,0.9999999999997778,0.0039153802208602
resnet32,3,1.0,0.1,0.2766140131759401,0.0335272811353206,0.1536868214607238,0.9177999999981644,0.9967999999980064,0.2738479375839233,0.2555915415287018,0.9657108187675476,0.1000000014901161,0.0041151419281959,1,0.0005,42315700_4,True,cifar10_resnet32,0.2738479375839233,0.2738261818885803,0.1709922552108764,0.033527173101902,1.0,0.27488075555528,0,0.1536870002746582,0.9177999999981644,0.9967999999980064,0.9657108187675476,0.0416963994503021,0.0416457168757915,0.0100172460079193,0.0179355610162019,1.0,0.0416810675077164,0,0.230323314666748,0.9900666666664468,0.9999777777775556,0.0309249404817819
resnet32,3,0.1,0.1,0.2762494562675149,0.0195296630263328,0.1258486211299896,0.9063999999981872,0.9973999999980052,0.2767084836959839,0.2360856086015701,0.7121703624725342,0.1000000014901161,0.0031051523983478,1,0.0005,42315700_2,True,cifar10_resnet32,0.2767084836959839,0.2360855787992477,0.0031051523983478,0.0195288527756929,0.1000000014901161,0.2768315939711194,0,0.1258487105369568,0.9063999999981872,0.9973999999980052,0.7121703624725342,0.1575402468442917,0.1286891996860504,0.000980656594038,0.0219341721385717,0.1000000014901161,0.1574828189030895,0,0.0810267329216003,0.9479111111109004,0.9991555555553336,0.2116051614284515
resnet32,4,0.001,0.1,0.3092740690651906,0.0428467392921447,0.266301542520523,0.9333999999981332,0.9971999999980056,0.3091509640216827,0.3062985837459564,1.810792565345764,0.1000000014901161,0.0071705188602209,1,0.0005,42315700_6,True,cifar10_resnet32,0.3091509938240051,0.0577020868659019,1.1142110452055931e-06,0.0428458601236343,0.0010000000474974,0.3118288016250247,0,0.266301542520523,0.9333999999981332,0.9971999999980056,1.810792565345764,0.0033406701404601,0.0010502674849703,4.796474968316033e-07,0.0024626227095723,0.0010000000474974,0.0033403355275785,0,0.5142778754234314,0.9996888888886668,0.9999999999997778,0.0009791236370801
resnet32,4,2.0,0.1,0.2479853159439413,0.0322632305324077,0.1679328083992004,0.9357999999981284,0.9965999999980067,0.2495947480201721,0.2434062659740448,1.1905059814453125,0.1000000014901161,0.0047816317528486,1,0.0005,42315700_11,True,cifar10_resnet32,0.2495947182178497,0.2495994567871093,0.3992224335670471,0.0322642736136913,2.0,0.2494298672919053,0,0.16793292760849,0.9357999999981284,0.9965999999980067,1.1905059814453125,0.0049308808520436,0.0049308883026242,0.001431280747056,0.0039504198357462,2.0,0.0049280002181242,0,0.3608643114566803,0.9996444444442224,0.9999999999997778,0.0011114771477878
shufflenetv2_x1_0,4,0.001,0.1,0.2752978368217131,0.0378207378089427,0.2567035555839538,0.9343999999981312,0.9963999999980072,0.2745431959629059,0.2703819870948791,1.4263542890548706,0.1000000014901161,0.00575727596879,1,0.0005,42305016_6,True,cifar10_shufflenetv2_x1_0,0.2745431959629059,0.0510736443102359,8.386850822716951e-07,0.0378194339573383,0.0010000000474974,0.2708664479242448,0,0.2567037343978882,0.9343999999981312,0.9963999999980072,1.426354169845581,0.003681608242914,0.0011930263135582,8.205852282117121e-07,0.0025491067208349,0.0010000000474974,0.0036842426341262,0,0.6004543304443359,0.9995555555553336,0.9999999999997778,0.0011882875114679
shufflenetv2_x1_0,5,1.0,0.1,0.3059500871559086,0.0401245690882205,0.2439717054367065,0.9187999999981624,0.9967999999980064,0.3031555116176605,0.2893365919589996,1.3619204759597778,0.1000000014901161,0.0055686570703983,1,0.0005,42305016_16,True,cifar10_shufflenetv2_x1_0,0.3031555116176605,0.3031442165374756,0.2048774659633636,0.0401235222816467,1.0,0.2994725687794591,0,0.2439717054367065,0.9187999999981624,0.9967999999980064,1.3619204759597778,0.0241737775504589,0.0241403859108686,0.0053148679435253,0.0112173594534397,1.0,0.0241864947561952,0,0.7060790061950684,0.9944666666664458,0.9999999999997778,0.0163959208875894
shufflenetv2_x1_0,0,0.0,0.1,0.2810916332985182,0.0390979498624801,0.2625852823257446,0.9333999999981332,0.9965999999980067,0.2793776094913482,0.2756742238998413,1.4889519214630127,0.1000000014901161,0.0059889480471611,1,0.0005,42305041,True,cifar10_shufflenetv2_x1_0,0.2793775796890259,0.0035176780074834,0.0,0.0390985459089279,0.0,0.2741923055171911,0,0.2625852823257446,0.9333999999981332,0.9965999999980067,1.4889520406723022,0.003698871936649,2.5816421839408576e-05,0.0,0.002703245030716,0.0,0.0037009150339357,0,0.5590736865997314,0.9996888888886668,0.9999999999997778,0.0011975637171417
shufflenetv2_x1_0,5,0.01,0.1,0.2830799980536313,0.0352919399738311,0.1861844360828399,0.9095999999981808,0.9971999999980056,0.2832939922809601,0.2584569752216339,0.9308083653450012,0.1000000014901161,0.0039935391396284,1,0.0005,42305016_13,True,cifar10_shufflenetv2_x1_0,0.2832939922809601,0.1197024509310722,4.630349576473236e-05,0.0352926328778266,0.0099999997764825,0.2810116878236951,0,0.1861842572689056,0.9095999999981808,0.9971999999980056,0.9308083653450012,0.097260370850563,0.0432713143527507,7.485272362828255e-06,0.0149249024689197,0.0099999997764825,0.0973688066373712,0,0.0819374918937683,0.9682222222220072,0.9997555555553336,0.1362737715244293
shufflenetv2_x1_0,4,0.1,0.1,0.2729180833822844,0.0443233922123909,0.2600511312484741,0.9271999999981456,0.9967999999980064,0.2753982245922088,0.2706141471862793,1.3145315647125244,0.1000000014901161,0.0053878743201494,1,0.0005,42305016_8,True,cifar10_shufflenetv2_x1_0,0.2753982245922088,0.2706141471862793,0.0053878743201494,0.0443219244480133,0.1000000014901161,0.2716447840017842,0,0.2600510120391845,0.9271999999981456,0.9967999999980064,1.3145315647125244,0.0038939563091844,0.0034643283579498,5.06491051055491e-06,0.0031031237449496,0.1000000014901161,0.0039005438875656,0,0.2887545824050903,0.9997333333331112,0.9999999999997778,0.0010331047233194
shufflenetv2_x1_0,4,0.5,0.1,0.2862212876289488,0.0396300479769706,0.2477430999279022,0.9313999999981372,0.9973999999980052,0.2841145396232605,0.279221624135971,1.4831204414367676,0.1000000014901161,0.0059743598103523,1,0.0005,42305016_9,True,cifar10_shufflenetv2_x1_0,0.2841145396232605,0.2840557098388672,0.0813578069210052,0.0396298803389072,0.5,0.2803669138341016,0,0.2477430999279022,0.9313999999981372,0.9973999999980052,1.4831204414367676,0.0053656776435673,0.0052784765139222,0.0001947025302797,0.0037482716143131,0.5,0.0053672043812607,0,0.2880226969718933,0.9993777777775558,0.9999999999997778,0.0018434007652103
shufflenetv2_x1_0,5,0.1,0.1,0.2762603460361099,0.0314715653657913,0.2693745493888855,0.918999999998162,0.9971999999980056,0.2688928544521332,0.2502906322479248,0.9692236185073853,0.1000000014901161,0.0040955170989036,1,0.0005,42305016_14,True,cifar10_shufflenetv2_x1_0,0.2688928544521332,0.2502906620502472,0.00409647077322,0.0314723141491413,0.1000000014901161,0.2671340680276821,0,0.2693745493888855,0.918999999998162,0.9971999999980056,0.9692236185073853,0.0573306456208229,0.0515214912593364,0.0002704178914427,0.0150067061185836,0.1000000014901161,0.0573714697192929,0,0.119145929813385,0.982022222222004,0.9999333333331112,0.0577405802905559
shufflenetv2_x1_0,3,2.0,0.1,0.2926000511673386,0.0310506336390972,0.2791289985179901,0.90499999999819,0.9965999999980067,0.2938022911548614,0.2599575817584991,0.902650773525238,0.1000000014901161,0.0038837473839521,1,0.0005,42305016_5,True,cifar10_shufflenetv2_x1_0,0.2938023209571838,0.2937960624694824,0.4199267625808716,0.0310500934720039,2.0,0.2915657205911975,0,0.2791289985179901,0.90499999999819,0.9965999999980067,0.902650773525238,0.0872714892029762,0.0872528254985809,0.0752902776002883,0.0235757045447826,2.0,0.0872869079628978,0,0.1393384337425232,0.9731555555553394,0.9999555555553334,0.0848905146121978
shufflenetv2_x1_0,3,0.1,0.1,0.3744894994412991,0.0164169855415821,0.2638854086399078,0.8693999999982612,0.9963999999980072,0.3747061491012573,0.2801580131053924,0.7660633325576782,0.1000000014901161,0.0034549571573734,1,0.0005,42305016_2,True,cifar10_shufflenetv2_x1_0,0.3747061491012573,0.28015798330307,0.0034549608826637,0.0164176560938358,0.1000000014901161,0.3713526805868666,0,0.2638854384422302,0.8693999999982612,0.9963999999980072,0.7660634517669678,0.299960732460022,0.2120576649904251,0.0020009651780128,0.0223842691630125,0.1000000014901161,0.3000436353919387,0,0.1973239779472351,0.8964444444442453,0.9974888888886672,0.432584285736084
shufflenetv2_x1_0,3,0.01,0.1,0.4049796698452702,0.0196203365921974,0.1842895150184631,0.856999999998286,0.9951999999980096,0.4067688882350921,0.2957587838172912,0.8185267448425293,0.1000000014901161,0.003693401813507,1,0.0005,42305016_1,True,cifar10_shufflenetv2_x1_0,0.4067688882350921,0.1171185001730918,4.127621650695801e-05,0.0196209736168384,0.0099999997764825,0.4055643154143023,0,0.1842895150184631,0.856999999998286,0.9951999999980096,0.8185267448425293,0.354365587234497,0.0975100621581077,2.841278910636902e-05,0.0141525389626622,0.0099999997764825,0.3543974995750398,0,0.192689374089241,0.8776888888886939,0.9967777777775564,0.5674898624420166
shufflenetv2_x1_0,4,0.01,0.1,0.2709809905425814,0.0390899628400802,0.3464885056018829,0.9341999999981316,0.997999999998004,0.2685368359088897,0.2648548483848572,1.3794928789138794,0.1000000014901161,0.0055800732225179,1,0.0005,42305016_7,True,cifar10_shufflenetv2_x1_0,0.2685368061065674,0.1421364098787307,6.753229536116123e-05,0.0390896908938884,0.0099999997764825,0.2660426622789068,0,0.3464885056018829,0.9341999999981316,0.997999999998004,1.3794931173324585,0.0039858659729361,0.0025178284849971,7.580092642456293e-07,0.0028259810060262,0.0099999997764825,0.0039922921943845,0,0.2275856137275696,0.9995777777775556,0.9999999999997778,0.0012885616160929
shufflenetv2_x1_0,5,2.0,0.1,0.2771649813756329,0.0414123088121414,0.2868992686271667,0.9203999999981592,0.9971999999980056,0.271658182144165,0.2609377205371856,1.1104480028152466,0.1000000014901161,0.0046457536518573,1,0.0005,42305016_17,True,cifar10_shufflenetv2_x1_0,0.271658182144165,0.2716628909111023,0.4269232749938965,0.0414108596742153,2.0,0.2698609782896186,0,0.2868992686271667,0.9203999999981592,0.9971999999980056,1.1104480028152466,0.0192676484584808,0.019267052412033,0.0115615725517272,0.0104943709447979,2.0,0.0192708174623606,0,0.3083483278751373,0.9964666666664452,0.9999999999997778,0.0116559211164712
shufflenetv2_x1_0,3,1.0,0.1,0.2773268415137299,0.0218931548297405,0.2632173895835876,0.908999999998182,0.9965999999980067,0.2738270461559295,0.2373916655778885,0.7464843392372131,0.1000000014901161,0.0032537877559661,1,0.0005,42305016_4,True,cifar10_shufflenetv2_x1_0,0.2738270461559295,0.2736909091472626,0.1492876708507537,0.021892637014389,1.0,0.2694330717021126,0,0.2632173895835876,0.908999999998182,0.9965999999980067,0.7464842796325684,0.1224602684378624,0.1221463605761528,0.0392970070242881,0.0267147179692983,1.0,0.1224780064429923,0,0.1120170354843139,0.9610222222220088,0.9997555555553336,0.1322218626737594
shufflenetv2_x1_0,5,0.5,0.1,0.2803488901345886,0.041499488055706,0.2868624031543731,0.9185999999981628,0.9971999999980056,0.2838804721832275,0.2710054814815521,1.1589698791503906,0.1000000014901161,0.0048370547592639,1,0.0005,42305016_15,True,cifar10_shufflenetv2_x1_0,0.2838804423809051,0.283763438463211,0.0713959783315658,0.0414993800222873,0.5,0.2802333435505171,0,0.2868624031543731,0.9185999999981628,0.9971999999980056,1.1589698791503906,0.0304888822138309,0.0302903112024068,0.0020789671689271,0.0131608266383409,0.5,0.0305126203069144,0,0.4021092057228088,0.9924888888886684,0.9999999999997778,0.0206199176609516
shufflenetv2_x1_0,4,2.0,0.1,0.2697803190491747,0.0405001230537891,0.2713590562343597,0.9293999999981412,0.9967999999980064,0.2712480127811432,0.2655616402626037,1.2815616130828855,0.1000000014901161,0.0052408389747142,1,0.0005,42305016_11,True,cifar10_shufflenetv2_x1_0,0.2712480127811432,0.2712523937225342,0.4408600926399231,0.0405006073415279,2.0,0.2692334456885759,0,0.2713591754436493,0.9293999999981412,0.9967999999980064,1.2815617322921753,0.0072024669498205,0.0072001381777226,0.0032316856086254,0.0047973906621336,2.0,0.0072023915559384,0,0.2088707685470581,0.999088888888667,0.9999999999997778,0.0030819308012723
shufflenetv2_x1_0,3,0.001,0.1,0.4153262046883101,0.0205673463642597,0.0677156448364257,0.85499999999829,0.995999999998008,0.4159427583217621,0.3007094860076904,0.849254846572876,0.1000000014901161,0.0038221031427383,1,0.0005,42305016_0,True,cifar10_shufflenetv2_x1_0,0.4159427583217621,0.0401355288922786,1.0944204404950142e-06,0.0205665249377489,0.0010000000474974,0.4137811375575633,0,0.0677156746387481,0.85499999999829,0.995999999998008,0.849254846572876,0.3578810691833496,0.0329892933368682,2.5323242880404e-07,0.0137586314231157,0.0010000000474974,0.3578942356935805,0,0.0469572246074676,0.876466666666472,0.9963999999997788,0.5732254385948181
shufflenetv2_x1_0,3,0.5,0.1,0.2865834741351583,0.0114636830985546,0.2774330079555511,0.9015999999981968,0.997999999998004,0.2844152152538299,0.2316596359014511,0.6478449106216431,0.1000000014901161,0.002863023430109,1,0.0005,42305016_3,True,cifar10_shufflenetv2_x1_0,0.2844152152538299,0.2820468246936798,0.0489106029272079,0.0114624835550785,0.5,0.2819397313973258,0,0.2774329781532287,0.9015999999981968,0.997999999998004,0.6478449106216431,0.1799663007259369,0.176061138510704,0.0198547095060348,0.0285536330193281,0.5,0.1800158014418721,0,0.0906882882118225,0.9396444444442356,0.9993111111108892,0.2175951898097992
shufflenetv2_x1_0,5,0.001,0.1,0.2794663576874533,0.032523188740015,0.1796320676803589,0.9127999999981744,0.9977999999980044,0.2816464304924011,0.258804589509964,0.950766384601593,0.1000000014901161,0.0040528941899538,1,0.0005,42305016_12,True,cifar10_shufflenetv2_x1_0,0.2816464304924011,0.0418881215155124,1.2662203516811132e-06,0.0325236842036247,0.0010000000474974,0.2783926791050835,0,0.1796318292617798,0.9127999999981744,0.9977999999980044,0.950766384601593,0.0909605249762535,0.0148612260818481,3.614695742726326e-07,0.0163196809589862,0.0010000000474974,0.0910076136564434,0,0.1896626055240631,0.9713999999997842,0.999799999999778,0.1242124140262603
shufflenetv2_x1_0,4,1.0,0.1,0.2700363195082408,0.0374941825866699,0.2827427685260772,0.9315999999981368,0.9967999999980064,0.2720408737659454,0.266263872385025,1.3450543880462646,0.1000000014901161,0.0054326578974723,1,0.0005,42305016_10,True,cifar10_shufflenetv2_x1_0,0.2720409035682678,0.2720251679420471,0.1914010643959045,0.0374964475631713,1.0,0.2674474610541157,0,0.2827427685260772,0.9315999999981368,0.9967999999980064,1.3450545072555542,0.0060937665402889,0.0060614310204982,0.0008723996579647,0.0039014667272567,1.0,0.0060960398355093,0,0.1791072487831115,0.9991111111108892,0.9999999999997778,0.0025024581700563
vgg11_bn,3,0.5,0.1,0.3137234969358621,0.0364392437040805,0.1836870908737182,0.898999999998202,0.9957999999980084,0.3151811063289642,0.2793970108032226,0.9567860960960388,0.1000000014901161,0.0041409842669963,1,0.0005,42305016_3,True,cifar10_vgg11_bn,0.3151809871196747,0.3145791590213775,0.0672432035207748,0.0364395789802074,0.5,0.3141122056463382,0,0.1836870312690735,0.898999999998202,0.9957999999980084,0.9567855000495912,0.1310186386108398,0.129825621843338,0.01786470413208,0.0159094594419002,0.5,0.1310146643959728,0,0.1859314739704132,0.9586666666664536,0.9991555555553336,0.2202903777360916
vgg11_bn,3,0.001,0.1,2.3028243768621985,0.0048983097076416,0.0048983097076416,0.096999999999806,0.4921999999990156,2.3028297424316406,0.0047553530894219,0.0001146156646427,0.1000000014901161,1.1473894119262695e-06,1,0.0005,42305016_0,True,cifar10_vgg11_bn,2.3028297424316406,0.0004788290825672,-2.938322722911835e-07,0.0048983097076416,0.0010000000474974,2.302845631878515,0,0.0048983097076416,0.096999999999806,0.4921999999990156,0.0001146156791946,2.302621603012085,0.0004776193236466,4.516914486885071e-07,0.0015503987669944,0.0010000000474974,2.302620217073263,0,0.0015503987669944,0.100333333333311,0.5008666666665554,0.0001141489483416
vgg11_bn,4,2.0,0.1,0.3429909123255481,0.0542393177747726,0.3148069977760315,0.9253999999981491,0.9967999999980064,0.3459871709346771,0.3432986140251159,1.9161925315856931,0.1000000014901161,0.0078014209866523,1,0.0005,42305016_11,True,cifar10_vgg11_bn,0.3459872901439667,0.3459941744804382,0.597902238368988,0.054239235818386,2.0,0.3420262245613858,0,0.3148070573806762,0.9253999999981491,0.9967999999980064,1.916197657585144,0.0021373643539845,0.0021413397043943,0.0012573031708598,0.0010585829149931,2.0,0.0021436068040307,0,0.6767576932907104,0.9996444444442224,0.9999999999997778,0.0017401702934876
vgg11_bn,0,0.0,0.1,0.3406993759955171,0.0526122599840164,0.2504395246505737,0.9263999999981472,0.9965999999980067,0.3435603380203247,0.340471476316452,1.9056384563446045,0.1000000014901161,0.0077256336808204,1,0.0005,42305041,True,cifar10_vgg11_bn,0.3435607850551605,0.0044302055612206,0.0,0.0526105426251888,0.0,0.3409906005644538,0,0.2504427433013916,0.9263999999981472,0.9965999999980067,1.9056425094604488,0.0019336285768076,4.306657865527086e-05,0.0,0.0010397578589618,0.0,0.0019338314690909,0,0.4812056720256805,0.9996666666664444,0.9999999999997778,0.0012097583385184
vgg11_bn,5,0.01,0.1,0.3135051345747786,0.0499979928135871,0.3150447010993957,0.9203999999981592,0.9957999999980084,0.3116627931594848,0.3045626282691955,1.3965260982513428,0.1000000014901161,0.0058290641754865,1,0.0005,42305016_13,True,cifar10_vgg11_bn,0.3116626739501953,0.1471112221479416,6.868364289402962e-05,0.0499973967671394,0.0099999997764825,0.308143484438366,0,0.3150450587272644,0.9203999999981592,0.9957999999980084,1.3965247869491575,0.032921478152275,0.0243544932454824,4.011846613138914e-06,0.0024969335645437,0.0099999997764825,0.0328961726079461,0,0.8017922639846802,0.989777777777558,0.9997555555553336,0.071407102048397
vgg11_bn,4,1.0,0.1,0.3370650833649929,0.0529541224241256,0.3023516237735748,0.9253999999981491,0.996999999998006,0.3352054357528686,0.3323118686676025,1.838274598121643,0.1000000014901161,0.0074594840407371,1,0.0005,42305016_10,True,cifar10_vgg11_bn,0.3352053761482239,0.3352027833461761,0.2537339329719543,0.0529541671276092,1.0,0.3318761503527176,0,0.30235156416893,0.9253999999981491,0.996999999998006,1.8382747173309328,0.0020286121871322,0.0020229506772011,0.0003329792525619,0.0011468732263892,1.0,0.0020290209754508,0,0.7091511487960815,0.999622222222,0.9999999999997778,0.0010022508213296
vgg11_bn,3,2.0,0.1,2.302629207413444,0.0036180019378662,0.0036180019378662,0.096999999999806,0.4965999999990068,2.3026275634765625,0.0018284677062183,1.745999361446593e-05,0.1000000014901161,2.9802322387695312e-08,1,0.0005,42305016_5,True,cifar10_vgg11_bn,2.3026278018951416,0.0061929649673402,3.528594970703125e-05,0.0036180019378662,2.0,2.3026327836921285,0,0.0036180019378662,0.096999999999806,0.4965999999990069,1.745999361446593e-05,2.3025903701782227,0.0061618662439286,3.528594970703125e-05,0.0002631321549415,2.0,2.3025896466637503,0,0.0002631321549415,0.100333333333311,0.5003777777776666,1.756347410264425e-05
vgg11_bn,4,0.001,0.1,0.3332603013339287,0.0490365177392959,0.3725232481956482,0.9285999999981428,0.9971999999980056,0.3312319815158844,0.3285827040672302,1.7984843254089355,0.1000000014901161,0.0073367990553379,1,0.0005,42305016_6,True,cifar10_vgg11_bn,0.3312327563762665,0.0578639656305313,1.2614764273166656e-06,0.0490354672074317,0.0010000000474974,0.3270770160708593,0,0.372524082660675,0.9285999999981428,0.9971999999980056,1.7984917163848877,0.001888409606181,0.0009095462155528,9.347353397970436e-07,0.0009677150519564,0.0010000000474974,0.0018881116298129,0,0.2139054834842682,0.9996888888886668,0.9999999999997778,0.0012986476067453
vgg11_bn,4,0.1,0.1,0.3434678537916411,0.0543755516409873,0.3097856044769287,0.9245999999981508,0.9961999999980076,0.3438808619976043,0.3411861658096313,1.8789855241775515,0.1000000014901161,0.0076556392014026,1,0.0005,42305016_8,True,cifar10_vgg11_bn,0.3438807427883148,0.3411861360073089,0.0076556280255317,0.0543756186962127,0.1000000014901161,0.3421785233694076,0,0.3097855448722839,0.9245999999981508,0.9961999999980076,1.8789846897125244,0.0018147190567106,0.0016271515050902,4.088476998731494e-06,0.0010425748769193,0.1000000014901161,0.001814014850404,0,0.1448819041252136,0.9996888888886668,0.9999999999997778,0.0007015506271272
vgg11_bn,3,1.0,0.1,0.3202078251429737,0.0465972423553466,0.2343363761901855,0.9091999999981816,0.9955999999980089,0.3193167746067047,0.3000974953174591,1.21706223487854,0.1000000014901161,0.005181111395359,1,0.0005,42305016_4,True,cifar10_vgg11_bn,0.3193169236183166,0.3193117678165436,0.2102060914039612,0.0465973131358623,1.0,0.3182156442004807,0,0.2343350052833557,0.9091999999981816,0.9955999999980089,1.2170637845993042,0.0729781836271286,0.0729532465338707,0.0291425436735153,0.0109535977244377,1.0,0.0729669071904157,0,0.8061997294425964,0.9781111111108938,0.9994444444442224,0.1245376542210578
vgg11_bn,4,0.01,0.1,0.335681675206667,0.0496106371283531,0.3486621975898742,0.9283999999981432,0.9945999999980109,0.3338530659675598,0.3310817778110504,1.7991304397583008,0.1000000014901161,0.0073509514331817,1,0.0005,42305016_7,True,cifar10_vgg11_bn,0.333853155374527,0.167040079832077,8.840975351631641e-05,0.0496106967329978,0.0099999997764825,0.3277380338162621,0,0.3486525118350982,0.9283999999981432,0.9945999999980109,1.79913067817688,0.0018379663815721,0.0012863066513091,2.5985173124354333e-07,0.0009196551982313,0.0099999997764825,0.0018393547411701,0,0.0824716091156005,0.999622222222,0.9999999999997778,0.0009353896602988
vgg11_bn,5,0.5,0.1,0.3363022050070102,0.0527786239981651,0.2984511852264404,0.92499999999815,0.9965999999980067,0.3365964889526367,0.3330149948596954,1.8031082153320312,0.1000000014901161,0.0073153562843799,1,0.0005,42305016_15,True,cifar10_vgg11_bn,0.3365964591503143,0.3365835845470428,0.1005368083715438,0.052777275443077,0.5,0.3316579675506265,0,0.2984467148780823,0.92499999999815,0.9965999999980067,1.8031076192855835,0.0071989204734563,0.0071733160875737,0.0007603717967867,0.0021643789950758,0.5,0.0071964576162954,0,0.1615502834320068,0.9982222222220004,0.9999999999997778,0.0095655918121337
vgg11_bn,3,0.1,0.1,2.3027698505331853,0.004751831293106,0.004751831293106,0.096999999999806,0.4921999999990156,2.302803039550781,0.004379095043987,9.731246245792136e-05,0.1000000014901161,3.8743019104003917e-07,1,0.0005,42305016_2,True,cifar10_vgg11_bn,2.302803039550781,0.0043790540657937,3.725290298461914e-07,0.004751831293106,0.1000000014901161,2.3028192389418214,0,0.004751831293106,0.096999999999806,0.4921999999990156,9.731246245792136e-05,2.302614688873291,0.0043673445470631,6.258487701416016e-07,0.0014345198869705,0.1000000014901161,2.302613657853036,0,0.0014345198869705,0.100333333333311,0.5008666666665554,9.689146827440708e-05
vgg11_bn,5,1.0,0.1,0.3299954621333955,0.0515649393200874,0.3657152652740478,0.9255999999981488,0.9973999999980052,0.3299788236618042,0.3268447518348694,1.7930076122283936,0.1000000014901161,0.0072715617716312,1,0.0005,42305016_16,True,cifar10_vgg11_bn,0.3299779295921325,0.3299780488014221,0.2485827803611755,0.0515662170946598,1.0,0.3266177369511206,0,0.3712859451770782,0.9255999999981488,0.9973999999980052,1.7930034399032593,0.0044006151147186,0.0043976069428026,0.00101411761716,0.0019368852954357,1.0,0.0043977147021308,0,0.2326519787311554,0.9990444444442224,0.9999999999997778,0.003597282571718
vgg11_bn,5,2.0,0.1,0.3213521516206444,0.0503703393042087,0.711797297000885,0.9281999999981436,0.9957999999980084,0.323483258485794,0.3206572830677032,1.7397855520248413,0.1000000014901161,0.0070854984223842,1,0.0005,42305016_17,True,cifar10_vgg11_bn,0.3234829008579254,0.3234923779964447,0.5537222027778625,0.0503698736429214,2.0,0.3182532130080639,0,0.711797297000885,0.9281999999981436,0.9957999999980084,1.7397807836532593,0.0040901876054704,0.0040966351516544,0.0030944300815463,0.0017394529422745,2.0,0.0040874595871248,0,0.3501410484313965,0.9992888888886668,0.9999999999997778,0.0063684871420264
vgg11_bn,3,0.01,0.1,2.302832483093884,0.0048909857869148,0.0048909857869148,0.096999999999806,0.4921999999990156,2.3028271198272705,0.0047186110168695,0.0001128531293943,0.1000000014901161,8.791685104370117e-07,1,0.0005,42305016_1,True,cifar10_vgg11_bn,2.3028271198272705,0.0015016520628705,8.512288331985474e-07,0.0048909857869148,0.0099999997764825,2.3028431165625065,0,0.0048909857869148,0.096999999999806,0.4921999999990156,0.0001128531221183,2.302620649337769,0.0014981565764173,6.92903995513916e-07,0.0015427619218826,0.0099999997764825,2.3026195275558954,0,0.0015427619218826,0.100333333333311,0.5008666666665554,0.0001123900001402
vgg11_bn,5,0.1,0.1,0.3261587938525666,0.0534201934933662,0.2785969972610473,0.9205999999981588,0.996999999998006,0.3278348445892334,0.3222862780094147,1.600217580795288,0.1000000014901161,0.0065927319228649,1,0.0005,42305016_14,True,cifar10_vgg11_bn,0.3278350234031677,0.3222863674163818,0.0065927468240261,0.0534203499555587,0.1000000014901161,0.3237373618652995,0,0.2785969972610473,0.9205999999981588,0.996999999998006,1.600216269493103,0.0168534163385629,0.0162371359765529,0.0001175011275336,0.0028624855913221,0.1000000014901161,0.0168386310228866,0,0.1311219930648803,0.994799999999779,0.9999555555553334,0.0258387774229049
vgg11_bn,4,0.5,0.1,0.356588768780751,0.0583695136010646,0.7080596685409546,0.9191999999981616,0.9963999999980072,0.354521632194519,0.3507623374462127,1.9047085046768188,0.1000000014901161,0.0077498331665992,1,0.0005,42305016_9,True,cifar10_vgg11_bn,0.3545225858688354,0.3545036911964416,0.1063956618309021,0.0583708509802818,0.5,0.3501900924481387,0,0.7080596685409546,0.9191999999981616,0.9963999999980072,1.9047142267227173,0.0020219767466187,0.0019942836370319,0.0001173955388367,0.0011847305577248,0.5,0.0020228897707064,0,0.4961383640766144,0.9996888888886668,0.9999999999997778,0.0013295764802023
vgg11_bn,5,0.001,0.1,0.3112559048765299,0.0498676672577858,0.3066268563270569,0.9187999999981624,0.9965999999980067,0.311495840549469,0.3039002418518066,1.394065022468567,0.1000000014901161,0.0058161802589893,1,0.0005,42305016_12,True,cifar10_vgg11_bn,0.3114954531192779,0.0508618131279945,5.976180545985699e-07,0.0498672872781753,0.0010000000474974,0.3083573272772617,0,0.3066281080245971,0.9187999999981624,0.9965999999980067,1.3940619230270386,0.036165565252304,0.0115895196795463,8.796196198090911e-07,0.0028804331086575,0.0010000000474974,0.0361519377044265,0,0.0737669616937637,0.989577777777558,0.9996888888886668,0.0849683731794357
mobilenetv2_x1_4,4,0.1,0.1,0.2233283205703846,0.032704908400774,0.3021069765090942,0.9461999999981076,0.9983999999980032,0.2232296764850616,0.2213346064090728,1.0795669555664062,0.1000000014901161,0.0044406224042177,1,0.0005,42305016_8,True,cifar10_mobilenetv2_x1_4,0.223229706287384,0.2213346064090728,0.0044406224042177,0.0327034555375576,0.1000000014901161,0.225027984268208,0,0.3021067380905151,0.9461999999981076,0.9983999999980032,1.0795669555664062,0.0030105365440249,0.0026254667900502,6.368267349898815e-06,0.0018755185883492,0.1000000014901161,0.0030137870918083,0,0.2213161587715149,0.9995777777775556,0.9999999999997778,0.0013199411332607
mobilenetv2_x1_4,0,0.0,0.1,0.2212927385058201,0.0314647927880287,0.7134696245193481,0.9483999999981032,0.997999999998004,0.2166686505079269,0.2152005434036255,1.1171358823776243,0.1000000014901161,0.0045350603759288,1,0.0005,42305041,True,cifar10_mobilenetv2_x1_4,0.2166686505079269,0.0026030396111309,0.0,0.0314640067517757,0.0,0.2174120775268206,0,0.7134696245193481,0.9483999999981032,0.997999999998004,1.1171358823776243,0.0022620866075158,2.1683943487005308e-05,0.0,0.0015311817405745,0.0,0.0022642586791702,0,0.238903284072876,0.9997111111108892,0.9999999999997778,0.0006683048559352
mobilenetv2_x1_4,5,0.5,0.1,0.2336563630723922,0.0327145047485828,0.2098409533500671,0.928999999998142,0.9985999999980028,0.2333238273859024,0.2242015898227691,0.878827691078186,0.1000000014901161,0.0036952774971723,1,0.0005,42305016_15,True,cifar10_mobilenetv2_x1_4,0.2333238422870636,0.2332218140363693,0.0556544214487075,0.0327128618955612,0.5,0.2335374532962409,0,0.2098409533500671,0.928999999998142,0.9985999999980028,0.878827691078186,0.0257308725267648,0.0255559403449296,0.0016921879723668,0.0123256929218769,0.5,0.0257467701116933,0,0.2502315640449524,0.9943999999997792,0.9999999999997778,0.0172761008143425
mobilenetv2_x1_4,3,0.5,0.1,0.2834916277302444,0.0120625309646129,0.2229321599006652,0.9007999999981984,0.9973999999980052,0.2832863628864288,0.227997601032257,0.5853764414787292,0.1000000014901161,0.0026290211826562,1,0.0005,42305016_3,True,cifar10_mobilenetv2_x1_4,0.2832863628864288,0.280115008354187,0.0465465933084487,0.0120631773024797,0.5,0.2831159806326062,0,0.2229321599006652,0.9007999999981984,0.9973999999980052,0.585376501083374,0.1861761212348938,0.1817765980958938,0.0207308828830719,0.0287763010710477,0.5,0.1861768061697363,0,0.3076159060001373,0.9380666666664582,0.9993777777775558,0.2264038026332855
mobilenetv2_x1_4,5,2.0,0.1,0.2718267461788506,0.0397003442049026,0.219348207116127,0.930999999998138,0.9973999999980052,0.2717795670032501,0.2661896347999573,1.2635421752929688,0.1000000014901161,0.0052138864994049,1,0.0005,42305016_17,True,cifar10_mobilenetv2_x1_4,0.2717795968055725,0.2717629075050354,0.4440423250198364,0.039699912071228,2.0,0.2719324118029395,0,0.219348207116127,0.930999999998138,0.9973999999980052,1.2635421752929688,0.0119446646422147,0.0119163123890757,0.006936814635992,0.0065521402284502,2.0,0.0119511360872562,0,0.3908621370792389,0.9978444444442228,0.9999999999997778,0.0068663782440125
mobilenetv2_x1_4,5,0.001,0.1,0.2387116132973159,0.026552066206932,0.2730816304683685,0.9255999999981488,0.9967999999980064,0.2396707385778427,0.223750814795494,0.8035961985588074,0.1000000014901161,0.0034316033124923,1,0.0005,42305016_12,True,cifar10_mobilenetv2_x1_4,0.2396707236766815,0.0384080708026886,2.984888851642609e-07,0.0265517998486757,0.0010000000474974,0.2407126663911793,0,0.2730816304683685,0.9255999999981488,0.9967999999980064,0.8035961985588074,0.0755577981472015,0.0137908393517136,2.175365807488561e-07,0.0126016438007354,0.0010000000474974,0.0756191498641646,0,0.0945375561714172,0.9760444444442276,0.9999111111108888,0.108952596783638
mobilenetv2_x1_4,3,1.0,0.1,0.2664365863957982,0.0178620908409357,0.3375077545642853,0.9101999999981796,0.997999999998004,0.2673789858818054,0.2291629016399383,0.6647781133651733,0.1000000014901161,0.0029360987246036,1,0.0005,42305016_4,True,cifar10_mobilenetv2_x1_4,0.2673789858818054,0.2671645283699035,0.1410190463066101,0.0178618896752595,1.0,0.2682339234799081,0,0.3375077247619629,0.9101999999981796,0.997999999998004,0.6647781133651733,0.1323998570442199,0.1319605708122253,0.0443022847175598,0.0260785855352878,1.0,0.1324037071242204,0,0.8019006848335266,0.9574444444442316,0.9996444444442224,0.1520883440971374
mobilenetv2_x1_4,5,0.1,0.1,0.2310347235537731,0.0292297527194023,0.2346689999103546,0.926999999998146,0.9973999999980052,0.230889156460762,0.2179058790206909,0.7669482827186584,0.1000000014901161,0.0032820533961057,1,0.0005,42305016_14,True,cifar10_mobilenetv2_x1_4,0.230889156460762,0.2179058790206909,0.0032820515334606,0.0292292609810829,0.1000000014901161,0.2312931864297254,0,0.2346689999103546,0.926999999998146,0.9973999999980052,0.7669482827186584,0.0506968013942241,0.0463992580771446,0.0002688840031623,0.0122657306492328,0.1000000014901161,0.0507300958029718,0,0.3354291617870331,0.9845111111108924,0.9999777777775556,0.0581291913986206
mobilenetv2_x1_4,3,0.001,0.1,0.4215094668545796,0.0142698027193546,0.0682540535926818,0.8513999999982972,0.9957999999980084,0.4191412031650543,0.2953142821788788,0.7824167013168335,0.1000000014901161,0.0035640187561511,1,0.0005,42305016_0,True,cifar10_mobilenetv2_x1_4,0.4191412031650543,0.0385973416268825,4.78263245895505e-07,0.0142692821100354,0.0010000000474974,0.4198592616008499,0,0.0682540237903595,0.8513999999982972,0.9957999999980084,0.7824167013168335,0.3906047344207764,0.0348918437957763,5.519541446119547e-07,0.0098491217941045,0.0010000000474974,0.3905970855309437,0,0.1877409815788269,0.8653777777775855,0.9947777777775568,0.6395977139472961
mobilenetv2_x1_4,3,2.0,0.1,0.2401266700318856,0.0238119065761566,0.1307039260864257,0.9241999999981516,0.9977999999980044,0.2400317639112472,0.2211337685585022,0.7559267282485962,0.1000000014901161,0.0032455008476972,1,0.0005,42305016_5,True,cifar10_mobilenetv2_x1_4,0.2400317639112472,0.2400184720754623,0.3459177911281585,0.023811399936676,2.0,0.2375783330504327,0,0.130703866481781,0.9241999999981516,0.9977999999980044,0.7559267282485962,0.0687997862696647,0.0687716007232666,0.0598980039358139,0.0190279483795166,2.0,0.0688328986990694,0,0.1775601506233215,0.9797333333331156,0.9998888888886668,0.069969967007637
mobilenetv2_x1_4,5,1.0,0.1,0.2338621041499508,0.0318826809525489,0.2878169417381286,0.935999999998128,0.9981999999980036,0.231216624379158,0.2252098619937896,0.9703537821769714,0.1000000014901161,0.0040281508117914,1,0.0005,42305016_16,True,cifar10_mobilenetv2_x1_4,0.2312166392803192,0.2311866879463196,0.1540157496929168,0.0318837612867355,1.0,0.2309674410857262,0,0.2878169417381286,0.935999999998128,0.9981999999980036,0.9703537821769714,0.0143011324107646,0.0142502812668681,0.0027435533702373,0.0074465051293373,1.0,0.0143155189783814,0,0.1658180952072143,0.9969777777775564,0.9999999999997778,0.0081640807911753
mobilenetv2_x1_4,4,0.5,0.1,0.2267109817623025,0.0318790003657341,0.3049448728561401,0.9417999999981164,0.9975999999980047,0.2249070554971695,0.2220254391431808,1.1618398427963257,0.1000000014901161,0.0046293381601572,1,0.0005,42305016_9,True,cifar10_mobilenetv2_x1_4,0.2249070703983307,0.2248505800962448,0.0625687390565872,0.0318790003657341,0.5,0.2244932702551373,0,0.3049448728561401,0.9417999999981164,0.9975999999980047,1.1618398427963257,0.0043117869645357,0.0042271208949387,0.0001836949959397,0.0030207657255232,0.5,0.0043141109990785,0,0.2435654997825622,0.9995555555553336,0.9999999999997778,0.0021405245643109
mobilenetv2_x1_4,4,2.0,0.1,0.2327271441696729,0.0333093851804733,0.7226192951202393,0.942999999998114,0.998999999998002,0.2315903007984161,0.2290863543748855,1.1664210557937622,0.1000000014901161,0.0047311801463365,1,0.0005,42305016_11,True,cifar10_mobilenetv2_x1_4,0.2315903007984161,0.2315855026245117,0.3809509873390198,0.0333097726106643,2.0,0.2319481096002029,0,0.7226192951202393,0.942999999998114,0.998999999998002,1.1664211750030518,0.0039929756894707,0.0039817094802856,0.0013121385127305,0.0030174227431416,2.0,0.0039953562443319,0,0.5062530040740967,0.9996666666664444,0.9999999999997778,0.0011348619591444
mobilenetv2_x1_4,4,0.001,0.1,0.2228316074985714,0.0345545448362827,0.2632350623607635,0.9443999999981112,0.996999999998006,0.2235453128814697,0.2219365090131759,1.1301857233047483,0.1000000014901161,0.0045999772846698,1,0.0005,42305016_6,True,cifar10_mobilenetv2_x1_4,0.2235453128814697,0.0452979318797588,1.339198206551373e-06,0.0345524847507476,0.0010000000474974,0.2229483759778603,0,0.2632350623607635,0.9443999999981112,0.996999999998006,1.1301857233047483,0.0023433598689734,0.0007658997783437,4.360113052825909e-07,0.0016726199537515,0.0010000000474974,0.0023468186292358,0,0.3469084203243255,0.9997333333331112,0.9999999999997778,0.0006200718926265
mobilenetv2_x1_4,5,0.01,0.1,0.2396637915366622,0.0296771898865699,0.2865273952484131,0.9231999999981536,0.9977999999980044,0.2403198629617691,0.2249091267585754,0.7972023487091064,0.1000000014901161,0.0034221298992633,1,0.0005,42305016_13,True,cifar10_mobilenetv2_x1_4,0.2403198629617691,0.1095259264111518,3.999355249106884e-05,0.0296780727803707,0.0099999997764825,0.2400658494523872,0,0.2865273952484131,0.9231999999981536,0.9977999999980044,0.7972023487091064,0.0687388628721237,0.0346181169152259,5.511566996574402e-06,0.0110024884343147,0.0099999997764825,0.0687523588541438,0,0.1837577819824218,0.9775777777775606,0.9997555555553336,0.0943832620978355
mobilenetv2_x1_4,3,0.1,0.1,0.3568782372478418,0.0100318863987922,0.188640683889389,0.8751999999982496,0.9961999999980076,0.3554905354976654,0.2655940949916839,0.6973968744277954,0.1000000014901161,0.003151785582304,1,0.0005,42305016_2,True,cifar10_mobilenetv2_x1_4,0.3554905652999878,0.2655940949916839,0.0031517818570137,0.0100326612591743,0.1000000014901161,0.3550193516625095,0,0.188640683889389,0.8751999999982496,0.9961999999980076,0.6973968744277954,0.2942458391189575,0.2120922356843948,0.0020426902920007,0.019959419965744,0.1000000014901161,0.2942210628737908,0,0.1914674043655395,0.8989555555553559,0.9973111111108895,0.4431129097938537
mobilenetv2_x1_4,3,0.01,0.1,0.4047660572293148,0.0182430949062109,0.0541542172431945,0.8573999999982852,0.9937999999980124,0.4056183993816376,0.2940228283405304,0.7962836027145386,0.1000000014901161,0.0036145932972431,1,0.0005,42305016_1,True,cifar10_mobilenetv2_x1_4,0.4056183993816376,0.1159662678837776,4.026154056191445e-05,0.0182428546249866,0.0099999997764825,0.4049894643785179,0,0.0541539788246154,0.8573999999982852,0.9937999999980124,0.7962836027145386,0.3666567206382751,0.1004043295979499,3.0207214877009392e-05,0.0115975495427846,0.0099999997764825,0.3666550843683445,0,0.193287044763565,0.8740444444442502,0.9955555555553344,0.597375750541687
mobilenetv2_x1_4,4,0.01,0.1,0.2227560567487112,0.0322856679558754,0.285676509141922,0.9463999999981072,0.9981999999980036,0.2259445786476135,0.224374309182167,1.2169849872589111,0.1000000014901161,0.0048694685101509,1,0.0005,42305016_7,True,cifar10_mobilenetv2_x1_4,0.2259445786476135,0.1306172907352447,5.931919440627098e-05,0.0322862267494201,0.0099999997764825,0.2276576137894553,0,0.285676509141922,0.9463999999981072,0.9981999999980036,1.2169849872589111,0.0025390835944563,0.0015998360468074,5.953043000772595e-07,0.0017000726656988,0.0099999997764825,0.0025417286235141,0,0.2803281545639038,0.9997111111108892,0.9999999999997778,0.001019486458972
mobilenetv2_x1_4,4,1.0,0.1,0.2247940557816201,0.0316217355430126,0.25339275598526,0.9427999999981144,0.9975999999980047,0.2236079275608062,0.2208697646856308,1.1003445386886597,0.1000000014901161,0.0044507905840873,1,0.0005,42305016_10,True,cifar10_mobilenetv2_x1_4,0.2236079573631286,0.2235883474349975,0.1573294997215271,0.0316214673221111,1.0,0.2226665607471548,0,0.2533925771713257,0.9427999999981144,0.9975999999980047,1.1003446578979492,0.0038331195246428,0.0038003486115485,0.0003913089167326,0.0028624581173062,1.0,0.0038325113337426,0,0.1939286589622497,0.9996444444442224,0.9999999999997778,0.0011394078610464
repvgg_a2,4,2.0,0.1,0.2256200439099885,0.0318997874855995,0.3377299308776855,0.9475999999981048,0.9973999999980052,0.2256809771060943,0.2241682112216949,1.1973079442977903,0.1000000014901161,0.0048392936587333,1,0.0005,42305016_11,True,cifar10_repvgg_a2,0.2256809771060943,0.2256727814674377,0.3778823018074035,0.0319000706076622,2.0,0.2276796637827208,0,0.3377299606800079,0.9475999999981048,0.9973999999980052,1.197307825088501,0.0012701740488409,0.0012388199102133,0.000200031325221,0.0009794549550861,2.0,0.0012696026172164,0,0.4889198541641235,0.9999777777775556,0.9999999999997778,0.00030094399699
repvgg_a2,5,0.5,0.1,0.2090847357062143,0.0289237089455127,0.1695887446403503,0.9481999999981036,0.9981999999980036,0.2092684954404831,0.2073865532875061,1.0384303331375122,0.1000000014901161,0.0042041707783937,1,0.0005,42305016_15,True,cifar10_repvgg_a2,0.2092684954404831,0.2092329859733581,0.0583228692412376,0.0289224907755851,0.5,0.2135750642841102,0,0.1695888042449951,0.9481999999981036,0.9981999999980036,1.0384304523468018,0.0025633254554122,0.0024795236531645,7.335736881941557e-05,0.0018634846201166,0.5,0.0025628098230331,0,0.5003065466880798,0.9997555555553336,0.9999999999997778,0.0006905718473717
repvgg_a2,3,0.5,0.1,0.2056376143261782,0.0282998085021972,0.26629638671875,0.9395999999981208,0.9975999999980047,0.2085675299167633,0.2033105939626693,0.876587450504303,0.1000000014901161,0.0036133639514446,1,0.0005,42305016_3,True,cifar10_repvgg_a2,0.2085675001144409,0.208506166934967,0.0522865653038024,0.0283006243407726,0.5,0.2125603305975744,0,0.26629638671875,0.9395999999981208,0.9975999999980047,0.876587450504303,0.0178781971335411,0.0177614800631999,0.0012534372508525,0.0078131444752216,0.5,0.0178763245470951,0,0.2942304611206054,0.995733333333112,0.9999777777775556,0.0128757404163479
repvgg_a2,4,0.1,0.1,0.2214662301178101,0.0360084809362888,0.348150372505188,0.9443999999981112,0.9981999999980036,0.2233538031578064,0.2220586091279983,1.0899016857147217,0.1000000014901161,0.0044949948787689,1,0.0005,42305016_8,True,cifar10_repvgg_a2,0.2233538031578064,0.2220585793256759,0.004494996741414,0.0360083691775798,0.1000000014901161,0.2274411781485131,0,0.3481505513191223,0.9443999999981112,0.9981999999980036,1.0899018049240112,0.0011025201529264,0.0006636708276346,5.79457264393568e-07,0.0008821088122203,0.1000000014901161,0.0011021800977557,0,0.3190192580223083,0.9999999999997778,0.9999999999997778,3.107488009845838e-05
repvgg_a2,4,0.5,0.1,0.2292279737786708,0.0322435982525348,0.1873661875724792,0.9499999999981,0.9971999999980056,0.231140062212944,0.2299471944570541,1.2603832483291626,0.1000000014901161,0.0050905160605907,1,0.0005,42305016_9,True,cifar10_repvgg_a2,0.2311400771141052,0.2310789078474044,0.0690631568431854,0.0322460159659385,0.5,0.2334176770175665,0,0.1873661875724792,0.9499999999981,0.9971999999980056,1.260383367538452,0.001207256107591,0.0010353612015023,6.627931725233793e-06,0.0010016924934461,0.5,0.0012069303681917,0,0.4857508242130279,0.9999777777775556,0.9999999999997778,5.433438127511181e-05
repvgg_a2,3,1.0,0.1,0.2184213346640914,0.0296704303473234,0.1779188513755798,0.9427999999981144,0.9985999999980028,0.2166839241981506,0.2129895091056823,0.9991520047187804,0.1000000014901161,0.0040826387703418,1,0.0005,42305016_4,True,cifar10_repvgg_a2,0.2166839241981506,0.2166774570941925,0.1481185555458068,0.0296700429171323,1.0,0.2189660212792861,0,0.1779186725616455,0.9427999999981144,0.9985999999980028,0.99915212392807,0.0092077301815152,0.0091830007731914,0.0016756104305386,0.0055116754956543,1.0,0.0092016143483617,0,0.6356426477432251,0.9986444444442226,0.9999999999997778,0.0052310647442936
repvgg_a2,5,0.1,0.1,0.2095660260761995,0.0298470370471477,0.2861526012420654,0.9453999999981092,0.998999999998002,0.2102406471967697,0.2081811130046844,1.0136067867279053,0.1000000014901161,0.0041192322969436,1,0.0005,42305016_14,True,cifar10_repvgg_a2,0.2102406173944473,0.2081810683012008,0.0041192322969436,0.0298462621867656,0.1000000014901161,0.2164152986219273,0,0.2861526012420654,0.9453999999981092,0.998999999998002,1.0136067867279053,0.0039345035329461,0.0035698707215487,8.165952749550343e-06,0.0023838030174374,0.1000000014901161,0.0039358248750675,0,0.2020477056503296,0.9993555555553336,0.9999999999997778,0.0017028842121362
repvgg_a2,0,0.0,0.1,0.2112801886038573,0.0319289453327655,0.292422741651535,0.9515999999980967,0.997999999998004,0.2140024155378341,0.2131318598985672,1.1547894477844238,0.1000000014901161,0.004685191437602,1,0.0005,42305041,True,cifar10_repvgg_a2,0.2140024155378341,0.0026784976944327,0.0,0.0319305881857872,0.0,0.21923761729365,0,0.292422741651535,0.9515999999980967,0.997999999998004,1.1547894477844238,0.0010322766611352,6.01122337684501e-06,0.0,0.0007931279833428,0.0,0.0010320639759059,0,0.4033490419387817,0.9999999999997778,0.9999999999997778,3.1319250410888344e-05
repvgg_a2,3,0.1,0.1,0.2423929935971892,0.0259574763476848,0.2156453132629394,0.9245999999981508,0.997999999998004,0.2426846176385879,0.2255827933549881,0.789597749710083,0.1000000014901161,0.0033849030733108,1,0.0005,42305016_2,True,cifar10_repvgg_a2,0.2426846176385879,0.2255827933549881,0.0033849030733108,0.0259573943912982,0.1000000014901161,0.2437121770057436,0,0.2156453132629394,0.9245999999981508,0.997999999998004,0.789597749710083,0.0808023139834404,0.0728471130132675,0.0005214093253016,0.0126406978815794,0.1000000014901161,0.0808082895138191,0,0.1943902522325515,0.9734666666664504,0.9997555555553336,0.1139280200004577
repvgg_a2,4,0.01,0.1,0.2134130953675366,0.0316789373755455,0.7656726837158203,0.950999999998098,0.9977999999980044,0.2150035351514816,0.214112251996994,1.1631618738174438,0.1000000014901161,0.0047137793153524,1,0.0005,42305016_7,True,cifar10_repvgg_a2,0.2150035351514816,0.1285018324851989,5.767401307821274e-05,0.0316790491342544,0.0099999997764825,0.2190322010614052,0,0.7656726837158203,0.950999999998098,0.9977999999980044,1.1631618738174438,0.0010672772768884,0.0003552318958099,1.8235550669487568e-07,0.0008274075225926,0.0099999997764825,0.0010669887927151,0,0.4509070515632629,0.9999999999997778,0.9999999999997778,3.855555405607447e-05
repvgg_a2,5,1.0,0.1,0.2112007382201146,0.0286144018173217,0.3637326657772064,0.9493999999981012,0.9975999999980047,0.2070217728614807,0.2053480446338653,1.053992748260498,0.1000000014901161,0.0042741857469081,1,0.0005,42305016_16,True,cifar10_repvgg_a2,0.2070218026638031,0.2070115208625793,0.1482993066310882,0.0286142379045486,1.0,0.2075239016568162,0,0.363732635974884,0.9493999999981012,0.9975999999980047,1.0539928674697876,0.0020364471711218,0.0019991325680166,0.0001233764924108,0.0016848740633577,1.0,0.0020355844951073,0,0.4221053123474121,0.9998888888886668,0.9999999999997778,0.0003066626377403
repvgg_a2,5,2.0,0.1,0.2364317859272162,0.0350495316088199,0.3539891242980957,0.9411999999981177,0.9985999999980028,0.2353428602218628,0.2334601879119873,1.2012988328933716,0.1000000014901161,0.0048622973263263,1,0.0005,42305016_17,True,cifar10_repvgg_a2,0.2353428602218628,0.2353437542915344,0.3900449275970459,0.0350481905043125,2.0,0.2373764800583566,0,0.3539894521236419,0.9411999999981177,0.9985999999980028,1.2012988328933716,0.0019896966405212,0.0019772606901824,0.0005957568064332,0.00148640666157,2.0,0.0019889305604534,0,0.6431734561920166,0.9998444444442224,0.9999999999997778,0.0007451498531736
repvgg_a2,5,0.01,0.1,0.2125553286502931,0.0309610329568386,0.3901077806949615,0.9461999999981076,0.997999999998004,0.2116991877555847,0.2093531638383865,1.073556900024414,0.1000000014901161,0.0042956080287694,1,0.0005,42305016_13,True,cifar10_repvgg_a2,0.2116992175579071,0.1212185993790626,5.228724330663681e-05,0.0309599339962005,0.0099999997764825,0.216713733117704,0,0.3901077806949615,0.9461999999981076,0.997999999998004,1.073556900024414,0.0064495438709855,0.0046367412433028,5.992624210193753e-07,0.0029289950616657,0.0099999997764825,0.0064474790404983,0,0.6453280448913574,0.998688888888667,0.9999999999997778,0.0051485355943441
repvgg_a2,4,1.0,0.1,0.2316652922664076,0.0315684527158737,0.2528012096881866,0.9467999999981064,0.9965999999980067,0.2249735742807388,0.2231478989124298,1.1191587448120115,0.1000000014901161,0.0045635122805833,1,0.0005,42305016_10,True,cifar10_repvgg_a2,0.2249735742807388,0.2249351590871811,0.1620577722787857,0.0315681621432304,1.0,0.2275328389162609,0,0.2528012096881866,0.9467999999981064,0.9965999999980067,1.1191587448120115,0.0012443151790648,0.0011559796985238,3.219512291252613e-05,0.0010327210184186,1.0,0.0012440471819937,0,0.5546789169311523,0.9999999999997778,0.9999999999997778,7.173334597609937e-05
repvgg_a2,3,0.01,0.1,0.261517442632093,0.0224276445806026,0.2676520943641662,0.9145999999981708,0.9965999999980067,0.2645688056945801,0.2360385209321975,0.7951971888542175,0.1000000014901161,0.0034142024815082,1,0.0005,42305016_1,True,cifar10_repvgg_a2,0.2645688056945801,0.1095765903592109,3.929599188268185e-05,0.0224291048943996,0.0099999997764825,0.2677249534579611,0,0.2676520645618438,0.9145999999981708,0.9965999999980067,0.7951971888542175,0.142663300037384,0.0592273622751236,1.2334203347563744e-05,0.0118622090667486,0.0099999997764825,0.1426946394995734,0,0.0607524514198303,0.952577777777566,0.9991555555553336,0.2426141798496246
repvgg_a2,3,0.001,0.1,0.2682719706147654,0.0223964750766754,0.232127159833908,0.9081999999981836,0.9961999999980076,0.2680891156196594,0.2324503511190414,0.6965158581733704,0.1000000014901161,0.0030576512217521,1,0.0005,42305016_0,True,cifar10_repvgg_a2,0.2680891156196594,0.0359537228941917,1.0603107511997225e-06,0.0223956517875194,0.0010000000474974,0.2701769872148985,0,0.2321272492408752,0.9081999999981836,0.9961999999980076,0.6965159773826599,0.1630100756883621,0.0224969126284122,8.854549378156662e-07,0.0127813126891851,0.0010000000474974,0.163053469257478,0,0.1911215335130691,0.9455333333331232,0.9989333333331114,0.2768779993057251
repvgg_a2,3,2.0,0.1,0.2092456917163562,0.032045878469944,0.7548189759254456,0.9451999999981096,0.9977999999980044,0.2117528766393661,0.209614485502243,1.0496187210083008,0.1000000014901161,0.0042485240846872,1,0.0005,42305016_5,True,cifar10_repvgg_a2,0.2117528766393661,0.2117570787668228,0.3460292518138885,0.0320443287491798,2.0,0.2137203960542192,0,0.7548189759254456,0.9451999999981096,0.9977999999980044,1.0496187210083008,0.0044271647930145,0.0044222087599337,0.0017961859703063,0.0029896311461925,2.0,0.0044238310680454,0,0.19837486743927,0.999399999999778,0.9999999999997778,0.0016203208360821
repvgg_a2,5,0.001,0.1,0.2186378656724651,0.0332404635846614,0.2021877169609069,0.9443999999981112,0.9983999999980032,0.2184499651193618,0.2163617461919784,1.034353256225586,0.1000000014901161,0.0042487531900405,1,0.0005,42305016_12,True,cifar10_repvgg_a2,0.2184499949216843,0.0433515943586826,1.0122457752004266e-06,0.0332391746342182,0.0010000000474974,0.2220647453151456,0,0.2021878361701965,0.9443999999981112,0.9983999999980032,1.034353494644165,0.0065738521516323,0.0025419450830668,8.518068170815241e-07,0.0029585475567728,0.0010000000474974,0.006569374724717,0,0.1665801852941513,0.9985555555553336,0.9999999999997778,0.0056462651118636
repvgg_a2,4,0.001,0.1,0.2260335980715687,0.0351653024554252,0.3605769872665405,0.945999999998108,0.9977999999980044,0.2254062741994857,0.2244524210691452,1.1557238101959229,0.1000000014901161,0.0047164540737867,1,0.0005,42305016_6,True,cifar10_repvgg_a2,0.2254062443971634,0.0458859242498874,1.2928212527185678e-06,0.0351652987301349,0.0010000000474974,0.2297390914304738,0,0.3605769276618957,0.945999999998108,0.9977999999980044,1.1557238101959229,0.0010688812471926,0.0001906183315441,1.152071718024672e-07,0.0008256258442997,0.0010000000474974,0.0010688028291758,0,0.5223081111907959,0.9999777777775556,0.9999999999997778,4.682140934164636e-05
vgg13_bn,4,0.01,0.1,0.2852844236854828,0.0455052740871906,0.3212525546550751,0.9373999999981252,0.9973999999980052,0.2859666347503662,0.2850924730300903,1.5946251153945925,0.1000000014901161,0.0064723771065473,1,0.0005,42305016_7,True,cifar10_vgg13_bn,0.2859662175178528,0.1549746841192245,7.874774746596813e-05,0.0455074720084667,0.0099999997764825,0.2857343418957642,0,0.3212528526782989,0.9373999999981252,0.9973999999980052,1.594619870185852,0.0014173627132549,0.0008844214607961,8.221868483815342e-07,0.0009674642933532,0.0099999997764825,0.001416333292832,0,0.4685248136520386,0.9998666666664444,0.9999999999997778,0.0007511128205806
vgg13_bn,5,2.0,0.1,0.2689916516240557,0.0409040786325931,0.3612253665924072,0.9421999999981155,0.9973999999980052,0.2688990533351898,0.2680230438709259,1.501909613609314,0.1000000014901161,0.0060740541666746,1,0.0005,42305016_17,True,cifar10_vgg13_bn,0.2688987851142883,0.2689073383808136,0.4628444910049438,0.0409046187996864,2.0,0.2676927125605601,0,0.3612253665924072,0.9421999999981155,0.9973999999980052,1.5019069910049438,0.0026821116916835,0.0026870260480791,0.0017660101875662,0.00125649117399,2.0,0.0026823973710929,0,0.4428153932094574,0.9994444444442224,0.9999999999997778,0.0026105884462594
vgg13_bn,4,1.0,0.1,0.2482632196198354,0.037674892693758,0.3668544292449951,0.9465999999981068,0.9981999999980036,0.2453515529632568,0.2446558177471161,1.3792132139205933,0.1000000014901161,0.0055637117475271,1,0.0005,42305016_10,True,cifar10_vgg13_bn,0.2453511655330658,0.2453444451093673,0.1867164075374603,0.0376750379800796,1.0,0.2443583185494049,0,0.3668544292449951,0.9465999999981068,0.9981999999980036,1.379211664199829,0.0014379501808434,0.0014267022488638,0.0001771927345544,0.000956195697654,1.0,0.0014370786009098,0,0.5984734296798706,0.999799999999778,0.9999999999997778,0.0005130809731781
vgg13_bn,0,0.0,0.1,0.2809888853217896,0.0424854680895805,0.2809533178806305,0.9411999999981177,0.9973999999980052,0.2768395543098449,0.2760631442070007,1.5787577629089355,0.1000000014901161,0.0063969921320676,1,0.0005,42305041,True,cifar10_vgg13_bn,0.2768397033214569,0.0035105724819004,0.0,0.0424852594733238,0.0,0.2775816446644947,0,0.2809478342533111,0.9411999999981177,0.9973999999980052,1.5787599086761477,0.0012969684321433,1.7199583453475498e-05,0.0,0.0008947903406806,0.0,0.0012961298364486,0,0.5613704919815063,0.9998666666664444,0.9999999999997778,0.0003029748040717
vgg13_bn,4,2.0,0.1,0.2751643008107993,0.043375127017498,0.3799618482589721,0.9407999999981184,0.9977999999980044,0.2763932943344116,0.2757007479667663,1.572964429855347,0.1000000014901161,0.006349503993988,1,0.0005,42305016_11,True,cifar10_vgg13_bn,0.2763935923576355,0.2763979136943817,0.479117751121521,0.0433748364448547,2.0,0.2760555765142606,0,0.3799271285533905,0.9407999999981184,0.9977999999980044,1.5729650259017944,0.0013575076591223,0.0013589736772701,0.0004948615096509,0.0009751129546202,2.0,0.0013567513870812,0,0.477117657661438,0.9999333333331112,0.9999999999997778,0.0005811424925923
vgg13_bn,3,1.0,0.1,0.2781393154064893,0.0428476892411708,0.7054876089096069,0.9245999999981508,0.9971999999980056,0.2790044248104095,0.2710658013820648,1.2451425790786743,0.1000000014901161,0.0050971359014511,1,0.0005,42305016_4,True,cifar10_vgg13_bn,0.2790040969848633,0.2790023386478424,0.1910476684570312,0.0428464524447917,1.0,0.2794299645814878,0,0.7054876089096069,0.9245999999981508,0.9971999999980056,1.245142102241516,0.0400543510913848,0.0400444492697715,0.014936476945877,0.0082536051049828,1.0,0.0400375601209557,0,0.1047979891300201,0.988555555555336,0.999799999999778,0.0633612871170044
vgg13_bn,5,0.001,0.1,0.2668371370590691,0.0418352447450161,0.31000816822052,0.93499999999813,0.9973999999980052,0.2648770809173584,0.2622693479061126,1.2605568170547483,0.1000000014901161,0.0052026528865098,1,0.0005,42305016_12,True,cifar10_vgg13_bn,0.2648772299289703,0.0481521636247634,7.094931788742542e-07,0.0418357327580452,0.0010000000474974,0.2635962823950525,0,0.3100065588951111,0.93499999999813,0.9973999999980052,1.260557770729065,0.0213963482528924,0.0081195551902055,4.155153874307871e-07,0.0025793474633246,0.0010000000474974,0.0213794378281742,0,0.3386653959751129,0.9939777777775568,0.9998666666664444,0.0448701232671737
vgg13_bn,3,0.001,0.1,2.302873836796409,0.0062117502093315,0.0062117502093315,0.0951999999998096,0.491999999999016,2.302887439727783,0.0043174745514988,0.0001012322027236,0.1000000014901161,2.5331974029541016e-07,1,0.0005,42305016_0,True,cifar10_vgg13_bn,2.302887439727783,0.0004482317599467,-2.3585744202137e-07,0.0062117502093315,0.0010000000474974,2.3028744566847137,0,0.0062117502093315,0.0951999999998096,0.491999999999016,0.0001012322172755,2.30260705947876,0.0004458836338017,4.372559487819672e-07,0.0008615106344223,0.0010000000474974,2.302607788150177,0,0.0008615106344223,0.100533333333311,0.5008888888887776,0.0001001033378997
vgg13_bn,3,2.0,0.1,0.278917192155735,0.0459788292646408,0.2721977233886719,0.9293999999981412,0.9967999999980064,0.27934530377388,0.2758708298206329,1.3553224802017212,0.1000000014901161,0.0055479798465967,1,0.0005,42305016_5,True,cifar10_vgg13_bn,0.2793455123901367,0.2793559432029724,0.4644947052001953,0.0459793247282505,2.0,0.2805976434139118,0,0.2722039222717285,0.9293999999981412,0.9967999999980064,1.355326771736145,0.0182065665721893,0.0182128269225358,0.0171346068382263,0.0045946342870593,2.0,0.0181944761904392,0,0.6508727669715881,0.9951777777775568,0.9999333333331112,0.0282663144171237
vgg13_bn,4,0.5,0.1,0.274805194002078,0.0407286547124385,0.3034733533859253,0.9415999999981168,0.9983999999980032,0.2764570713043213,0.2755815386772156,1.5684256553649902,0.1000000014901161,0.0063406247645616,1,0.0005,42305016_9,True,cifar10_vgg13_bn,0.2764573693275451,0.276429146528244,0.0854342281818389,0.040727648884058,0.5,0.2765602903920438,0,0.3034732341766357,0.9415999999981168,0.9983999999980032,1.5684280395507812,0.0015040333382785,0.0014631072990596,4.343665204942226e-05,0.001009423751384,0.5,0.0015033127256973,0,0.4708825051784515,0.999799999999778,0.9999999999997778,0.0004028287075925
vgg13_bn,5,1.0,0.1,0.2798239170105854,0.0451067686080932,0.2825658619403839,0.9395999999981208,0.9975999999980047,0.2805410921573639,0.2795276641845703,1.5891469717025757,0.1000000014901161,0.0064009353518486,1,0.0005,42305016_16,True,cifar10_vgg13_bn,0.2805409133434295,0.2805399894714355,0.2143854796886444,0.0451056696474552,1.0,0.2807862965848799,0,0.2825594842433929,0.9395999999981208,0.9975999999980047,1.589145302772522,0.0030230989214032,0.0030181342735886,0.0006665696855634,0.0013727881014347,1.0,0.0030207519182298,0,0.1944438815116882,0.999399999999778,0.9999999999997778,0.0022797265555709
vgg13_bn,3,0.5,0.1,0.2784911966421513,0.033967237919569,0.1911659836769104,0.9197999999981604,0.9957999999980084,0.2776411473751068,0.2611419856548309,1.0717591047286987,0.1000000014901161,0.0044620390981435,1,0.0005,42305016_3,True,cifar10_vgg13_bn,0.2776408493518829,0.277504414319992,0.0665347725152969,0.0339674316346645,0.5,0.2769210471318374,0,0.1911662220954895,0.9197999999981604,0.9957999999980084,1.0717577934265137,0.0892544239759445,0.0888502970337867,0.0119915232062339,0.0127405850216746,0.5,0.0892479469398634,0,0.1334390044212341,0.9722222222220064,0.9993555555553336,0.1475143581628799
vgg13_bn,4,0.1,0.1,0.2540645981799812,0.0394067987799644,0.2612620592117309,0.9417999999981164,0.9977999999980044,0.2557834982872009,0.2549097239971161,1.381463646888733,0.1000000014901161,0.0056131761521101,1,0.0005,42305016_8,True,cifar10_vgg13_bn,0.2557838857173919,0.2549101412296295,0.0056132171303033,0.0394059419631958,0.1000000014901161,0.2561766414553543,0,0.2612628936767578,0.9417999999981164,0.9977999999980044,1.3814647197723389,0.0013528994750231,0.0011322135105729,1.775537384673953e-06,0.0009285538690164,0.1000000014901161,0.0013520959211639,0,0.2428746223449707,0.9998444444442224,0.9999999999997778,0.0002966146275866
vgg13_bn,3,0.01,0.1,2.302867304127344,0.0062037706375122,0.0062037706375122,0.0951999999998096,0.491999999999016,2.302885770797729,0.0042875646613538,0.000100051969639,0.1000000014901161,8.940696716308595e-08,1,0.0005,42305016_1,True,cifar10_vgg13_bn,2.302885770797729,0.0013975425390526,4.842877388000488e-07,0.0062037706375122,0.0099999997764825,2.302873157303458,0,0.0062037706375122,0.0951999999998096,0.491999999999016,0.000100051969639,2.3026065826416016,0.0013891720445826,5.569308996200562e-07,0.0008537620306015,0.0099999997764825,2.302607426458356,0,0.0008537620306015,0.100533333333311,0.5008888888887776,9.890252840705216e-05
vgg13_bn,3,0.1,0.1,2.3028562653471374,0.006051056087017,0.006051056087017,0.0951999999998096,0.491999999999016,2.302867889404297,0.0040131178684532,8.928476745495573e-05,0.1000000014901161,1.1473894119262695e-06,1,0.0005,42305016_2,True,cifar10_vgg13_bn,2.302867889404297,0.0040133018046617,1.1473894119262695e-06,0.006051056087017,0.1000000014901161,2.3028584111143484,0,0.006051056087017,0.0951999999998096,0.491999999999016,8.928476745495573e-05,2.3026022911071777,0.0039791404269635,1.3113021850585938e-06,0.0007184520363807,0.1000000014901161,2.302603136278583,0,0.0007184520363807,0.100533333333311,0.5008888888887776,8.799656643532217e-05
vgg13_bn,5,0.5,0.1,0.2688690105971433,0.0453787520527839,0.385485976934433,0.9357999999981284,0.9963999999980072,0.2717902064323425,0.2705808579921722,1.4358950853347778,0.1000000014901161,0.0058376975357532,1,0.0005,42305016_15,True,cifar10_vgg13_bn,0.2717898488044739,0.2717794775962829,0.0805026590824127,0.0453782863914966,0.5,0.2699048875412865,0,0.3854868710041046,0.9357999999981284,0.9963999999980072,1.4358948469161987,0.0044122878462076,0.0043863817118108,0.0004218192771077,0.0015942230820655,0.5,0.0044086506615523,0,0.3621523082256317,0.9988666666664447,0.9999999999997778,0.0051975278183817
vgg13_bn,4,0.001,0.1,0.2737312598647937,0.0401173382997512,0.3408752977848053,0.942999999998114,0.9971999999980056,0.2721479535102844,0.2714080512523651,1.58893084526062,0.1000000014901161,0.0063960831612348,1,0.0005,42305016_6,True,cifar10_vgg13_bn,0.2721478343009949,0.0540421642363071,1.3043463695794344e-06,0.0401162393391132,0.0010000000474974,0.2703849165279774,0,0.3408752977848053,0.942999999998114,0.9971999999980056,1.588930606842041,0.0014836469199508,0.0006086314097046,5.299725671648048e-07,0.0008972466457635,0.0010000000474974,0.0014826495160527,0,0.5127531290054321,0.9997777777775556,0.9999999999997778,0.0005398184875957
vgg13_bn,5,0.1,0.1,0.2782350657979247,0.0456946976482868,0.3389604687690735,0.9347999999981303,0.9963999999980072,0.2787393629550934,0.2769513428211212,1.4341566562652588,0.1000000014901161,0.0058621801435947,1,0.0005,42305016_14,True,cifar10_vgg13_bn,0.2787396013736725,0.2769515514373779,0.0058622043579816,0.0456937588751316,0.1000000014901161,0.2786939597226468,0,0.3389601707458496,0.9347999999981303,0.9963999999980072,1.4341593980789185,0.0088435197249054,0.0084613775834441,5.1794282626360655e-05,0.0027269560378044,0.1000000014901161,0.0088348448170959,0,0.2024407088756561,0.997866666666445,0.9999999999997778,0.0112614156678318
vgg13_bn,5,0.01,0.1,0.2659934936623981,0.042362954467535,0.7213767766952515,0.9365999999981268,0.9977999999980044,0.2686694264411926,0.2663069367408752,1.292383909225464,0.1000000014901161,0.0053634941577911,1,0.0005,42305016_13,True,cifar10_vgg13_bn,0.2686696648597717,0.1399467140436172,6.409245543181896e-05,0.0423629805445671,0.0099999997764825,0.2678870199771405,0,0.7213767766952515,0.9365999999981268,0.9977999999980044,1.2923868894577026,0.0235150828957557,0.0187431164085865,3.4080003388226032e-06,0.0021749516017735,0.0099999997764825,0.0234919297839502,0,0.7162607908248901,0.9934444444442238,0.9998444444442224,0.0568081401288509
vgg16_bn,4,2.0,0.1,0.3064782379525348,0.0458429977297782,0.3414745330810547,0.9413999999981172,0.9973999999980052,0.3024117052555084,0.3020406067371368,1.873257160186768,0.1000000014901161,0.0074941311031579,1,0.0005,42305016_11,True,cifar10_vgg16_bn,0.3024121224880218,0.3024000823497772,0.5336171984672546,0.0458419285714626,2.0,0.3049567526544235,0,0.3414714336395263,0.9413999999981172,0.9973999999980052,1.873257398605347,0.0012915891129523,0.0012812195345759,0.000499399844557,0.000771808961872,2.0,0.0012908574204227,0,0.5221744775772095,0.999822222222,0.9999999999997778,0.0005113907391205
vgg16_bn,5,0.001,0.1,0.2808640642549956,0.0438070222735405,0.3327075242996216,0.9337999999981323,0.9975999999980047,0.2811705470085144,0.2785117924213409,1.3704633712768557,0.1000000014901161,0.005669467151165,1,0.0005,42305016_12,True,cifar10_vgg16_bn,0.2811707556247711,0.0503182150423526,7.904891390353441e-07,0.0438070259988307,0.0010000000474974,0.2825872546511582,0,0.3327060341835022,0.9337999999981323,0.9975999999980047,1.3704653978347778,0.0245135053992271,0.009297264739871,6.716509233228862e-07,0.002519789384678,0.0010000000474974,0.024504849287633,0,0.1332812011241912,0.9929777777775572,0.9997333333331112,0.0586528219282627
vgg16_bn,5,0.1,0.1,0.2936329460165994,0.0454056076705455,0.3222576379776001,0.9357999999981284,0.9961999999980076,0.2904711067676544,0.2887884676456451,1.5631961822509766,0.1000000014901161,0.0063401274383068,1,0.0005,42305016_14,True,cifar10_vgg16_bn,0.2904710471630096,0.2887884676456451,0.0063401199877262,0.045405276119709,0.1000000014901161,0.2909933502262217,0,0.3222588300704956,0.9357999999981284,0.9961999999980076,1.563197374343872,0.0105143692344427,0.0101121189072728,8.345756214112043e-05,0.0019791095983237,0.1000000014901161,0.0105066209005582,0,0.2989682257175445,0.9970888888886674,0.9999555555553334,0.0186181515455245
vgg16_bn,3,0.001,0.1,2.302813409607565,0.0006480440497398,0.0006480440497398,0.1007999999997984,0.4923999999990152,2.302816390991211,0.0042944815941154,9.423181472811848e-05,0.1000000014901161,7.599592208862305e-07,1,0.0005,42305016_0,True,cifar10_vgg16_bn,2.302816390991211,0.0004337659629527,6.46570697426796e-07,0.0006480440497398,0.0010000000474974,2.3028436410833804,0,0.0006480440497398,0.1007999999997984,0.4923999999990152,9.423181472811848e-05,2.302611351013184,0.0004326562630012,4.419125616550446e-07,0.0015974715352058,0.0010000000474974,2.302611017638203,0,0.0015974715352058,0.0999111111110889,0.5008444444443332,9.359810792375356e-05
vgg16_bn,0,0.0,0.1,0.3100149212717656,0.0463031604886055,0.2991502583026886,0.9411999999981177,0.996999999998006,0.3119280636310577,0.3116131424903869,1.9870195388793943,0.1000000014901161,0.00792982801795,1,0.0005,42305041,True,cifar10_vgg16_bn,0.3119278252124786,0.0044325739145278,0.0,0.0463053584098815,0.0,0.313661674998332,0,0.2991603314876556,0.9411999999981177,0.996999999998006,1.9870198965072632,0.0012346080038696,9.495269296166953e-06,0.0,0.0007713268860243,0.0,0.0012344774694819,0,0.4935523867607116,0.9998444444442224,0.9999999999997778,0.0004224168369546
vgg16_bn,3,0.01,0.1,2.3028089392592093,0.0006405264139175,0.0006405264139175,0.1007999999997984,0.4923999999990152,2.302814722061157,0.0042695505544543,9.310326277045532e-05,0.1000000014901161,1.564621925354004e-06,1,0.0005,42305016_1,True,cifar10_vgg16_bn,2.302814722061157,0.0013623578706756,7.264316082000732e-07,0.0006405264139175,0.0099999997764825,2.3028419602323984,0,0.0006405264139175,0.1007999999997984,0.4923999999990152,9.310327004641294e-05,2.3026111125946045,0.0013573850737884,5.997717380523682e-07,0.0015966296195983,0.0099999997764825,2.302610767027765,0,0.0015966296195983,0.0999111111110889,0.5008444444443332,9.25004278542474e-05
vgg16_bn,3,0.5,0.1,2.302746890824029,0.0060874670743942,0.0060874670743942,0.0951999999998096,0.4911999999990176,2.3027539253234863,0.0032826834358274,5.355007670004852e-05,0.1000000014901161,2.5331974029541016e-07,1,0.0005,42305016_3,True,cifar10_vgg16_bn,2.3027539253234863,0.0071911960840225,6.9141387939453125e-06,0.0060874670743942,0.5,2.302777384560281,0,0.0060874670743942,0.0951999999998096,0.4911999999990176,5.355007670004852e-05,2.302596092224121,0.0071898777969181,7.152557373046875e-06,0.0007499083876609,0.5,2.3025957439479803,0,0.0007499083876609,0.100533333333311,0.5009777777776665,5.38973617949523e-05
vgg16_bn,4,0.001,0.1,0.316848137816315,0.0494501702487468,0.3978733420372009,0.9377999999981244,0.9967999999980064,0.3155310451984405,0.3151676058769226,1.9494574069976809,0.1000000014901161,0.0077951699495315,1,0.0005,42305016_6,True,cifar10_vgg16_bn,0.3155304491519928,0.0600378327071666,1.7716374713927507e-06,0.0494526028633117,0.0010000000474974,0.3190616032376001,0,0.3978739976882934,0.9377999999981244,0.9967999999980064,1.9494550228118896,0.0013109864667057,0.0004924769746139,3.573121603039908e-07,0.0007770981173962,0.0010000000474974,0.0013105564548905,0,0.6921626329421997,0.999799999999778,0.9999999999997778,0.00082030124031
vgg16_bn,4,0.5,0.1,0.3241454815733952,0.05009126663208,0.3601994514465332,0.9367999999981264,0.9965999999980067,0.3234407007694244,0.3230295777320862,2.0210347175598145,0.1000000014901161,0.0080835483968257,1,0.0005,42305016_9,True,cifar10_vgg16_bn,0.3234404623508453,0.3233895599842071,0.1056966334581375,0.050091054290533,0.5,0.3251394493742306,0,0.3602009415626526,0.9367999999981264,0.9965999999980067,2.0210299491882324,0.0013737301342189,0.0012855241075158,7.365248166024685e-05,0.0007523487438447,0.5,0.0013786612748475,0,0.5019034743309021,0.999822222222,0.9999999999997778,0.0008778222836554
vgg16_bn,5,0.5,0.1,0.2989831315721242,0.0487487353384494,0.3892998099327087,0.9345999999981308,0.996999999998006,0.3040459752082824,0.3031772673130035,1.6805866956710815,0.1000000014901161,0.0068383552134037,1,0.0005,42305016_15,True,cifar10_vgg16_bn,0.3040461540222168,0.3040292859077453,0.0934884548187256,0.0487492121756076,0.5,0.3081825262257324,0,0.3892999291419983,0.9345999999981308,0.996999999998006,1.680585861206055,0.0033926519099622,0.0033471849747002,0.0002667681546881,0.0015645549865439,0.5,0.0033939402678836,0,0.6357147693634033,0.9993555555553336,0.9999999999997778,0.0031092297285795
vgg16_bn,5,2.0,0.1,0.3096797382773291,0.0464504361152648,0.367061585187912,0.9393999999981212,0.9971999999980056,0.3077358305454254,0.3071828484535217,1.8721741437911987,0.1000000014901161,0.0075010694563388,1,0.0005,42305016_17,True,cifar10_vgg16_bn,0.3077357709407806,0.3077404201030731,0.5406205058097839,0.0464510172605514,2.0,0.3126997104213765,0,0.367061585187912,0.9393999999981212,0.9971999999980056,1.8721741437911987,0.0024605744984,0.0024612569250166,0.0016118991188704,0.0011752367718145,2.0,0.0024620095945802,0,0.2860960960388183,0.9995555555553336,0.9999999999997778,0.0022212625481188
vgg16_bn,4,0.1,0.1,0.3376499837438814,0.048876117914915,0.4103290140628814,0.9393999999981212,0.9961999999980076,0.3359725475311279,0.3356668651103973,2.1779215335845947,0.1000000014901161,0.0086882375180721,1,0.0005,42305016_8,True,cifar10_vgg16_bn,0.3359724581241607,0.3356667459011078,0.0086882226169109,0.0488764382898807,0.1000000014901161,0.3365765353844518,0,0.4103288948535919,0.9393999999981212,0.9961999999980076,2.1779181957244877,0.0013819499872624,0.0010785793419927,3.726934664882719e-06,0.0007421941263601,0.1000000014901161,0.0013823018111535,0,0.4040760695934296,0.9997333333331112,0.9999999999997778,0.0007990177255123
vgg16_bn,5,1.0,0.1,0.2936343988798151,0.0436804108321666,0.2710394263267517,0.9417999999981164,0.9965999999980067,0.291173368692398,0.2904317378997803,1.7173137664794922,0.1000000014901161,0.0068957712501287,1,0.0005,42305016_16,True,cifar10_vgg16_bn,0.2911730110645294,0.2911679744720459,0.2265444099903106,0.043680366128683,1.0,0.2954598768068255,0,0.2710403800010681,0.9417999999981164,0.9965999999980067,1.7173126935958862,0.0030930419452488,0.0030799156520515,0.0007622619159519,0.0013722358271479,1.0,0.0030916252479962,0,0.5151143074035645,0.9993555555553336,0.9999999999997778,0.0031768155749887
vgg16_bn,4,0.01,0.1,0.3299296474297254,0.0480658710002899,0.4056006073951721,0.9417999999981164,0.997999999998004,0.3271629512310028,0.3268475830554962,2.1411361694335938,0.1000000014901161,0.0085063204169273,1,0.0005,42305016_7,True,cifar10_vgg16_bn,0.3271626532077789,0.1807453334331512,0.0001054278109222,0.0480692163109779,0.0099999997764825,0.3265935888743599,0,0.4056004285812378,0.9417999999981164,0.997999999998004,2.14113187789917,0.0013747592456638,0.0007508143316954,3.961522452300415e-07,0.0007794302073307,0.0099999997764825,0.0013744405034111,0,0.5670928955078125,0.999822222222,0.9999999999997778,0.0009917747229337
vgg16_bn,3,0.1,0.1,1.2789851003450807,0.0696294754743576,0.2860513925552368,0.4755999999990488,0.966999999998066,1.2785876989364624,0.2976154088973999,0.5499430298805237,0.1000000014901161,0.0026499181985855,1,0.0005,42305016_2,True,cifar10_vgg16_bn,1.278587818145752,0.2976154088973999,0.0026499032974243,0.0696293711662292,0.1000000014901161,1.279250633076958,0,0.2860510349273681,0.4755999999990488,0.966999999998066,0.5499430298805237,1.3134571313858032,0.3276829719543457,0.0033502280712127,0.0634210407733917,0.1000000014901161,1.3134289281543152,0,0.0981181561946868,0.4758888888887832,0.9601555555553424,0.7110124826431274
vgg16_bn,4,1.0,0.1,0.302254748193294,0.0462868101894855,0.3266090154647827,0.9405999999981188,0.9963999999980072,0.3033423125743866,0.3029797375202179,1.878923177719116,0.1000000014901161,0.0075204372406005,1,0.0005,42305016_10,True,cifar10_vgg16_bn,0.3033429682254791,0.3033129870891571,0.240340381860733,0.0462873540818691,1.0,0.3086205600149097,0,0.3266066312789917,0.9405999999981188,0.9963999999980072,1.8789273500442505,0.0014211705420166,0.0013816861901432,0.0002138188574463,0.0008215770358219,1.0,0.0014203469624031,0,0.453969657421112,0.9998444444442224,0.9999999999997778,0.0007168831652961
vgg16_bn,5,0.01,0.1,0.2888730945483897,0.0472031682729721,0.2999074161052704,0.930999999998138,0.9971999999980056,0.2932295203208923,0.2909653186798095,1.4151217937469482,0.1000000014901161,0.0058978516608476,1,0.0005,42305016_13,True,cifar10_vgg16_bn,0.2932295799255371,0.1479537487030029,6.936537101864815e-05,0.0472024232149124,0.0099999997764825,0.2939441970011125,0,0.2999074161052704,0.930999999998138,0.9971999999980056,1.4151227474212646,0.0223915465176105,0.0180827490985393,2.66302959062159e-06,0.0021666719112545,0.0099999997764825,0.0223772177190124,0,0.2789050340652466,0.9939111111108904,0.9997777777775556,0.0533776506781578
vgg16_bn,3,2.0,0.1,2.302696572582935,0.0058452636003494,0.0058452636003494,0.0951999999998096,0.4923999999990152,2.3026998043060303,0.00231877528131,2.370963011344429e-05,0.1000000014901161,5.364418029785156e-07,1,0.0005,42305016_5,True,cifar10_vgg16_bn,2.302699565887451,0.0102289840579032,4.76837158203125e-05,0.0058452636003494,2.0,2.3027160633017667,0,0.0058452636003494,0.0951999999998096,0.4923999999990152,2.370963011344429e-05,2.302586078643799,0.0101819783449172,4.9591064453125e-05,0.0005376189947128,2.0,2.302585569164187,0,0.0005376189947128,0.100533333333311,0.5008444444443332,2.4326804123120382e-05
vgg16_bn,3,1.0,0.1,0.3006605802463219,0.0446675941348075,0.2160351872444152,0.9173999999981652,0.995999999998008,0.3026650249958038,0.2911141812801361,1.3049867153167725,0.1000000014901161,0.0054280553013086,1,0.0005,42305016_4,True,cifar10_vgg16_bn,0.3026652932167053,0.3026579320430755,0.2063050866127014,0.0446671023964881,1.0,0.3029799795125973,0,0.2160366773605346,0.9173999999981652,0.995999999998008,1.3049896955490112,0.057584099471569,0.0575513765215873,0.0228388831019401,0.009178215637803,1.0,0.0575734670029583,0,0.2680364549160003,0.9823111111108928,0.999622222222,0.1011266559362411
resnet56,5,0.01,0.1,0.2451879537369736,0.0318686142563819,0.27800053358078,0.9355999999981288,0.9967999999980064,0.2462157905101776,0.240291491150856,1.135992407798767,0.1000000014901161,0.0046354290097951,1,0.0005,42315700_13,True,cifar10_resnet56,0.2462158203125,0.1279001832008361,5.603767931461334e-05,0.0318678021430969,0.0099999997764825,0.2437791584703345,0,0.27800053358078,0.9355999999981288,0.9967999999980064,1.135992407798767,0.0181807652115821,0.01122672483325,1.563195837661624e-06,0.0077550304122269,0.0099999997764825,0.0181857072526246,0,0.2628147900104522,0.995733333333112,0.9999999999997778,0.0148076647892594
resnet56,3,0.1,0.1,0.2880389301528784,0.023022674024105,0.2978606522083282,0.9027999999981944,0.9967999999980064,0.2899829447269439,0.2494572699069976,0.7769461870193481,0.1000000014901161,0.003399770706892,1,0.0005,42315700_2,True,cifar10_resnet56,0.2899829447269439,0.2494573295116424,0.003399770706892,0.0230211243033409,0.1000000014901161,0.2883244483221387,0,0.2978606522083282,0.9027999999981944,0.9967999999980064,0.7769462466239929,0.1718645691871643,0.1424383968114853,0.0012057367712259,0.0141990175470709,0.1000000014901161,0.1718498296006729,0,0.1904129236936569,0.9407777777775688,0.998888888888667,0.2627618312835693
resnet56,5,0.001,0.1,0.2478364913416502,0.0381185859441757,0.2903542816638946,0.930999999998138,0.9973999999980052,0.2483682483434677,0.2414466887712478,1.0417451858520508,0.1000000014901161,0.0043328292667865,1,0.0005,42315700_12,True,cifar10_resnet56,0.2483682483434677,0.0436507947742939,4.129542503505945e-07,0.0381186977028846,0.0010000000474974,0.2458740441761886,0,0.2903542816638946,0.930999999998138,0.9973999999980052,1.0417451858520508,0.0242700017988681,0.0065321028232574,4.281464498490095e-07,0.0073949741199612,0.0010000000474974,0.0242779149728875,0,0.1498519778251648,0.9933999999997792,0.9999111111108888,0.0270244404673576
resnet56,5,2.0,0.1,0.2763046032298916,0.0424244552850723,0.2863245606422424,0.9351999999981296,0.9967999999980064,0.274385929107666,0.2718401551246643,1.4825091361999512,0.1000000014901161,0.0059332363307476,1,0.0005,42315700_17,True,cifar10_resnet56,0.274385929107666,0.2743936479091644,0.4611587524414062,0.0424223914742469,2.0,0.2716427820307788,0,0.286324679851532,0.9351999999981296,0.9967999999980064,1.4825091361999512,0.0042734122835099,0.0042738928459584,0.0018072081729769,0.0028582490049302,2.0,0.0042712022891931,0,0.2276250123977661,0.9994222222220002,0.9999999999997778,0.0017654638504609
resnet56,4,1.0,0.1,0.2880292660047909,0.0435458570718765,0.3338749408721924,0.9361999999981276,0.9967999999980064,0.2928512394428253,0.2913549840450287,1.6778647899627686,0.1000000014901161,0.0067135617136955,1,0.0005,42315700_10,True,cifar10_resnet56,0.2928512394428253,0.2928452789783478,0.2222230732440948,0.0435450188815593,1.0,0.2906271355636145,0,0.3338749408721924,0.9361999999981276,0.9967999999980064,1.6778647899627686,0.0022090002894401,0.0021839847322553,0.0002053305506706,0.0016851559048518,1.0,0.0022083882698248,0,0.2402485609054565,0.9998444444442224,0.9999999999997778,0.000641023973003
resnet56,0,0.0,0.1,0.291921213123273,0.0451774001121521,0.3653059005737304,0.9383999999981232,0.996999999998006,0.2941722571849823,0.2932513952255249,1.792127251625061,0.1000000014901161,0.0071088802069425,1,0.0005,42315712,True,cifar10_resnet56,0.2941723167896271,0.0041818958707153,0.0,0.0451764948666095,0.0,0.2946997071074175,0,0.3653059005737304,0.9383999999981232,0.996999999998006,1.7921271324157717,0.00165242748335,1.2196685929666272e-05,0.0,0.0011737695895135,0.0,0.0016516875286193,0,0.2736018896102905,0.9998666666664444,0.9999999999997778,0.0003806669265031
resnet56,3,0.01,0.1,0.2926109617975593,0.0200012922286987,0.0905773043632507,0.8999999999982,0.9971999999980056,0.2924227118492126,0.2454830855131149,0.7135955095291138,0.1000000014901161,0.0031478349119424,1,0.0005,42315700_1,True,cifar10_resnet56,0.2924227118492126,0.1061042845249176,3.55476513504982e-05,0.0200005993247032,0.0099999997764825,0.2905222444273783,0,0.0905773043632507,0.8999999999982,0.9971999999980056,0.7135955095291138,0.1950368583202362,0.069432184100151,1.5363330021500587e-05,0.0161476768553257,0.0099999997764825,0.194970579044822,0,0.0671603679656982,0.934666666666459,0.9987111111108892,0.3088971972465515
resnet56,4,0.1,0.1,0.2851596342836563,0.0429403893649578,0.3146531879901886,0.938999999998122,0.9975999999980047,0.2848259806632995,0.2837957739830017,1.682700753211975,0.1000000014901161,0.006721656769514,1,0.0005,42315700_8,True,cifar10_resnet56,0.2848259806632995,0.2837957739830017,0.006721656769514,0.0429388098418712,0.1000000014901161,0.2827589652018574,0,0.3146532475948334,0.938999999998122,0.9975999999980047,1.682700753211975,0.0020110108889639,0.0017463016556575,3.690496669150889e-06,0.0012541449395939,0.1000000014901161,0.0020096851848987,0,0.4997939765453338,0.9997111111108892,0.9999999999997778,0.0007515358738601
resnet56,5,1.0,0.1,0.2743595002709929,0.0405579544603824,0.2085338234901428,0.9341999999981316,0.9973999999980052,0.2735182642936706,0.2701685130596161,1.478299260139465,0.1000000014901161,0.0058893840759992,1,0.0005,42315700_16,True,cifar10_resnet56,0.2735182642936706,0.2735167145729065,0.1987902522087097,0.0405593030154705,1.0,0.2724850440898078,0,0.2085339426994323,0.9341999999981316,0.9973999999980052,1.4782993793487549,0.0058531877584755,0.0058447788469493,0.0008311388082802,0.0037662158720195,1.0,0.005850990547265,0,0.3312435150146484,0.999088888888667,0.9999999999997778,0.0022064135409891
resnet56,5,0.1,0.1,0.2405406552095531,0.0326527021825313,0.3512518405914306,0.9381999999981236,0.9977999999980044,0.2397831231355667,0.2345326393842697,1.0994831323623655,0.1000000014901161,0.004509050399065,1,0.0005,42315700_14,True,cifar10_resnet56,0.2397830933332443,0.2345326393842697,0.0045090522617101,0.0326521098613739,0.1000000014901161,0.238174548626068,0,0.3512518405914306,0.9381999999981236,0.9977999999980044,1.0994831323623655,0.0125155933201313,0.0115450425073504,3.94392991438508e-05,0.0069011491723358,0.1000000014901161,0.0125133400175235,0,0.2797844707965851,0.9978444444442228,0.9999777777775556,0.0084781954064965
resnet56,4,0.01,0.1,0.2460158812514704,0.0360855013132095,0.2808486521244049,0.9437999999981124,0.9965999999980067,0.2485330700874328,0.2470730096101761,1.32955801486969,0.1000000014901161,0.0053716506808996,1,0.0005,42315700_7,True,cifar10_resnet56,0.2485330700874329,0.1388777047395706,6.585870869457722e-05,0.0360860005021095,0.0099999997764825,0.2474553915366049,0,0.2808486521244049,0.9437999999981124,0.9965999999980067,1.32955801486969,0.0019277369137853,0.0011117528192698,2.038832462858409e-07,0.0014948330353945,0.0099999997764825,0.0019276463805888,0,0.4648063778877258,0.9998444444442224,0.9999999999997778,0.0003337440430186
resnet56,4,0.001,0.1,0.2588700285749698,0.0408734455704689,0.6127471327781677,0.940999999998118,0.9977999999980044,0.25706547498703,0.2557038366794586,1.3597275018692017,0.1000000014901161,0.0055306144058704,1,0.0005,42315700_6,True,cifar10_resnet56,0.25706547498703,0.049901895225048,1.4807446859776974e-06,0.040872823446989,0.0010000000474974,0.2569509918448054,0,0.6127471327781677,0.940999999998118,0.9977999999980044,1.3597275018692017,0.0016787158092483,0.0004958945210091,7.250416729220888e-07,0.0013393589761108,0.0010000000474974,0.0016783740577546,0,0.2549943327903747,0.9999333333331112,0.9999999999997778,0.0002326185640413
resnet56,4,0.5,0.1,0.2520054272047296,0.0364481955766677,0.2452331185340881,0.9405999999981188,0.9983999999980032,0.2522853910923004,0.250319093465805,1.341687798500061,0.1000000014901161,0.0054274033755064,1,0.0005,42315700_9,True,cifar10_resnet56,0.2522853910923004,0.2522383332252502,0.0738718062639236,0.0364474132657051,0.5,0.2500592789293736,0,0.2452331185340881,0.9405999999981188,0.9983999999980032,1.341687798500061,0.0023113568313419,0.0022042258642613,5.79992774873972e-05,0.0016720879357308,0.5,0.0023129436110726,0,0.5902848839759827,0.9997777777775556,0.9999999999997778,0.0005453283665701
resnet56,3,1.0,0.1,0.2685156500487046,0.0403011962771415,0.2468268275260925,0.921999999998156,0.9967999999980064,0.2698637545108795,0.259016752243042,1.1161038875579834,0.1000000014901161,0.004631295800209,1,0.0005,42315700_4,True,cifar10_resnet56,0.2698637545108795,0.2698598802089691,0.1783625185489654,0.0403007008135318,1.0,0.2690789042557956,0,0.2468268275260925,0.921999999998156,0.9967999999980064,1.1161038875579834,0.0355576165020465,0.0355453826487064,0.0096319802105426,0.0113526778295636,1.0,0.0355397314342204,0,0.1293374896049499,0.9893333333331136,0.9999333333331112,0.0302092395722866
resnet56,5,0.5,0.1,0.2402092619529353,0.0360567681491375,0.2067944556474685,0.9375999999981248,0.9985999999980028,0.2425648868083953,0.2388777136802673,1.1253668069839478,0.1000000014901161,0.0046298708766698,1,0.0005,42315700_15,True,cifar10_resnet56,0.2425648868083954,0.2425058335065841,0.0660608857870101,0.0360576957464218,0.5,0.2417367714179852,0,0.2067944556474685,0.9375999999981248,0.9985999999980028,1.1253668069839478,0.0066831731237471,0.0065842657350003,0.0003031801898032,0.0042742923833429,0.5,0.0066823606581905,0,0.7181785702705383,0.9990666666664448,0.9999999999997778,0.0030268130358308
resnet56,3,0.5,0.1,0.2538423611444602,0.0297274105250835,0.2715126574039459,0.9231999999981536,0.9973999999980052,0.2536529898643493,0.2367379665374755,0.8888123631477356,0.1000000014901161,0.0037455037236213,1,0.0005,42315700_3,True,cifar10_resnet56,0.2536529898643493,0.2535032629966736,0.0574323832988739,0.0297271162271499,0.5,0.2509976601835774,0,0.2715126574039459,0.9231999999981536,0.9973999999980052,0.8888123631477356,0.0678296610713005,0.067553199827671,0.00673034414649,0.0151567030698061,0.5,0.0678137804724014,0,0.114879310131073,0.9779555555553384,0.9999555555553334,0.0718102678656578
resnet56,4,2.0,0.1,0.2579860566756639,0.0342399515211582,0.7270052433013916,0.9457999999981084,0.9981999999980036,0.258106529712677,0.2567738592624664,1.50580096244812,0.1000000014901161,0.0059904400259256,1,0.0005,42315700_11,True,cifar10_resnet56,0.258106529712677,0.2581122815608978,0.4405943155288696,0.0342396721243858,2.0,0.2569296135213803,0,0.7270052433013916,0.9457999999981084,0.9981999999980036,1.5058010816574097,0.0023211087100207,0.0023168551269918,0.0009314706549048,0.0015767801087349,2.0,0.0023196276682116,0,0.6511131525039673,0.9996888888886668,0.9999999999997778,0.000917095458135
resnet56,3,0.001,0.1,0.3188198982075181,0.0277694351971149,0.1801441609859466,0.8881999999982236,0.995999999998008,0.3186690807342529,0.2633569240570068,0.7692487239837646,0.1000000014901161,0.0034111775457859,1,0.0005,42315700_0,True,cifar10_resnet56,0.3186690807342529,0.0379692241549491,1.0955554898828268e-06,0.027770210057497,0.0010000000474974,0.3167802555765303,0,0.180144190788269,0.8881999999982236,0.995999999998008,0.7692487239837646,0.219861626625061,0.0261731594800949,5.165347829461098e-07,0.0130749642848968,0.0010000000474974,0.2198593770452228,0,0.3020669817924499,0.9257333333331276,0.998066666666445,0.3675533533096313
resnet56,3,2.0,0.1,0.2747854313370545,0.0389935970306396,0.2205700278282165,0.9271999999981456,0.9975999999980047,0.2771007120609283,0.2688011229038238,1.2597390413284302,0.1000000014901161,0.0051747467368841,1,0.0005,42315700_5,True,cifar10_resnet56,0.2771007120609283,0.2771074473857879,0.4449799656867981,0.0389935597777366,2.0,0.2739480196059917,0,0.2205702662467956,0.9271999999981456,0.9975999999980047,1.2597390413284302,0.0229710079729557,0.022973496466875,0.016653724014759,0.0094104399904608,2.0,0.0229606272174038,0,0.2637215554714203,0.9942444444442236,0.9999999999997778,0.0177581161260604
repvgg_a1,5,0.5,0.1,0.2172497129844175,0.0314169973134994,0.2302767634391784,0.9451999999981096,0.9977999999980044,0.217941865324974,0.2160425633192062,1.0954015254974363,0.1000000014901161,0.0044468510895967,1,0.0005,42305016_15,True,cifar10_repvgg_a1,0.2179419100284576,0.2179147005081176,0.0613282471895217,0.0314173586666584,0.5,0.2199894263240453,0,0.2302767038345337,0.9451999999981096,0.9977999999980044,1.0954012870788574,0.0034299935214221,0.0033561515156179,0.0001957935746759,0.0023132057394832,0.5,0.003428581068018,0,0.500198245048523,0.9997111111108892,0.9999999999997778,0.0026322556659579
repvgg_a1,3,0.001,0.1,0.2715120530261035,0.0236096307635307,0.3816638588905334,0.9061999999981876,0.9973999999980052,0.2710892856121063,0.2333582043647766,0.6722015738487244,0.1000000014901161,0.0029704850167036,1,0.0005,42305016_0,True,cifar10_repvgg_a1,0.271089106798172,0.0353597365319728,2.456072252243757e-07,0.0236105769872665,0.0010000000474974,0.2730370602136611,0,0.381663829088211,0.9061999999981876,0.9973999999980052,0.6722010374069214,0.1712294816970825,0.0232636891305446,5.217880243435502e-07,0.0105166677385568,0.0010000000474974,0.1712435746298832,0,0.0476965904235839,0.9416888888886796,0.998888888888667,0.2947073578834533
repvgg_a1,0,0.0,0.1,0.2457306532823241,0.0364583879709243,0.3008109927177429,0.945999999998108,0.9977999999980044,0.2478503882884979,0.2471175342798233,1.4256292581558228,0.1000000014901161,0.0057220421731472,1,0.0005,42305041,True,cifar10_repvgg_a1,0.2478502839803695,0.0032038220670074,0.0,0.0364577583968639,0.0,0.2482179398338673,0,0.3008089661598205,0.945999999998108,0.9977999999980044,1.425627827644348,0.0011336161987856,1.810122194001451e-05,0.0,0.0007749593933112,0.0,0.0011330179135936,0,0.4971886873245239,0.9999333333331112,0.9999999999997778,0.0002677278243936
repvgg_a1,4,0.5,0.1,0.2554405755017524,0.0372065678238868,0.2587842941284179,0.9443999999981112,0.997999999998004,0.2523891031742096,0.2513753175735473,1.4079465866088867,0.1000000014901161,0.0056647472083568,1,0.0005,42305016_9,True,cifar10_repvgg_a1,0.2523891925811767,0.2523532807826996,0.0761953592300415,0.0372064560651779,0.5,0.2565400643854132,0,0.2587847113609314,0.9443999999981112,0.997999999998004,1.40794575214386,0.0012826505117118,0.0011632752139121,1.380755566060543e-05,0.0010236304951831,0.5,0.0012819112525175,0,0.2490673661231994,0.9999333333331112,0.9999999999997778,0.0001166883012047
repvgg_a1,5,0.1,0.1,0.2226868527759294,0.0329390317201614,0.2160070240497589,0.942999999998114,0.9981999999980036,0.2233100980520248,0.2209263443946838,1.069780945777893,0.1000000014901161,0.0043666493147611,1,0.0005,42305016_14,True,cifar10_repvgg_a1,0.2233101725578308,0.220926433801651,0.0043666549026966,0.0329385474324226,0.1000000014901161,0.2255795790617288,0,0.2160070240497589,0.942999999998114,0.9981999999980036,1.0697814226150513,0.0059724077582359,0.0055640786886215,2.312881406396627e-05,0.0030119684524834,0.1000000014901161,0.0059705888055343,0,0.3750175535678863,0.9989111111108891,0.9999999999997778,0.0049089970998466
repvgg_a1,3,0.5,0.1,0.2360752186488901,0.0310875885188579,0.1916372776031494,0.9301999999981396,0.9977999999980044,0.2371408343315124,0.2278292179107666,0.9616011381149292,0.1000000014901161,0.0039806552231311,1,0.0005,42305016_3,True,cifar10_repvgg_a1,0.2371407151222229,0.2370436489582061,0.0582218468189239,0.0310877952724695,0.5,0.2394687331015581,0,0.1916370987892151,0.9301999999981396,0.9977999999980044,0.9615985155105592,0.0292369648814201,0.0290717184543609,0.0023837946355342,0.0108770225197076,0.5,0.0292317198562252,0,0.3824385702610016,0.9923999999997796,0.9999777777775556,0.0255936384201049
repvgg_a1,3,0.01,0.1,0.2693721635782922,0.0242419671267271,0.1433867812156677,0.905999999998188,0.9981999999980036,0.2691333889961242,0.2338979393243789,0.6846697926521301,0.1000000014901161,0.0030180756002664,1,0.0005,42305016_1,True,cifar10_repvgg_a1,0.2691332995891571,0.1035107970237732,3.439607098698616e-05,0.0242434330284595,0.0099999997764825,0.2707662350075631,0,0.143386572599411,0.905999999998188,0.9981999999980036,0.6846691370010376,0.1652102917432785,0.0643148645758628,1.3690441846847534e-05,0.0126117439940571,0.0099999997764825,0.1652504770753314,0,0.0612196922302246,0.9451333333331232,0.9989333333331114,0.2736067473888397
repvgg_a1,3,1.0,0.1,0.2401672410509187,0.0360944867134094,0.2708768844604492,0.933999999998132,0.9985999999980028,0.2416362911462783,0.2366269826889038,1.0980145931243896,0.1000000014901161,0.004503633826971,1,0.0005,42305016_4,True,cifar10_repvgg_a1,0.2416362017393112,0.2416300326585769,0.1656159609556198,0.0360935218632221,1.0,0.2441820791632921,0,0.2708770036697387,0.933999999998132,0.9985999999980028,1.0980136394500732,0.0123664755374193,0.0123465899378061,0.0024806875735521,0.0066505745053291,1.0,0.0123849105670234,0,0.6293259859085083,0.9977333333331116,0.9999999999997778,0.0080577228218317
repvgg_a1,4,1.0,0.1,0.2423165737371028,0.0358947925269603,0.2428662031888961,0.9447999999981104,0.9981999999980036,0.2383473515510559,0.2371565401554107,1.3141493797302246,0.1000000014901161,0.0052762348204851,1,0.0005,42305016_10,True,cifar10_repvgg_a1,0.2383473515510559,0.2383317649364471,0.1773150563240051,0.0358945354819297,1.0,0.2405469408918706,0,0.2428656965494156,0.9447999999981104,0.9981999999980036,1.3141491413116455,0.0013064069207757,0.001245349063538,4.755682311952114e-05,0.0010661305859684,1.0,0.0013061001527688,0,0.460654616355896,0.9999555555553334,0.9999999999997778,0.0001171669136965
repvgg_a1,5,0.001,0.1,0.2250437686957237,0.0340496748685836,0.7050045728683472,0.942999999998114,0.9983999999980032,0.2241960912942886,0.221781313419342,1.0266259908676147,0.1000000014901161,0.004259742796421,1,0.0005,42305016_12,True,cifar10_repvgg_a1,0.2241955548524856,0.0433178804814815,1.0358053259551523e-06,0.0340492203831672,0.0010000000474974,0.2283429591706109,0,0.7050045728683472,0.942999999998114,0.9983999999980032,1.0266242027282717,0.0091144181787967,0.0035310531966388,5.31349542143289e-07,0.0037481882609426,0.0010000000474974,0.0091080051862793,0,0.7011658549308777,0.9981333333331116,0.9999999999997778,0.010437848046422
repvgg_a1,4,0.001,0.1,0.2490383288509199,0.0356763936579227,0.3536193370819092,0.9473999999981052,0.9981999999980036,0.2477892339229583,0.247122123837471,1.4511470794677734,0.1000000014901161,0.0058208294212818,1,0.0005,42305016_6,True,cifar10_repvgg_a1,0.2477888613939285,0.0514959581196308,7.8722951002419e-07,0.0356786251068115,0.0010000000474974,0.2492523706203174,0,0.3536193370819092,0.9473999999981052,0.9981999999980036,1.451144099235535,0.0011013847542926,0.0002817854401655,1.477105797675904e-07,0.0007848034729249,0.0010000000474974,0.0011008746467635,0,0.5338046550750732,0.9999333333331112,0.9999999999997778,0.0001601345575181
repvgg_a1,4,0.01,0.1,0.2553465737615822,0.0388646684587001,0.2755828201770782,0.9455999999981088,0.997999999998004,0.2563989758491516,0.2556936144828796,1.4958326816558838,0.1000000014901161,0.0060180462896823,1,0.0005,42305016_7,True,cifar10_repvgg_a1,0.2563987970352173,0.1481502503156662,7.299031130969524e-05,0.038863468915224,0.0099999997764825,0.2585861472982658,0,0.2755833566188812,0.9455999999981088,0.997999999998004,1.495830535888672,0.0009837562683969,0.0003328972961753,3.008190105902031e-07,0.0007473234436474,0.0099999997764825,0.0009843383518954,0,0.3567600846290588,0.9999999999997778,0.9999999999997778,3.305998325231485e-05
repvgg_a1,4,2.0,0.1,0.2551925419485145,0.0354292578995227,0.3833681643009186,0.945999999998108,0.9973999999980052,0.2481155693531036,0.2470679432153701,1.4335086345672607,0.1000000014901161,0.0057228114455938,1,0.0005,42305016_11,True,cifar10_repvgg_a1,0.2481157183647156,0.2481117993593216,0.4246305227279663,0.0354285687208175,2.0,0.2485103769847955,0,0.3833681643009186,0.945999999998108,0.9973999999980052,1.4335105419158936,0.0012833212967962,0.0012624416267499,0.0001424024812877,0.0010625096037983,2.0,0.0012835905531258,0,0.3271195292472839,0.9999777777775556,0.9999999999997778,8.746980893192813e-05
repvgg_a1,5,2.0,0.1,0.2236553451790716,0.0313520319759845,0.2239159345626831,0.9457999999981084,0.9983999999980032,0.2219790518283844,0.2202778905630111,1.1222610473632812,0.1000000014901161,0.0045453961938619,1,0.0005,42305016_17,True,cifar10_repvgg_a1,0.2219781726598739,0.2219796180725097,0.3660688102245331,0.0313534289598465,2.0,0.2223921826859974,0,0.2239159345626831,0.9457999999981084,0.9983999999980032,1.1222527027130127,0.0019628014415502,0.0019531855359673,0.0004275254905223,0.0015640561468899,2.0,0.0019626225722732,0,0.4976470172405243,0.9998666666664444,0.9999999999997778,0.0003163128858432
repvgg_a1,3,0.1,0.1,0.2563122409045635,0.0227602086961269,0.2895696461200714,0.9145999999981708,0.9977999999980044,0.2554428279399872,0.2267872244119644,0.6988064050674438,0.1000000014901161,0.0030413810163736,1,0.0005,42305016_2,True,cifar10_repvgg_a1,0.2554428875446319,0.2267873138189316,0.0030413903295993,0.0227601639926433,0.1000000014901161,0.2577217056058689,0,0.2895714044570923,0.9145999999981708,0.9977999999980044,0.6988064050674438,0.1154515147209167,0.1005464717745781,0.0007581422105431,0.0157037563621997,0.1000000014901161,0.1154849803094243,0,0.0784312486648559,0.9624666666664528,0.9994444444442224,0.1646399796009063
repvgg_a1,5,0.01,0.1,0.2146459373503577,0.0298940911889076,0.2437559962272644,0.94499999999811,0.997999999998004,0.2155154794454574,0.2130411565303802,1.051092505455017,0.1000000014901161,0.0042642913758754,1,0.0005,42305016_13,True,cifar10_repvgg_a1,0.2155156135559082,0.1213316395878791,5.13510312885046e-05,0.0298932548612356,0.0099999997764825,0.2176237522467636,0,0.2437571883201599,0.94499999999811,0.997999999998004,1.0510947704315186,0.0086080022156238,0.0060965218581259,1.2030141078867018e-06,0.0038366010412573,0.0099999997764825,0.0086079082540795,0,0.1748884916305542,0.9982222222220004,0.9999777777775556,0.0087271258234977
repvgg_a1,5,1.0,0.1,0.2246863740304228,0.0338453240692615,0.2546040713787079,0.943999999998112,0.9983999999980032,0.2258796095848083,0.2243275791406631,1.17503821849823,0.1000000014901161,0.0047399476170539,1,0.0005,42305016_16,True,cifar10_repvgg_a1,0.2258796393871307,0.225872054696083,0.1634797751903534,0.0338449887931346,1.0,0.226816127335866,0,0.2546047270298004,0.943999999998112,0.9983999999980032,1.1750380992889404,0.0025137262418866,0.0024832389317452,0.0001772241666913,0.0020583071745932,1.0,0.0025212695719485,0,0.6003072261810303,0.9998666666664444,0.9999999999997778,0.0004230564227327
repvgg_a1,4,0.1,0.1,0.242507426319462,0.0389965325593948,0.3764369189739227,0.9455999999981088,0.997999999998004,0.2427146434783935,0.2420533448457718,1.3520740270614624,0.1000000014901161,0.0054411645978689,1,0.0005,42305016_8,True,cifar10_repvgg_a1,0.2427146881818771,0.2420534044504165,0.0054411701858043,0.0389959067106246,0.1000000014901161,0.2453588357831109,0,0.3764369487762451,0.9455999999981088,0.997999999998004,1.352075219154358,0.0011763151269406,0.0008014548220671,1.2832460924983025e-06,0.0008067179587669,0.1000000014901161,0.0011763622264624,0,0.4608358144760132,0.9999333333331112,0.9999999999997778,0.0002077414246741
repvgg_a1,3,2.0,0.1,0.2263816154361351,0.0311387963593006,0.2014665007591247,0.941999999998116,0.997999999998004,0.2294742614030838,0.2259664237499237,1.0934544801712036,0.1000000014901161,0.0044699907302856,1,0.0005,42305016_5,True,cifar10_repvgg_a1,0.2294739633798599,0.2294804006814956,0.3722074329853058,0.0311385300010442,2.0,0.2315143375431249,0,0.20146644115448,0.941999999998116,0.997999999998004,1.0934524536132812,0.0072082160040736,0.0072079948149621,0.0033986326307058,0.004655925091356,2.0,0.0072071985403658,0,0.2754108309745788,0.9989111111108891,0.9999999999997778,0.0031317125540226
shufflenetv2_x2_0,4,0.01,0.1,0.2544866240242249,0.0368259884417057,0.1991733908653259,0.93999999999812,0.9973999999980052,0.2507452964782715,0.2483946681022644,1.288676142692566,0.1000000014901161,0.0052524115890264,1,0.0005,42305016_7,True,cifar10_shufflenetv2_x2_0,0.2507452964782715,0.1373894959688186,6.31858129054308e-05,0.0368257090449333,0.0099999997764825,0.2481136492144269,0,0.1991731524467468,0.93999999999812,0.9973999999980052,1.2886762619018557,0.0020322697237133,0.0012348090531304,2.955384843517095e-07,0.0012524521443992,0.0099999997764825,0.0020311835418565,0,0.3015837073326111,0.999822222222,0.9999999999997778,0.0013392788823693
shufflenetv2_x2_0,5,1.0,0.1,0.2588673992650784,0.0391508415341377,0.2682433426380157,0.9293999999981412,0.9975999999980047,0.2597300112247467,0.2537398934364319,1.1745591163635254,0.1000000014901161,0.0048386231064796,1,0.0005,42305016_16,True,cifar10_shufflenetv2_x2_0,0.2597300112247467,0.2597204148769378,0.1785980761051178,0.0391506217420101,1.0,0.2590632392660868,0,0.2682432830333709,0.9293999999981412,0.9975999999980047,1.174559235572815,0.0096311895176768,0.0096071967855095,0.001607927493751,0.0057771420106291,1.0,0.0096292282787861,0,0.3803299069404602,0.9984222222220004,0.9999999999997778,0.004606794565916
shufflenetv2_x2_0,3,0.001,0.1,0.3689870608988232,0.0173191577196121,0.066168189048767,0.8739999999982521,0.9963999999980072,0.3693581819534302,0.2830004096031189,0.8067408204078674,0.1000000014901161,0.0036144405603408,1,0.0005,42305016_0,True,cifar10_shufflenetv2_x2_0,0.3693581819534302,0.0390123277902603,2.862652763724327e-07,0.0173188764601945,0.0010000000474974,0.3663843413845625,0,0.0661688446998596,0.8739999999982521,0.9963999999980072,0.8067408204078674,0.2979860007762909,0.0296117644757032,4.396424628794194e-07,0.0179021209478378,0.0010000000474974,0.2979305862195165,0,0.0558826029300689,0.8977555555553561,0.9972222222220006,0.465076208114624
shufflenetv2_x2_0,3,0.1,0.1,0.3264354719079531,0.0133778993040323,0.1852624118328094,0.8887999999982225,0.9961999999980076,0.3270037472248077,0.2572082281112671,0.7206857204437256,0.1000000014901161,0.0032032318413257,1,0.0005,42305016_2,True,cifar10_shufflenetv2_x2_0,0.3270037770271301,0.2572082281112671,0.0032032281160354,0.0133792944252491,0.1000000014901161,0.3258671140531556,0,0.1852624118328094,0.8887999999982225,0.9961999999980076,0.7206857204437256,0.240914762020111,0.1788590550422668,0.001550430431962,0.0252915173768997,0.1000000014901161,0.2408906874872017,0,0.1925443857908249,0.9181777777775738,0.998577777777556,0.335165411233902
shufflenetv2_x2_0,5,0.5,0.1,0.2792377746199121,0.0381203070282936,0.1844911575317382,0.9303999999981392,0.9975999999980047,0.2787559926509857,0.2721222937107086,1.3178279399871826,0.1000000014901161,0.0054175201803445,1,0.0005,42305016_15,True,cifar10_shufflenetv2_x2_0,0.2787559926509857,0.2787124216556549,0.076505109667778,0.0381193310022354,0.5,0.2778021289509312,0,0.1844909191131592,0.9303999999981392,0.9975999999980047,1.3178280591964722,0.0145620834082365,0.0144587270915508,0.0009009605273604,0.0072644590400159,0.5,0.0145749860191479,0,0.1859947443008422,0.996955555555334,0.9999999999997778,0.0090872570872306
shufflenetv2_x2_0,3,1.0,0.1,0.2779080627959214,0.0315957963466644,0.1478365659713745,0.9121999999981756,0.9967999999980064,0.2780147790908813,0.2522644102573395,0.8831154108047485,0.1000000014901161,0.0037850998342037,1,0.0005,42305016_4,True,cifar10_shufflenetv2_x2_0,0.2780148088932037,0.2779826819896698,0.1644627153873443,0.031595803797245,1.0,0.2762738874663381,0,0.1478363275527954,0.9121999999981756,0.9967999999980064,0.883115291595459,0.0633943453431129,0.0633052140474319,0.016681469976902,0.0222877450287342,1.0,0.0634223041723599,0,0.4828315377235412,0.9825111111108928,0.9999999999997778,0.0527557730674743
shufflenetv2_x2_0,3,0.01,0.1,0.3398418007581949,0.0166681539267301,0.1002899557352066,0.883999999998232,0.9945999999980109,0.3406848609447479,0.2676460444927215,0.7552537322044373,0.1000000014901161,0.0033744759857654,1,0.0005,42305016_1,True,cifar10_shufflenetv2_x2_0,0.3406848609447479,0.1109395921230316,3.7516700103878975e-05,0.0166686661541461,0.0099999997764825,0.3378520770171815,0,0.1002899557352066,0.883999999998232,0.9945999999980109,0.7552537322044373,0.2758297920227051,0.0846044197678566,2.2206222638487816e-05,0.0180404223501682,0.0099999997764825,0.2758440381097932,0,0.2174645662307739,0.906733333333132,0.9977999999997784,0.4408582150936126
shufflenetv2_x2_0,4,0.001,0.1,0.2369797183878463,0.0361808016896247,0.3544463813304901,0.9437999999981124,0.9977999999980044,0.2370793372392654,0.2350111603736877,1.1593544483184814,0.1000000014901161,0.0047708246856927,1,0.0005,42305016_6,True,cifar10_shufflenetv2_x2_0,0.2370793372392654,0.0460616834461689,5.68150426261127e-07,0.0361793972551822,0.0010000000474974,0.2336382335746348,0,0.3544463515281677,0.9437999999981124,0.9977999999980044,1.1593544483184814,0.0016498028999194,0.0004892987781204,6.961286089790519e-07,0.0011969632469117,0.0010000000474974,0.001650192451289,0,0.5380431413650513,0.9998666666664444,0.9999999999997778,0.0003255682240705
shufflenetv2_x2_0,5,0.01,0.1,0.2642543538083597,0.0341266244649887,0.2904205620288849,0.9241999999981516,0.9973999999980052,0.2647466361522674,0.2523355185985565,1.0015422105789185,0.1000000014901161,0.0042426101863384,1,0.0005,42305016_13,True,cifar10_shufflenetv2_x2_0,0.2647466361522674,0.1232288032770156,4.965765401721001e-05,0.0341264232993125,0.0099999997764825,0.2639038747719653,0,0.2904205620288849,0.9241999999981516,0.9973999999980052,1.001542329788208,0.0514238364994525,0.0268635991960763,3.068998921662569e-06,0.0128561398014426,0.0099999997764825,0.0514666604441557,0,0.1462328732013702,0.9848666666664478,0.9999111111108888,0.060718685388565
shufflenetv2_x2_0,4,0.5,0.1,0.2443881652027323,0.0350112281739711,0.7199411988258362,0.9375999999981248,0.9963999999980072,0.2421069294214248,0.2381128370761871,1.153416633605957,0.1000000014901161,0.0047137774527072,1,0.0005,42305016_9,True,cifar10_shufflenetv2_x2_0,0.2421069294214249,0.2420380711555481,0.0662839487195015,0.0350111573934555,0.5,0.2395426111960751,0,0.7199411988258362,0.9375999999981248,0.9963999999980072,1.1534167528152466,0.0027179908938705,0.0026276127900928,5.723000504076481e-05,0.0022163544781506,0.5,0.002717489040162,0,0.2326441407203674,0.9998666666664444,0.9999999999997778,0.0005526647437363
shufflenetv2_x2_0,3,2.0,0.1,0.2618888417812059,0.0295319929718971,0.286953866481781,0.9273999999981452,0.9963999999980072,0.2597533762454986,0.2466500699520111,1.019628882408142,0.1000000014901161,0.0042649451643228,1,0.0005,42305016_5,True,cifar10_shufflenetv2_x2_0,0.259753406047821,0.2597534358501434,0.3986533880233764,0.0295327715575695,2.0,0.2581611371239654,0,0.286953866481781,0.9273999999981452,0.9963999999980072,1.019628882408142,0.0380426682531833,0.0380356311798095,0.0279095247387886,0.0150035843253135,2.0,0.038039853291499,0,0.2893373370170593,0.9900222222220024,0.9999999999997778,0.0281822644174098
shufflenetv2_x2_0,5,2.0,0.1,0.2802183995484922,0.0398755893111228,0.2134380936622619,0.9313999999981372,0.9973999999980052,0.2753921449184418,0.2701855897903442,1.4043538570404053,0.1000000014901161,0.0056409481912851,1,0.0005,42305016_17,True,cifar10_shufflenetv2_x2_0,0.2753921449184418,0.2753966748714447,0.4521457552909851,0.0398755930364131,2.0,0.275002223115749,0,0.2134379744529724,0.9313999999981372,0.9973999999980052,1.4043539762496948,0.0068155843764543,0.006812157575041,0.0031273998320102,0.0044895005412399,2.0,0.0068217715871644,0,0.4378204345703125,0.999088888888667,0.9999999999997778,0.0027473436202853
shufflenetv2_x2_0,5,0.001,0.1,0.2520138240090581,0.0333827324211597,0.2798565328121185,0.9213999999981572,0.9975999999980047,0.2507378756999969,0.2363520413637161,0.8752761483192444,0.1000000014901161,0.0037286523729562,1,0.0005,42305016_12,True,cifar10_shufflenetv2_x2_0,0.2507379055023193,0.0401443466544151,8.752394933253527e-07,0.0333833955228328,0.0010000000474974,0.2479511952650567,0,0.2798565328121185,0.9213999999981572,0.9975999999980047,0.8752761483192444,0.0517977550625801,0.0103006893768906,2.993438101839274e-07,0.0125840697437524,0.0010000000474974,0.0517952799217302,0,0.1119699776172638,0.9845999999997812,0.9999555555553334,0.0622121393680572
shufflenetv2_x2_0,3,0.5,0.1,0.2812191544557191,0.0221847146749496,0.1374875009059906,0.9037999999981924,0.9961999999980076,0.2808432579040527,0.2387665510177612,0.7112354040145874,0.1000000014901161,0.0031199920922517,1,0.0005,42305016_3,True,cifar10_shufflenetv2_x2_0,0.2808432579040527,0.2794595658779144,0.0522820949554443,0.0221852082759141,0.5,0.2787857098973617,0,0.1374875605106353,0.9037999999981924,0.9961999999980076,0.7112354040145874,0.1357031464576721,0.1335068047046661,0.0136962234973907,0.0305178612470626,0.5,0.1357179525315864,0,0.1254703402519226,0.957977777777565,0.9995777777775556,0.1470324099063873
shufflenetv2_x2_0,4,1.0,0.1,0.2392757757301812,0.03444155305624,0.2565149068832397,0.9377999999981244,0.9967999999980064,0.2408362030982971,0.2373088896274566,1.1830097436904907,0.1000000014901161,0.0048079546540975,1,0.0005,42305016_10,True,cifar10_shufflenetv2_x2_0,0.2408361732959747,0.2408241927623748,0.1695804893970489,0.0344420410692691,1.0,0.2384928173124419,0,0.2565149068832397,0.9377999999981244,0.9967999999980064,1.1830097436904907,0.0027813108172267,0.0027534065302461,0.0001615674700587,0.0023757922463119,1.0,0.0027817203714625,0,0.2749365568161011,0.9998888888886668,0.9999999999997778,0.0003800207341555
shufflenetv2_x2_0,4,2.0,0.1,0.2313260226285157,0.0354223735630512,0.244050920009613,0.9373999999981252,0.9977999999980044,0.2339957505464553,0.2302167415618896,1.079028606414795,0.1000000014901161,0.0044281296432018,1,0.0005,42305016_11,True,cifar10_shufflenetv2_x2_0,0.2339957505464553,0.2339951246976852,0.3777824938297272,0.0354226380586624,2.0,0.2321179582508118,0,0.2440508604049682,0.9373999999981252,0.9977999999980044,1.079028606414795,0.0027051903307437,0.0026982454583048,0.0005914643406867,0.0022343492601066,2.0,0.0027061826091531,0,0.4955365955829621,0.9998666666664444,0.9999999999997778,0.0004857138264924
shufflenetv2_x2_0,0,0.0,0.1,0.2471048279361208,0.0380124151706695,0.2660587430000305,0.9377999999981244,0.9967999999980064,0.2500070333480835,0.2474450320005417,1.220658779144287,0.1000000014901161,0.0050164572894573,1,0.0005,42305041,True,cifar10_shufflenetv2_x2_0,0.2500070333480835,0.0028297747485339,0.0,0.0380147881805896,0.0,0.2490893057233385,0,0.2660587430000305,0.9377999999981244,0.9967999999980064,1.220658779144287,0.001695857848972,1.417341991327703e-05,0.0,0.0013679770054295,0.0,0.0016961793724505,0,0.4674842655658722,0.9999333333331112,0.9999999999997778,0.0001894018350867
shufflenetv2_x2_0,5,0.1,0.1,0.2417408480031568,0.0326447412371635,0.2479482740163803,0.9311999999981376,0.997999999998004,0.2414059937000274,0.2319639325141906,0.9241566061973572,0.1000000014901161,0.0038912314921617,1,0.0005,42305016_14,True,cifar10_shufflenetv2_x2_0,0.2414059787988662,0.2319639474153518,0.0038912314921617,0.0326458476483821,0.1000000014901161,0.2398919640772128,0,0.2479482740163803,0.9311999999981376,0.997999999998004,0.9241566061973572,0.0323185510933399,0.0297964494675397,0.0001400429755449,0.0117267854511737,0.1000000014901161,0.03236387632815,0,0.7075548768043518,0.9917999999997796,0.9999999999997778,0.0299052149057388
shufflenetv2_x2_0,4,0.1,0.1,0.251866329335403,0.0379977077245712,0.2725070118904114,0.938999999998122,0.997999999998004,0.2519777119159698,0.2498321086168289,1.3247334957122805,0.1000000014901161,0.0053441803902387,1,0.0005,42305016_8,True,cifar10_shufflenetv2_x2_0,0.2519776821136474,0.2498321235179901,0.0053441785275936,0.0379987172782421,0.1000000014901161,0.251766415559532,0,0.2725070118904114,0.938999999998122,0.997999999998004,1.3247333765029907,0.0018078703433275,0.0014043459668755,1.4962715795263648e-06,0.0013516418403014,0.1000000014901161,0.00180795826292,0,0.136405348777771,0.9998666666664444,0.9999999999997778,0.000296962854918
mobilenetv2_x0_75,3,2.0,0.1,0.2739660984398011,0.0234706830233335,0.1367575079202652,0.9035999999981928,0.9967999999980064,0.2763819396495819,0.234042078256607,0.6760635375976562,0.1000000014901161,0.0029838066548109,1,0.0005,42305016_5,True,cifar10_mobilenetv2_x0_75,0.2763813436031341,0.276346206665039,0.3682085871696472,0.0234690941870212,2.0,0.2730836859470134,0,0.1367575079202652,0.9035999999981928,0.9967999999980064,0.6760639548301697,0.136108249425888,0.1360291093587875,0.1336628794670105,0.022888908162713,2.0,0.1361551741484068,0,0.0972557067871093,0.9552666666664544,0.9995111111108892,0.16935795545578
mobilenetv2_x0_75,4,0.001,0.1,0.2551288320338621,0.034825574606657,0.1768973469734192,0.940999999998118,0.9977999999980044,0.2531260550022125,0.2506021559238434,1.3738752603530884,0.1000000014901161,0.0055038351565599,1,0.0005,42305016_6,True,cifar10_mobilenetv2_x0_75,0.2531268894672394,0.0499945431947708,1.3569078873842957e-06,0.0348279997706413,0.0010000000474974,0.2504344797372343,0,0.1768764853477478,0.940999999998118,0.9977999999980044,1.3738725185394287,0.0047898450866341,0.0015921333106234,2.147407940356061e-08,0.0029486832208931,0.0010000000474974,0.0047952193659598,0,0.2718959748744964,0.9992666666664448,0.9999999999997778,0.002021760912612
mobilenetv2_x0_75,3,0.001,0.1,0.5235014614825577,0.0194308534264564,0.0528725385665893,0.8183999999983632,0.9927999999980144,0.524962306022644,0.3412767946720123,0.9622818231582642,0.1000000014901161,0.004397664219141,1,0.0005,42305016_0,True,cifar10_mobilenetv2_x0_75,0.524961531162262,0.0429343208670616,4.4063199311494827e-07,0.0194314159452915,0.0010000000474974,0.5221000594270412,0,0.0528721809387207,0.8183999999983632,0.9927999999980144,0.9622775316238404,0.4873090386390686,0.0380655638873577,9.351642802357674e-07,0.010498059913516,0.0010000000474974,0.4872976099287396,0,0.0919009745121002,0.8304888888887044,0.9930888888886684,0.7566121816635132
mobilenetv2_x0_75,4,0.5,0.1,0.244842105608947,0.0375314466655254,0.2223197668790817,0.932999999998134,0.9963999999980072,0.2462608814239502,0.2416101992130279,1.1160074472427368,0.1000000014901161,0.0046208649873733,1,0.0005,42305016_9,True,cifar10_mobilenetv2_x0_75,0.2462627440690994,0.246222898364067,0.0663066878914833,0.0375323221087455,0.5,0.2449270645794512,0,0.2223197668790817,0.932999999998134,0.9963999999980072,1.1160109043121338,0.0095068551599979,0.0094263507053256,0.0003951359540224,0.0063480520620942,0.5,0.0095073297675271,0,0.2042813599109649,0.9987333333331114,0.9999999999997778,0.0037883154582232
mobilenetv2_x0_75,5,0.5,0.1,0.2421117148082864,0.031564712524414,0.2958139479160309,0.9247999999981504,0.997999999998004,0.2439144402742386,0.2301411777734756,0.8731544017791748,0.1000000014901161,0.0036871768534183,1,0.0005,42305016_15,True,cifar10_mobilenetv2_x0_75,0.2439136654138565,0.2437047362327575,0.0562992170453071,0.0316367000341415,0.5,0.2421417011599998,0,0.2958139479160309,0.9245999999981508,0.997999999998004,0.8731498122215271,0.0457741841673851,0.0454100184142589,0.0037458948791027,0.0162320975214242,0.5,0.0457748993570222,0,0.1789382696151733,0.9876888888886696,0.9999777777775556,0.039230965077877
mobilenetv2_x0_75,3,0.01,0.1,0.4190197987249497,0.0164969135075807,0.1883684694766998,0.8585999999982828,0.99499999999801,0.4178109169006347,0.2956191599369049,0.8011751770973206,0.1000000014901161,0.0036293491721153,1,0.0005,42305016_1,True,cifar10_mobilenetv2_x0_75,0.4178109169006348,0.1161754876375198,4.011671990156174e-05,0.0164966862648725,0.0099999997764825,0.4161210609381988,0,0.1883684694766998,0.8585999999982828,0.99499999999801,0.8011682629585266,0.3960167169570923,0.1045802608132362,3.198301419615745e-05,0.0101390555500984,0.0099999997764825,0.3960226775683999,0,0.1896897256374359,0.8630888888886972,0.9949777777775568,0.6424800753593445
mobilenetv2_x0_75,4,2.0,0.1,0.2417389488501636,0.0341402553021907,0.2366377711296081,0.937999999998124,0.9975999999980047,0.2418431341648101,0.2378205955028534,1.192131757736206,0.1000000014901161,0.0048228166997432,1,0.0005,42305016_11,True,cifar10_mobilenetv2_x0_75,0.2418438196182251,0.2418431788682937,0.3934290409088135,0.0341400876641273,2.0,0.2386134012340525,0,0.2366214990615844,0.937999999998124,0.9975999999980047,1.192152976989746,0.0082765221595764,0.0082699144259095,0.0038586854934692,0.0054236003197729,2.0,0.0082757519341705,0,0.2099337577819824,0.998777777777556,0.9999999999997778,0.0033694077283143
mobilenetv2_x0_75,5,0.01,0.1,0.2611967942302777,0.0255756508558988,0.2657135725021362,0.9163999999981672,0.996999999998006,0.2630484998226166,0.2370340973138809,0.7708208560943604,0.1000000014901161,0.0033594481647014,1,0.0005,42305016_13,True,cifar10_mobilenetv2_x0_75,0.2630478143692016,0.1092332676053047,3.839144483208656e-05,0.0255743041634559,0.0099999997764825,0.2623033067762637,0,0.2657135725021362,0.9163999999981672,0.996999999998006,0.7708250880241394,0.1165191084146499,0.0500558204948902,9.33767296373844e-06,0.0132969040423631,0.0099999997764825,0.1166104176227125,0,0.0684060454368591,0.9611777777775642,0.999599999999778,0.1764617264270782
mobilenetv2_x0_75,3,1.0,0.1,0.252867714934277,0.009916404262185,0.1439811885356903,0.9127999999981744,0.9975999999980047,0.252808541059494,0.2116439640522003,0.5724695324897766,0.1000000014901161,0.0025357231497764,1,0.0005,42305016_4,True,cifar10_mobilenetv2_x0_75,0.252807080745697,0.2524699568748474,0.125065267086029,0.009917109273374,1.0,0.2509579314526803,0,0.1439453363418579,0.9127999999981744,0.9975999999980047,0.5724643468856812,0.1501448154449463,0.1495465338230133,0.0512983798980712,0.0261099822819232,1.0,0.1501560057851428,0,0.1288142800331115,0.9499555555553444,0.999599999999778,0.1771134883165359
mobilenetv2_x0_75,0,0.0,0.1,0.2518602880321289,0.0362456366419792,0.2675271332263946,0.9405999999981188,0.9977999999980044,0.2484802901744842,0.2457911521196365,1.2974423170089722,0.1000000014901161,0.0052290428429841,1,0.0005,42305041,True,cifar10_mobilenetv2_x0_75,0.24848173558712,0.0029916842468082,0.0,0.0362453162670135,0.0,0.2480777169268711,0,0.2675271332263946,0.9405999999981188,0.9977999999980044,1.2974374294281006,0.0046025635674595,3.364058648003265e-05,0.0,0.0030394284985959,0.0,0.0046048885637352,0,0.3749504983425141,0.9993777777775558,0.9999999999997778,0.0020243015605956
mobilenetv2_x0_75,5,1.0,0.1,0.2398448968969604,0.032176099717617,0.1874937117099762,0.9297999999981404,0.9975999999980047,0.238528311252594,0.22879259288311,0.9250015616416932,0.1000000014901161,0.0038952883332967,1,0.0005,42305016_16,True,cifar10_mobilenetv2_x0_75,0.2385254651308059,0.2384977340698242,0.153665617108345,0.0321761965751647,1.0,0.2382584406734313,0,0.1874609887599945,0.9297999999981404,0.9975999999980047,0.9249823093414308,0.0302552618086338,0.0301856379956007,0.0071219839155673,0.0126639436930418,1.0,0.0302766113344903,0,0.7051354050636292,0.9923777777775572,0.9999999999997778,0.0215843953192234
mobilenetv2_x0_75,3,0.5,0.1,0.3086808545834182,0.0088225845247507,0.1881608068943023,0.8951999999982097,0.9957999999980084,0.3103593289852142,0.2401346564292907,0.6156803369522095,0.1000000014901161,0.0027776099741458,1,0.0005,42305016_3,True,cifar10_mobilenetv2_x0_75,0.3103626370429992,0.3057575225830078,0.0495885908603668,0.0088215349242091,0.5,0.3086034750885514,0,0.1881608068943023,0.8951999999982097,0.9957999999980084,0.6156948804855347,0.2269235253334045,0.220218762755394,0.0263655483722686,0.0280510578304529,0.5,0.2269579523368053,0,0.0838501453399658,0.9221999999997952,0.998799999999778,0.2913616001605987
mobilenetv2_x0_75,5,0.1,0.1,0.2448666526642983,0.0268651843070983,0.2123822569847107,0.921999999998156,0.9967999999980064,0.2453105151653289,0.2259321808815002,0.7708998918533325,0.1000000014901161,0.0033022630959749,1,0.0005,42305016_14,True,cifar10_mobilenetv2_x0_75,0.245310828089714,0.2259324043989181,0.0033022928982973,0.0268646441400051,0.1000000014901161,0.2452944433952761,0,0.212425410747528,0.921999999998156,0.9967999999980064,0.7709075212478638,0.0814959481358528,0.0722567737102508,0.0004591643810272,0.0155141893774271,0.1000000014901161,0.0814977746241224,0,0.1120271682739257,0.9736444444442282,0.9998888888886668,0.098941333591938
mobilenetv2_x0_75,5,2.0,0.1,0.2670966161942142,0.0344276279211044,0.2457138299942016,0.9261999999981476,0.9971999999980056,0.260899007320404,0.2493340075016021,1.0772830247879028,0.1000000014901161,0.0044624786823987,1,0.0005,42305016_17,True,cifar10_mobilenetv2_x0_75,0.2608989775180816,0.2608911395072937,0.4044902920722961,0.0346287935972213,2.0,0.2584385341603792,0,0.2457138299942017,0.9261999999981476,0.9971999999980056,1.077310562133789,0.0264719910919666,0.0264552775770425,0.0190532580018043,0.0109525136649608,2.0,0.0264849878345723,0,0.2311751246452331,0.9935777777775572,0.9999999999997778,0.0206903032958507
mobilenetv2_x0_75,3,0.1,0.1,0.3953023193290212,0.0088240029290318,0.0335543751716613,0.8583999999982832,0.9957999999980084,0.3955471217632293,0.2764018177986145,0.6936373710632324,0.1000000014901161,0.0031701289117336,1,0.0005,42305016_2,True,cifar10_mobilenetv2_x0_75,0.3955478072166443,0.2764016389846802,0.0031701959669589,0.0088243493810296,0.1000000014901161,0.3941225258525527,0,0.0335500240325927,0.8583999999982832,0.9957999999980084,0.6936348676681519,0.3581878542900085,0.2420611679553985,0.0024192072451114,0.0204028598964214,0.1000000014901161,0.358160297958658,0,0.1936858892440796,0.8757999999998054,0.9961555555553344,0.5221749544143677
mobilenetv2_x0_75,5,0.001,0.1,0.262535795438152,0.0259361620992422,0.2730113267898559,0.9161999999981676,0.9957999999980084,0.2628260552883148,0.2355311512947082,0.7581828236579895,0.1000000014901161,0.0033057294785976,1,0.0005,42305016_12,True,cifar10_mobilenetv2_x0_75,0.2628256976604461,0.0374917611479759,5.652836989611387e-07,0.0259348414838314,0.0010000000474974,0.2609366385824146,0,0.2729913294315338,0.9161999999981676,0.9957999999980084,0.7581980228424072,0.1217579096555709,0.0184760056436061,6.412810762412846e-07,0.0136936511844396,0.0010000000474974,0.1217519096664655,0,0.0715606808662414,0.959711111110898,0.9994888888886668,0.1892993152141571
mobilenetv2_x0_75,4,1.0,0.1,0.2561143717379305,0.0339175388216972,0.7083848714828491,0.9357999999981284,0.997999999998004,0.2534797787666321,0.2479831874370575,1.1832174062728882,0.1000000014901161,0.0048611462116241,1,0.0005,42305016_10,True,cifar10_mobilenetv2_x0_75,0.2534836530685425,0.2534752786159515,0.1764496564865112,0.0339178219437599,1.0,0.2508057362077289,0,0.7083848714828491,0.9357999999981284,0.997999999998004,1.1832741498947144,0.0108738029375672,0.0108508840203285,0.0017337882891297,0.0068643200211226,1.0,0.0108858470319913,0,0.3473788201808929,0.9983333333331116,0.9999999999997778,0.0051913452334702
mobilenetv2_x0_75,4,0.1,0.1,0.2351022208796632,0.035069677978754,0.2571614980697632,0.940999999998118,0.9973999999980052,0.2383387833833694,0.2358527332544326,1.177741527557373,0.1000000014901161,0.0048061702400445,1,0.0005,42305016_8,True,cifar10_mobilenetv2_x0_75,0.238336756825447,0.2358506768941879,0.0048059653490781,0.0350715145468711,0.1000000014901161,0.2341145016945067,0,0.2571614980697632,0.940999999998118,0.9973999999980052,1.1777347326278689,0.0059128813445568,0.0054152966476976,1.7176149412989616e-05,0.003544810693711,0.1000000014901161,0.0059174061048355,0,0.2714767456054687,0.9991111111108892,0.9999999999997778,0.0035736721474677
mobilenetv2_x0_75,4,0.01,0.1,0.2368979978121969,0.0331230908632278,0.2336723208427429,0.943999999998112,0.9973999999980052,0.2353886663913726,0.2331748604774475,1.1763402223587036,0.1000000014901161,0.0048106107860803,1,0.0005,42305016_7,True,cifar10_mobilenetv2_x0_75,0.2353902012109756,0.1306525319814682,5.8407895267009735e-05,0.0331256128847599,0.0099999997764825,0.2333835373397014,0,0.2336658239364624,0.943999999998112,0.9973999999980052,1.1763478517532349,0.0045105945318937,0.0030135577544569,2.832530299201608e-07,0.002807222539559,0.0099999997764825,0.0045101016371022,0,0.3978615403175354,0.9992666666664448,0.9999999999997778,0.0019345252076163
shufflenetv2_x1_5,5,0.01,0.1,0.2464489533265016,0.0297121554613113,0.1809285879135131,0.9227999999981544,0.997999999998004,0.2470861822366714,0.2315975427627563,0.8339492082595825,0.1000000014901161,0.0035723336040973,1,0.0005,42305016_13,True,cifar10_shufflenetv2_x1_5,0.2470861822366714,0.1121820583939552,4.089949652552605e-05,0.0297118499875068,0.0099999997764825,0.2516049994760385,0,0.180928349494934,0.9227999999981544,0.997999999998004,0.8339492082595825,0.0604100823402404,0.0300560500472784,4.239613190293312e-06,0.0141397435218095,0.0099999997764825,0.0604198850043162,0,0.1306368112564087,0.9819333333331152,0.9998666666664444,0.0729278475046157
shufflenetv2_x1_5,4,0.5,0.1,0.2540203961204959,0.0358616560697555,0.2831366956233978,0.9355999999981288,0.9977999999980044,0.2533812820911407,0.2494230568408966,1.2302173376083374,0.1000000014901161,0.0050220023840665,1,0.0005,42305016_9,True,cifar10_shufflenetv2_x1_5,0.2533812820911407,0.2533023953437805,0.0702130943536758,0.0358616597950458,0.5,0.2556788853022581,0,0.2831366956233978,0.9355999999981288,0.9977999999980044,1.2302173376083374,0.0031042566988617,0.003002232639119,6.058171857148409e-05,0.0025143646635115,0.5,0.0031109452060645,0,0.6121935844421387,0.999799999999778,0.9999999999997778,0.0005338807823136
shufflenetv2_x1_5,3,0.01,0.1,0.3921623734659137,0.0144557496532797,0.0706250369548797,0.8641999999982716,0.9955999999980089,0.3923603296279907,0.2877519428730011,0.805338978767395,0.1000000014901161,0.0036124885082244,1,0.0005,42305016_1,True,cifar10_shufflenetv2_x1_5,0.3923603296279907,0.1154448390007019,4.02410514652729e-05,0.0144562441855669,0.0099999997764825,0.3962491018579019,0,0.0706251561641693,0.8641999999982716,0.9955999999980089,0.8053390383720398,0.3430185317993164,0.0952784270048141,2.747541293501854e-05,0.0174144264310598,0.0099999997764825,0.3429941484848393,0,0.2080350071191787,0.8832444444442482,0.9962888888886676,0.5424375534057617
shufflenetv2_x1_5,3,2.0,0.1,0.2648225842582289,0.0282217264175415,0.7145671844482422,0.9165999999981668,0.996999999998006,0.2652129232883453,0.241878867149353,0.8680050373077393,0.1000000014901161,0.0036884248256683,1,0.0005,42305016_5,True,cifar10_shufflenetv2_x1_5,0.2652129232883453,0.2652101516723633,0.3848522305488586,0.0282220356166362,2.0,0.2694630904638516,0,0.7145671844482422,0.9165999999981668,0.996999999998006,0.8680050373077393,0.0558501705527305,0.0558398179709911,0.0449364632368087,0.0179820545017719,2.0,0.0558831273885018,0,0.1453026533126831,0.9837999999997814,0.9999999999997778,0.0507112443447113
shufflenetv2_x1_5,5,2.0,0.1,0.2619046746374955,0.0385661497712135,0.1968569755554199,0.9287999999981424,0.9983999999980032,0.2630114555358886,0.2559642195701599,1.161527156829834,0.1000000014901161,0.0047986526042222,1,0.0005,42305016_17,True,cifar10_shufflenetv2_x1_5,0.2630114555358886,0.2630163133144378,0.4209003448486328,0.0385677926242351,2.0,0.2673868177984355,0,0.1968568563461303,0.9287999999981424,0.9983999999980032,1.1615272760391235,0.0103968922048807,0.0103950127959251,0.0054691918194293,0.0061639337800443,2.0,0.0103963437082096,0,0.2335767745971679,0.9982666666664448,0.9999999999997778,0.0054078055545687
shufflenetv2_x1_5,5,1.0,0.1,0.2613089381341923,0.037706185132265,0.7024481296539307,0.9293999999981412,0.9977999999980044,0.2615802884101867,0.2539111077785492,1.1534359455108645,0.1000000014901161,0.0047547183930873,1,0.0005,42305016_16,True,cifar10_shufflenetv2_x1_5,0.2615802884101867,0.2615719139575958,0.177033245563507,0.0377073064446449,1.0,0.2653071074351336,0,0.7024481296539307,0.9293999999981412,0.9977999999980044,1.1534359455108645,0.0123147768899798,0.0122901583090424,0.0021028323099017,0.0073571749962866,1.0,0.0123147664304217,0,0.7271016836166382,0.9979111111108894,0.9999999999997778,0.0060656308196485
shufflenetv2_x1_5,4,2.0,0.1,0.2469327005254374,0.0336977392435073,0.3654312491416931,0.9397999999981204,0.9971999999980056,0.2483183592557907,0.2446448057889938,1.2497295141220093,0.1000000014901161,0.0050650276243686,1,0.0005,42305016_11,True,cifar10_shufflenetv2_x1_5,0.2483183592557907,0.2483192980289459,0.4078839719295501,0.0336980000138282,2.0,0.2526252506900325,0,0.3654312491416931,0.9397999999981204,0.9971999999980056,1.2497295141220093,0.0039431685581803,0.0039377817884087,0.0012964475899934,0.0029746803920716,2.0,0.0039493109511391,0,0.3685396313667297,0.9996444444442224,0.9999999999997778,0.0010741071309894
shufflenetv2_x1_5,4,1.0,0.1,0.2435353050653384,0.0349260978400707,0.2500108480453491,0.9373999999981252,0.997999999998004,0.2408743649721145,0.2371359318494796,1.1598109006881714,0.1000000014901161,0.0047154482454061,1,0.0005,42305016_10,True,cifar10_shufflenetv2_x1_5,0.2408743649721145,0.2408615797758102,0.1684065610170364,0.0349255055189132,1.0,0.244620609906195,0,0.2500107884407043,0.9373999999981252,0.997999999998004,1.1598107814788818,0.0040122759528458,0.0039886487647891,0.0004331362433731,0.0029552346095442,1.0,0.0040154750178805,0,0.2845056354999542,0.999622222222,0.9999999999997778,0.0012234065216034
shufflenetv2_x1_5,5,0.001,0.1,0.2635205781632321,0.0323285311460495,0.2133670449256897,0.9201999999981596,0.9973999999980052,0.2632548213005066,0.2462450861930847,0.910739243030548,0.1000000014901161,0.0038960184901952,1,0.0005,42305016_12,True,cifar10_shufflenetv2_x1_5,0.2632548213005066,0.041039690375328,9.944196790456772e-07,0.0323292426764965,0.0010000000474974,0.2678602224739209,0,0.2133670449256897,0.9201999999981596,0.9973999999980052,0.910739243030548,0.0657615587115287,0.0124458633363246,9.1170659288764e-07,0.0137465093284845,0.0010000000474974,0.0657903273573694,0,0.1202995181083679,0.9800888888886712,0.9998888888886668,0.0898381769657135
shufflenetv2_x1_5,3,0.001,0.1,0.3986712289843382,0.0181775726377964,0.1491977572441101,0.8647999999982704,0.9945999999980109,0.4021338224411011,0.2989754974842071,0.8679165840148926,0.1000000014901161,0.0038879290223121,1,0.0005,42305016_0,True,cifar10_shufflenetv2_x1_5,0.4021338224411011,0.0405263938009738,6.369373295456171e-07,0.0181784965097904,0.0010000000474974,0.4048094166281349,0,0.1491977870464325,0.8647999999982704,0.9945999999980109,0.8679165840148926,0.3394940793514251,0.0319407060742378,9.397044777870178e-07,0.0167825426906347,0.0010000000474974,0.339558033507328,0,0.1862119436264038,0.8833111111109149,0.9962666666664454,0.538671612739563
shufflenetv2_x1_5,4,0.01,0.1,0.2333521975900232,0.0342390462756156,0.2663148939609527,0.9417999999981164,0.9975999999980047,0.2340928614139557,0.2318015992641449,1.1567838191986084,0.1000000014901161,0.0047134552150964,1,0.0005,42305016_7,True,cifar10_shufflenetv2_x1_5,0.2340928614139557,0.1289752572774887,5.687866359949112e-05,0.0342366658151149,0.0099999997764825,0.2384416418820504,0,0.2663148939609527,0.9417999999981164,0.9975999999980047,1.1567838191986084,0.0021039748098701,0.0012324800482019,5.89134288020432e-08,0.0014695225981995,0.0099999997764825,0.0021045100543277,0,0.5272598266601562,0.999822222222,0.9999999999997778,0.0006386690074577
shufflenetv2_x1_5,0,0.0,0.1,0.242121758190926,0.0342086516320705,0.2552171945571899,0.9415999999981168,0.9967999999980064,0.245288610458374,0.2428806573152542,1.2747883796691897,0.1000000014901161,0.0051654577255249,1,0.0005,42305041,True,cifar10_shufflenetv2_x1_5,0.245288610458374,0.0029621033463627,0.0,0.0342089310288429,0.0,0.250854608663659,0,0.2552171349525451,0.9415999999981168,0.9967999999980064,1.2747883796691897,0.002117998432368,2.1984995328239165e-05,0.0,0.001614726264961,0.0,0.0021322664584604,0,0.5517212152481079,0.9998666666664444,0.9999999999997778,0.0004091205482836
shufflenetv2_x1_5,5,0.5,0.1,0.2524794398475914,0.035361923277378,0.2416585981845855,0.932999999998134,0.996999999998006,0.2519315779209137,0.2451413124799728,1.1543259620666504,0.1000000014901161,0.0047034677118062,1,0.0005,42305016_15,True,cifar10_shufflenetv2_x1_5,0.2519315779209137,0.2518718838691711,0.0664431601762771,0.0353613346815109,0.5,0.2531408994124233,0,0.2416585981845855,0.932999999998134,0.996999999998006,1.1543259620666504,0.0152710806578397,0.0151643762364983,0.000849193893373,0.0084013501182198,0.5,0.0153128662249051,0,0.7273163795471191,0.9971111111108896,0.9999999999997778,0.0084651065990328
shufflenetv2_x1_5,4,0.001,0.1,0.2521275899043679,0.0355664789676666,0.2640975713729858,0.93999999999812,0.9967999999980064,0.248779147863388,0.2463223338127136,1.287495255470276,0.1000000014901161,0.0052112415432929,1,0.0005,42305016_6,True,cifar10_shufflenetv2_x1_5,0.2487791478633881,0.0484533607959747,8.238130249083042e-07,0.0355659872293472,0.0010000000474974,0.251776752495047,0,0.2640978097915649,0.93999999999812,0.9967999999980064,1.287495255470276,0.0019957246258854,0.0006252012099139,8.837605491862632e-08,0.0014434973709285,0.0010000000474974,0.0020008022470495,0,0.4964914321899414,0.999822222222,0.9999999999997778,0.0005409379955381
shufflenetv2_x1_5,4,0.1,0.1,0.2374753347341962,0.032820239663124,0.2566476464271545,0.9407999999981184,0.9963999999980072,0.2356218695640564,0.2329544574022293,1.1918762922286987,0.1000000014901161,0.0048072282224893,1,0.0005,42305016_8,True,cifar10_shufflenetv2_x1_5,0.2356218695640564,0.2329544723033905,0.0048072282224893,0.0328208915889263,0.1000000014901161,0.2369588232345727,0,0.2566474080085754,0.9407999999981184,0.9963999999980072,1.1918762922286987,0.0021102703176438,0.001727195456624,2.1723390091210604e-06,0.0017480835085734,0.1000000014901161,0.0021137120164602,0,0.4520405530929565,0.9999555555553334,0.9999999999997778,0.000334998476319
shufflenetv2_x1_5,5,0.1,0.1,0.2474653823926514,0.0335785523056983,0.2534350454807281,0.9247999999981504,0.9985999999980028,0.2479928582906723,0.236489251255989,0.9209483861923218,0.1000000014901161,0.0038947444409132,1,0.0005,42305016_14,True,cifar10_shufflenetv2_x1_5,0.2479928433895111,0.2364892810583114,0.0038947444409132,0.0335779339075088,0.1000000014901161,0.2500312930585495,0,0.2534350454807281,0.9247999999981504,0.9985999999980028,0.9209483861923218,0.0361838713288307,0.033178124576807,0.0001498737838119,0.0125687010586261,0.1000000014901161,0.0361878016985372,0,0.1345351934432983,0.9902222222220024,0.9999777777775556,0.0317811444401741
shufflenetv2_x1_5,3,0.5,0.1,0.3000478765358338,0.0196890197694301,0.324308693408966,0.8965999999982068,0.9971999999980056,0.3016375005245209,0.2496123611927032,0.7319023013114929,0.1000000014901161,0.0032300800085067,1,0.0005,42305016_3,True,cifar10_shufflenetv2_x1_5,0.3016375005245209,0.2997218370437622,0.0548104494810104,0.0196892246603965,0.5,0.3049283271993444,0,0.324308693408966,0.8965999999982068,0.9971999999980056,0.7319023013114929,0.1612634062767028,0.1581247597932815,0.016844242811203,0.0307852327823638,0.5,0.161268741475907,0,0.115715205669403,0.947755555555345,0.9995555555553336,0.180836409330368
shufflenetv2_x1_5,3,1.0,0.1,0.2641151628067756,0.0268623940646648,0.2931659817695617,0.910999999998178,0.9981999999980036,0.2641149461269378,0.2339956909418106,0.7279438972473145,0.1000000014901161,0.003176175057888,1,0.0005,42305016_4,True,cifar10_shufflenetv2_x1_5,0.2641149461269378,0.2640525102615356,0.146763414144516,0.0268617682158947,1.0,0.2682472585290538,0,0.2931659817695617,0.910999999998178,0.9981999999980036,0.7279438972473145,0.0917137935757637,0.0915597081184387,0.0271853283047676,0.023905161768198,1.0,0.0917088630853436,0,0.1345087885856628,0.9713999999997842,0.9998666666664444,0.0870741680264473
shufflenetv2_x1_5,3,0.1,0.1,0.3405252596523443,0.0094443876296281,0.0760566294193267,0.88499999999823,0.9953999999980092,0.3409828245639801,0.2640123963356018,0.7392531633377075,0.1000000014901161,0.0032984167337417,1,0.0005,42305016_2,True,cifar10_shufflenetv2_x1_5,0.3409828245639801,0.2640116512775421,0.0032984167337417,0.0094444453716278,0.1000000014901161,0.3453690139712592,0,0.0760566294193267,0.88499999999823,0.9953999999980092,0.7392531633377075,0.2689082324504852,0.1962117850780487,0.0018015597015619,0.0228913463652133,0.1000000014901161,0.2689229348860282,0,0.1859637796878814,0.9082666666664648,0.997977777777556,0.3902762234210968
resnet44,4,2.0,0.1,0.2651560521290129,0.037427045404911,0.2066741287708282,0.9341999999981316,0.9961999999980076,0.262678861618042,0.2586991190910339,1.3650977611541748,0.1000000014901161,0.0054606217890977,1,0.0005,42315700_11,True,cifar10_resnet44,0.262678861618042,0.2626803815364837,0.4322848320007324,0.0374261811375618,2.0,0.2624988852618932,0,0.2066741287708282,0.9341999999981316,0.9961999999980076,1.3650977611541748,0.0033235650043934,0.0033197675365954,0.0007982454262673,0.0027589602395892,2.0,0.0033449997312594,0,0.600590705871582,0.9998444444442224,0.9999999999997778,0.0006787680322304
resnet44,3,0.001,0.1,0.3093853889348916,0.019927455112338,0.8057864904403687,0.8977999999982044,0.9965999999980067,0.3103505671024322,0.2583521008491516,0.7860216498374939,0.1000000014901161,0.0034538432955741,1,0.0005,42315700_0,True,cifar10_resnet44,0.3103505671024322,0.0382871106266975,4.0643499232828617e-07,0.0199269577860832,0.0010000000474974,0.3122640608179891,0,0.8057864904403687,0.8977999999982044,0.9965999999980067,0.7860216498374939,0.217366024851799,0.0263038035482168,8.819770300760865e-07,0.0137409986928105,0.0010000000474974,0.2173007589387429,0,0.1822410225868225,0.9281999999997936,0.9982888888886672,0.371863454580307
resnet44,0,0.0,0.1,0.2520867979756201,0.0366980358958244,0.2570526003837585,0.9421999999981155,0.9975999999980047,0.2533155977725982,0.2517858147621155,1.3935896158218384,0.1000000014901161,0.0055885966867208,1,0.0005,42315712,True,cifar10_resnet44,0.2533156275749206,0.0031857234425842,0.0,0.0366980992257595,0.0,0.251482546948815,0,0.2570526599884033,0.9421999999981155,0.9975999999980047,1.3935896158218384,0.0022608833387494,1.7149866835097782e-05,0.0,0.0017445958219468,0.0,0.0022614052261935,0,0.5170114040374756,0.9998444444442224,0.9999999999997778,0.0004779422306455
resnet44,4,0.01,0.1,0.2800105607599676,0.0407164804637432,0.3090620636940002,0.9397999999981204,0.995999999998008,0.2833290994167328,0.2817777097225189,1.6166962385177612,0.1000000014901161,0.0064766015857458,1,0.0005,42315700_7,True,cifar10_resnet44,0.2833290994167328,0.154631033539772,7.907929830253124e-05,0.0407162010669708,0.0099999997764825,0.2827422326879612,0,0.3090620636940002,0.9397999999981204,0.995999999998008,1.6166963577270508,0.0023665823973715,0.0014594671083614,7.776397978886962e-07,0.00173822324723,0.0099999997764825,0.0023664110662944,0,0.5275908708572388,0.999822222222,0.9999999999997778,0.0007313693640753
resnet44,3,2.0,0.1,0.2771227850124433,0.0428702682256698,0.2913731336593628,0.9241999999981516,0.997999999998004,0.2766766250133514,0.2685618102550506,1.1999224424362185,0.1000000014901161,0.0049892868846654,1,0.0005,42315700_5,True,cifar10_resnet44,0.276676595211029,0.276681512594223,0.4440535306930542,0.042870458215475,2.0,0.2776252365214294,0,0.2913731336593628,0.9241999999981516,0.997999999998004,1.1999224424362185,0.0241833310574293,0.0241818819195032,0.018068429082632,0.0091107320040464,2.0,0.0241819532172222,0,0.2943827509880066,0.9935555555553348,0.9999777777775556,0.0197012759745121
resnet44,5,1.0,0.1,0.2474732610090997,0.0324979312717914,0.3901464939117431,0.9393999999981212,0.9975999999980047,0.2505941092967987,0.2465217262506485,1.2364635467529297,0.1000000014901161,0.0050322525203228,1,0.0005,42315700_16,True,cifar10_resnet44,0.2505941092967987,0.2505897581577301,0.177801102399826,0.0324980951845645,1.0,0.2492631203179973,0,0.3901464939117432,0.9393999999981212,0.9975999999980047,1.2364635467529297,0.0070083839818835,0.0069928262382745,0.0009716255590319,0.0048018908128142,1.0,0.0070087657020339,0,0.3872867524623871,0.9991333333331114,0.9999999999997778,0.0027084515895694
resnet44,5,0.01,0.1,0.2559967270703639,0.0358809493482112,0.2714244425296783,0.9301999999981396,0.996999999998006,0.2565996050834656,0.24945168197155,1.0948034524917605,0.1000000014901161,0.0045427493751049,1,0.0005,42315700_13,True,cifar10_resnet44,0.2565996050834656,0.1272344291210174,5.401764065027237e-05,0.0358800217509269,0.0099999997764825,0.255717668554478,0,0.2714244425296783,0.9301999999981396,0.996999999998006,1.0948034524917605,0.0313888117671012,0.0197087004780769,2.0365987438708544e-06,0.0073043652810156,0.0099999997764825,0.0313808266426047,0,0.2096517086029052,0.9905333333331132,0.9999555555553334,0.0397205799818038
resnet44,3,1.0,0.1,0.2492138332372571,0.0348566211760044,0.2652392089366913,0.9235999999981528,0.9975999999980047,0.2485945671796798,0.2368629872798919,0.9326688051223756,0.1000000014901161,0.0039215367287397,1,0.0005,42315700_4,True,cifar10_resnet44,0.2485945671796798,0.2485850006341934,0.1576617211103439,0.0348572880029678,1.0,0.2464631675441573,0,0.2652391791343689,0.9235999999981528,0.9975999999980047,0.9326687455177308,0.0353362262248992,0.0353115051984787,0.0091578662395477,0.012967187911272,1.0,0.0353506467422619,0,0.2078027427196502,0.9905111111108912,0.9999777777775556,0.028793565928936
resnet44,4,0.001,0.1,0.2788523218131552,0.0402217507362365,0.7101328372955322,0.938999999998122,0.997999999998004,0.2772776484489441,0.2756253778934479,1.574364423751831,0.1000000014901161,0.0062996596097946,1,0.0005,42315700_6,True,cifar10_resnet44,0.2772776782512665,0.0537170656025409,1.665815943852067e-06,0.0402221977710723,0.0010000000474974,0.2753997331970799,0,0.7101328372955322,0.938999999998122,0.997999999998004,1.574364185333252,0.0021629345137625,0.000741520547308,2.5558597371855285e-07,0.0015653329901397,0.0010000000474974,0.0021643001748347,0,0.5115479230880737,0.9998666666664444,0.9999999999997778,0.000963591504842
resnet44,5,0.5,0.1,0.2249939448006519,0.0299486797302961,0.1670345067977905,0.93999999999812,0.9975999999980047,0.2258126884698867,0.2214120030403137,1.01651132106781,0.1000000014901161,0.0041782166808843,1,0.0005,42315700_15,True,cifar10_resnet44,0.2258127182722091,0.2257691770792007,0.0594958290457725,0.029948454350233,0.5,0.2256059250597644,0,0.1670344471931457,0.93999999999812,0.9975999999980047,1.0165112018585205,0.0084485132247209,0.008365168236196,0.000378088094294,0.0053725875914096,0.5,0.0084532327172623,0,0.6435691118240356,0.9987333333331114,0.9999999999997778,0.003783599473536
resnet44,3,0.1,0.1,0.2690682048495347,0.0256024748086929,0.2762630879878998,0.9047999999981904,0.9977999999980044,0.272541880607605,0.2351128309965133,0.6904876232147217,0.1000000014901161,0.0030375383794307,1,0.0005,42315700_2,True,cifar10_resnet44,0.272541880607605,0.2351128607988357,0.0030375383794307,0.0256027579307556,0.1000000014901161,0.2723387374112282,0,0.2762630879878998,0.9047999999981904,0.9977999999980044,0.6904876232147217,0.1466045379638672,0.1234610453248024,0.0009857174009084,0.016914315521717,0.1000000014901161,0.1466040856714289,0,0.1951718181371688,0.9510222222220108,0.9992888888886668,0.2143654227256775
resnet44,3,0.01,0.1,0.2926425135162554,0.0197585076093673,0.2782140970230102,0.9015999999981968,0.9955999999980089,0.2915587425231933,0.245389699935913,0.7057925462722778,0.1000000014901161,0.0031253304332494,1,0.0005,42315700_1,True,cifar10_resnet44,0.2915587127208709,0.1058580204844474,3.5490840673446655e-05,0.019757131114602,0.0099999997764825,0.2916427990826084,0,0.2782140970230102,0.9015999999981968,0.9955999999980089,0.7057925462722778,0.2019431889057159,0.0724793076515197,1.6715843230485916e-05,0.0125080421566963,0.0099999997764825,0.2018936933750211,0,0.1981880515813827,0.9313999999997932,0.998488888888667,0.3373670578002929
resnet44,5,0.001,0.1,0.2593387952640359,0.0363664701581001,0.7614973187446594,0.928999999998142,0.9967999999980064,0.2596207559108734,0.252172976732254,1.1220722198486328,0.1000000014901161,0.0046550799161195,1,0.0005,42315700_12,True,cifar10_resnet44,0.2596207559108734,0.0453457459807395,1.174979843199253e-06,0.0363665334880352,0.0010000000474974,0.2607466033287465,0,0.7614973187446594,0.928999999998142,0.9967999999980064,1.1220721006393433,0.0325106047093868,0.0078995879739522,8.568167686462402e-08,0.008457276970148,0.0010000000474974,0.0324895441122096,0,0.1288484334945678,0.990622222222002,0.9999111111108888,0.0378607101738452
resnet44,4,0.1,0.1,0.2544850012877717,0.039084143936634,0.3124352991580963,0.9401999999981197,0.9967999999980064,0.255414605140686,0.253568559885025,1.3859206438064575,0.1000000014901161,0.0055419579148292,1,0.0005,42315700_8,True,cifar10_resnet44,0.255414605140686,0.2535685896873474,0.0055419579148292,0.0390840396285057,0.1000000014901161,0.2540603047829143,0,0.3124352395534515,0.9401999999981197,0.9967999999980064,1.3859206438064575,0.0024317423813045,0.0020681107416749,2.848304575309158e-06,0.0019507859833538,0.1000000014901161,0.0024307430667522,0,0.2751446962356567,0.9998666666664444,0.9999999999997778,0.0004858471511397
resnet44,5,0.1,0.1,0.2485132108131241,0.0339191854000091,0.3988179862499237,0.936999999998126,0.9973999999980052,0.2460978180170059,0.2413298189640045,1.1502273082733154,0.1000000014901161,0.0047085061669349,1,0.0005,42315700_14,True,cifar10_resnet44,0.2460978180170059,0.2413298040628433,0.0047085061669349,0.0339190699160099,0.1000000014901161,0.2475021770849109,0,0.3988180160522461,0.936999999998126,0.9973999999980052,1.150227427482605,0.0170725062489509,0.0160255413502454,6.693089380860329e-05,0.006362963002175,0.1000000014901161,0.0170780564172395,0,0.2861531674861908,0.9953999999997788,0.9999999999997778,0.0142407435923814
resnet44,4,0.5,0.1,0.2486537803583825,0.03489550948143,0.2469406127929687,0.9403999999981192,0.9973999999980052,0.2534421384334564,0.2508947551250458,1.382866382598877,0.1000000014901161,0.0055116061121225,1,0.0005,42315700_9,True,cifar10_resnet44,0.2534421384334564,0.2534039616584778,0.0737101286649704,0.0348954051733017,0.5,0.2534162818118447,0,0.2469404339790344,0.9403999999981192,0.9973999999980052,1.382866382598877,0.002793860156089,0.0027067423798143,6.941542960703373e-05,0.0022058289032429,0.5,0.0027936943626528,0,0.3593670129776001,0.999822222222,0.9999999999997778,0.0006621753564104
resnet44,5,2.0,0.1,0.2586857433068744,0.035966508090496,0.2749588191509247,0.9345999999981308,0.9973999999980052,0.2610675692558288,0.2564550936222076,1.2798192501068115,0.1000000014901161,0.0052260570228099,1,0.0005,42315700_17,True,cifar10_resnet44,0.2610675692558288,0.2610726654529571,0.4267572164535522,0.0359655395150184,2.0,0.2601623951087951,0,0.2749588191509247,0.9345999999981308,0.9973999999980052,1.2798192501068115,0.0059763109311461,0.0059739374555647,0.0025131534785032,0.0042421082034707,2.0,0.0059836831440479,0,0.2666069269180298,0.9994222222220002,0.9999999999997778,0.0024919430725276
resnet44,3,0.5,0.1,0.2390942266878087,0.0232962556183338,0.2581726312637329,0.926999999998146,0.997999999998004,0.2384531199932098,0.2213844507932663,0.7552585005760193,0.1000000014901161,0.0032602529972791,1,0.0005,42315700_3,True,cifar10_resnet44,0.2384531199932098,0.2381828725337982,0.0518542379140853,0.0232957750558853,0.5,0.2391909605558825,0,0.2581726312637329,0.926999999998146,0.997999999998004,0.7552585005760193,0.0616473853588104,0.0612414442002773,0.0056514590978622,0.0176103934645652,0.5,0.0616542907735353,0,0.1411405205726623,0.9815777777775596,0.9998666666664444,0.0593898370862007
resnet44,4,1.0,0.1,0.2548629945732387,0.0372763462364673,0.2863950431346893,0.937999999998124,0.9973999999980052,0.2569499909877777,0.254461407661438,1.3830782175064087,0.1000000014901161,0.0055362321436405,1,0.0005,42315700_10,True,cifar10_resnet44,0.2569500505924225,0.2569423317909241,0.1871820986270904,0.0372761189937591,1.0,0.2558843670996121,0,0.2863950431346893,0.937999999998124,0.9973999999980052,1.3830782175064087,0.0032360185869038,0.0032076984643936,0.0002491106279194,0.0026510236784815,1.0,0.0032424343323387,0,0.3056331872940063,0.999822222222,0.9999999999997778,0.0006598021136596
shufflenetv2_x0_5,4,0.5,0.1,0.3278764916807158,0.0427804067730903,0.2794184982776642,0.9071999999981856,0.9961999999980076,0.3278389573097229,0.3042463362216949,1.338203191757202,0.1000000014901161,0.0055469572544097,1,0.0005,42305016_9,True,cifar10_shufflenetv2_x0_5,0.3278389573097229,0.327689528465271,0.0813894569873809,0.0427814982831478,0.5,0.3230716670179294,0,0.2794184982776642,0.9071999999981856,0.9961999999980076,1.3382030725479126,0.0420256033539772,0.0417716465890407,0.0028720088303089,0.0178966652601957,0.5,0.042048682530392,0,0.2562614679336548,0.9893333333331136,0.9999999999997778,0.0285030603408813
shufflenetv2_x0_5,5,0.001,0.1,0.3532560912988587,0.0288840197026729,0.1606035828590393,0.8821999999982356,0.9955999999980089,0.3517082333564758,0.2850717902183532,0.868003785610199,0.1000000014901161,0.003844529390335,1,0.0005,42305016_12,True,cifar10_shufflenetv2_x0_5,0.3517082333564758,0.0404158160090446,7.561175152659416e-07,0.0288837254047393,0.0010000000474974,0.3486366188273086,0,0.1606035828590393,0.8821999999982356,0.9955999999980089,0.8680036664009094,0.2225431501865387,0.0252933613955974,3.37051460519433e-07,0.0157567281275987,0.0010000000474974,0.222677807141651,0,0.3088241517543793,0.9230222222220172,0.9986444444442226,0.3425230085849762
shufflenetv2_x0_5,3,0.01,0.1,0.5175054681693821,0.0231653600931167,0.08384969830513,0.8143999999983712,0.9923999999980152,0.518404483795166,0.3391152322292328,0.9850632548332214,0.1000000014901161,0.0044476017355918,1,0.0005,42305016_1,True,cifar10_shufflenetv2_x0_5,0.518404483795166,0.1296718269586563,4.946207627654075e-05,0.0231656115502119,0.0099999997764825,0.516103417913354,0,0.08384969830513,0.8143999999983712,0.9923999999980152,0.9850632548332214,0.4861897230148315,0.1126397475600242,3.630481660366058e-05,0.0178391989320516,0.0099999997764825,0.4861971901622786,0,0.0853461846709251,0.8318666666664819,0.9926888888886684,0.7308638691902161
shufflenetv2_x0_5,3,0.5,0.1,0.3777460506159804,0.0054419706575572,0.1891185343265533,0.8665999999982669,0.9967999999980064,0.3800799250602722,0.2706670463085174,0.7076054215431213,0.1000000014901161,0.0031950660049915,1,0.0005,42305016_3,True,cifar10_shufflenetv2_x0_5,0.3800799250602722,0.3688843548297882,0.057649940252304,0.0054413340985774,0.5,0.3773235468169916,0,0.1891185343265533,0.8665999999982669,0.9967999999980064,0.7076054215431213,0.3115854263305664,0.2946014106273651,0.0350470542907714,0.0399340093135833,0.5,0.3116057844316828,0,0.0906664133071899,0.8949777777775789,0.9978222222220006,0.3815183043479919
shufflenetv2_x0_5,5,1.0,0.1,0.3394874444396599,0.0310464389622211,0.2597960531711578,0.887999999998224,0.9961999999980076,0.33992600440979,0.2853699922561645,0.9678105115890504,0.1000000014901161,0.0041960030794143,1,0.0005,42305016_16,True,cifar10_shufflenetv2_x0_5,0.3399260342121124,0.3397983610630035,0.1897690594196319,0.031045701354742,1.0,0.3375117009680716,0,0.2597960531711578,0.887999999998224,0.9961999999980076,0.9678104519844056,0.1425482183694839,0.1421625763177871,0.0453201681375503,0.0296444427222013,1.0,0.1425955692140475,0,0.1092498898506164,0.9531555555553438,0.9997111111108892,0.1491526365280151
shufflenetv2_x0_5,0,0.0,0.1,0.3612424155753659,0.057757019996643,0.7391712665557861,0.9011999999981976,0.9953999999980092,0.3627060353755951,0.3427273333072662,1.6150734424591064,0.1000000014901161,0.006658062338829,1,0.0005,42305041,True,cifar10_shufflenetv2_x0_5,0.3627060353755951,0.0037506693042814,0.0,0.0577570796012878,0.0,0.3599672472167239,0,0.7391712665557861,0.9011999999981976,0.9953999999980092,1.6150734424591064,0.031473733484745,4.9320762627758086e-05,0.0,0.0122229075059294,0.0,0.0314744998450202,0,0.7230197191238403,0.9922666666664464,0.9999777777775556,0.0270346850156784
shufflenetv2_x0_5,4,0.1,0.1,0.322559489148508,0.0462061390280723,0.2159923017024994,0.9085999999981828,0.995999999998008,0.3214785456657409,0.3027570247650146,1.345250368118286,0.1000000014901161,0.0055823028087615,1,0.0005,42305016_8,True,cifar10_shufflenetv2_x0_5,0.3214785456657409,0.3027570247650146,0.0055823065340518,0.0462060272693634,0.1000000014901161,0.3191769315196603,0,0.2159923017024994,0.9085999999981828,0.995999999998008,1.345250368118286,0.037207506597042,0.0337217077612876,0.000134935369715,0.0143808722496032,0.1000000014901161,0.0372188908280824,0,0.1608033776283264,0.990088888888669,0.9999999999997778,0.0283707827329635
shufflenetv2_x0_5,5,0.1,0.1,0.3281083060650603,0.0232284720987081,0.2563493847846985,0.8901999999982196,0.9957999999980084,0.3287123441696167,0.2704522013664245,0.837907612323761,0.1000000014901161,0.00368307903409,1,0.0005,42305016_14,True,cifar10_shufflenetv2_x0_5,0.3287123441696167,0.2704522907733917,0.00368307903409,0.0232295170426368,0.1000000014901161,0.327349489018559,0,0.2563493847846985,0.8901999999982196,0.9957999999980084,0.837907612323761,0.1885589063167572,0.1484385877847671,0.0011795386672019,0.0205712895840406,0.1000000014901161,0.1885660495501905,0,0.198424756526947,0.9349333333331256,0.999199999999778,0.2543686628341675
shufflenetv2_x0_5,4,2.0,0.1,0.3353447890095069,0.0458426550030708,0.2611154615879059,0.8975999999982048,0.9977999999980044,0.3379032611846924,0.3061018884181976,1.267255187034607,0.1000000014901161,0.005300261080265,1,0.0005,42305016_11,True,cifar10_shufflenetv2_x0_5,0.3379032611846924,0.3379058241844177,0.5126557350158691,0.0458421371877193,2.0,0.3340319356142245,0,0.2611154615879059,0.8975999999982048,0.9977999999980044,1.267255187034607,0.0518810749053955,0.0518779084086418,0.0359330177307128,0.0225595198571682,2.0,0.051881970263271,0,0.5184142589569092,0.9870444444442252,0.9999999999997778,0.0338666066527366
shufflenetv2_x0_5,3,2.0,0.1,0.3641914783087337,0.0097441291436553,0.0906716287136077,0.8673999999982652,0.9971999999980056,0.366928368806839,0.2613918483257293,0.6605846285820007,0.1000000014901161,0.002996664494276,1,0.0005,42305016_5,True,cifar10_shufflenetv2_x0_5,0.366928368806839,0.3667333126068115,0.4370771050453186,0.0097446823492646,2.0,0.3659644676405231,0,0.090671569108963,0.8673999999982652,0.9971999999980056,0.6605846285820007,0.2677139043807983,0.2672509551048279,0.2603785991668701,0.040431473404169,2.0,0.2678115623427618,0,0.1501412093639373,0.909399999999798,0.9988444444442224,0.3151855170726776
shufflenetv2_x0_5,5,2.0,0.1,0.3575023500323923,0.036394115537405,0.1267910003662109,0.8881999999982236,0.9965999999980067,0.3564037978649139,0.3034400045871734,1.10412335395813,0.1000000014901161,0.0047432407736778,1,0.0005,42305016_17,True,cifar10_shufflenetv2_x0_5,0.3564037680625915,0.3563896715641022,0.5109032392501831,0.0363941602408885,2.0,0.3538217244763331,0,0.1267911791801452,0.8881999999982236,0.9965999999980067,1.10412335395813,0.1249464228749275,0.1249011904001236,0.1120163351297378,0.0298775546252727,2.0,0.1249576323933342,0,0.1277992129325866,0.9610222222220088,0.9998888888886668,0.1270645707845688
shufflenetv2_x0_5,3,1.0,0.1,0.387242947325204,0.0100507801398634,0.1955146044492721,0.86999999999826,0.9965999999980067,0.3831198811531067,0.2655361294746399,0.665021538734436,0.1000000014901161,0.003025084733963,1,0.0005,42305016_4,True,cifar10_shufflenetv2_x0_5,0.3831199109554291,0.3805519044399261,0.1668160855770111,0.0100509384647011,1.0,0.3801650805360641,0,0.1955146044492721,0.86999999999826,0.9965999999980067,0.665021538734436,0.3146629333496094,0.3100912570953369,0.1081771850585937,0.0431734323501586,1.0,0.3147092651058328,0,0.4745311141014099,0.8931555555553571,0.9980888888886672,0.3641806244850158
shufflenetv2_x0_5,3,0.001,0.1,0.5917296734473831,0.0191863812506198,0.1765912175178527,0.788999999998422,0.9913999999980172,0.5934962034225464,0.3588382303714752,1.0297478437423706,0.1000000014901161,0.0047059878706932,1,0.0005,42305016_0,True,cifar10_shufflenetv2_x0_5,0.5934962034225464,0.0444652959704399,1.2644450180232525e-06,0.0191864147782325,0.0010000000474974,0.5906619501140814,0,0.1765912175178527,0.788999999998422,0.9913999999980172,1.0297478437423706,0.5700644254684448,0.0394962504506111,7.209600880742073e-07,0.0147616229951381,0.0010000000474974,0.5701777038941126,0,0.0444634407758712,0.7990888888887113,0.9904888888886688,0.8092536926269531
shufflenetv2_x0_5,4,0.001,0.1,0.3178291579981956,0.0441432856023311,0.7107016444206238,0.91499999999817,0.996999999998006,0.3183459639549255,0.3031191825866699,1.4914882183074951,0.1000000014901161,0.0060205422341823,1,0.0005,42305016_6,True,cifar10_shufflenetv2_x0_5,0.3183459639549255,0.0522996671497821,7.724156603217125e-07,0.0441429689526557,0.0010000000474974,0.3151683887753591,0,0.7107016444206238,0.91499999999817,0.996999999998006,1.491488337516785,0.0344552062451839,0.0069716782309114,1.2293457984924316e-07,0.0131562072783708,0.0010000000474974,0.0344656425963723,0,0.2613629996776581,0.9912666666664464,0.9999999999997778,0.0287263356149196
shufflenetv2_x0_5,3,0.1,0.1,0.4621882495953371,0.0116707887500524,0.0717809796333313,0.8425999999983148,0.993999999998012,0.4636621475219726,0.3119383156299591,0.8538510799407959,0.1000000014901161,0.0038809776306152,1,0.0005,42305016_2,True,cifar10_shufflenetv2_x0_5,0.4636622071266174,0.3119383156299591,0.0038809776306152,0.0116715263575315,0.1000000014901161,0.4616310549454425,0,0.0717810690402984,0.8425999999983148,0.993999999998012,0.8538511395454407,0.4285706877708435,0.2696389257907867,0.0028218254446983,0.0238465890288352,0.1000000014901161,0.4286769800999218,0,0.1794268190860748,0.851311111110922,0.9943777777775568,0.6085688471794128
shufflenetv2_x0_5,4,0.01,0.1,0.305744560655071,0.0433403737843036,0.2580859661102295,0.912999999998174,0.9963999999980072,0.3026337921619415,0.2858137786388397,1.1767600774765017,0.1000000014901161,0.0049576293677091,1,0.0005,42305016_7,True,cifar10_shufflenetv2_x0_5,0.3026337921619415,0.1345617473125457,5.850358866155147e-05,0.0433392971754074,0.0099999997764825,0.2993651463084664,0,0.2580859661102295,0.912999999998174,0.9963999999980072,1.1767600774765017,0.0378834307193756,0.0199400335550308,2.1329615265131e-06,0.0134437810629606,0.0099999997764825,0.0378882024436828,0,0.7232250571250916,0.99019999999978,0.9999999999997778,0.035098448395729
shufflenetv2_x0_5,5,0.5,0.1,0.3177894344827049,0.0289006829261779,0.1201635599136352,0.8921999999982156,0.9963999999980072,0.3176809847354889,0.266319066286087,0.8175269365310669,0.1000000014901161,0.0036032348871231,1,0.0005,42305016_15,True,cifar10_shufflenetv2_x0_5,0.3176809847354889,0.3161840140819549,0.060669258236885,0.0289001613855361,0.5,0.3157328522116804,0,0.1201635003089904,0.8921999999982156,0.9963999999980072,0.8175269365310669,0.1441277116537094,0.1417605578899383,0.0149540230631828,0.025680748745799,0.5,0.1441470108505731,0,0.1066022515296936,0.9512444444442332,0.9997555555553336,0.1598067879676818
shufflenetv2_x0_5,5,0.01,0.1,0.3316950625012839,0.0246409736573696,0.1030753254890441,0.888999999998222,0.9965999999980067,0.3321336209774017,0.2721120715141296,0.7990679740905762,0.1000000014901161,0.003566488623619,1,0.0005,42305016_13,True,cifar10_shufflenetv2_x0_5,0.3321336209774017,0.1142372265458107,3.974302671849728e-05,0.0246403738856315,0.0099999997764825,0.3294050982437581,0,0.1030750274658203,0.888999999998222,0.9965999999980067,0.7990679740905762,0.2108432948589325,0.071297563612461,1.6071368008852005e-05,0.0154630411416292,0.0099999997764825,0.21089109747573,0,0.0576676130294799,0.9270666666664608,0.9987333333331114,0.3190358281135559
shufflenetv2_x0_5,4,1.0,0.1,0.2978449127078947,0.0337140783667564,0.1780416965484619,0.9141999999981716,0.996999999998006,0.296679139137268,0.2734375596046448,1.1386239528656006,0.1000000014901161,0.00472361035645,1,0.0005,42305016_10,True,cifar10_shufflenetv2_x0_5,0.296679139137268,0.2966638207435608,0.1863762140274048,0.0337132960557937,1.0,0.2935112743102221,0,0.1780417561531067,0.9141999999981716,0.996999999998006,1.1386239528656006,0.0500731021165847,0.050025712698698,0.0121130496263504,0.0205774307250976,1.0,0.0500901121067378,0,0.1661489605903625,0.9874666666664472,0.9999777777775556,0.03713358938694
vgg19_bn,3,2.0,0.1,0.3124004377352831,0.0439757816493511,0.2503964900970459,0.9241999999981516,0.9951999999980096,0.3136475086212158,0.3059312105178833,1.5000747442245483,0.1000000014901161,0.0061553232371807,1,0.0005,42305016_5,True,cifar10_vgg19_bn,0.313647449016571,0.3136511445045471,0.5173028707504272,0.0439754799008369,2.0,0.3123018293011321,0,0.2503990530967712,0.9241999999981516,0.9951999999980096,1.5000739097595217,0.0378550440073013,0.0378545597195625,0.0394943058490753,0.0074678868986666,2.0,0.0378972218371561,0,0.2882442474365234,0.9898222222220024,0.999799999999778,0.0675100907683372
vgg19_bn,3,0.1,0.1,2.3027140009810587,0.0038510635495185,0.0038510635495185,0.0973999999998052,0.49499999999901,2.30271315574646,0.0036006080918014,6.230430153664201e-05,0.1000000014901161,9.5367431640625e-07,1,0.0005,42305016_2,True,cifar10_vgg19_bn,2.30271315574646,0.0036005170550197,9.5367431640625e-07,0.0038510635495185,0.1000000014901161,2.3026905167510288,0,0.0038510635495185,0.0973999999998052,0.49499999999901,6.230430153664201e-05,2.302606105804444,0.003611952997744,6.556510925292969e-07,0.0009628981351852,0.1000000014901161,2.3026062573945274,0,0.0009628981351852,0.1002888888888666,0.5005555555554444,6.279838271439075e-05
vgg19_bn,4,0.001,0.1,0.3434705628227448,0.0476687140762805,0.3906030058860779,0.93999999999812,0.9965999999980067,0.3366196751594543,0.3362717628479004,2.2731616497039795,0.1000000014901161,0.0089703872799873,1,0.0005,42305016_6,True,cifar10_vgg19_bn,0.3366196751594543,0.0649937093257904,1.8799910321831703e-06,0.0476695746183395,0.0010000000474974,0.3368308691486393,0,0.3905861973762512,0.93999999999812,0.9965999999980067,2.273162364959717,0.0014018781948834,0.0006027297349646,4.4820387756772107e-07,0.0007513303426094,0.0010000000474974,0.0014020862885144,0,0.4932385087013244,0.9998444444442224,0.9999777777775556,0.0013814293779432
vgg19_bn,5,2.0,0.1,0.3050710087979363,0.0478686764836311,0.343518853187561,0.9361999999981276,0.9971999999980056,0.3040559589862823,0.3032382130622864,1.8304524421691892,0.1000000014901161,0.0072828084230422,1,0.0005,42305016_17,True,cifar10_vgg19_bn,0.3040555715560913,0.304052859544754,0.5296876430511475,0.0478682592511177,2.0,0.3057483299037931,0,0.3435193300247192,0.9361999999981276,0.9971999999980056,1.8304483890533447,0.002734562382102,0.0027316093910485,0.0019195489585399,0.0011572735384106,2.0,0.0027330462317895,0,0.3959766626358032,0.9994444444442224,0.9999999999997778,0.0032428964041173
vgg19_bn,4,1.0,0.1,0.3229471845800234,0.0500967353582382,0.4918481111526489,0.9367999999981264,0.9965999999980067,0.3205859363079071,0.3201960623264313,1.9405827522277832,0.1000000014901161,0.0078095160424709,1,0.0005,42305016_10,True,cifar10_vgg19_bn,0.3205859661102295,0.3205553293228149,0.2536695003509521,0.0500963777303695,1.0,0.3187432376936786,0,0.4918476939201355,0.9367999999981264,0.9965999999980067,1.940584659576416,0.0013145429547876,0.0012810007901862,0.0002187711652368,0.000717312854249,1.0,0.0013138353460071,0,0.2502737045288086,0.999799999999778,0.9999999999997778,0.0008382410742342
vgg19_bn,5,0.01,0.1,0.3010181179627703,0.0479321293532848,0.71280837059021,0.9267999999981464,0.995999999998008,0.2994037568569183,0.2952767014503479,1.4273239374160769,0.1000000014901161,0.0059068314731121,1,0.0005,42305016_13,True,cifar10_vgg19_bn,0.2994034886360168,0.1478634923696518,7.00692180544138e-05,0.0479322895407676,0.0099999997764825,0.2971983811263394,0,0.71280837059021,0.9267999999981464,0.995999999998008,1.4273275136947632,0.0268975235521793,0.0214312076568603,3.853754606097937e-06,0.0019562919624149,0.0099999997764825,0.0268999414704272,0,0.28524050116539,0.9923111111108908,0.9997777777775556,0.0674635097384452
vgg19_bn,4,0.1,0.1,0.346385869210619,0.0529180616140365,0.7255792617797852,0.9353999999981292,0.9955999999980089,0.348150372505188,0.3477294147014618,2.15955114364624,0.1000000014901161,0.0086881779134273,1,0.0005,42305016_8,True,cifar10_vgg19_bn,0.3481501936912536,0.3477292954921722,0.0086881592869758,0.0529176704585552,0.1000000014901161,0.3447603045170271,0,0.7255792617797852,0.9353999999981292,0.9955999999980089,2.159550428390503,0.0011825015535578,0.0008830068400129,3.8092402974143616e-06,0.000819343898911,0.1000000014901161,0.0011822332131973,0,0.4698221087455749,0.9999111111108888,0.9999999999997778,0.0007837628945708
vgg19_bn,4,0.5,0.1,0.3377990028063259,0.0490101389586925,0.2937763929367065,0.9391999999981216,0.9963999999980072,0.3385410010814667,0.338054746389389,2.1896913051605225,0.1000000014901161,0.0087057128548622,1,0.0005,42305016_9,True,cifar10_vgg19_bn,0.3385404646396637,0.3384865522384643,0.112439826130867,0.0490095168352127,0.5,0.3370531937284823,0,0.29377281665802,0.9391999999981216,0.9963999999980072,2.189691066741944,0.0013399804010987,0.0012554661370813,7.680477574467659e-05,0.0007038541371002,0.5,0.0013391541092112,0,0.5190381407737732,0.999799999999778,0.9999999999997778,0.0008634648402221
vgg19_bn,5,1.0,0.1,0.303514002856847,0.0483456216752529,0.3635678887367248,0.9355999999981288,0.9963999999980072,0.304380714893341,0.3034993708133697,1.7710754871368408,0.1000000014901161,0.0071169175207614,1,0.0005,42305016_16,True,cifar10_vgg19_bn,0.3043808341026306,0.3043723404407501,0.2352918982505798,0.0483443140983581,1.0,0.3025020061410921,0,0.3635661602020264,0.9355999999981288,0.9963999999980072,1.7710763216018677,0.0026664044708013,0.0026501708198338,0.0005873944610357,0.0012478153221309,1.0,0.00266428093215,0,0.3729540109634399,0.9994444444442224,0.9999999999997778,0.0020512321498245
vgg19_bn,5,0.5,0.1,0.3071292719199426,0.0470511242747306,0.3619401454925537,0.936999999998126,0.995999999998008,0.3064855933189392,0.3055711984634399,1.8142757415771484,0.1000000014901161,0.0072625577449798,1,0.0005,42305016_15,True,cifar10_vgg19_bn,0.3064852356910705,0.3064650893211365,0.0963797867298126,0.0470519289374351,0.5,0.3032321101401034,0,0.3619411587715149,0.936999999998126,0.995999999998008,1.8142739534378047,0.0037221012171357,0.0036731988657265,0.0003571062115952,0.0014432747848331,0.5,0.0037193561598413,0,0.1853652894496917,0.9992444444442224,0.9999777777775556,0.004486983641982
vgg19_bn,3,1.0,0.1,0.3464968754108771,0.0361565016210079,0.1438375115394592,0.9027999999981944,0.9933999999980132,0.345670223236084,0.3144479095935821,1.4885413646697998,0.1000000014901161,0.0059405788779258,1,0.0005,42305016_4,True,cifar10_vgg19_bn,0.3456702828407287,0.3456281721591949,0.2215161919593811,0.0361566357314586,1.0,0.3435819192002908,0,0.1438379883766174,0.9027999999981944,0.9933999999980132,1.4885421991348269,0.1273295879364013,0.1271666884422302,0.0516774654388427,0.0176079645752906,1.0,0.1273371594970322,0,0.1890473961830139,0.9608666666664532,0.9988222222220005,0.213607370853424
vgg19_bn,4,0.01,0.1,0.3261122612514717,0.0477555356919765,0.3577834069728851,0.9413999999981172,0.9963999999980072,0.3285055756568908,0.3281829953193664,2.189280271530152,0.1000000014901161,0.0086672864854335,1,0.0005,42305016_7,True,cifar10_vgg19_bn,0.3285066485404968,0.18262879550457,0.0001074236351996,0.0477546527981758,0.0099999997764825,0.3262548951663479,0,0.3577833473682403,0.9413999999981172,0.9963999999980072,2.189286470413208,0.0013108132407069,0.0007151704630814,7.103662937879562e-07,0.0007485845126211,0.0099999997764825,0.0013103765184743,0,0.5606437921524048,0.999799999999778,0.9999999999997778,0.0009656496695242
vgg19_bn,3,0.001,0.1,2.302693055908895,0.0061716884374618,0.0061716884374618,0.0951999999998096,0.49499999999901,2.3027260303497314,0.0038154269568622,6.936684076208621e-05,0.1000000014901161,3.129243850708008e-07,1,0.0005,42305016_0,True,cifar10_vgg19_bn,2.302726030349731,0.0003738964442163,5.562324076890945e-07,0.0061716884374618,0.0010000000474974,2.3027034032752227,0,0.0061716884374618,0.0951999999998096,0.49499999999901,6.936684076208621e-05,2.3026084899902344,0.000375293806428,4.386529326438904e-07,0.0008227080106735,0.0010000000474974,2.302608778400071,0,0.0008227080106735,0.100533333333311,0.5005555555554444,6.998292519710958e-05
vgg19_bn,3,0.5,0.1,0.4198616428064075,0.0201334748417139,0.1892668008804321,0.8655999999982689,0.9881999999980235,0.4216970205307007,0.3266944587230682,1.1716395616531372,0.1000000014901161,0.0049897581338882,1,0.0005,42305016_3,True,cifar10_vgg19_bn,0.4216972589492798,0.4156128764152527,0.0806816220283508,0.0201335996389389,0.5,0.4196247724580725,0,0.1892668008804321,0.8655999999982689,0.9881999999980235,1.171642184257507,0.3049450218677521,0.2931542694568634,0.0407858043909072,0.0364753901958465,0.5,0.3049931998445332,0,0.2010403424501419,0.90571111111091,0.9945777777775568,0.4851455688476562
vgg19_bn,0,0.0,0.1,0.3358243284930527,0.0510529428720474,0.4712094366550445,0.9365999999981268,0.9955999999980089,0.3387806415557861,0.338418185710907,2.142733335494995,0.1000000014901161,0.0085780397057533,1,0.0005,42305041,True,cifar10_vgg19_bn,0.3387805819511413,0.0049225762486457,0.0,0.0510512553155422,0.0,0.3375083973806366,0,0.471172422170639,0.9365999999981268,0.9955999999980089,2.1427290439605717,0.0012306811986491,2.13467501453124e-05,0.0,0.000692754460033,0.0,0.0012300250262635,0,0.4106281995773315,0.9998666666664444,0.9999999999997778,0.0007517071790061
vgg19_bn,5,0.001,0.1,0.2822745604891842,0.0442095249891281,0.2863274216651916,0.9311999999981376,0.9965999999980067,0.2835167646408081,0.2802508175373077,1.3929009437561035,0.1000000014901161,0.0057209823280572,1,0.0005,42305016_12,True,cifar10_vgg19_bn,0.283516526222229,0.0506483912467956,1.2289383448660374e-06,0.0442096889019012,0.0010000000474974,0.2837632773887885,0,0.2863274216651916,0.9311999999981376,0.9965999999980067,1.392899990081787,0.0283802896738052,0.0102573269978165,7.237358659040183e-07,0.0021367976441979,0.0010000000474974,0.0283695227656777,0,0.04927259683609,0.991933333333113,0.9996444444442224,0.0679924637079238
vgg19_bn,4,2.0,0.1,0.3310960872305968,0.0480133816599845,0.3637151420116424,0.9383999999981232,0.9947999999980104,0.335944265127182,0.3354396522045135,2.1655869483947754,0.1000000014901161,0.0086205601692199,1,0.0005,42305016_11,True,cifar10_vgg19_bn,0.3359448909759521,0.3359364867210388,0.5968852043151855,0.048013299703598,2.0,0.3335164746464646,0,0.3637122809886933,0.9383999999981232,0.9947999999980104,2.165595293045044,0.0015948179643601,0.0015882484149187,0.0011688000522553,0.0007022955105639,2.0,0.0015955151098175,0,0.507189154624939,0.9997777777775556,0.9999777777775556,0.0040314700454473
vgg19_bn,5,0.1,0.1,0.309838721746259,0.0502740181982517,0.2877064943313598,0.9285999999981428,0.9975999999980047,0.3098483383655548,0.3076328933238983,1.586536884307861,0.1000000014901161,0.0065288078039884,1,0.0005,42305016_14,True,cifar10_vgg19_bn,0.3098483681678772,0.3076329529285431,0.0065288133919239,0.0502751618623733,0.1000000014901161,0.3074443875206095,0,0.2877064943313598,0.9285999999981428,0.9975999999980047,1.586536526679993,0.0137872248888015,0.0133094247430562,0.0001255945535376,0.0018854695372283,0.1000000014901161,0.0137858730177393,0,0.2886271774768829,0.9961777777775565,0.9998444444442224,0.0284658856689929
vgg19_bn,3,0.01,0.1,2.302716468613351,0.0061492398381233,0.0061492398381233,0.0951999999998096,0.49499999999901,2.302724599838257,0.0037947145756334,6.866587500553578e-05,0.1000000014901161,1.9371509552001958e-07,1,0.0005,42305016_1,True,cifar10_vgg19_bn,2.302724599838257,0.0011840590741485,-1.73225998878479e-07,0.0061492398381233,0.0099999997764825,2.302701996605607,0,0.0061492398381233,0.0951999999998096,0.49499999999901,6.866587500553578e-05,2.302608013153076,0.0011889591114595,5.699694156646729e-07,0.0008201822638511,0.0099999997764825,2.302608407225692,0,0.0008201822638511,0.100533333333311,0.5005555555554444,6.92683897796087e-05
mobilenetv2_x0_5,4,0.1,0.1,0.2726483075447595,0.0361445285379886,0.762955904006958,0.9331999999981336,0.9965999999980067,0.2725493013858795,0.2669303715229034,1.4020843505859375,0.1000000014901161,0.0056418124586343,1,0.0005,42305016_8,True,cifar10_mobilenetv2_x0_5,0.2725493013858795,0.2669303715229034,0.0056418105959892,0.0361436754465103,0.1000000014901161,0.2699647879740817,0,0.762955904006958,0.9331999999981336,0.9965999999980067,1.4020843505859375,0.0123074185103178,0.0114499973133206,3.674172330647707e-05,0.0065685175359249,0.1000000014901161,0.0123172812897656,0,0.2964776754379272,0.997666666666445,0.9999999999997778,0.0076393266208469
mobilenetv2_x0_5,3,0.1,0.1,0.4272365061292696,0.0147061962634325,0.0651741027832031,0.8537999999982924,0.9947999999980104,0.4259152710437774,0.296473741531372,0.7844921946525574,0.1000000014901161,0.0035776644945144,1,0.0005,42305016_2,True,cifar10_mobilenetv2_x0_5,0.4259152114391327,0.296473741531372,0.0035776644945144,0.0147060686722397,0.1000000014901161,0.4264157307996133,0,0.0651740431785583,0.8537999999982924,0.9947999999980104,0.7844921946525574,0.3925891518592834,0.2577760517597198,0.0026635713875293,0.0224164370447397,0.1000000014901161,0.3926117353934221,0,0.1422047764062881,0.8657777777775855,0.99551111111089,0.5752037763595581
mobilenetv2_x0_5,3,0.01,0.1,0.4708416698008951,0.018120177090168,0.0927587747573852,0.8345999999983308,0.9935999999980129,0.4709737300872803,0.320192277431488,0.8943237066268921,0.1000000014901161,0.0040637701749801,1,0.0005,42305016_1,True,cifar10_mobilenetv2_x0_5,0.4709736704826355,0.1236482039093971,4.436168819665909e-05,0.0181199014186859,0.0099999997764825,0.4708583024770113,0,0.0927588939666748,0.8345999999983308,0.9935999999980129,0.8943235874176025,0.4417498111724853,0.1099168062210083,3.536418080329895e-05,0.0117436591535806,0.0099999997764825,0.4417594362815283,0,0.0575877130031585,0.8480222222220338,0.9941777777775568,0.703871488571167
mobilenetv2_x0_5,5,2.0,0.1,0.2692755876625271,0.0334934890270233,0.2733300030231476,0.921999999998156,0.9961999999980076,0.2677299678325653,0.2518914937973022,0.989451825618744,0.1000000014901161,0.0041880831122398,1,0.0005,42305016_17,True,cifar10_mobilenetv2_x0_5,0.2677299678325653,0.2677231132984161,0.4070505499839782,0.0334942638874053,2.0,0.2671740545486677,0,0.2733300328254699,0.921999999998156,0.9961999999980076,0.9894517064094543,0.0464404597878456,0.0464215539395809,0.0368735343217849,0.0158792492002248,2.0,0.0464730357661345,0,0.7260737419128418,0.987222222222003,0.9999999999997778,0.0402105450630188
mobilenetv2_x0_5,3,0.001,0.1,0.5167356533208672,0.0150625370442867,0.1465610563755035,0.8243999999983512,0.9927999999980144,0.5133297443389893,0.332648903131485,0.9079982042312622,0.1000000014901161,0.0041690170764923,1,0.0005,42305016_0,True,cifar10_mobilenetv2_x0_5,0.5133297443389893,0.0417564995586872,1.2066448107361794e-06,0.0150627959519624,0.0010000000474974,0.514228321354767,0,0.1465610563755035,0.8243999999983512,0.9927999999980144,0.9079983234405518,0.4979971647262573,0.0383899509906768,1.1328374966979029e-06,0.0096291378140449,0.0010000000474974,0.4980521264457027,0,0.0559096038341522,0.8266444444442608,0.992644444444224,0.7684133052825928
mobilenetv2_x0_5,3,0.5,0.1,0.394749299984491,0.0064245457760989,0.1320472210645675,0.8595999999982809,0.9955999999980089,0.3929415047168731,0.2720053493976593,0.690619170665741,0.1000000014901161,0.0031384490430355,1,0.0005,42305016_3,True,cifar10_mobilenetv2_x0_5,0.3929415047168732,0.3788326680660248,0.0574555546045303,0.0064244125969707,0.5,0.3933310387552082,0,0.1320472210645675,0.8595999999982809,0.9955999999980089,0.6906192302703857,0.3369925618171692,0.3178353011608124,0.0393754541873931,0.0344325378537178,0.5,0.3369855288732672,0,0.0960354059934616,0.8844666666664702,0.997555555555334,0.4321865439414978
mobilenetv2_x0_5,4,1.0,0.1,0.2626615865705392,0.0368586108088493,0.1458459496498108,0.9263999999981472,0.9977999999980044,0.2611946761608124,0.2514030039310455,1.1120169162750244,0.1000000014901161,0.0045893173664808,1,0.0005,42305016_10,True,cifar10_mobilenetv2_x0_5,0.2611946761608124,0.2611866295337677,0.1734318435192108,0.0368578098714351,1.0,0.2604847698101339,0,0.1458459496498108,0.9263999999981472,0.9977999999980044,1.1120169162750244,0.0226472951471805,0.0226218663156032,0.0047763921320438,0.0112579111009836,1.0,0.022653824071679,0,0.2257530987262725,0.9952222222220012,0.9999999999997778,0.0144739365205168
mobilenetv2_x0_5,4,0.5,0.1,0.2903468562700983,0.0411042906343936,0.2794787883758545,0.923999999998152,0.9975999999980047,0.2860636115074157,0.2762620449066162,1.2803109884262085,0.1000000014901161,0.0052766241133213,1,0.0005,42305016_9,True,cifar10_mobilenetv2_x0_5,0.2860636115074157,0.2859903275966644,0.0756604373455047,0.0411030203104019,0.5,0.2858140757740985,0,0.2794788181781769,0.923999999998152,0.9975999999980047,1.280311107635498,0.0167434252798557,0.0166152790188789,0.0009416360408067,0.0090582650154829,0.5,0.0167624852610541,0,0.2623298764228821,0.996733333333112,0.9999999999997778,0.0092369616031646
mobilenetv2_x0_5,4,0.001,0.1,0.274417918783308,0.0391379483044147,0.7568519115447998,0.930999999998138,0.9965999999980067,0.2775227427482605,0.271810382604599,1.407602071762085,0.1000000014901161,0.0056804381310939,1,0.0005,42305016_6,True,cifar10_mobilenetv2_x0_5,0.2775227427482605,0.0507240518927574,9.571958798915148e-07,0.039137564599514,0.0010000000474974,0.2762950396646421,0,0.7568519115447998,0.930999999998138,0.9965999999980067,1.407602071762085,0.0108519624918699,0.0030517543200403,3.615459718275815e-07,0.0058570988476276,0.0010000000474974,0.0108483209564875,0,0.2023274302482605,0.997955555555334,0.9999999999997778,0.006443940103054
mobilenetv2_x0_5,3,1.0,0.1,0.3392723648043857,0.0121366502717137,0.0788145363330841,0.8807999999982384,0.995999999998008,0.3394899368286133,0.2451870888471603,0.6117523312568665,0.1000000014901161,0.0027562119066715,1,0.0005,42305016_4,True,cifar10_mobilenetv2_x0_5,0.3394899070262909,0.337733656167984,0.1487350165843963,0.0121366828680038,1.0,0.3401318861333589,0,0.0788145661354065,0.8807999999982384,0.995999999998008,0.6117523312568665,0.2661380469799042,0.2631784081459045,0.0940389335155487,0.0357096567749977,1.0,0.2661680405469592,0,0.0892821550369262,0.909711111110909,0.9986444444442226,0.3261261880397796
mobilenetv2_x0_5,0,0.0,0.1,0.2832240215017881,0.0444073937833309,0.2658193409442901,0.9263999999981472,0.9971999999980056,0.2813365161418915,0.2751675546169281,1.3176835775375366,0.1000000014901161,0.0054009165614843,1,0.0005,42305041,True,cifar10_mobilenetv2_x0_5,0.2813364863395691,0.0029457297641783,0.0,0.0444071292877197,0.0,0.2806594146874939,0,0.2658193409442901,0.9263999999981472,0.9971999999980056,1.3176835775375366,0.0126457046717405,5.6473378208465874e-05,0.0,0.0061194845475256,0.0,0.0126676739157197,0,0.6744046211242676,0.9971999999997784,0.9999999999997778,0.0077904490754008
mobilenetv2_x0_5,3,2.0,0.1,0.3196873365234296,0.0113195367157459,0.1443476974964141,0.8897999999982205,0.995999999998008,0.3211327195167541,0.2516802847385406,0.6754785776138306,0.1000000014901161,0.0030376501381397,1,0.0005,42305016_5,True,cifar10_mobilenetv2_x0_5,0.3211327195167541,0.3209555745124817,0.4073325395584106,0.0113198785111308,2.0,0.3199469132611806,0,0.1443476974964141,0.8897999999982205,0.995999999998008,0.6754785776138306,0.2232281118631363,0.2228522449731826,0.2231724560260772,0.0305805765092372,2.0,0.2232561421199765,0,0.0860641598701477,0.9241999999997946,0.9990666666664448,0.2775514423847198
mobilenetv2_x0_5,4,2.0,0.1,0.2684657050816981,0.0380878150463104,0.2517679035663605,0.9251999999981496,0.9963999999980072,0.2684404850006103,0.2585515975952148,1.1261975765228271,0.1000000014901161,0.0046701673418283,1,0.0005,42305016_11,True,cifar10_mobilenetv2_x0_5,0.2684404850006103,0.2684395313262939,0.4228701591491699,0.0380880907177925,2.0,0.2686428612617528,0,0.2517679035663605,0.9251999999981496,0.9963999999980072,1.1261975765228271,0.0181073285639286,0.0181004609912633,0.0113819316029548,0.00931051466614,2.0,0.018110688073611,0,0.7113292813301086,0.9963777777775564,0.9999999999997778,0.0118229202926158
mobilenetv2_x0_5,5,0.001,0.1,0.2728871075934682,0.0236779879778623,0.2287315428256988,0.9067999999981864,0.9975999999980047,0.2729363739490509,0.2356881201267242,0.6906330585479736,0.1000000014901161,0.0030455160886049,1,0.0005,42305016_12,True,cifar10_mobilenetv2_x0_5,0.2729363739490509,0.0358409993350505,1.1392112355679274e-06,0.0236770547926425,0.0010000000474974,0.2731390683477367,0,0.2287315428256988,0.9067999999981864,0.9975999999980047,0.6906330585479736,0.1613901257514953,0.0217236615717411,2.191663952544332e-07,0.0133620193228125,0.0010000000474974,0.1614162970073246,0,0.0529478788375854,0.94479999999979,0.9990666666664448,0.2568734884262085
mobilenetv2_x0_5,5,0.01,0.1,0.2769428035722276,0.0233394540846347,0.1918214410543441,0.905999999998188,0.9965999999980067,0.2790799736976623,0.2415744662284851,0.7321222424507141,0.1000000014901161,0.0032230950891971,1,0.0005,42305016_13,True,cifar10_mobilenetv2_x0_5,0.2790800034999847,0.107275903224945,3.658863715827465e-05,0.0233404822647571,0.0099999997764825,0.2781816667417551,0,0.1918214410543441,0.905999999998188,0.9965999999980067,0.7321221828460693,0.1529543995857238,0.0591281950473785,1.2248288840055466e-05,0.0146229863166809,0.0099999997764825,0.1529625179582485,0,0.1980594843626022,0.9479333333331228,0.9991777777775558,0.2335679829120636
mobilenetv2_x0_5,5,1.0,0.1,0.246728720392602,0.0300186146050691,0.1422437727451324,0.9231999999981536,0.9965999999980067,0.2473211884498596,0.2315544784069061,0.8612706661224365,0.1000000014901161,0.00365686789155,1,0.0005,42305016_16,True,cifar10_mobilenetv2_x0_5,0.247321143746376,0.247276172041893,0.1516389995813369,0.0300183147192001,1.0,0.247111951436226,0,0.1422437727451324,0.9231999999981536,0.9965999999980067,0.8612706661224365,0.0595509707927703,0.0594257079064846,0.0167586505413055,0.0182206705212593,1.0,0.0595777052187968,0,0.1706519722938537,0.9825777777775596,0.9999555555553334,0.0539362356066703
mobilenetv2_x0_5,5,0.5,0.1,0.2581609761914246,0.0292741060256958,0.149588406085968,0.91499999999817,0.996999999998006,0.2593317925930023,0.2351872473955154,0.7749153971672058,0.1000000014901161,0.0033587533980607,1,0.0005,42305016_15,True,cifar10_mobilenetv2_x0_5,0.2593317925930023,0.2588673532009125,0.0542321652173996,0.0292742028832435,0.5,0.2598585425508111,0,0.1495883762836456,0.91499999999817,0.996999999998006,0.7749153971672058,0.0777329206466674,0.0770148634910583,0.0072512030601501,0.0194417908787727,0.5,0.0777385333635785,0,0.1784110367298126,0.97546666666645,0.9999333333331112,0.0763184204697609
mobilenetv2_x0_5,5,0.1,0.1,0.2719873851667883,0.024382684379816,0.0881266593933105,0.9095999999981808,0.9971999999980056,0.2717684805393219,0.2385338246822357,0.7303199768066406,0.1000000014901161,0.0032071992754936,1,0.0005,42305016_14,True,cifar10_mobilenetv2_x0_5,0.2717684805393219,0.2385338246822357,0.0032071992754936,0.0243816412985324,0.1000000014901161,0.2702604180713231,0,0.0881265997886657,0.9095999999981808,0.9971999999980056,0.7303200364112854,0.1314444839954376,0.1111355796456337,0.0008277464658021,0.0171215273439884,0.1000000014901161,0.1314676985577911,0,0.0874489545822143,0.9557555555553432,0.9996888888886668,0.1789060831069946
mobilenetv2_x0_5,4,0.01,0.1,0.2498643765839329,0.0382853969931602,0.3663239777088165,0.932999999998134,0.9977999999980044,0.2529685497283935,0.2482562810182571,1.2085707187652588,0.1000000014901161,0.0049206484109163,1,0.0005,42305016_7,True,cifar10_mobilenetv2_x0_5,0.2529685199260711,0.1323318779468536,5.966890603303909e-05,0.0382849648594856,0.0099999997764825,0.2512624389166986,0,0.3663239777088166,0.932999999998134,0.9977999999980044,1.2085707187652588,0.0103248273953795,0.0066445916891098,1.2051314115524292e-06,0.005232909694314,0.0099999997764825,0.0103307279675557,0,0.1508356928825378,0.9976888888886672,0.9999999999997778,0.0059730969369411
mobilenetv2_x1_0,4,0.001,0.1,0.2356845053597054,0.0335300974547863,0.2602712512016296,0.9445999999981108,0.9977999999980044,0.2346001863479614,0.2328192740678787,1.270156979560852,0.1000000014901161,0.0051036942750215,1,0.0005,42305016_6,True,cifar10_mobilenetv2_x1_0,0.2346001863479614,0.048008594661951,9.499926818534732e-07,0.0335325598716735,0.0010000000474974,0.237003892914168,0,0.2602712512016296,0.9445999999981108,0.9977999999980044,1.270156979560852,0.0030017297249287,0.0011209807125851,1.4070701581658798e-07,0.0019407339859753,0.0010000000474974,0.0030014068977948,0,0.2486819624900818,0.9996666666664444,0.9999999999997778,0.0019435787107795
mobilenetv2_x1_0,5,0.001,0.1,0.2621924942911011,0.0288087092339992,0.298621118068695,0.9177999999981644,0.9973999999980052,0.2606163322925567,0.2389620840549469,0.8341410756111145,0.1000000014901161,0.0035835281014442,1,0.0005,42305016_12,True,cifar10_mobilenetv2_x1_0,0.2606163620948791,0.0392139106988906,1.2169184628874063e-06,0.0288088638335466,0.0010000000474974,0.2628600439605099,0,0.298621118068695,0.9177999999981644,0.9973999999980052,0.834141194820404,0.1018311157822609,0.0170714538544416,7.416383596137166e-07,0.0121230725198984,0.0010000000474974,0.1019062280427674,0,0.0810655355453491,0.9671111111108962,0.9997111111108892,0.1639232188463211
mobilenetv2_x1_0,5,2.0,0.1,0.2496085754278976,0.0352469645440578,0.1762282252311706,0.92999999999814,0.9977999999980044,0.2507332563400268,0.2426442950963974,1.0729247331619265,0.1000000014901161,0.0044319964945316,1,0.0005,42305016_17,True,cifar10_mobilenetv2_x1_0,0.2507332563400268,0.2507355213165283,0.3943030834197998,0.0352472402155399,2.0,0.2511126625027366,0,0.1762285828590393,0.92999999999814,0.9977999999980044,1.0729247331619265,0.0217468068003654,0.0217423755675554,0.0138267129659652,0.0111321052536368,2.0,0.0217787072695693,0,0.1854563951492309,0.995622222222001,0.9999777777775556,0.0142329279333353
mobilenetv2_x1_0,3,0.5,0.1,0.2949477119759201,0.0084667243063449,0.1312574297189712,0.8951999999982097,0.9977999999980044,0.2932201027870178,0.2314418256282806,0.5756916999816895,0.1000000014901161,0.0026019681245088,1,0.0005,42305016_3,True,cifar10_mobilenetv2_x1_0,0.2932201027870178,0.2895682156085968,0.0467727482318878,0.0084680598229169,0.5,0.294034987541047,0,0.1312574297189712,0.8951999999982097,0.9977999999980044,0.5756916999816895,0.2039712965488433,0.1987482607364654,0.023154929280281,0.0287400893867015,0.5,0.2040401289800919,0,0.0850853621959686,0.9309555555553488,0.9992888888886668,0.2554211616516113
mobilenetv2_x1_0,4,2.0,0.1,0.249380830178144,0.0363350845873355,0.2209859490394592,0.9361999999981276,0.9975999999980047,0.2531982362270355,0.249207317829132,1.267688870429993,0.1000000014901161,0.0051047895103693,1,0.0005,42305016_11,True,cifar10_mobilenetv2_x1_0,0.2531982064247131,0.2531997263431549,0.4136973619461059,0.0363346971571445,2.0,0.2531450348571816,0,0.2209859490394592,0.9361999999981276,0.9975999999980047,1.2676887512207031,0.0062918728217482,0.0062863603234291,0.0023737084120512,0.0046482505276799,2.0,0.0062949188759106,0,0.3009890615940094,0.9993111111108892,0.9999777777775556,0.0018773956689983
mobilenetv2_x1_0,3,2.0,0.1,0.2579969777366974,0.0235290303826332,0.2356068193912506,0.9151999999981696,0.9973999999980052,0.2558341026306152,0.2281550914049148,0.7279564142227173,0.1000000014901161,0.0031663421541452,1,0.0005,42305016_5,True,cifar10_mobilenetv2_x1_0,0.2558341026306152,0.255813866853714,0.3571605682373047,0.0235285852104425,2.0,0.2581028929552362,0,0.2356068193912506,0.9151999999981696,0.9973999999980052,0.7279564142227173,0.0910760387778282,0.0910283774137497,0.0829070061445236,0.0207274332642555,2.0,0.0911482315966716,0,0.1116268634796142,0.97095555555534,0.9999333333331112,0.1005563735961914
mobilenetv2_x1_0,4,0.1,0.1,0.2197099233810269,0.0327701307833194,0.2297785878181457,0.9443999999981112,0.997999999998004,0.2200305312871933,0.2182454913854599,1.092188835144043,0.1000000014901161,0.0044430494308471,1,0.0005,42305016_8,True,cifar10_mobilenetv2_x1_0,0.2200305163860321,0.2182455062866211,0.004443047568202,0.0327705144882202,0.1000000014901161,0.222132461406983,0,0.2297785282135009,0.9443999999981112,0.997999999998004,1.0921889543533323,0.0033092093653976,0.0028973368462175,6.671645678579807e-06,0.0023556943051517,0.1000000014901161,0.0033081765595626,0,0.3146508336067199,0.9996888888886668,0.9999999999997778,0.0013137629721313
mobilenetv2_x1_0,0,0.0,0.1,0.2491255621111502,0.0396497137844562,0.2871955633163452,0.9393999999981212,0.997999999998004,0.2498326152563095,0.2481611222028732,1.281227469444275,0.1000000014901161,0.0052126403898,1,0.0005,42305041,True,cifar10_mobilenetv2_x1_0,0.2498326152563095,0.0028662551194429,0.0,0.0396500006318092,0.0,0.2498484770449471,0,0.2871955633163452,0.9393999999981212,0.997999999998004,1.281227469444275,0.002933983458206,2.1801155526191e-05,0.0,0.0019312928197905,0.0,0.0029331771939628,0,0.1885299682617187,0.9996444444442224,0.9999999999997778,0.001162388594821
mobilenetv2_x1_0,5,0.1,0.1,0.2423626555780717,0.0289973355829715,0.1771754026412964,0.9255999999981488,0.9977999999980044,0.2408770471811294,0.225793719291687,0.8003237843513489,0.1000000014901161,0.0034330282360315,1,0.0005,42305016_14,True,cifar10_mobilenetv2_x1_0,0.2408770471811294,0.2257937043905258,0.0034330282360315,0.0289966575801372,0.1000000014901161,0.2423239088336968,0,0.177175223827362,0.9255999999981488,0.9977999999980044,0.8003237843513489,0.0650821551680564,0.0588244833052158,0.000355108641088,0.0137801999226212,0.1000000014901161,0.0651830444075384,0,0.1859245151281356,0.9792222222220048,0.9998666666664444,0.0763693898916244
mobilenetv2_x1_0,3,0.001,0.1,0.4755802465087499,0.0141064831987023,0.1932993829250335,0.8335999999983328,0.9945999999980109,0.4759123921394348,0.3164183795452118,0.8595240116119385,0.1000000014901161,0.003919631242752,1,0.0005,42305016_0,True,cifar10_mobilenetv2_x1_0,0.4759123325347901,0.0405341833829879,9.825453162193298e-07,0.0141056738793849,0.0010000000474974,0.477480916440165,0,0.1932993829250335,0.8335999999983328,0.9945999999980109,0.8595240116119385,0.4577305912971496,0.0367820858955383,9.206414688378572e-07,0.0105138691142201,0.0010000000474974,0.457735713883965,0,0.0723655149340629,0.8402222222220356,0.9943111111108902,0.7067619562149048
mobilenetv2_x1_0,5,1.0,0.1,0.2372382401233852,0.0328835435211658,0.1869065165519714,0.9317999999981365,0.9983999999980032,0.2394981384277343,0.23130863904953,0.9804666638374328,0.1000000014901161,0.0040819160640239,1,0.0005,42305016_16,True,cifar10_mobilenetv2_x1_0,0.239498108625412,0.2394551038742065,0.1572093665599823,0.0328837037086486,1.0,0.2398969097726105,0,0.1869065761566162,0.9317999999981365,0.9983999999980032,0.9804666638374328,0.0237373951822519,0.0236621312797069,0.0053705815225839,0.0099637163802981,1.0,0.0237547996313445,0,0.1525416374206543,0.9938444444442236,0.9999999999997778,0.0159645415842533
mobilenetv2_x1_0,5,0.01,0.1,0.2342297403833352,0.0233397260308265,0.2176198363304138,0.922999999998154,0.9977999999980044,0.2344656437635421,0.2139845490455627,0.6756017208099365,0.1000000014901161,0.0029292162507772,1,0.0005,42305016_13,True,cifar10_mobilenetv2_x1_0,0.2344656735658645,0.1008230671286583,3.3903634175658226e-05,0.0233402829617261,0.0099999997764825,0.2367098516532381,0,0.2176198363304138,0.922999999998154,0.9977999999980044,0.6756017208099365,0.0957912355661392,0.0436504408717155,7.099064532667399e-06,0.0128214657306671,0.0099999997764825,0.0958872087753336,0,0.1250794827938079,0.9685999999997849,0.9997555555553336,0.1379125714302063
mobilenetv2_x1_0,4,0.5,0.1,0.2435017539833402,0.035277422517538,0.7316836714744568,0.9413999999981172,0.9977999999980044,0.2417109757661819,0.2390949726104736,1.2057849168777466,0.1000000014901161,0.0049269050359725,1,0.0005,42305016_9,True,cifar10_mobilenetv2_x1_0,0.2417109757661819,0.2416382730007171,0.0686027184128761,0.0352760404348373,0.5,0.2424466124454862,0,0.7316836714744568,0.9413999999981172,0.9977999999980044,1.2057849168777466,0.0051757600158452,0.0050627854652702,0.0001912964507937,0.0035030306316912,0.5,0.0051753558109706,0,0.3979999423027038,0.9993555555553336,0.9999999999997778,0.0018008023034781
mobilenetv2_x1_0,4,1.0,0.1,0.2377344495359503,0.033129446208477,0.2105132937431335,0.9401999999981197,0.9967999999980064,0.2405587583780288,0.2370045930147171,1.1560561656951904,0.1000000014901161,0.004738250747323,1,0.0005,42305016_10,True,cifar10_mobilenetv2_x1_0,0.2405587881803512,0.2405401021242141,0.1699725836515426,0.0331288427114486,1.0,0.2421073657181296,0,0.2105133533477783,0.9401999999981197,0.9967999999980064,1.1560561656951904,0.0058796843513846,0.0058462209999561,0.0007822951301932,0.0039604865014553,1.0,0.005881352008473,0,0.1919095516204834,0.9992444444442224,0.9999999999997778,0.002202967647463
mobilenetv2_x1_0,3,0.01,0.1,0.4843300429545131,0.0187905021011829,0.1687587350606918,0.8287999999983424,0.9933999999980132,0.4861622452735901,0.3180402815341949,0.8497253656387329,0.1000000014901161,0.0038917623460292,1,0.0005,42305016_1,True,cifar10_mobilenetv2_x1_0,0.4861622452735901,0.1211382821202278,4.270626232028008e-05,0.0187898073345422,0.0099999997764825,0.4881150943580505,0,0.1687587350606918,0.8287999999983424,0.9933999999980132,0.8497253656387329,0.4577931761741638,0.1095152869820594,3.462750464677811e-05,0.0132399927824735,0.0099999997764825,0.4578115785742321,0,0.0588556826114654,0.839755555555369,0.9937333333331124,0.6925262808799744
mobilenetv2_x1_0,3,0.1,0.1,0.372888473979949,0.0118232211098074,0.0585311651229858,0.867999999998264,0.9955999999980089,0.3734109699726105,0.2750840485095978,0.7209124565124512,0.1000000014901161,0.0032672695815563,1,0.0005,42305016_2,True,cifar10_mobilenetv2_x1_0,0.3734109997749328,0.2750840485095978,0.0032672695815563,0.0118232127279043,0.1000000014901161,0.3743244288480245,0,0.058531105518341,0.867999999998264,0.9955999999980089,0.7209124565124512,0.3228891789913177,0.228167861700058,0.0022748820483684,0.0194314047694206,0.1000000014901161,0.3229522264633048,0,0.1897427290678024,0.8897777777775802,0.9968666666664452,0.4935831427574157
mobilenetv2_x1_0,5,0.5,0.1,0.2494232839588931,0.0333365015685558,0.2960501909255981,0.928999999998142,0.9981999999980036,0.2437867671251297,0.2339484393596649,0.9448675513267516,0.1000000014901161,0.0039614625275135,1,0.0005,42305016_15,True,cifar10_mobilenetv2_x1_0,0.2437867671251297,0.2436630874872207,0.0593399778008461,0.0333366617560386,0.5,0.2458449131511273,0,0.2960501909255981,0.928999999998142,0.9981999999980036,0.9448674321174622,0.0337741486728191,0.033532191067934,0.0025905426591634,0.0134031735360622,0.5,0.0337912077170816,0,0.297947883605957,0.9915333333331132,0.9999999999997778,0.0267804749310016
mobilenetv2_x1_0,4,0.01,0.1,0.223864940069442,0.032611321657896,0.221149206161499,0.9453999999981092,0.9977999999980044,0.2269507795572281,0.2252251058816909,1.1875660419464111,0.1000000014901161,0.0047927033156156,1,0.0005,42305016_7,True,cifar10_mobilenetv2_x1_0,0.2269507795572281,0.1297330856323242,5.889055319130421e-05,0.03261249512434,0.0099999997764825,0.2265134005606095,0,0.2211491465568542,0.9453999999981092,0.9977999999980044,1.1875660419464111,0.0026934582274407,0.0016246538143604,2.3170105123426765e-07,0.0019922698847949,0.0099999997764825,0.0026964067995196,0,0.5280346870422363,0.999799999999778,0.9999999999997778,0.0007479391060769
mobilenetv2_x1_0,3,1.0,0.1,0.2522751948466159,0.013389466330409,0.2442036271095276,0.9175999999981648,0.9971999999980056,0.2514823079109192,0.2175240516662597,0.655163586139679,0.1000000014901161,0.0028570480644702,1,0.0005,42305016_4,True,cifar10_mobilenetv2_x1_0,0.2514823079109192,0.2513000071048736,0.1326783299446106,0.0133903361856937,1.0,0.2520032739869381,0,0.2442036271095276,0.9175999999981648,0.9971999999980056,0.655163586139679,0.1270044296979904,0.1265870779752731,0.0420415848493576,0.025866262614727,1.0,0.1270534639513235,0,0.1064480543136596,0.9592444444442312,0.9997555555553336,0.1459797024726867
