name,reg,lamb,test/lr,test/loss,test/ece,test/mce,test/top1_acc,test/top5_acc,test/L,test/alphaD,test/var,test/lambd,test/cummulant,celoss,wd,job_id,data_aug,sweep_model,eval/L,eval/alphaD,eval/cummulant,eval/ece,eval/lambd,eval/loss,eval/lr,eval/mce,eval/top1_acc,eval/top5_acc,eval/var,train/L,train/alphaD,train/cummulant,train/ece,train/lambd,train/loss,train/lr,train/mce,train/top1_acc,train/top5_acc,train/var
shufflenetv2_x1_0,5,0.5,0.1,1.1590382629798222,0.1086622029542923,0.2165930271148681,0.7071999999985856,0.9237999999981524,1.1623833179473877,0.7493532299995422,4.370452880859375,0.1000000014901161,0.018518179655075,1,0.0005,42516418_15,True,cifar100_shufflenetv2_x1_0,1.1623833179473877,1.1271491050720217,0.2820497751235962,0.1086619347333908,0.5,1.16237706185873,0,0.2165932655334473,0.7071999999985856,0.9237999999981524,4.370452880859375,0.0736933723092079,0.0668900385499,0.0026221759617328,0.0551435127854347,0.5,0.0737245625943728,0,0.3168475031852722,0.9941777777775568,0.9999555555553334,0.024080891162157
shufflenetv2_x1_0,5,0.001,0.1,1.1081471735658757,0.0852671489119529,0.1572519540786743,0.7011999999985976,0.9187999999981624,1.1071445941925049,0.6784281134605408,3.4487013816833496,0.1000000014901161,0.0150437504053115,1,0.0005,42516418_12,True,cifar100_shufflenetv2_x1_0,1.1071445941925049,0.0816535130143165,1.8362188711762428e-06,0.0852672830224037,0.0010000000474974,1.1067272597978173,0,0.1572516560554504,0.7011999999985976,0.9187999999981624,3.4487013816833496,0.2579460442066192,0.0223273653537035,4.540197551250458e-07,0.0849767625331878,0.0010000000474974,0.2580514063234715,0,0.2170355319976806,0.9382222222220138,0.9964444444442232,0.2656711637973785
shufflenetv2_x1_0,5,2.0,0.1,1.218602695451833,0.1170343309640884,0.2475143074989318,0.6995999999986008,0.9193999999981612,1.2133077383041382,0.7744311690330505,4.556552410125732,0.1000000014901161,0.0194258913397789,1,0.0005,42516418_17,True,cifar100_shufflenetv2_x1_0,1.2133077383041382,1.2131210565567017,1.8906314373016355,0.117035187780857,2.0,1.2158360236764447,0,0.2475144267082214,0.6995999999986008,0.9193999999981612,4.556552410125732,0.0571212023496627,0.056832667440176,0.0192726552486419,0.0465664714574813,2.0,0.0571371282587721,0,0.315334677696228,0.9969999999997784,0.9999999999997778,0.0136981531977653
shufflenetv2_x1_0,4,0.01,0.1,1.167650496375861,0.1108831241726875,0.2152861356735229,0.7221999999985557,0.916999999998166,1.1669405698776243,0.7741725444793701,4.563220977783203,0.1000000014901161,0.019458383321762,1,0.0005,42516418_7,True,cifar100_shufflenetv2_x1_0,1.1669405698776243,0.2849936485290527,0.0002253139391541,0.1108833253383636,0.0099999997764825,1.1686319583771707,0,0.2152860164642334,0.7221999999985557,0.916999999998166,4.563220977783203,0.016036981716752,0.0050830701366066,1.5251862350851297e-07,0.0143017601221799,0.0099999997764825,0.0160462242192784,0,0.6346059441566467,0.9995333333331112,0.9999999999997778,0.0023634475655853
shufflenetv2_x1_0,4,0.5,0.1,1.1537721091700468,0.1078021973371505,0.212310791015625,0.7193999999985612,0.9123999999981752,1.1523897647857666,0.7592765092849731,4.339878082275391,0.1000000014901161,0.0186641886830329,1,0.0005,42516418_9,True,cifar100_shufflenetv2_x1_0,1.152389645576477,1.1294243335723877,0.2883234620094299,0.1078021675348282,0.5,1.154203330893388,0,0.212310791015625,0.7193999999985612,0.9123999999981752,4.339878082275391,0.0198270883411169,0.0178451091051101,0.0002862019464373,0.0180108472704887,0.5,0.019840104334961,0,0.4795274138450622,0.9995777777775556,0.9999999999997778,0.002498667454347
shufflenetv2_x1_0,4,2.0,0.1,1.133107399373937,0.1025435701012611,0.1723468899726867,0.7251999999985496,0.9227999999981544,1.1412981748580933,0.7524033784866333,4.309280872344971,0.1000000014901161,0.0184610411524772,1,0.0005,42516418_11,True,cifar100_shufflenetv2_x1_0,1.1412981748580933,1.1411994695663452,1.796354055404663,0.1025431230664253,2.0,1.1428933644540735,0,0.1723471879959106,0.7251999999985496,0.9227999999981544,4.309280872344971,0.0200992692261934,0.01997010409832,0.0036470629274845,0.0183477345854043,2.0,0.0201107428281317,0,0.6486743688583374,0.999622222222,0.9999999999997778,0.0024095145054161
shufflenetv2_x1_0,3,1.0,0.1,1.1258203918073135,0.0462507158517837,0.0900236666202545,0.6757999999986484,0.9137999999981724,1.1279126405715942,0.6217708587646484,2.8501381874084477,0.1000000014901161,0.0125982463359832,1,0.0005,42516418_4,True,cifar100_shufflenetv2_x1_0,1.1279126405715942,1.1032512187957764,0.6076270341873169,0.0462509170174598,1.0,1.1297574484659971,0,0.0900240242481231,0.6757999999986484,0.9137999999981724,2.8501381874084477,0.4206352233886719,0.3959388434886933,0.1136131286621093,0.1342943161725998,1.0,0.4207459069888058,0,0.2415069937705993,0.8953111111109122,0.9947555555553346,0.3445613086223602
shufflenetv2_x1_0,3,0.5,0.1,1.1482521319608547,0.0170252136886119,0.0898373425006866,0.672999999998654,0.9133999999981732,1.1490635871887207,0.5995740294456482,2.559793710708618,0.1000000014901161,0.0114994496107101,1,0.0005,42516418_3,True,cifar100_shufflenetv2_x1_0,1.1490635871887207,1.0066684484481812,0.2022449970245361,0.017025277018547,0.5,1.1495863759730205,0,0.0898373425006866,0.672999999998654,0.9133999999981732,2.559793710708618,0.6211700439453125,0.5109241604804993,0.0610780715942382,0.12708181142807,0.5,0.6212763078157764,0,0.1963563561439514,0.8249333333331501,0.9837111111108926,0.6345924139022827
shufflenetv2_x1_0,4,0.1,0.1,1.2060264402558276,0.1139813363552093,0.2298533320426941,0.7167999999985664,0.9091999999981816,1.1979060173034668,0.7865456342697144,4.620442390441895,0.1000000014901161,0.0198245495557785,1,0.0005,42516418_8,True,cifar100_shufflenetv2_x1_0,1.1979060173034668,0.7865456342697144,0.0198245495557785,0.1139818951487541,0.1000000014901161,1.1964266324021604,0,0.2298532128334045,0.7167999999985664,0.9091999999981816,4.620441913604736,0.0160167664289474,0.0106718521565198,9.9940225481987e-06,0.0143764298409223,0.1000000014901161,0.0160238323565357,0,0.6338397264480591,0.9995111111108892,0.9999999999997778,0.0020345416851341
shufflenetv2_x1_0,0,0.0,0.1,1.1960259431580904,0.1110104471445083,0.2414214015007019,0.7187999999985624,0.91499999999817,1.189006209373474,0.7793903946876526,4.532901763916016,0.1000000014901161,0.019471488893032,1,0.0005,42516422,True,cifar100_shufflenetv2_x1_0,1.1890060901641846,0.0102743711322546,0.0,0.1110103204846382,0.0,1.191699966192442,0,0.2414215207099914,0.7187999999985624,0.91499999999817,4.532901287078857,0.015293488278985,3.38829995598644e-05,0.0,0.013755646534264,0.0,0.0153075915604429,0,0.3812582790851593,0.9995777777775556,0.9999999999997778,0.0020681298337876
shufflenetv2_x1_0,3,0.1,0.1,1.2900595598923084,0.0142427701503038,0.0895893946290016,0.6283999999987432,0.8905999999982188,1.288996338844299,0.6141846179962158,2.54878830909729,0.1000000014901161,0.011609137058258,1,0.0005,42516418_2,True,cifar100_shufflenetv2_x1_0,1.2889962196350098,0.6141846179962158,0.0116091519594192,0.0142428409308195,0.1000000014901161,1.2883313053365166,0,0.0895893946290016,0.6283999999987432,0.8905999999982188,2.548788070678711,0.9911069869995116,0.4476571381092071,0.0063067376613616,0.0941737443208694,0.1000000014901161,0.9911466450290628,0,0.1496192216873169,0.714577777777619,0.9393555555553468,1.3510491847991943
shufflenetv2_x1_0,5,0.1,0.1,1.1242789739709416,0.0945958644151687,0.1962042450904846,0.703999999998592,0.918999999998162,1.1242603063583374,0.7059157490730286,3.7819747924804688,0.1000000014901161,0.0163557305932045,1,0.0005,42516418_14,True,cifar100_shufflenetv2_x1_0,1.1242603063583374,0.7059157490730286,0.0163557305932045,0.0945957005023956,0.1000000014901161,1.1250453049279712,0,0.1962042450904846,0.703999999998592,0.918999999998162,3.7819747924804688,0.1627653390169143,0.1025306656956672,0.0004951320588588,0.0801743045449256,0.1000000014901161,0.1628023040896404,0,0.3059514462947845,0.968711111110896,0.999599999999778,0.1035199016332626
shufflenetv2_x1_0,4,1.0,0.1,1.110604553859447,0.0970080643892288,0.1991421580314636,0.728999999998542,0.9191999999981616,1.114982008934021,0.7344681620597839,4.10302734375,0.1000000014901161,0.0176413878798484,1,0.0005,42516418_10,True,cifar100_shufflenetv2_x1_0,1.114982008934021,1.113206386566162,0.7313703298568726,0.0970087796449661,1.0,1.1129761451878355,0,0.1991419196128845,0.728999999998542,0.9191999999981616,4.10302734375,0.0211654864251613,0.0204152502119541,0.0010791979730129,0.0193593613803386,1.0,0.0211741085924792,0,0.4718603491783142,0.999622222222,0.9999999999997778,0.0024842084385454
shufflenetv2_x1_0,5,1.0,0.1,1.1191300863392386,0.1010176986455917,0.1982346773147583,0.718999999998562,0.9231999999981536,1.1221336126327517,0.7332046627998352,4.145176410675049,0.1000000014901161,0.0177194997668266,1,0.0005,42516418_16,True,cifar100_shufflenetv2_x1_0,1.1221336126327517,1.1193037033081057,0.7276023626327515,0.1010177507996559,1.0,1.119889750516753,0,0.1982347965240478,0.718999999998562,0.9231999999981536,4.145176410675049,0.0569329895079135,0.0551668778061866,0.0057693161070346,0.0458087734878063,1.0,0.0569574041259709,0,0.332242488861084,0.9966666666664452,0.9999999999997778,0.0141198905184865
shufflenetv2_x1_0,3,2.0,0.1,1.1756970757327996,0.054700031876564,0.1160406917333602,0.671999999998656,0.912999999998174,1.1766945123672483,0.657274067401886,3.215458869934082,0.1000000014901161,0.0140803977847099,1,0.0005,42516418_5,True,cifar100_shufflenetv2_x1_0,1.1766945123672483,1.172942876815796,1.6371381282806396,0.0547000877559185,2.0,1.179108544594581,0,0.1160407215356826,0.671999999998656,0.912999999998174,3.215458869934082,0.355656623840332,0.3504144549369812,0.2710485458374023,0.1275275945663452,2.0,0.3557397211615052,0,0.2386872768402099,0.9141333333331304,0.9960888888886676,0.2724162638187408
shufflenetv2_x1_0,3,0.01,0.1,1.4031588010924727,0.0249382890760898,0.0530134737491607,0.6061999999987876,0.8717999999982564,1.401310920715332,0.6557257771492004,2.839202404022217,0.1000000014901161,0.0129681676626205,1,0.0005,42516418_1,True,cifar100_shufflenetv2_x1_0,1.401310920715332,0.2289004027843475,0.000140962190926,0.0249383971095085,0.0099999997764825,1.4000450842532854,0,0.0530132353305816,0.6061999999987876,0.8717999999982564,2.8392021656036377,1.1348198652267456,0.178320363163948,8.6258165538311e-05,0.0744671821594238,0.0099999997764825,1.1348486592856333,0,0.1176801919937133,0.6785999999998492,0.9157777777775744,1.7309396266937256
shufflenetv2_x1_0,4,0.001,0.1,1.1770512336567749,0.1082659289240837,0.2194582223892212,0.7213999999985572,0.9131999999981736,1.178330898284912,0.7798367738723755,4.580226898193359,0.1000000014901161,0.0196094140410423,1,0.0005,42516418_6,True,cifar100_shufflenetv2_x1_0,1.178330898284912,0.0944424197077751,2.4506589397788048e-06,0.1082658395171165,0.0010000000474974,1.1771449619606371,0,0.2194582223892212,0.7213999999985572,0.9131999999981736,4.580226898193359,0.0151881976053118,0.0018333442276343,8.830829756334424e-07,0.0136457253247499,0.0010000000474974,0.015190284825337,0,0.6344250440597534,0.999599999999778,0.9999999999997778,0.002062322339043
shufflenetv2_x1_0,3,0.001,0.1,1.4581215493540995,0.0263918358832597,0.0961431115865707,0.5921999999988156,0.8615999999982769,1.457869052886963,0.6696828603744507,2.9564781188964844,0.1000000014901161,0.0134712606668472,1,0.0005,42516418_0,True,cifar100_shufflenetv2_x1_0,1.457869052886963,0.0759514644742012,1.6083940863609314e-06,0.0263918228447437,0.0010000000474974,1.4567012600767792,0,0.0961431115865707,0.5921999999988156,0.8615999999982769,2.9564778804779053,1.1948292255401611,0.0592788942158222,8.291099220514297e-07,0.0740979388356208,0.0010000000474974,1.1948788917198547,0,0.1146403551101684,0.6624888888887417,0.907755555555354,1.801911234855652
shufflenetv2_x1_0,5,0.01,0.1,1.1354436600491529,0.084915742278099,0.1643702983856201,0.6947999999986104,0.91999999999816,1.137147068977356,0.6857225298881531,3.497708797454834,0.1000000014901161,0.0152764543890953,1,0.0005,42516418_13,True,cifar100_shufflenetv2_x1_0,1.137147068977356,0.2500552535057068,0.0001724725589156,0.0849153846502304,0.0099999997764825,1.1389307076004718,0,0.1643702983856201,0.6947999999986104,0.91999999999816,3.497708797454834,0.2475440204143524,0.0622903034090995,1.2099277228116987e-05,0.0864857882261276,0.0099999997764825,0.2476434020015503,0,0.9268882870674132,0.9412222222220132,0.9970222222220008,0.2375253140926361
resnet20,5,0.5,0.1,1.1689453059550627,0.0584482140839099,0.1027668714523315,0.6733999999986532,0.9073999999981852,1.1678619384765625,0.6571395993232727,3.222146987915039,0.1000000014901161,0.0140907168388366,1,0.0005,42516418_15,True,cifar100_resnet20,1.167861819267273,1.0635316371917725,0.2327813506126404,0.058447927236557,0.5,1.164300912036487,0,0.1027669310569763,0.6733999999986532,0.9073999999981852,3.22214674949646,0.4483360350131988,0.3873501121997833,0.0414974242448806,0.1107684895396232,0.5,0.4483049464241981,0,0.1969571113586425,0.8744666666664724,0.9927333333331128,0.4264753460884094
resnet20,0,0.0,0.1,1.2621636443979862,0.1038292050361633,0.1867449283599853,0.6845999999986309,0.9081999999981836,1.2664798498153689,0.777928352355957,4.536427974700928,0.1000000014901161,0.0194159001111984,1,0.0005,42516422,True,cifar100_resnet20,1.2664798498153689,0.0103470748290419,0.0,0.1038292497396469,0.0,1.26364667948483,0,0.1867452263832092,0.6845999999986309,0.9081999999981836,4.536427974700928,0.2789024412631988,0.0007225559093058,0.0,0.0831454694271087,0.0,0.278861782074386,0,0.2119561433792114,0.9291777777775714,0.9954444444442232,0.2975413203239441
resnet20,3,0.5,0.1,1.220531486854639,0.0102250762283802,0.0853286534547805,0.6525999999986948,0.90499999999819,1.2217836380004885,0.5987676382064819,2.537682056427002,0.1000000014901161,0.0114033743739128,1,0.0005,42516418_3,True,cifar100_resnet20,1.2217836380004885,1.0281903743743896,0.2022042274475097,0.0102251358330249,0.5,1.22143290577852,0,0.0853286534547805,0.6525999999986948,0.90499999999819,2.537682056427002,0.8288910984992981,0.6578446626663208,0.090043693780899,0.1164854690432548,0.5,0.8288355597924592,0,0.1847491264343261,0.7576444444442761,0.9636444444442304,0.9577375650405884
resnet20,4,0.01,0.1,1.2842197113768568,0.1160823181271553,0.2043900489807129,0.675999999998648,0.9025999999981948,1.2839186191558838,0.78279048204422,4.534053802490234,0.1000000014901161,0.0194851160049438,1,0.0005,42516418_7,True,cifar100_resnet20,1.2839184999465942,0.2849199473857879,0.0002239802852272,0.1160825416445732,0.0099999997764825,1.2791050070089154,0,0.2043893933296203,0.675999999998648,0.9025999999981948,4.534053802490234,0.2775006294250488,0.0694608017802238,1.5072524547576904e-05,0.0831297188997268,0.0099999997764825,0.2774404541177686,0,0.1960141062736511,0.9290222222220158,0.9956888888886676,0.2924149930477142
resnet20,5,0.001,0.1,1.1607941681303116,0.0666935965418815,0.1046483516693115,0.6715999999986568,0.912999999998174,1.163660764694214,0.6562452912330627,3.1281514167785645,0.1000000014901161,0.0138251036405563,1,0.0005,42516418_12,True,cifar100_resnet20,1.163660764694214,0.0778317078948021,2.0854640752077103e-06,0.0666933953762054,0.0010000000474974,1.1620596283824407,0,0.1046481132507324,0.6715999999986568,0.912999999998174,3.128151178359986,0.606095552444458,0.0415210537612438,5.124602466821671e-07,0.0783680975437164,0.0010000000474974,0.6060802279203847,0,0.1486048102378845,0.8239333333331503,0.973733333333117,0.8969683647155762
resnet20,3,0.01,0.1,1.337273984478839,0.0350011326372623,0.0924166068434715,0.6271999999987456,0.8815999999982368,1.3424782752990725,0.661013662815094,2.9690964221954346,0.1000000014901161,0.0134087055921554,1,0.0005,42516418_1,True,cifar100_resnet20,1.3424782752990725,0.2329964339733124,0.0001477291807532,0.0350010693073272,0.0099999997764825,1.336895775126535,0,0.0924165993928909,0.6271999999987456,0.8815999999982368,2.9690964221954346,1.0928844213485718,0.1778728514909744,8.652079850435257e-05,0.0588615238666534,0.0099999997764825,1.0928394167317084,0,0.099708616733551,0.6813777777776264,0.9215999999997952,1.730062484741211
resnet20,4,0.001,0.1,1.297713147945046,0.1121617034077644,0.2214204668998718,0.6781999999986437,0.9041999999981916,1.306307315826416,0.7973477244377136,4.760787963867188,0.1000000014901161,0.0202887058258056,1,0.0005,42516418_6,True,cifar100_resnet20,1.306307315826416,0.0958881229162216,2.6345951482653618e-06,0.1121623963117599,0.0010000000474974,1.3039884173310607,0,0.2214204668998718,0.6781999999986437,0.9041999999981916,4.760788440704346,0.284060537815094,0.0239157155156135,8.193019311875105e-07,0.0822677016258239,0.0010000000474974,0.2840948098770383,0,0.1953397989273071,0.9258888888886831,0.9951999999997788,0.3033507466316223
resnet20,5,2.0,0.1,1.2359455162067494,0.0801637470722198,0.1241698861122131,0.668999999998662,0.9111999999981776,1.2388079166412354,0.713943600654602,3.811659574508667,0.1000000014901161,0.0164960995316505,1,0.0005,42516418_17,True,cifar100_resnet20,1.2388079166412354,1.2370669841766355,1.7934789657592771,0.0801637917757034,2.0,1.2375936710606998,0,0.1241699457168579,0.668999999998662,0.9111999999981776,3.811659574508667,0.4019939005374909,0.3989118039608001,0.3483880162239074,0.1121888160705566,2.0,0.4019734408816695,0,0.2078889608383178,0.8933111111109127,0.9935555555553348,0.3876227140426636
resnet20,5,1.0,0.1,1.185000556114882,0.0727690905332565,0.1401208639144897,0.6725999999986548,0.9157999999981684,1.186520218849182,0.6774932146072388,3.4707069396972656,0.1000000014901161,0.0150305405259132,1,0.0005,42516418_16,True,cifar100_resnet20,1.186520218849182,1.167885422706604,0.6777225732803345,0.0727691054344177,1.0,1.1828806841419504,0,0.1401211023330688,0.6725999999986548,0.9157999999981684,3.4707069396972656,0.4035035371780395,0.3852894008159637,0.114796757698059,0.1139246523380279,1.0,0.4034387082986921,0,0.4039584994316101,0.8906222222220244,0.9947555555553346,0.3572928309440613
resnet20,4,0.5,0.1,1.245099549863061,0.1014032959938049,0.1936749219894409,0.6793999999986412,0.9103999999981792,1.2494453191757202,0.755681574344635,4.304290294647217,0.1000000014901161,0.0184429585933685,1,0.0005,42516418_9,True,cifar100_resnet20,1.2494454383850098,1.1822657585144043,0.2876684665679931,0.1014032959938049,0.5,1.2499610537001231,0,0.1936752200126648,0.6793999999986412,0.9103999999981792,4.304290294647217,0.2813605070114136,0.2506948113441467,0.0212735533714294,0.1041636765003204,0.5,0.2813510823496353,0,0.2366673350334167,0.9319333333331264,0.9984666666664448,0.2100625336170196
resnet20,3,0.001,0.1,1.3088130765569734,0.0197035372257232,0.0922582149505615,0.6391999999987216,0.8823999999982353,1.3010127544403076,0.6419588923454285,2.8365328311920166,0.1000000014901161,0.0127898007631301,1,0.0005,42516418_0,True,cifar100_resnet20,1.3010127544403076,0.0742833241820335,2.1083978936076164e-06,0.0197032056748867,0.0010000000474974,1.299537729567211,0,0.0922582149505615,0.6391999999987216,0.8823999999982353,2.836533069610596,1.0821199417114258,0.0576749071478843,1.6069971024990082e-06,0.0661170184612274,0.0010000000474974,1.082039380892591,0,0.1164882183074951,0.6892222222220691,0.922399999999795,1.708752155303955
resnet20,3,2.0,0.1,1.1838312470954242,0.0237718969583511,0.0954798758029937,0.6647999999986705,0.9137999999981724,1.1844638586044312,0.6219981908798218,2.8897407054901123,0.1000000014901161,0.0127020254731178,1,0.0005,42516418_5,True,cifar100_resnet20,1.1844637393951416,1.17665433883667,1.5599074363708496,0.0237717218697071,2.0,1.1843550139704293,0,0.0954798758029937,0.6647999999986705,0.9137999999981724,2.8897407054901123,0.6154154539108276,0.6037012338638306,0.5677964687347412,0.1267131567001342,2.0,0.6153416550283956,0,0.1970985531806945,0.8276444444442606,0.9817777777775596,0.6560918688774109
resnet20,5,0.01,0.1,1.1694242888802384,0.058715246617794,0.0989584922790527,0.6753999999986492,0.90999999999818,1.1662744283676147,0.6543201804161072,3.156958103179932,0.1000000014901161,0.0138594955205917,1,0.0005,42516418_13,True,cifar100_resnet20,1.1662744283676147,0.2374016791582107,0.0001557096838951,0.0587154775857925,0.0099999997764825,1.164766990556075,0,0.0989587306976318,0.6753999999986492,0.90999999999818,3.156958103179932,0.5804905891418457,0.1218928024172782,4.280637949705124e-05,0.080778568983078,0.0099999997764825,0.5804404321389504,0,0.1459755003452301,0.8328666666664817,0.9764666666664498,0.852533757686615
resnet20,3,1.0,0.1,1.1860383445054763,0.0153546519577503,0.0895508974790573,0.6613999999986773,0.9093999999981812,1.187167763710022,0.6044647693634033,2.6524853706359863,0.1000000014901161,0.0118098780512809,1,0.0005,42516418_4,True,cifar100_resnet20,1.187167763710022,1.1363859176635742,0.5925174951553345,0.0153551287949085,1.0,1.1818957829526389,0,0.0895508974790573,0.6613999999986773,0.9093999999981812,2.6524853706359863,0.7068772315979004,0.6507046818733215,0.2299761772155761,0.1271141171455383,1.0,0.7068127938567971,0,0.2006518244743347,0.796799999999823,0.9763555555553386,0.7566807270050049
resnet20,4,1.0,0.1,1.2673411959033472,0.098564863204956,0.1674079298973083,0.6713999999986572,0.9113999999981772,1.2629293203353882,0.7516565918922424,4.301220417022705,0.1000000014901161,0.0183312594890594,1,0.0005,42516418_10,True,cifar100_resnet20,1.2629293203353882,1.2515690326690674,0.7732633352279663,0.0985648334026336,1.0,1.2584368282224814,0,0.1674078702926635,0.6713999999986572,0.9113999999981772,4.301220417022705,0.2862544655799866,0.2761352062225342,0.0712371468544006,0.1103844195604324,1.0,0.2862272106625746,0,0.2490825057029724,0.9331777777775704,0.9982444444442228,0.2097081691026687
resnet20,4,2.0,0.1,1.2865274065260783,0.0975425243377685,0.1438739895820617,0.6747999999986504,0.9023999999981952,1.28707754611969,0.7725797295570374,4.495416164398193,0.1000000014901161,0.01922307908535,1,0.0005,42516418_11,True,cifar100_resnet20,1.2870774269104004,1.286148190498352,1.9302482604980469,0.0975424349308014,2.0,1.2835733347673777,0,0.1438736319541931,0.6747999999986504,0.9023999999981952,4.495416164398193,0.2788272500038147,0.2772051095962524,0.2126141786575317,0.1069361567497253,2.0,0.2787657764327901,0,0.2371882200241089,0.9345999999997924,0.9979999999997784,0.209503024816513
resnet20,3,0.1,0.1,1.3256336920785772,0.0209848806262016,0.089452177286148,0.616999999998766,0.88499999999823,1.3242651224136353,0.627964437007904,2.685883045196533,0.1000000014901161,0.012164369225502,1,0.0005,42516418_2,True,cifar100_resnet20,1.3242652416229248,0.627964437007904,0.012164369225502,0.0209847576916217,0.1000000014901161,1.321896784836717,0,0.089452177286148,0.616999999998766,0.88499999999823,2.685883045196533,1.0676486492156982,0.4732411205768585,0.0069638043642044,0.0864942371845245,0.1000000014901161,1.067656208446377,0,0.1261562705039978,0.6921333333331796,0.928533333333127,1.4937520027160645
resnet20,4,0.1,0.1,1.2526929372246056,0.1086979955434799,0.1828291416168213,0.6773999999986452,0.9101999999981796,1.2542709112167358,0.7554345726966858,4.2409749031066895,0.1000000014901161,0.0182789117097854,1,0.0005,42516418_8,True,cifar100_resnet20,1.2542707920074463,0.7554345726966858,0.0182789266109466,0.1086981445550918,0.1000000014901161,1.2513294511737278,0,0.1828287243843078,0.6773999999986452,0.9101999999981796,4.2409749031066895,0.2816426157951355,0.1701539158821106,0.0012134239077568,0.0922035947442054,0.1000000014901161,0.281581173211593,0,0.225026249885559,0.9292888888886824,0.9968444444442228,0.2568899393081665
resnet20,5,0.1,0.1,1.134071957497997,0.0586375892162323,0.1119933426380157,0.67499999999865,0.9157999999981684,1.133272409439087,0.634170651435852,2.941528081893921,0.1000000014901161,0.0130197778344154,1,0.0005,42516418_14,True,cifar100_resnet20,1.133272409439087,0.634170651435852,0.0130197778344154,0.0586376450955867,0.1000000014901161,1.1311415368623314,0,0.1119933575391769,0.67499999999865,0.9157999999981684,2.941528081893921,0.5603751540184021,0.3041786849498749,0.0033155381679534,0.0901861414313316,0.1000000014901161,0.5603144508891468,0,0.1560326218605041,0.8360666666664809,0.981422222222004,0.7119505405426025
vgg11_bn,3,0.001,0.1,4.607513258537613,0.0021163560450077,0.0021163560450077,0.0085999999999828,0.0457999999999084,4.607429504394531,0.012209104374051,0.0007677440298721,0.1000000014901161,4.76837158203125e-06,1,0.0005,42516418_0,True,cifar100_vgg11_bn,4.607429504394531,0.0012379909167066,2.2910535335540777e-07,0.0021163560450077,0.0010000000474974,4.607430527290706,0,0.0021163560450077,0.0085999999999828,0.0457999999999084,0.0007677439716644,4.605340957641602,0.0012311094906181,4.842877388000488e-08,0.000557729974389,0.0010000000474974,4.60534155071708,0,0.000557729974389,0.0101555555555533,0.0504666666666554,0.0007600466487929
vgg11_bn,5,0.1,0.1,1.5122160069533952,0.1632800996303558,0.314975380897522,0.6851999999986296,0.8921999999982156,1.510802149772644,0.9832779169082642,7.127713203430176,0.1000000014901161,0.0296145379543304,1,0.0005,42516418_14,True,cifar100_vgg11_bn,1.510802984237671,0.9832786917686462,0.0296146273612976,0.163279727101326,0.1000000014901161,1.5167283587024665,0,0.3149767518043518,0.6851999999986296,0.8921999999982156,7.127729415893555,0.1135624125599861,0.0986308604478836,0.0008143251761794,0.0212035663425922,0.1000000014901161,0.1135634036500844,0,0.9020000100135804,0.9676444444442296,0.9985333333331116,0.1806934475898742
vgg11_bn,4,0.5,0.1,1.5937207214016258,0.1688975691795349,0.3797353506088257,0.6929999999986141,0.8861999999982276,1.5936880111694336,1.0543179512023926,8.089347839355469,0.1000000014901161,0.0334828495979309,1,0.0005,42516418_9,True,cifar100_vgg11_bn,1.5936882495880127,1.5853973627090454,0.4717556238174438,0.1688980162143707,0.5,1.5979124716875397,0,0.3797354698181152,0.6929999999986141,0.8861999999982276,8.089349746704102,0.0078063900582492,0.0077171707525849,0.0003393141087144,0.0050596878863871,0.5,0.007801291803566,0,0.2355305701494217,0.9988444444442224,0.9999999999997778,0.0033969695214182
vgg11_bn,3,0.01,0.1,4.607543227752991,0.0021107569336891,0.0021107569336891,0.0085999999999828,0.0457999999999084,4.607407093048096,0.0121167078614234,0.0007558595389127,0.1000000014901161,4.470348358154297e-06,1,0.0005,42516418_1,True,cifar100_vgg11_bn,4.607407569885254,0.0038738925941288,1.564621925354004e-07,0.0021107569336891,0.0099999997764825,4.607408616623298,0,0.0021107569336891,0.0085999999999828,0.0457999999999084,0.0007558595389127,4.605337142944336,0.0038487995043396,4.3958425521850586e-07,0.0005560126155614,0.0099999997764825,4.6053371345547625,0,0.0005560126155614,0.0101555555555533,0.0504666666666554,0.0007484145462512
vgg11_bn,0,0.0,0.1,1.550352572619599,0.1564428210258484,0.3366765975952148,0.6939999999986121,0.8821999999982356,1.5455243587493896,1.0205565690994265,7.662793636322021,0.1000000014901161,0.0316791385412216,1,0.0005,42516422,True,cifar100_vgg11_bn,1.545525074005127,0.0173283666372299,0.0,0.1564426720142364,0.0,1.5478666238198011,0,0.3366755247116089,0.6939999999986121,0.8821999999982356,7.662798881530762,0.0067518912255764,4.2263516661478207e-05,0.0,0.004243048839271,0.0,0.0067467538898004,0,0.7367914319038391,0.9991111111108892,0.9999999999997778,0.0039337566122412
vgg11_bn,4,1.0,0.1,1.591256033578609,0.1694743633270263,0.3899662792682647,0.6977999999986044,0.8875999999982248,1.5841095447540283,1.0549795627593994,8.102907180786133,0.1000000014901161,0.0335187166929245,1,0.0005,42516418_10,True,cifar100_vgg11_bn,1.5841070413589478,1.5840561389923096,1.1913477182388306,0.1694733202457428,1.0,1.5837425760456685,0,0.3899658024311065,0.6977999999986044,0.8875999999982248,8.102893829345703,0.0077237524092197,0.007708900142461,0.001144353300333,0.0052571231499314,1.0,0.007724290980455,0,0.6237622499465942,0.999088888888667,0.9999999999997778,0.0035062618553638
vgg11_bn,3,1.0,0.1,4.606231257996567,0.0013178680092096,0.0013178680092096,0.008999999999982,0.0457999999999084,4.606266498565674,0.0068050334230065,0.0002326677204109,0.1000000014901161,1.96695327758789e-06,1,0.0005,42516418_4,True,cifar100_vgg11_bn,4.606266498565674,0.0208829138427972,0.0001163482666015,0.0013178680092096,1.0,4.606278631768211,0,0.0013178680092096,0.008999999999982,0.0457999999999084,0.0002326677204109,4.605178356170654,0.0206504818052053,0.0001177787780761,0.0002042576670646,1.0,4.605178163548552,0,0.0002042576670646,0.0101111111111088,0.0504666666666554,0.0002336826437385
vgg11_bn,5,0.5,0.1,1.5973770908475058,0.1736589819192886,0.3389049172401428,0.6955999999986088,0.8887999999982225,1.6043615341186523,1.0753657817840576,8.542657852172852,0.1000000014901161,0.0349326282739639,1,0.0005,42516418_15,True,cifar100_vgg11_bn,1.6043647527694702,1.5947884321212769,0.482496440410614,0.1736583411693573,0.5,1.6073699406693225,0,0.3389047384262085,0.6955999999986088,0.8887999999982225,8.542684555053711,0.0467587634921073,0.0463721267879009,0.0045862756669521,0.0156544633209705,0.5,0.0467350249554315,0,0.2460439950227737,0.9885999999997804,0.9998444444442224,0.0521788224577903
vgg11_bn,4,0.001,0.1,1.5574291817507349,0.1658164858818054,0.373066246509552,0.6881999999986236,0.8891999999982216,1.563032627105713,1.022110939025879,7.588357448577881,0.1000000014901161,0.0315864980220794,1,0.0005,42516418_6,True,cifar100_vgg11_bn,1.5630336999893188,0.1222530975937843,3.776280209422111e-06,0.1658161580562591,0.0010000000474974,1.5644436768815813,0,0.3730663657188415,0.6881999999986236,0.8891999999982216,7.58836841583252,0.006850411184132,0.0019848807714879,1.746911948430352e-07,0.0045482013374567,0.0010000000474974,0.0068467513545738,0,0.7061108350753784,0.9991111111108892,0.9999999999997778,0.0031970655545592
vgg11_bn,4,2.0,0.1,1.5779880098559187,0.1690328568220138,0.3866411745548248,0.7031999999985936,0.8935999999982128,1.576991319656372,1.0640029907226562,8.4583158493042,0.1000000014901161,0.0343899875879287,1,0.0005,42516418_11,True,cifar100_vgg11_bn,1.5769883394241333,1.576991081237793,2.715028047561645,0.1690346002578735,2.0,1.5784066251968958,0,0.386642724275589,0.7031999999985936,0.8935999999982128,8.458312034606934,0.0081962589174509,0.0081977155059576,0.0042446143925189,0.0049595939926803,2.0,0.008192570059391,0,0.2066418528556823,0.9987333333331114,0.9999999999997778,0.0044195442460477
vgg11_bn,5,1.0,0.1,1.5980928115006818,0.1757665276527404,0.3318505883216858,0.7011999999985976,0.8935999999982128,1.5993026494979858,1.0869076251983645,8.862600326538086,0.1000000014901161,0.0358562767505645,1,0.0005,42516418_16,True,cifar100_vgg11_bn,1.599300980567932,1.5991941690444946,1.2147833108901978,0.1757670640945434,1.0,1.606103175075473,0,0.3318508267402649,0.7011999999985976,0.8935999999982128,8.862601280212402,0.0361272320151329,0.0360741727054119,0.0103885158896446,0.0132635990157723,1.0,0.0361345176384573,0,0.3510013818740845,0.9914444444442242,0.9999333333331112,0.0370814800262451
vgg11_bn,3,0.5,0.1,4.606670186600473,0.0018561035394668,0.0018561035394668,0.0085999999999828,0.0457999999999084,4.606640338897705,0.0086552333086729,0.0003795009979512,0.1000000014901161,3.129243850708008e-06,1,0.0005,42516418_3,True,cifar100_vgg11_bn,4.606640338897705,0.0190240088850259,4.792213439941406e-05,0.0018561035394668,0.5,4.606649539551533,0,0.0018561035394668,0.0085999999999828,0.0457999999999084,0.0003795009688474,4.605217456817627,0.0188413318246603,4.792213439941406e-05,0.0003052288666367,0.5,4.605217326509469,0,0.0003052288666367,0.0101555555555533,0.0504666666666554,0.0003787994210142
vgg11_bn,5,2.0,0.1,1.6685039213897928,0.1876237988471985,0.3699210584163666,0.6911999999986176,0.8903999999982192,1.6630789041519165,1.1221990585327148,9.43932819366455,0.1000000014901161,0.0379404574632644,1,0.0005,42516418_17,True,cifar100_vgg11_bn,1.663081169128418,1.6630786657333374,2.873703956604004,0.1876238882541656,2.0,1.6716703943000442,0,0.3699241578578949,0.6911999999986176,0.8903999999982192,9.439358711242676,0.0357012450695037,0.0356960408389568,0.0293263792991638,0.013062160462141,2.0,0.0357148321113491,0,0.2313507795333862,0.991733333333113,0.9998444444442224,0.0421912521123886
vgg11_bn,5,0.001,0.1,1.4184234075606703,0.1461342573165893,0.2818204164505005,0.6863999999986272,0.897999999998204,1.4198371171951294,0.9125865697860718,6.226006031036377,0.1000000014901161,0.0259701907634735,1,0.0005,42516418_12,True,cifar100_vgg11_bn,1.4198366403579712,0.1096919476985931,3.630411811172962e-06,0.1461343169212341,0.0010000000474974,1.4192022316512387,0,0.2818220853805542,0.6863999999986272,0.897999999998204,6.226003170013428,0.2171537429094314,0.0291981343179941,6.696791388094425e-07,0.0201697275042533,0.0010000000474974,0.2171525263358137,0,0.0939410924911499,0.9373999999997916,0.9935777777775572,0.4647243618965149
vgg11_bn,4,0.1,0.1,1.538967799370897,0.1595458388328552,0.326143205165863,0.6967999999986064,0.8831999999982336,1.5379034280776978,1.015810489654541,7.507248401641846,0.1000000014901161,0.0312718152999877,1,0.0005,42516418_8,True,cifar100_vgg11_bn,1.5378997325897217,1.015806794166565,0.0312714427709579,0.1595445424318313,0.1000000014901161,1.5400459818292354,0,0.3261394500732422,0.6967999999986064,0.8831999999982336,7.50722074508667,0.0069287898950278,0.0061875912360847,1.1955562513321638e-05,0.00487304572016,0.1000000014901161,0.0069247773124881,0,0.7166057825088501,0.9991777777775558,0.9999999999997778,0.0024224743247032
vgg11_bn,3,0.1,0.1,4.607216832718364,0.002050906419754,0.002050906419754,0.0085999999999828,0.0457999999999084,4.607210636138916,0.0112676387652754,0.0006512660183943,0.1000000014901161,2.9206275939941406e-06,1,0.0005,42516418_2,True,cifar100_vgg11_bn,4.607210636138916,0.0112670063972473,2.8908252716064453e-06,0.002050906419754,0.1000000014901161,4.607213399490827,0,0.002050906419754,0.0085999999999828,0.0457999999999084,0.0006512659601867,4.605301856994629,0.0111736673861742,3.75509262084961e-06,0.000495109707117,0.1000000014901161,4.605302127663167,0,0.000495109707117,0.0101555555555533,0.0504666666666554,0.0006459498545154
vgg11_bn,5,0.01,0.1,1.4298115186694784,0.1535609662532806,0.3012405037879944,0.6797999999986404,0.8931999999982136,1.434653878211975,0.9193957448005676,6.211615562438965,0.1000000014901161,0.0261319726705551,1,0.0005,42516418_13,True,cifar100_vgg11_bn,1.434653878211975,0.3339145183563232,0.0003055902197957,0.1535608172416687,0.0099999997764825,1.441530519003127,0,0.3012405037879944,0.6797999999986404,0.8931999999982136,6.211613178253174,0.2027837634086609,0.0788566097617149,2.130679786205292e-05,0.0210934951901435,0.0099999997764825,0.2027541322687754,0,0.1014465987682342,0.941733333333124,0.9944222222220012,0.4165159463882446
vgg11_bn,4,0.01,0.1,1.5523920885907168,0.1618133634328842,0.3641194403171539,0.6931999999986136,0.8867999999982265,1.5467379093170166,1.0197213888168335,7.560268402099609,0.1000000014901161,0.0314914882183074,1,0.0005,42516418_7,True,cifar100_vgg11_bn,1.5467402935028076,0.3692462742328644,0.0003707380965352,0.161813348531723,0.0099999997764825,1.5466346136943034,0,0.3641187250614166,0.6931999999986136,0.8867999999982265,7.560263156890869,0.0066836224868893,0.0039875409565865,7.90241756476462e-08,0.0044385818764567,0.0099999997764825,0.0066792406944932,0,0.7367925047874451,0.9990666666664448,0.9999999999997778,0.0029294725973159
vgg11_bn,3,2.0,0.1,4.605881021104041,0.001246515661478,0.001246515661478,0.008999999999982,0.0445999999999108,4.605898857116699,0.0049079884774982,0.0001208439207402,0.1000000014901161,4.76837158203125e-07,1,0.0005,42516418_5,True,cifar100_vgg11_bn,4.605898857116699,0.0205532889813184,0.0002422332763671,0.001246515661478,2.0,4.605911634049583,0,0.001246515661478,0.008999999999982,0.0445999999999108,0.0001208439207402,4.605156898498535,0.0202542971819639,0.000244140625,0.0001407032832503,2.0,4.6051573019228815,0,0.0001407032832503,0.0101111111111088,0.0505999999999887,0.0001224064617417
shufflenetv2_x0_5,4,0.001,0.1,1.344364082141081,0.1241756528615951,0.2357571125030517,0.6703999999986592,0.900999999998198,1.3450946807861328,0.8185948729515076,4.90702486038208,0.1000000014901161,0.0210527628660202,1,0.0005,42516418_6,True,cifar100_shufflenetv2_x0_5,1.3450947999954224,0.0975124686956405,3.275112248957157e-06,0.1241756826639175,0.0010000000474974,1.3434833043056753,0,0.2357576489448547,0.6703999999986592,0.900999999998198,4.90702486038208,0.1728154420852661,0.0150433275848627,2.004089765250683e-07,0.0812952145934104,0.0010000000474974,0.1728242167427475,0,0.2580184042453766,0.9661999999997852,0.9993777777775558,0.1206414327025413
shufflenetv2_x0_5,4,0.01,0.1,1.3351423435688026,0.126753956079483,0.2239862084388733,0.6675999999986648,0.8977999999982044,1.3420076370239258,0.8156677484512329,4.866060256958008,0.1000000014901161,0.0208937674760818,1,0.0005,42516418_7,True,cifar100_shufflenetv2_x0_5,1.3420076370239258,0.2956690490245819,0.0002402979880571,0.1267533898353577,0.0099999997764825,1.3359521084304584,0,0.223986804485321,0.6675999999986648,0.8977999999982044,4.866060733795166,0.1773029863834381,0.0446830913424491,6.825081072747707e-06,0.0841159075498581,0.0099999997764825,0.1772670650076661,0,0.2651470303535461,0.9660222222220076,0.9994222222220002,0.1224563866853714
shufflenetv2_x0_5,3,0.1,0.1,1.59385305563389,0.0221548788249492,0.0454789996147155,0.5551999999988896,0.8481999999983036,1.5916306972503662,0.6553254723548889,2.7355170249938965,0.1000000014901161,0.0126376897096633,1,0.0005,42516418_2,True,cifar100_shufflenetv2_x0_5,1.5916305780410769,0.6553252935409546,0.0126377046108245,0.0221549980342388,0.1000000014901161,1.587468939225873,0,0.0454796552658081,0.5551999999988896,0.8481999999983036,2.735517263412476,1.4217414855957031,0.5411326885223389,0.0085930079221725,0.0897150561213493,0.1000000014901161,1.421857017604279,0,0.1303488612174987,0.5999111111109778,0.881888888888693,1.8238292932510376
shufflenetv2_x0_5,5,0.01,0.1,1.2020280444572364,0.0476800240576267,0.0942866206169128,0.666999999998666,0.9037999999981924,1.207948088645935,0.655731201171875,3.058894395828247,0.1000000014901161,0.013622798025608,1,0.0005,42516418_13,True,cifar100_shufflenetv2_x0_5,1.207948088645935,0.2351026982069015,0.0001518754288554,0.047680377960205,0.0099999997764825,1.207473494998871,0,0.094287097454071,0.666999999998666,0.9037999999981924,3.058894395828247,0.6523658633232117,0.1284321546554565,4.630256444215775e-05,0.0878715440630912,0.0099999997764825,0.6524628625642627,0,0.1580350995063781,0.8129555555553749,0.972088888888673,0.934278130531311
shufflenetv2_x0_5,3,0.01,0.1,1.659743051891152,0.0171482674777507,0.0919163972139358,0.5355999999989288,0.8401999999983196,1.6597570180892944,0.6795705556869507,2.9443156719207764,0.1000000014901161,0.0135499387979507,1,0.0005,42516418_1,True,cifar100_shufflenetv2_x0_5,1.6597570180892944,0.2340579628944397,0.0001466888934373,0.0171481799334287,0.0099999997764825,1.660259108905359,0,0.0919163823127746,0.5355999999989288,0.8401999999983196,2.9443154335021973,1.5085554122924805,0.1994274854660034,0.0001061912626028,0.0681111887097358,0.0099999997764825,1.5088045711364475,0,0.1085783243179321,0.5801777777776489,0.8627777777775861,2.125985860824585
shufflenetv2_x0_5,3,2.0,0.1,1.4549716346141583,0.0756177455186843,0.1461344957351684,0.5933999999988132,0.8779999999982441,1.4582819938659668,0.574763298034668,2.2448322772979736,0.1000000014901161,0.0102567225694656,1,0.0005,42516418_5,True,cifar100_shufflenetv2_x0_5,1.4582821130752563,1.3440955877304075,1.5594136714935305,0.0756177082657814,2.0,1.4556971661918596,0,0.146134614944458,0.5933999999988132,0.8779999999982441,2.2448322772979736,1.1095991134643557,0.9659491181373596,0.8936586380004883,0.195972591638565,2.0,1.109665430341874,0,0.2628461718559265,0.7024444444442884,0.9458444444442344,1.0018447637557983
shufflenetv2_x0_5,3,1.0,0.1,1.5826267949774244,0.0624648407101631,0.1064227819442749,0.5517999999988964,0.8537999999982924,1.5822337865829468,0.5884295701980591,2.2516777515411377,0.1000000014901161,0.010401964187622,1,0.0005,42516418_4,True,cifar100_shufflenetv2_x0_5,1.5822337865829468,1.3207950592041016,0.6173166036605835,0.0624647885560989,1.0,1.5798377744404888,0,0.106422483921051,0.5517999999988964,0.8537999999982924,2.2516777515411377,1.296553134918213,1.0088759660720823,0.3850321769714355,0.1810245662927627,1.0,1.296692290692997,0,0.2415855526924133,0.6491777777776335,0.9201111111109068,1.2209069728851318
shufflenetv2_x0_5,3,0.5,0.1,1.488403844089172,0.039199560880661,0.0638794898986816,0.5851999999988297,0.8637999999982724,1.493834376335144,0.6142514944076538,2.4638683795928955,0.1000000014901161,0.0113428980112075,1,0.0005,42516418_3,True,cifar100_shufflenetv2_x0_5,1.493834376335144,1.1230154037475586,0.2137603163719177,0.0391994751989841,0.5,1.492454295604252,0,0.0638792514801025,0.5851999999988297,0.8637999999982724,2.4638686180114746,1.2474517822265625,0.8618236780166626,0.1287965774536132,0.1421854645013809,0.5,1.2475868178330665,0,0.2029993534088134,0.6511111111109664,0.92024444444424,1.3324309587478638
shufflenetv2_x0_5,4,0.5,0.1,1.306608849110566,0.1180266886949539,0.1922195553779602,0.6681999999986636,0.902999999998194,1.3040462732315063,0.789816677570343,4.648261070251465,0.1000000014901161,0.0198890417814254,1,0.0005,42516418_9,True,cifar100_shufflenetv2_x0_5,1.3040462732315063,1.240018367767334,0.3082473874092102,0.1180265545845031,0.5,1.301800965611917,0,0.1922191381454468,0.6681999999986636,0.902999999998194,4.648261070251465,0.1563512086868286,0.1395315676927566,0.0081272721290588,0.0902632251381874,0.5,0.1563889393917411,0,0.3550397157669067,0.9756444444442276,0.9999111111108888,0.0764270573854446
shufflenetv2_x0_5,5,0.5,0.1,1.2196815156798702,0.0566771887242794,0.1109316796064376,0.6651999999986696,0.9065999999981867,1.225391507148743,0.6709184646606445,3.24558424949646,0.1000000014901161,0.0143448039889335,1,0.0005,42516418_15,True,cifar100_shufflenetv2_x0_5,1.225391507148743,1.1067893505096436,0.2416773438453674,0.0566770732402801,0.5,1.2230369978988422,0,0.1109316498041153,0.6651999999986696,0.9065999999981867,3.24558424949646,0.4380577206611634,0.3691073954105377,0.0364002287387847,0.132811814546585,0.5,0.4381178473296816,0,0.2354938387870788,0.8880666666664694,0.9944444444442236,0.3641290962696075
shufflenetv2_x0_5,5,1.0,0.1,1.2812034362108995,0.0809414684772491,0.1288830637931823,0.657999999998684,0.8973999999982052,1.2857577800750732,0.7219996452331543,3.757883071899414,0.1000000014901161,0.0164961516857147,1,0.0005,42516418_16,True,cifar100_shufflenetv2_x0_5,1.2857577800750732,1.2638014554977417,0.7495982646942139,0.0809413790702819,1.0,1.2823899381901342,0,0.128883421421051,0.657999999998684,0.8973999999982052,3.757883071899414,0.3339213132858276,0.3153756260871887,0.0794275999069213,0.1341083347797393,1.0,0.3339595548957487,0,0.2622690796852112,0.9263111111109054,0.9980444444442228,0.2302566468715667
shufflenetv2_x0_5,5,0.001,0.1,1.208354430786585,0.0582532510161399,0.1016067862510681,0.6571999999986856,0.9037999999981924,1.2114028930664062,0.6530805826187134,3.027008056640625,0.1000000014901161,0.0134914442896842,1,0.0005,42516418_12,True,cifar100_shufflenetv2_x0_5,1.2114028930664062,0.0766087174415588,2.1439045667648315e-06,0.0582530871033668,0.0010000000474974,1.210088651767316,0,0.1016067862510681,0.6571999999986856,0.9037999999981924,3.027008056640625,0.6805357933044434,0.0438101328909397,5.66127710044384e-07,0.084268219769001,0.0010000000474974,0.6806657019277199,0,0.146406888961792,0.8035999999998215,0.9680444444442294,0.9962365627288818
shufflenetv2_x0_5,3,0.001,0.1,1.6616368583477246,0.0338110998272895,0.0938337966799736,0.533999999998932,0.8351999999983296,1.6622437238693235,0.6931493282318115,3.042672872543335,0.1000000014901161,0.0140274763107299,1,0.0005,42516418_0,True,cifar100_shufflenetv2_x0_5,1.6622437238693235,0.0772139355540275,1.896871253848076e-06,0.0338112488389015,0.0010000000474974,1.66204874432431,0,0.0938337966799736,0.533999999998932,0.8351999999983296,3.042672872543335,1.5073267221450806,0.0647748485207557,1.475098542869091e-06,0.0653292760252952,0.0010000000474974,1.5074158479365087,0,0.0993825197219848,0.5798444444443156,0.8633111111109193,2.138079643249512
shufflenetv2_x0_5,0,0.0,0.1,1.3278573387182429,0.1294853836297989,0.2376159429550171,0.665999999998668,0.9013999999981972,1.3334248065948486,0.8169838190078735,4.982120990753174,0.1000000014901161,0.0212046802043914,1,0.0005,42516422,True,cifar100_shufflenetv2_x0_5,1.3334248065948486,0.0112795550376176,0.0,0.1294851899147033,0.0,1.3294653647451182,0,0.23761647939682,0.665999999998668,0.9013999999981972,4.982120990753174,0.1712670177221298,0.0004362985491752,0.0,0.0794814303517341,0.0,0.1712816117911391,0,0.92254376411438,0.9661333333331188,0.9992444444442224,0.1228280737996101
shufflenetv2_x0_5,4,1.0,0.1,1.3108049475553136,0.1125670224428176,0.1968801021575927,0.6691999999986616,0.8993999999982012,1.3156708478927612,0.7918775677680969,4.667393684387207,0.1000000014901161,0.0199690759181976,1,0.0005,42516418_10,True,cifar100_shufflenetv2_x0_5,1.3156708478927612,1.306875467300415,0.8320778608322144,0.1125673651695251,1.0,1.3115726166366175,0,0.1968794465065002,0.6691999999986616,0.8993999999982012,4.667393684387207,0.1563532650470733,0.1499548554420471,0.0256731808185577,0.0973316580057144,1.0,0.1563478370785608,0,0.4619171619415283,0.9792666666664492,0.9999999999997778,0.0668579712510109
shufflenetv2_x0_5,5,2.0,0.1,1.3122392349834524,0.0713648423552513,0.1196019053459167,0.6343999999987312,0.8941999999982116,1.3145029544830322,0.6971831917762756,3.4892966747283936,0.1000000014901161,0.0153661966323852,1,0.0005,42516418_17,True,cifar100_shufflenetv2_x0_5,1.3145029544830322,1.3093054294586182,1.8264336585998533,0.0713644027709961,2.0,1.3134304278482285,0,0.1196014881134033,0.6343999999987312,0.8941999999982116,3.4892966747283936,0.4210880100727082,0.4132165312767029,0.3174005150794983,0.1555967926979065,2.0,0.4210675659942886,0,0.2645370960235595,0.90471111111091,0.9958666666664454,0.3078410625457763
shufflenetv2_x0_5,5,0.1,0.1,1.210918717970972,0.0461655035614967,0.100632756948471,0.660999999998678,0.8999999999982,1.213295578956604,0.655460000038147,3.074655294418335,0.1000000014901161,0.0136673599481582,1,0.0005,42516418_14,True,cifar100_shufflenetv2_x0_5,1.213295578956604,0.655460000038147,0.0136673524975776,0.0461655110120773,0.1000000014901161,1.212404906143523,0,0.1006326377391815,0.660999999998678,0.8999999999982,3.074655294418335,0.6136636137962341,0.3173665404319763,0.0034945458173751,0.1042080968618393,0.1000000014901161,0.6136805665415259,0,0.1840044260025024,0.8255777777775943,0.9789111111108936,0.7469936609268188
shufflenetv2_x0_5,4,2.0,0.1,1.460729139312894,0.1221130788326263,0.1860950291156768,0.6303999999987392,0.8883999999982232,1.4673281908035278,0.8316102623939514,5.048806667327881,0.1000000014901161,0.0215811878442764,1,0.0005,42516418_11,True,cifar100_shufflenetv2_x0_5,1.4673281908035278,1.4658424854278564,2.212275743484497,0.1221133023500442,2.0,1.462188725932495,0,0.186095267534256,0.6303999999987392,0.8883999999982232,5.048806667327881,0.2284550368785858,0.2259235084056854,0.1366147398948669,0.1253109574317932,2.0,0.2284797750791593,0,0.3150665760040283,0.963511111110897,0.9996888888886668,0.1142794489860534
shufflenetv2_x0_5,4,0.1,0.1,1.3485922031812183,0.1229341551661491,0.2156779170036316,0.6695999999986608,0.8963999999982072,1.3505421876907349,0.8221094012260437,4.934175491333008,0.1000000014901161,0.021195039153099,1,0.0005,42516418_8,True,cifar100_shufflenetv2_x0_5,1.3505421876907349,0.8221094012260437,0.021195039153099,0.1229350268840789,0.1000000014901161,1.3463472836438428,0,0.2156774401664734,0.6695999999986608,0.8963999999982072,4.934175491333008,0.1626069545745849,0.1005186215043068,0.0004592649638652,0.0844279676675796,0.1000000014901161,0.1626037431957774,0,0.2896923720836639,0.9709333333331176,0.9997555555553336,0.095557577908039
resnet44,5,0.001,0.1,1.1621462011487014,0.1008078232407569,0.2150366902351379,0.6991999999986016,0.9217999999981564,1.1639548540115356,0.7309758067131042,4.103163242340088,0.1000000014901161,0.0175538286566734,1,0.0005,42516418_12,True,cifar100_resnet44,1.1639548540115356,0.0891028344631195,2.379529178142548e-06,0.1008076518774032,0.0010000000474974,1.157342460172862,0,0.2150356769561767,0.6991999999986016,0.9217999999981564,4.103163719177246,0.291809618473053,0.0269068796187639,9.389477781951429e-07,0.0668739974498748,0.0010000000474974,0.2917208514772549,0,0.1803176999092102,0.9202666666664622,0.9932444444442238,0.3854191601276397
resnet44,3,0.01,0.1,1.2448948138688245,0.0567712746560573,0.1108981966972351,0.6431999999987136,0.8991999999982017,1.2414520978927612,0.6538726687431335,3.018803119659424,0.1000000014901161,0.0134703516960144,1,0.0005,42516418_1,True,cifar100_resnet44,1.2414520978927612,0.2336902767419815,0.0001493161544203,0.05677105858922,0.0099999997764825,1.2394238406183098,0,0.110897958278656,0.6431999999987136,0.8991999999982017,3.0188026428222656,0.8882805705070496,0.1630317568778991,7.371604442596436e-05,0.0597735792398452,0.0099999997764825,0.8882433703849862,0,0.1067330837249756,0.7401999999998355,0.943866666666457,1.480596661567688
resnet44,4,0.001,0.1,1.3767582290441345,0.1474920362234115,0.2881640195846557,0.705999999998588,0.90999999999818,1.3787846565246582,0.923708200454712,6.464882850646973,0.1000000014901161,0.0268602818250656,1,0.0005,42516418_6,True,cifar100_resnet44,1.3787847757339478,0.1119122356176376,3.586406819522381e-06,0.1474923640489578,0.0010000000474974,1.376109635141871,0,0.2881637215614319,0.705999999998588,0.90999999999818,6.464882850646973,0.0417994819581508,0.0054091066122055,7.914859452284873e-07,0.0290724113583564,0.0010000000474974,0.0417866925579375,0,0.2907148003578186,0.9952444444442232,0.9999777777775556,0.0165810286998748
resnet44,5,0.1,0.1,1.1846794420517794,0.1051992774009704,0.1792787313461303,0.7035999999985928,0.916999999998166,1.185122013092041,0.7522993683815002,4.307136058807373,0.1000000014901161,0.0184279009699821,1,0.0005,42516418_14,True,cifar100_resnet44,1.185122013092041,0.7522992491722107,0.0184279009699821,0.1051990315318107,0.1000000014901161,1.1785603785582497,0,0.1792784333229065,0.7035999999985928,0.916999999998166,4.307136058807373,0.2178488969802856,0.1445447951555252,0.0009795315563678,0.0694540143013,0.1000000014901161,0.2177908312913574,0,0.1960784792900085,0.9435333333331236,0.9979333333331116,0.2080922722816467
resnet44,3,2.0,0.1,1.219181715832517,0.0881626605987548,0.1685262620449066,0.6791999999986417,0.9093999999981812,1.2247207164764404,0.7313010692596436,4.070019245147705,0.1000000014901161,0.0174648985266685,1,0.0005,42516418_5,True,cifar100_resnet44,1.2247207164764404,1.2232177257537842,1.8026237487792969,0.0881625786423683,2.0,1.2224458986369002,0,0.1685256063938141,0.6791999999986417,0.9093999999981812,4.070019245147705,0.342305988073349,0.3398942947387695,0.2942587733268738,0.0979993194341659,2.0,0.3422678913726647,0,0.200359046459198,0.9089777777775758,0.9948444444442236,0.3342872262001037
resnet44,3,0.1,0.1,1.2096910858066303,0.0296703279018402,0.0667279735207557,0.6573999999986853,0.9017999999981964,1.204981565475464,0.6257506608963013,2.744643211364746,0.1000000014901161,0.0123495906591415,1,0.0005,42516418_2,True,cifar100_resnet44,1.204981565475464,0.6257506608963013,0.0123495757579803,0.0296703893691301,0.1000000014901161,1.203691237563056,0,0.0667279735207557,0.6573999999986853,0.9017999999981964,2.744643211364746,0.8482029438018799,0.4199901819229126,0.005778819322586,0.0722992345690727,0.1000000014901161,0.8480881458851811,0,0.1293638944625854,0.7478666666665005,0.9530666666664548,1.2463172674179075
resnet44,3,0.5,0.1,1.1059530163241975,0.0542551502585411,0.1286453753709793,0.6931999999986136,0.9203999999981592,1.105672836303711,0.6377040147781372,3.03110933303833,0.1000000014901161,0.0133277848362922,1,0.0005,42516418_3,True,cifar100_resnet44,1.1056727170944214,1.0191162824630735,0.2218198180198669,0.0542553216218948,0.5,1.1057013744547786,0,0.1286453157663345,0.6931999999986136,0.9203999999981592,3.03110933303833,0.484811007976532,0.4242373704910278,0.0499473512172699,0.0945509374141693,0.5,0.4847718370294939,0,0.1666080951690673,0.8571777777775873,0.98999999999978,0.5311363935470581
resnet44,4,1.0,0.1,1.3146613829715144,0.1430783122777938,0.2870731651782989,0.6929999999986141,0.9173999999981652,1.322580099105835,0.8728434443473816,5.975894927978516,0.1000000014901161,0.0246282219886779,1,0.0005,42516418_10,True,cifar100_resnet44,1.322580099105835,1.3207544088363647,0.9110333919525146,0.1430783420801162,1.0,1.315283434925473,0,0.2870731055736542,0.6929999999986141,0.9173999999981652,5.975894451141357,0.0581731647253036,0.0570721141993999,0.0076637119054794,0.0427303090691566,1.0,0.0581784219744324,0,0.8468369841575623,0.994799999999779,0.9999999999997778,0.0201148595660924
resnet44,4,2.0,0.1,1.3646647982926583,0.142404556274414,0.2674739956855774,0.7021999999985956,0.9125999999981748,1.3617994785308838,0.9129647016525269,6.488714218139648,0.1000000014901161,0.0266485512256622,1,0.0005,42516418_11,True,cifar100_resnet44,1.3617995977401731,1.3617383241653442,2.229413747787476,0.1424043476581573,2.0,1.353946631469862,0,0.2674740552902221,0.7021999999985956,0.9125999999981748,6.488714218139648,0.049622181802988,0.0494951456785202,0.0198385789990425,0.0378566905856132,2.0,0.0496057297328918,0,0.3504471182823181,0.9960888888886676,0.9999999999997778,0.0152075141668319
resnet44,5,2.0,0.1,1.3417500906434408,0.1390658318996429,0.2407541871070861,0.6885999999986229,0.912999999998174,1.3324311971664429,0.8681265115737915,5.860243797302246,0.1000000014901161,0.0242801010608673,1,0.0005,42516418_17,True,cifar100_resnet44,1.3324311971664429,1.332276463508606,2.1301581859588623,0.1390663832426071,2.0,1.3290382676631938,0,0.2407547235488891,0.6885999999986229,0.912999999998174,5.860243320465088,0.1112204864621162,0.1109288707375526,0.0660221725702285,0.0623762160539627,2.0,0.1112171529559726,0,0.4936434030532837,0.9810222222220044,0.9999333333331112,0.0597672872245311
resnet44,3,0.001,0.1,1.2300294273902035,0.047885961830616,0.0870938897132873,0.6507999999986984,0.8997999999982004,1.22884202003479,0.6443825960159302,2.895463228225708,0.1000000014901161,0.0130066126585006,1,0.0005,42516418_0,True,cifar100_resnet44,1.2288421392440796,0.0750217586755752,1.4633405953645706e-06,0.0478860363364219,0.0010000000474974,1.2272969835820606,0,0.0870940089225769,0.6507999999986984,0.8997999999982004,2.895462989807129,0.8975786566734314,0.0539352782070636,1.1249212548136711e-06,0.0574994161725044,0.0010000000474974,0.8975793359799179,0,0.0977287292480468,0.7367111111109474,0.9437333333331236,1.5020601749420166
resnet44,4,0.1,0.1,1.3141841643438237,0.1409201323986053,0.2729967534542084,0.7115999999985768,0.9205999999981588,1.300763487815857,0.8846205472946167,6.144211769104004,0.1000000014901161,0.0252780467271804,1,0.0005,42516418_8,True,cifar100_resnet44,1.3007636070251465,0.8846206665039062,0.0252780467271804,0.1409206688404083,0.1000000014901161,1.293129726597812,0,0.272996574640274,0.7115999999985768,0.9205999999981588,6.144211769104004,0.0451344959437847,0.0330600850284099,8.840113878250122e-05,0.0316970124840736,0.1000000014901161,0.0451369425256236,0,0.3647737503051758,0.99531111111089,0.9999999999997778,0.0182472709566354
resnet44,5,1.0,0.1,1.2358485573311415,0.1181556284427642,0.2149149775505066,0.7041999999985916,0.9161999999981676,1.2338191270828247,0.8057993650436401,5.129543781280518,0.1000000014901161,0.0213482901453971,1,0.0005,42516418_16,True,cifar100_resnet44,1.2338190078735352,1.230733871459961,0.8212442398071289,0.1181551218032836,1.0,1.224783941490994,0,0.2149146795272827,0.7041999999985916,0.9161999999981676,5.129543304443359,0.1133769899606704,0.1112018302083015,0.0214809328317642,0.0647212862968444,1.0,0.1133637048916995,0,0.2842704951763153,0.9815333333331152,0.9998888888886668,0.0600616261363029
resnet44,3,1.0,0.1,1.1633500778818793,0.0833723992109298,0.1373369246721267,0.6817999999986364,0.9163999999981672,1.1689763069152832,0.6860910058021545,3.535292863845825,0.1000000014901161,0.0153561234474182,1,0.0005,42516418_4,True,cifar100_resnet44,1.1689763069152832,1.1550757884979248,0.6856780052185059,0.0833722054958343,1.0,1.1633322858954227,0,0.1373368352651596,0.6817999999986364,0.9163999999981672,3.535292863845825,0.3721591532230377,0.3588559627532959,0.1106874048709869,0.0983549728989601,1.0,0.3720480733424359,0,0.196462869644165,0.8960888888886898,0.9943777777775568,0.3576329350471496
resnet44,0,0.0,0.1,1.370038180858331,0.1500504463911056,0.2768551707267761,0.702999999998594,0.9123999999981752,1.3739032745361328,0.9262320399284364,6.57825231552124,0.1000000014901161,0.0271589308977127,1,0.0005,42516422,True,cifar100_resnet44,1.3739032745361328,0.0148501638323068,0.0,0.1500500440597534,0.0,1.366187720807766,0,0.2768554091453552,0.702999999998594,0.9123999999981752,6.578251361846924,0.0422817729413509,0.0001013575965771,0.0,0.0294981896877288,0.0,0.0422733556349364,0,0.8453114032745361,0.9955999999997788,0.9999999999997778,0.0178695321083068
resnet44,5,0.01,0.1,1.1496649289343304,0.0951346084475517,0.1739759147167205,0.7015999999985968,0.9207999999981584,1.146841526031494,0.7139668464660645,3.895462036132813,0.1000000014901161,0.0167313069105148,1,0.0005,42516418_13,True,cifar100_resnet44,1.146841526031494,0.2627775967121124,0.0001921691000461,0.0951342806220054,0.0099999997764825,1.1449375951525906,0,0.1739759743213653,0.7015999999985968,0.9207999999981584,3.895462036132813,0.2845052480697632,0.0773446634411811,1.836195588111877e-05,0.0640570446848869,0.0099999997764825,0.28444431229487,0,0.164404034614563,0.9207333333331288,0.9935999999997792,0.3661550879478454
resnet44,5,0.5,0.1,1.211985542764254,0.1139318272471427,0.2267311811447143,0.7033999999985933,0.917999999998164,1.2152873277664185,0.7951382398605347,4.971864700317383,0.1000000014901161,0.0208245664834976,1,0.0005,42516418_15,True,cifar100_resnet44,1.215287446975708,1.178310751914978,0.3068758249282837,0.1139319464564323,0.5,1.2079992169062237,0,0.2267311215400696,0.7033999999985933,0.917999999998164,4.971864700317383,0.1388845294713974,0.1287999153137207,0.0086083337664604,0.0690896213054657,0.5,0.1388580284679828,0,0.2474323511123657,0.9723555555553396,0.999799999999778,0.0837679654359817
resnet44,4,0.01,0.1,1.358012371576319,0.1472653150558471,0.2840773463249206,0.7081999999985836,0.9117999999981764,1.353878617286682,0.9144874811172484,6.415508270263672,0.1000000014901161,0.0265335738658905,1,0.0005,42516418_7,True,cifar100_resnet44,1.353878617286682,0.3377260267734527,0.0003151381388306,0.1472649425268173,0.0099999997764825,1.3479855828697846,0,0.2840773463249206,0.7081999999985836,0.9117999999981764,6.415508270263672,0.0419815406203269,0.0151046570390462,1.1523952707648275e-06,0.029069622978568,0.0099999997764825,0.0419652351387215,0,0.3094038069248199,0.9953999999997788,0.9999555555553334,0.0178419519215822
resnet44,4,0.5,0.1,1.2778990083503845,0.1372937858104705,0.2556349635124206,0.7055999999985888,0.91999999999816,1.279660940170288,0.8557303547859192,5.705419540405273,0.1000000014901161,0.0236884802579879,1,0.0005,42516418_9,True,cifar100_resnet44,1.279660940170288,1.2572418451309204,0.3423260450363159,0.1372951567173004,0.5,1.2714773201545522,0,0.2556349039077759,0.7055999999985888,0.91999999999816,5.705419540405273,0.0509179793298244,0.0477311722934246,0.0018345694988965,0.0378418080508708,0.5,0.0509019312631542,0,0.2876085340976715,0.99551111111089,0.9999999999997778,0.0169223919510841
mobilenetv2_x0_5,4,0.1,0.1,1.16795885802522,0.1148001998662948,0.2107264399528503,0.7177999999985644,0.921999999998156,1.1735122203826904,0.778821587562561,4.728594303131104,0.1000000014901161,0.0199286267161369,1,0.0005,42516418_8,True,cifar100_mobilenetv2_x0_5,1.1735122203826904,0.778821587562561,0.0199286267161369,0.1148008853197097,0.1000000014901161,1.1710554951534553,0,0.2107263803482055,0.7177999999985644,0.921999999998156,4.728594303131104,0.085375890135765,0.0594620928168296,0.0002101045101881,0.0507132038474082,0.1000000014901161,0.0853728922035466,0,0.2701500356197357,0.9867777777775586,0.9998666666664444,0.0437094047665596
mobilenetv2_x0_5,5,2.0,0.1,1.2091128820095791,0.0526283793151378,0.1153826415538787,0.6601999999986796,0.907999999998184,1.2079362869262695,0.6541326642036438,3.148123025894165,0.1000000014901161,0.0138495564460754,1,0.0005,42516418_17,True,cifar100_mobilenetv2_x0_5,1.2079362869262695,1.201098084449768,1.646221160888672,0.0526289567351341,2.0,1.2080707663217762,0,0.115382581949234,0.6601999999986796,0.907999999998184,3.148123025894165,0.4804443120956421,0.4715396165847778,0.4082505702972412,0.1180537939071655,2.0,0.4804510929433438,0,0.1960408091545105,0.8642222222220303,0.9930222222220016,0.436503529548645
mobilenetv2_x0_5,0,0.0,0.1,1.1732832783554663,0.1189459785819053,0.2637892067432403,0.7205999999985588,0.921999999998156,1.1755863428115845,0.7829672694206238,4.704885959625244,0.1000000014901161,0.0199767798185348,1,0.0005,42516422,True,cifar100_mobilenetv2_x0_5,1.1755863428115845,0.0105631258338689,0.0,0.1189461648464202,0.0,1.1774619364811618,0,0.2637892067432403,0.7205999999985588,0.921999999998156,4.704886436462402,0.0790575519204139,0.000180175557034,0.0,0.0457525178790092,0.0,0.079101506912481,0,0.3114339709281921,0.9872666666664474,0.9999999999997778,0.042493138462305
mobilenetv2_x0_5,4,0.001,0.1,1.1837793880742633,0.1170985177159309,0.2376526594161987,0.7193999999985612,0.913999999998172,1.18397319316864,0.7905740141868591,4.812424182891846,0.1000000014901161,0.0203510224819183,1,0.0005,42516418_6,True,cifar100_mobilenetv2_x0_5,1.18397319316864,0.0963656827807426,2.3707980290055275e-06,0.1170978471636772,0.0010000000474974,1.1831512355849152,0,0.2376526594161987,0.7193999999985612,0.913999999998172,4.812424182891846,0.0858880132436752,0.0097086755558848,5.732727004215121e-08,0.0478852242231369,0.0010000000474974,0.0859101173757784,0,0.3617115318775177,0.985911111110892,0.999799999999778,0.0520048439502716
mobilenetv2_x0_5,3,1.0,0.1,1.5068340830421303,0.0913986191153526,0.1505424380302429,0.5733999999988532,0.8717999999982564,1.506100296974182,0.5423685312271118,1.9326409101486208,0.1000000014901161,0.0089464783668518,1,0.0005,42516418_4,True,cifar100_mobilenetv2_x0_5,1.506100296974182,1.2174863815307615,0.5418292284011841,0.0913986936211586,1.0,1.5059744290928228,0,0.1505423188209533,0.5733999999988532,0.8717999999982564,1.9326409101486208,1.3383961915969849,1.0211955308914185,0.3890906572341919,0.162968710064888,1.0,1.3385550412858844,0,0.2298218011856079,0.6218666666665286,0.9162444444442408,1.2368077039718628
mobilenetv2_x0_5,5,0.1,0.1,1.086182230167892,0.0399521738290786,0.0708917379379272,0.6861999999986276,0.9153999999981692,1.083724856376648,0.5997776985168457,2.633708000183105,0.1000000014901161,0.0117166340351104,1,0.0005,42516418_14,True,cifar100_mobilenetv2_x0_5,1.0837247371673584,0.5997776985168457,0.0117166340351104,0.0399521589279174,0.1000000014901161,1.0813733155088892,0,0.0708916187286377,0.6861999999986276,0.9153999999981692,2.633708000183105,0.6088911294937134,0.3250981569290161,0.0037020370364189,0.0832578018307685,0.1000000014901161,0.6089376449577636,0,0.1960233747959137,0.8187111111109292,0.978644444444227,0.7944267392158508
mobilenetv2_x0_5,3,0.1,0.1,1.6815360478099737,0.0284008625894784,0.0547061823308467,0.5337999999989325,0.83499999999833,1.6796966791152954,0.6406694054603577,2.570427179336548,0.1000000014901161,0.0119590312242507,1,0.0005,42516418_2,True,cifar100_mobilenetv2_x0_5,1.6796964406967163,0.6406694054603577,0.0119580775499343,0.0284008607268333,0.1000000014901161,1.6801434210482795,0,0.0547061823308467,0.5337999999989325,0.83499999999833,2.5704269409179688,1.6017630100250244,0.5664947032928467,0.0092506557703018,0.0768783465027809,0.1000000014901161,1.601969031356693,0,0.1100756525993347,0.5463111111109897,0.8540888888886992,1.957153558731079
mobilenetv2_x0_5,3,0.5,0.1,1.479022382950369,0.0587469339370727,0.0942532420158386,0.5781999999988436,0.8733999999982532,1.4783962965011597,0.5721865296363831,2.119813680648804,0.1000000014901161,0.0098296254873275,1,0.0005,42516418_3,True,cifar100_mobilenetv2_x0_5,1.4783962965011597,1.0599827766418457,0.1899017691612243,0.0587468072772026,0.5,1.4805345587480292,0,0.0942530035972595,0.5781999999988436,0.8733999999982532,2.119813680648804,1.3532636165618896,0.9038342237472534,0.1379708051681518,0.1307106614112854,0.5,1.3534572753624914,0,0.1809674501419067,0.6151111111109745,0.9065111111109098,1.4248220920562744
mobilenetv2_x0_5,5,1.0,0.1,1.0837482685392414,0.0553084313869476,0.1043400168418884,0.6987999999986024,0.9223999999981553,1.0858261585235596,0.6353772282600403,3.047330856323242,0.1000000014901161,0.0133553743362426,1,0.0005,42516418_16,True,cifar100_mobilenetv2_x0_5,1.0858261585235596,1.0687657594680786,0.6138088703155518,0.0553085729479789,1.0,1.0834060097284155,0,0.1043402552604675,0.6987999999986024,0.9223999999981553,3.0473310947418213,0.3686114549636841,0.3528554439544678,0.1023236513137817,0.1074818521738052,1.0,0.3686071375006159,0,0.2092398405075073,0.899688888888689,0.9966222222220008,0.3115023374557495
mobilenetv2_x0_5,5,0.001,0.1,1.1390223795440904,0.0423398837447166,0.0986246615648269,0.6745999999986508,0.9155999999981688,1.1412837505340576,0.6200740337371826,2.742360591888428,0.1000000014901161,0.0122826471924781,1,0.0005,42516418_12,True,cifar100_mobilenetv2_x0_5,1.1412837505340576,0.0730090737342834,1.643202267587185e-06,0.04233980178833,0.0010000000474974,1.1410943472640398,0,0.0986246615648269,0.6745999999986508,0.9155999999981688,2.742360591888428,0.7236114740371704,0.0466094799339771,7.264316082000732e-07,0.06966133415699,0.0010000000474974,0.7237971394165561,0,0.1175211668014526,0.7874666666664917,0.9646666666664524,1.1266751289367676
mobilenetv2_x0_5,5,0.5,0.1,1.070492803515199,0.047058030962944,0.0924325436353683,0.6985999999986028,0.9215999999981568,1.0641324520111084,0.6127204895019531,2.8259310722351074,0.1000000014901161,0.0124448537826538,1,0.0005,42516418_15,True,cifar100_mobilenetv2_x0_5,1.0641324520111084,0.9766499400138856,0.208063006401062,0.0470578484237194,0.5,1.0617167527135416,0,0.0924325436353683,0.6985999999986028,0.9215999999981568,2.8259310722351074,0.4393657445907593,0.3819501101970672,0.0412790179252624,0.1026305556297302,0.5,0.4394519764002995,0,0.1918467283248901,0.8741999999998058,0.9935333333331126,0.4260247349739074
mobilenetv2_x0_5,3,0.01,0.1,2.030326562104725,0.0146094672381877,0.0458246245980262,0.443999999999112,0.7713999999984572,2.0288586616516118,0.7051056623458862,2.9851882457733154,0.1000000014901161,0.01399827003479,1,0.0005,42516418_1,True,cifar100_mobilenetv2_x0_5,2.028858423233032,0.237730011343956,0.0001488905400037,0.014609495177865,0.0099999997764825,2.03447406190238,0,0.0458246320486068,0.443999999999112,0.7713999999984572,2.9851880073547363,1.960538387298584,0.2144646495580673,0.0001199133694171,0.0513334795832634,0.0099999997764825,1.960895501643086,0,0.0794645547866821,0.4672222222221184,0.7840222222220481,2.412971019744873
mobilenetv2_x0_5,3,0.001,0.1,1.6800255707446887,0.0117309652268886,0.0870649516582489,0.5343999999989312,0.8303999999983392,1.681544542312622,0.6637788414955139,2.7833733558654785,0.1000000014901161,0.0128686279058456,1,0.0005,42516418_0,True,cifar100_mobilenetv2_x0_5,1.6815446615219116,0.0738630592823028,2.1241139620542526e-06,0.0117310006171464,0.0010000000474974,1.6820708743268111,0,0.0870649516582489,0.5343999999989312,0.8303999999983392,2.7833733558654785,1.6066259145736694,0.0658334642648696,1.5922123566269877e-06,0.0533233433961868,0.0010000000474974,1.606766055839451,0,0.0893332362174987,0.5462888888887675,0.8498444444442557,2.2091026306152344
mobilenetv2_x0_5,4,1.0,0.1,1.1412457043186746,0.1081949025392532,0.2157605290412902,0.710999999998578,0.9261999999981476,1.132601261138916,0.7330674529075623,4.171886444091797,0.1000000014901161,0.0177791863679885,1,0.0005,42516418_10,True,cifar100_mobilenetv2_x0_5,1.132601261138916,1.1291440725326538,0.7276558876037598,0.108194351196289,1.0,1.1346597010184398,0,0.2157603502273559,0.710999999998578,0.9261999999981476,4.171886444091797,0.109303243458271,0.1069912835955619,0.0195853784680366,0.0646610930562019,1.0,0.1093308440855475,0,0.3374809026718139,0.9831555555553372,0.9999777777775556,0.0533760637044906
mobilenetv2_x0_5,4,0.5,0.1,1.1327215248643183,0.1039333939552307,0.2155554294586181,0.7205999999985588,0.9203999999981592,1.1327515840530396,0.7441376447677612,4.292508602142334,0.1000000014901161,0.018263429403305,1,0.0005,42516418_9,True,cifar100_mobilenetv2_x0_5,1.13275146484375,1.102947473526001,0.2787942886352539,0.1039332896471023,0.5,1.1346963072110103,0,0.2155556082725525,0.7205999999985588,0.9203999999981592,4.292508602142334,0.1016980409622192,0.0943927615880966,0.0051327347755432,0.061360664665699,0.5,0.1017286534448011,0,0.4850154519081116,0.9847555555553368,0.9999333333331112,0.0484372600913047
mobilenetv2_x0_5,4,2.0,0.1,1.2794968062202217,0.1118999272584915,0.1905359029769897,0.6831999999986336,0.9081999999981836,1.282070517539978,0.7903855443000793,4.693368434906006,0.1000000014901161,0.0200336873531341,1,0.0005,42516418_11,True,cifar100_mobilenetv2_x0_5,1.282070517539978,1.2814126014709473,1.9666049480438232,0.1118999272584915,2.0,1.2826264255786268,0,0.1905358433723449,0.6831999999986336,0.9081999999981836,4.693368434906006,0.1861897110939026,0.1851733773946762,0.1255971193313598,0.0865135043859481,2.0,0.186202288891023,0,0.3305777907371521,0.9608222222220087,0.9996888888886668,0.1152342930436134
mobilenetv2_x0_5,5,0.01,0.1,1.1273623729075788,0.043438971042633,0.088620126247406,0.677999999998644,0.918999999998162,1.1322908401489258,0.6189194917678833,2.7645492553710938,0.1000000014901161,0.0123227015137672,1,0.0005,42516418_13,True,cifar100_mobilenetv2_x0_5,1.1322908401489258,0.2229868322610855,0.0001372620463371,0.0434389859437942,0.0099999997764825,1.1286830151398135,0,0.0886198878288269,0.677999999998644,0.918999999998162,2.7645492553710938,0.6837316751480103,0.1352778226137161,5.192402750253677e-05,0.0709807276725769,0.0099999997764825,0.6839078549245742,0,0.3124790787696838,0.7983333333331559,0.9682444444442292,1.032881498336792
mobilenetv2_x0_5,3,2.0,0.1,1.760021596266977,0.1741104423999786,0.3261868953704834,0.5235999999989528,0.8505999999982988,1.7612226009368896,0.4907844662666321,1.6334112882614136,0.1000000014901161,0.0075508058071136,1,0.0005,42516418_5,True,cifar100_mobilenetv2_x0_5,1.7612228393554688,1.2903988361358645,1.295374870300293,0.1741104125976562,2.0,1.7618650308382753,0,0.3261868357658386,0.5235999999989528,0.8505999999982988,1.6334112882614136,1.625068187713623,1.1053231954574585,0.9801454544067384,0.2260098755359649,2.0,1.625186569219062,0,0.3603245615959167,0.5612444444443198,0.8949555555553568,1.061936616897583
mobilenetv2_x0_5,4,0.01,0.1,1.1958773845415267,0.1237021386623382,0.2356014251708984,0.7121999999985756,0.9151999999981696,1.1990474462509155,0.7922235131263733,4.811161041259766,0.1000000014901161,0.0203554406762123,1,0.0005,42516418_7,True,cifar100_mobilenetv2_x0_5,1.1990474462509155,0.2921221554279327,0.0002364376559853,0.1237020418047905,0.0099999997764825,1.1980337971419193,0,0.2356014251708984,0.7121999999985756,0.9151999999981696,4.811161041259766,0.0804063379764556,0.0255843866616487,2.976972609758377e-06,0.046323262155056,0.0099999997764825,0.0804513729004705,0,0.3236811757087707,0.987133333333114,0.9999111111108888,0.0441469140350818
repvgg_a1,3,0.001,0.1,1.1612875843202122,0.0385863333940506,0.0917124524712562,0.6667999999986665,0.9061999999981876,1.1663142442703247,0.6224749684333801,2.750514268875122,0.1000000014901161,0.0123156607151031,1,0.0005,42516418_0,True,cifar100_repvgg_a1,1.166313886642456,0.0730900540947914,1.877662725746632e-06,0.0385863445699214,0.0010000000474974,1.1609252923882871,0,0.0917124524712562,0.6667999999986665,0.9061999999981876,2.75051212310791,0.771499514579773,0.0491800382733345,9.307987056672572e-07,0.0699930936098098,0.0010000000474974,0.7715505862339502,0,0.1277673840522766,0.7777999999998272,0.9571777777775652,1.2528804540634155
repvgg_a1,5,0.01,0.1,1.0275877589809876,0.0987966656684875,0.247036337852478,0.7537999999984925,0.9355999999981288,1.030491828918457,0.7246862053871155,4.288532733917236,0.1000000014901161,0.0179594978690147,1,0.0005,42516418_13,True,cifar100_repvgg_a1,1.0304921865463257,0.2735658586025238,0.0002112332731485,0.0987971723079681,0.0099999997764825,1.0304023648116802,0,0.247036874294281,0.7537999999984925,0.9355999999981288,4.288536548614502,0.032414361834526,0.0130227524787187,8.480274118483067e-07,0.0221015308052301,0.0099999997764825,0.0324182525385716,0,0.3908491730690002,0.9964444444442232,0.9999777777775556,0.015751888975501
repvgg_a1,5,0.001,0.1,1.0779702479217843,0.1119737848639488,0.2047306895256042,0.7421999999985156,0.9303999999981392,1.0756866931915283,0.7474011182785034,4.430125236511231,0.1000000014901161,0.0186728611588478,1,0.0005,42516418_12,True,cifar100_repvgg_a1,1.0756863355636597,0.0926893949508667,2.8025824576616287e-06,0.1119730845093727,0.0010000000474974,1.0715058351165985,0,0.2047306299209594,0.7421999999985156,0.9303999999981392,4.430122375488281,0.0363519378006458,0.0054805297404527,1.1231895769014957e-07,0.0241197012364864,0.0010000000474974,0.0363690411672498,0,0.3356282711029053,0.9956444444442232,0.9999777777775556,0.0179034881293773
repvgg_a1,5,1.0,0.1,0.9848871494375568,0.0859491750597953,0.18081134557724,0.7565999999984868,0.9325999999981348,0.9855377674102784,0.6870205998420715,3.843408584594727,0.1000000014901161,0.0162488296627998,1,0.0005,42516418_16,True,cifar100_repvgg_a1,0.9855368733406068,0.9848260879516602,0.6502860188484192,0.0859492272138595,1.0,0.9838167334644284,0,0.1808121800422668,0.7565999999984868,0.9325999999981348,3.84340763092041,0.0116624757647514,0.0113624781370162,0.0005865022540092,0.0104346862062811,1.0,0.0116656091856618,0,0.2286481857299804,0.999599999999778,0.9999999999997778,0.0014390649739652
repvgg_a1,4,2.0,0.1,0.9668109948569418,0.0677716732025146,0.1448216438293457,0.7555999999984888,0.932999999998134,0.9714539051055908,0.6482235789299011,3.224027156829834,0.1000000014901161,0.0140536502003669,1,0.0005,42516418_11,True,cifar100_repvgg_a1,0.9714548587799072,0.9714065194129944,1.495251178741455,0.06777074187994,2.0,0.9673985029390378,0,0.1448209881782531,0.7555999999984888,0.932999999998134,3.2240307331085205,0.0083322525024414,0.0082450788468122,0.0008544921875,0.0078330375254154,2.0,0.0083354427818425,0,0.36123788356781,0.9998888888886668,0.9999999999997778,0.0005736758466809
repvgg_a1,5,0.5,0.1,1.0123877192442106,0.0957233905792236,0.1910863518714904,0.7447999999985104,0.9323999999981352,1.010387659072876,0.6884315013885498,3.698487520217896,0.1000000014901161,0.0159014090895652,1,0.0005,42516418_15,True,cifar100_repvgg_a1,1.010386347770691,0.9959232807159424,0.2474483847618103,0.0957242846488952,0.5,1.0134935284553883,0,0.1910870671272277,0.7447999999985104,0.9323999999981352,3.698476791381836,0.0148481400683522,0.0137346554547548,0.0002696053124964,0.0129058342427015,0.5,0.0148526880701777,0,0.4250145554542541,0.999399999999778,0.9999999999997778,0.0024440600536763
repvgg_a1,3,2.0,0.1,1.0703147733820408,0.1053642928600311,0.2089715003967285,0.742999999998514,0.9315999999981368,1.0665149688720703,0.7368060350418091,4.392172336578369,0.1000000014901161,0.0184213668107986,1,0.0005,42516418_5,True,cifar100_repvgg_a1,1.0665149688720703,1.0664565563201904,1.6899290084838867,0.1053625270724296,2.0,1.0658203089868576,0,0.2089715600013733,0.742999999998514,0.9315999999981368,4.392172336578369,0.0379369482398033,0.0378282219171524,0.0135312527418136,0.0297924280166626,2.0,0.0379280057523693,0,0.808753252029419,0.9970888888886674,0.9999999999997778,0.0100214779376983
repvgg_a1,0,0.0,0.1,0.9944416190181982,0.0741892457008361,0.2067967653274536,0.7623999999984752,0.9325999999981348,0.9882323741912842,0.6644691824913025,3.3486831188201904,0.1000000014901161,0.0145966410636901,1,0.0005,42516422,True,cifar100_repvgg_a1,0.9882320761680604,0.0075373812578618,0.0,0.0741889178752899,0.0,0.9838885034171668,0,0.2067963480949402,0.7623999999984752,0.9325999999981348,3.3486745357513428,0.0061281658709049,2.350882277823985e-05,0.0,0.0054933526553213,0.0,0.0061278504009094,0,0.6175222992897034,0.9997555555553336,0.9999999999997778,0.0007080363575369
repvgg_a1,5,0.1,0.1,1.0349539244960653,0.0931110382080078,0.9112740159034728,0.7521999999984956,0.93499999999813,1.0294800996780396,0.7122786641120911,4.043696880340576,0.1000000014901161,0.0171592831611633,1,0.0005,42516418_14,True,cifar100_repvgg_a1,1.029480218887329,0.7122789621353149,0.0171593055129051,0.0931103751063346,0.1000000014901161,1.0277213568317205,0,0.9112740159034728,0.7521999999984956,0.93499999999813,4.043703079223633,0.0213433466851711,0.016016760841012,2.7668196707963943e-05,0.0171033218502998,0.1000000014901161,0.0213452548739564,0,0.8334486484527588,0.9985555555553336,0.9999999999997778,0.0055307811126112
repvgg_a1,3,0.01,0.1,1.0835747087544392,0.0497239604592323,0.0903775617480278,0.6855999999986289,0.917999999998164,1.088280200958252,0.6070427298545837,2.710621833801269,0.1000000014901161,0.0120148360729217,1,0.0005,42516418_1,True,cifar100_repvgg_a1,1.0882805585861206,0.2200368493795395,0.0001339418813586,0.0497233793139457,0.0099999997764825,1.0844842726530246,0,0.0903775617480278,0.6855999999986289,0.917999999998164,2.710621118545532,0.6505346298217773,0.1356386542320251,5.183182656764984e-05,0.0697103515267372,0.0099999997764825,0.6505220430448856,0,0.1350485682487487,0.8115777777775974,0.9683777777775626,1.047453999519348
repvgg_a1,4,0.01,0.1,1.0279617185221217,0.0681360140442848,0.1483798027038574,0.7557999999984885,0.9317999999981365,1.0303829908370972,0.6815985441207886,3.463594913482666,0.1000000014901161,0.0151619836688041,1,0.0005,42516418_7,True,cifar100_repvgg_a1,1.030384540557861,0.249037966132164,0.0001710560172796,0.0681372284889221,0.0099999997764825,1.0259665752287843,0,0.1483802199363708,0.7557999999984885,0.9317999999981365,3.463601589202881,0.0064110960811376,0.0019891830161213,2.1478626877069479e-07,0.0059305764734745,0.0099999997764825,0.0064117816664784,0,0.2463303804397583,0.9997777777775556,0.9999999999997778,0.0005110261263325
repvgg_a1,4,0.001,0.1,0.979204889642348,0.068412497639656,0.1552658081054687,0.7621999999984757,0.9333999999981332,0.981034517288208,0.6563345193862915,3.2534213066101074,0.1000000014901161,0.0142411589622497,1,0.0005,42516418_6,True,cifar100_repvgg_a1,0.9810351133346558,0.079328216612339,1.6115373000502586e-06,0.0684124827384948,0.0010000000474974,0.9795297409166758,0,0.1552658081054687,0.7621999999984757,0.9333999999981332,3.253426551818848,0.0064039127901196,0.000838799867779,6.818677320552524e-07,0.0058690742589533,0.0010000000474974,0.0064066876230338,0,0.4885723888874054,0.999822222222,0.9999999999997778,0.0005292079877108
repvgg_a1,3,1.0,0.1,1.0148042524747374,0.0862111151218414,0.189687430858612,0.7389999999985221,0.9355999999981288,1.0127136707305908,0.6774922609329224,3.735443353652954,0.1000000014901161,0.0158126056194305,1,0.0005,42516418_4,True,cifar100_repvgg_a1,1.0127133131027222,1.0098224878311155,0.6433142423629761,0.0862117707729339,1.0,1.0101600910142756,0,0.1896871328353881,0.7389999999985221,0.9355999999981288,3.735431432723999,0.0814724713563919,0.0798507705330848,0.0126248151063919,0.054416224360466,1.0,0.0814541365947351,0,0.4935254454612732,0.9902666666664468,0.9999333333331112,0.0335764661431312
repvgg_a1,3,0.1,0.1,1.0519718433127057,0.0479013286530971,0.156798243522644,0.7027999999985944,0.9235999999981528,1.0516172647476196,0.606198251247406,2.726003885269165,0.1000000014901161,0.0120602250099182,1,0.0005,42516418_2,True,cifar100_repvgg_a1,1.05161714553833,0.6061980724334717,0.0120602175593376,0.0479008555412292,0.1000000014901161,1.0470401639471525,0,0.1567984819412231,0.7027999999985944,0.9235999999981528,2.726003408432007,0.4993084967136383,0.2899252474308014,0.0031454935669898,0.079812079668045,0.1000000014901161,0.4992774817808904,0,0.1531344056129455,0.8555777777775877,0.9829777777775592,0.6781057715415955
repvgg_a1,4,1.0,0.1,0.9784439588661324,0.0730673745274543,0.1910211741924286,0.753999999998492,0.9327999999981345,0.979889988899231,0.6592714190483093,3.374339818954468,0.1000000014901161,0.0145892351865768,1,0.0005,42516418_10,True,cifar100_repvgg_a1,0.9798904061317444,0.9788647294044496,0.6288915276527405,0.0730670467019081,1.0,0.9761770928985616,0,0.1910238564014434,0.753999999998492,0.9327999999981345,3.374340534210205,0.0083339344710111,0.0079548833891749,0.000262988731265,0.0077373529784381,1.0,0.008334428005357,0,0.2666753530502319,0.999799999999778,0.9999999999997778,0.0006133976858109
repvgg_a1,3,0.5,0.1,1.0141071731742055,0.0697444379329681,0.1319780945777893,0.7265999999985469,0.9301999999981396,1.008869171142578,0.6393581032752991,3.272550582885742,0.1000000014901161,0.0140043273568153,1,0.0005,42516418_3,True,cifar100_repvgg_a1,1.0088692903518677,0.966360867023468,0.2212114930152893,0.0697445347905159,0.5,1.0053890074232927,0,0.1319782137870788,0.7265999999985469,0.9301999999981396,3.272543668746948,0.1750900745391845,0.1614761501550674,0.0123087167739868,0.0767836570739746,0.5,0.1750866169518453,0,0.4010794758796692,0.9616666666664532,0.9995111111108892,0.1222121641039848
repvgg_a1,4,0.1,0.1,1.0056509161927694,0.0699281990528106,0.1918647289276123,0.7555999999984888,0.928999999998142,1.008018970489502,0.6710821986198425,3.3667478561401367,0.1000000014901161,0.0147556737065315,1,0.0005,42516418_8,True,cifar100_repvgg_a1,1.0080182552337646,0.6710838675498962,0.0147556066513061,0.0699290484189987,0.1000000014901161,1.0019820625540474,0,0.1918663382530212,0.7555999999984888,0.928999999998142,3.366749048233032,0.0067807510495185,0.0043891780078411,3.827386535704136e-06,0.0060877674259245,0.1000000014901161,0.0067833970212333,0,0.1997449398040771,0.9997555555553336,0.9999999999997778,0.000672738882713
repvgg_a1,4,0.5,0.1,1.01223724731855,0.0743927210569381,0.1768767833709716,0.7465999999985068,0.9303999999981392,1.0105785131454468,0.6680577993392944,3.3834617137908936,0.1000000014901161,0.0147236213088035,1,0.0005,42516418_9,True,cifar100_repvgg_a1,1.0105785131454468,0.9942358136177064,0.2375223040580749,0.0743926912546157,0.5,1.005457198117114,0,0.1768783330917358,0.7465999999985068,0.9303999999981392,3.3834617137908936,0.0073774103075265,0.0065302839502692,6.378907710313797e-05,0.0068349349312484,0.5,0.0073794372063382,0,0.5244230031967163,0.999799999999778,0.9999999999997778,0.0005563733284361
repvgg_a1,5,2.0,0.1,1.0297054762460114,0.097807765007019,0.2338152527809143,0.742999999998514,0.9315999999981368,1.0293132066726685,0.6988700032234192,3.815056085586548,0.1000000014901161,0.0163348317146301,1,0.0005,42516418_17,True,cifar100_repvgg_a1,1.0293121337890625,1.0292750597000122,1.6214494705200195,0.0978074222803115,2.0,1.028242343150048,0,0.2338163256645202,0.742999999998514,0.9315999999981368,3.815046787261963,0.0116644855588674,0.0116042830049991,0.0018321983516216,0.0105947973206639,2.0,0.0116638545527649,0,0.6494393348693848,0.9996444444442224,0.9999999999997778,0.0013977823546156
mobilenetv2_x1_4,3,2.0,0.1,1.4453625314161431,0.0939560160040855,0.1556317210197448,0.5901999999988196,0.8817999999982364,1.4498761892318726,0.5536255240440369,2.1365108489990234,0.1000000014901161,0.0097089111804962,1,0.0005,42516418_5,True,cifar100_mobilenetv2_x1_4,1.449876308441162,1.3032662868499756,1.4616985321044922,0.0939558893442154,2.0,1.4474588148509164,0,0.1556314826011657,0.5901999999988196,0.8817999999982364,2.1365110874176025,1.1170837879180908,0.9457391500473022,0.8416323661804199,0.1900186985731125,2.0,1.1169907101218672,0,0.2548931241035461,0.6871333333331807,0.951133333333122,0.921527624130249
mobilenetv2_x1_4,5,0.1,0.1,1.0056894803979195,0.0681829005479812,0.1443305611610412,0.7225999999985548,0.9321999999981356,1.0131211280822754,0.6314508318901062,3.10640025138855,0.1000000014901161,0.0134729892015457,1,0.0005,42516418_14,True,cifar100_mobilenetv2_x1_4,1.0131211280822754,0.6314508318901062,0.0134729817509651,0.0681829303503036,0.1000000014901161,1.0119676972336171,0,0.1443310976028442,0.7225999999985548,0.9321999999981356,3.10640025138855,0.277518093585968,0.1732696592807769,0.0012825783342123,0.0789491757750511,0.1000000014901161,0.2774840184245075,0,0.1942707300186157,0.924933333333128,0.9973333333331118,0.272496610879898
mobilenetv2_x1_4,0,0.0,0.1,0.9817220235922764,0.0906616002321243,0.2233814001083374,0.7671999999984657,0.935999999998128,0.981476902961731,0.6945613622665405,3.825517416000366,0.1000000014901161,0.0163396000862121,1,0.0005,42516422,True,cifar100_mobilenetv2_x1_4,0.981476902961731,0.0085855070501565,0.0,0.0906628370285034,0.0,0.9781221504089186,0,0.2233815789222717,0.7671999999984657,0.935999999998128,3.825517892837525,0.0128264902159571,2.565085560490843e-05,0.0,0.0111790020018816,0.0,0.0128219478057862,0,0.6335578560829163,0.9995555555553336,0.9999999999997778,0.0023999842815101
mobilenetv2_x1_4,4,0.01,0.1,0.9811643386941789,0.0924621969461441,0.184035837650299,0.762999999998474,0.9331999999981336,0.9814258813858032,0.6959607601165771,3.859999179840088,0.1000000014901161,0.0164641961455345,1,0.0005,42516418_7,True,cifar100_mobilenetv2_x1_4,0.9814258813858032,0.2607285380363464,0.0001897774636745,0.0924621522426605,0.0099999997764825,0.9801216150389996,0,0.1840357184410095,0.762999999998474,0.9331999999981336,3.859999418258667,0.0131910350173711,0.0047680456191301,3.032910171896219e-07,0.0115882391110062,0.0099999997764825,0.0131857959778938,0,0.7971118688583374,0.999599999999778,0.9999999999997778,0.0024103494361042
mobilenetv2_x1_4,4,2.0,0.1,1.0606264824332488,0.1093296632170677,0.2279424667358398,0.7463999999985073,0.9335999999981328,1.0578182935714722,0.7422428131103516,4.482903480529785,0.1000000014901161,0.0187485590577125,1,0.0005,42516418_11,True,cifar100_mobilenetv2_x1_4,1.0578182935714722,1.057746648788452,1.6918885707855225,0.1093296855688095,2.0,1.0571347916801042,0,0.2279423475265503,0.7463999999985073,0.9335999999981328,4.482903957366943,0.026818374171853,0.0267044175416231,0.0073787756264209,0.0228036530315876,2.0,0.0268137498362502,0,0.7153778076171875,0.9987333333331114,0.9999999999997778,0.0051086470484733
mobilenetv2_x1_4,5,0.01,0.1,1.015728827803102,0.0612387508153915,0.1080061793327331,0.7183999999985632,0.9291999999981416,1.0158158540725708,0.6225246787071228,2.9681007862091064,0.1000000014901161,0.012979507446289,1,0.0005,42516418_13,True,cifar100_mobilenetv2_x1_4,1.0158157348632812,0.2293182015419006,0.0001464840024709,0.061238843947649,0.0099999997764825,1.0144393468791404,0,0.1080060601234436,0.7183999999985632,0.9291999999981416,2.968100309371948,0.3689673840999603,0.0901566222310066,2.470356412231922e-05,0.0732801854610443,0.0099999997764825,0.3689651594033626,0,0.1523486375808715,0.8957555555553566,0.9912888888886686,0.4846280217170715
mobilenetv2_x1_4,5,2.0,0.1,1.0507745469323078,0.1005738228559494,0.208798348903656,0.7335999999985329,0.930999999998138,1.0526822805404663,0.7076820731163025,4.002525806427002,0.1000000014901161,0.0169541761279106,1,0.0005,42516418_17,True,cifar100_mobilenetv2_x1_4,1.0526822805404663,1.0524072647094729,1.634662389755249,0.1005738079547882,2.0,1.0522558385832927,0,0.2087979912757873,0.7335999999985329,0.930999999998138,4.002525806427002,0.0852520316839218,0.0848845392465591,0.0440888106822967,0.0542083196341991,2.0,0.0852321589698169,0,0.2828967571258545,0.9881111111108916,0.9999777777775556,0.0374548658728599
mobilenetv2_x1_4,4,1.0,0.1,1.0100935781912042,0.0999251455068588,0.2199491262435913,0.7517999999984964,0.9325999999981348,1.0067436695098877,0.7052273154258728,4.053778648376465,0.1000000014901161,0.0170466601848602,1,0.0005,42516418_10,True,cifar100_mobilenetv2_x1_4,1.006743550300598,1.0058095455169678,0.6738454103469849,0.09992615878582,1.0,1.0049473459464249,0,0.2199494242668152,0.7517999999984964,0.9325999999981348,4.053778648376465,0.0208169817924499,0.020285652950406,0.0013925433158874,0.0183638054877519,1.0,0.0208094445341719,0,0.4064091145992279,0.9993555555553336,0.9999999999997778,0.0033645802177488
mobilenetv2_x1_4,3,0.001,0.1,1.4915330879383155,0.0097384406253695,0.0852482840418815,0.5745999999988508,0.8633999999982732,1.494443416595459,0.6362369060516357,2.621955394744873,0.1000000014901161,0.0120713710784912,1,0.0005,42516418_0,True,cifar100_mobilenetv2_x1_4,1.4944435358047483,0.0717095807194709,1.943204551935196e-06,0.0097383698448538,0.0010000000474974,1.489760827273308,0,0.0852482691407203,0.5745999999988508,0.8633999999982732,2.621955394744873,1.3871747255325315,0.0627810209989547,1.486041583120823e-06,0.0575789473950862,0.0010000000474974,1.3871039171677022,0,0.1029626727104187,0.6016222222220886,0.8840222222220259,2.006699323654175
mobilenetv2_x1_4,3,1.0,0.1,1.2510216527882616,0.0250379703938961,0.0951592028141021,0.633999999998732,0.9023999999981952,1.2481433153152466,0.5683603286743164,2.2530343532562256,0.1000000014901161,0.0102198719978332,1,0.0005,42516418_4,True,cifar100_mobilenetv2_x1_4,1.2481433153152466,1.1447685956954956,0.5557905435562134,0.0250381529331207,1.0,1.2439086371401151,0,0.0951592326164245,0.633999999998732,0.9023999999981952,2.2530341148376465,0.8707294464111328,0.7601120471954346,0.2726716995239258,0.1376745700836181,1.0,0.870614121872571,0,0.1972054243087768,0.7471333333331673,0.9663777777775632,0.8853662610054016
mobilenetv2_x1_4,5,0.5,0.1,1.0031422192803046,0.0820282399654388,0.1639903336763382,0.7341999999985316,0.928999999998142,1.0057787895202637,0.6584727764129639,3.4267866611480717,0.1000000014901161,0.0147414654493331,1,0.0005,42516418_15,True,cifar100_mobilenetv2_x1_4,1.005778670310974,0.9718621969223022,0.2311827540397644,0.0820280760526657,0.5,1.003772612904295,0,0.1639903336763382,0.7341999999985316,0.928999999998142,3.4267866611480717,0.1471519768238067,0.1354679614305496,0.0089712291955947,0.0738939195871353,0.5,0.1471565750089935,0,0.2708370089530945,0.9712444444442286,0.999822222222,0.0870075076818466
mobilenetv2_x1_4,4,0.1,0.1,0.968181597702402,0.0855186656117439,0.1727215647697448,0.7655999999984688,0.9365999999981268,0.9693466424942015,0.6860545873641968,3.864086627960205,0.1000000014901161,0.0162852928042411,1,0.0005,42516418_8,True,cifar100_mobilenetv2_x1_4,0.9693466424942015,0.6860545873641968,0.0162852928042411,0.0855191946029663,0.1000000014901161,0.9681473369526024,0,0.1727222204208374,0.7655999999984688,0.9365999999981268,3.864086627960205,0.014710602350533,0.0103826709091663,1.1938507668673992e-05,0.0128600494936108,0.1000000014901161,0.0147078768923903,0,0.7014967203140259,0.9994222222220002,0.9999999999997778,0.0023394958116114
mobilenetv2_x1_4,4,0.5,0.1,1.0102001721576348,0.1020726114511489,0.2206266522407531,0.7517999999984964,0.9377999999981244,1.013081431388855,0.7087548971176147,4.023950576782227,0.1000000014901161,0.0170557796955108,1,0.0005,42516418_9,True,cifar100_mobilenetv2_x1_4,1.013081431388855,1.0011200904846191,0.2576889395713806,0.1020722165703773,0.5,1.012872004002536,0,0.2206268906593322,0.7517999999984964,0.9377999999981244,4.023951053619385,0.019218374043703,0.0177655480802059,0.0003585461527109,0.016822388395667,0.5,0.0192100059187808,0,0.696526825428009,0.9992888888886668,0.9999999999997778,0.0032128430902957
mobilenetv2_x1_4,4,0.001,0.1,0.9982732052580044,0.0920024886727333,0.219544231891632,0.7627999999984744,0.9347999999981303,0.99375718832016,0.697417676448822,3.828821420669556,0.1000000014901161,0.0163841173052787,1,0.0005,42516418_6,True,cifar100_mobilenetv2_x1_4,0.99375718832016,0.0859002918004989,1.935986801981926e-06,0.0920014083385467,0.0010000000474974,0.9930685843032322,0,0.2195443511009216,0.7627999999984744,0.9347999999981303,3.828821420669556,0.0121930055320262,0.0016723535954952,7.489143172279e-07,0.0108926929533481,0.0010000000474974,0.0121904587794831,0,0.7883949279785156,0.9996444444442224,0.9999999999997778,0.0018212362192571
mobilenetv2_x1_4,5,1.0,0.1,1.0674089486030296,0.0982722342014312,0.1808255314826965,0.7287999999985424,0.9327999999981345,1.0671803951263428,0.7044545412063599,3.9233767986297607,0.1000000014901161,0.016695961356163,1,0.0005,42516418_16,True,cifar100_mobilenetv2_x1_4,1.0671803951263428,1.063638687133789,0.683647871017456,0.0982723459601402,1.0,1.0665203804405556,0,0.180826187133789,0.7287999999985424,0.9327999999981345,3.923377275466919,0.1037206873297691,0.101234383881092,0.017825148999691,0.0620678067207336,1.0,0.1037195638101882,0,0.296731561422348,0.9838888888886704,0.9999555555553334,0.0482858940958976
mobilenetv2_x1_4,3,0.5,0.1,1.2657295459140712,0.0276517402380704,0.0874097347259521,0.63499999999873,0.9013999999981972,1.2664836645126345,0.570560097694397,2.1986193656921387,0.1000000014901161,0.0100807547569274,1,0.0005,42516418_3,True,cifar100_mobilenetv2_x1_4,1.2664837837219238,1.0119940042495728,0.1876814365386963,0.0276517085731029,0.5,1.2647604459160815,0,0.0874097272753715,0.63499999999873,0.9013999999981972,2.1986193656921387,0.99405038356781,0.7416760325431824,0.105479896068573,0.1234230697154998,0.5,0.9940101916929648,0,0.1711192727088928,0.7114888888887309,0.9507555555553444,1.1124958992004397
mobilenetv2_x1_4,3,0.1,0.1,1.4185116641581452,0.0157445538789033,0.0880544632673263,0.5923999999988152,0.8711999999982576,1.4213780164718628,0.6138867139816284,2.462067127227783,0.1000000014901161,0.0113365948200225,1,0.0005,42516418_2,True,cifar100_mobilenetv2_x1_4,1.4213778972625732,0.6138867139816284,0.0113365948200225,0.0157445017248392,0.1000000014901161,1.417992442137302,0,0.0880544558167457,0.5923999999988152,0.8711999999982576,2.462067127227783,1.2481396198272705,0.5078997015953064,0.0077857226133346,0.0828642770648002,0.1000000014901161,1.2481206688659434,0,0.1195246577262878,0.639599999999858,0.9078888888886872,1.6620923280715942
mobilenetv2_x1_4,3,0.01,0.1,1.8243391147074897,0.0193556062877178,0.0863307639956474,0.4917999999990164,0.807999999998384,1.8312245607376096,0.6917027235031128,2.9532546997070312,0.1000000014901161,0.0137270092964172,1,0.0005,42516418_1,True,cifar100_mobilenetv2_x1_4,1.83122456073761,0.2355297207832336,0.0001466572284698,0.0193555988371372,0.0099999997764825,1.830167542973008,0,0.0863307639956474,0.4917999999990164,0.807999999998384,2.9532546997070312,1.721611261367798,0.2081142216920853,0.000113870948553,0.0538813769817352,0.0099999997764825,1.7215057542754777,0,0.0781445503234863,0.5237111111109948,0.8290666666664824,2.289414167404175
mobilenetv2_x1_4,5,0.001,0.1,1.033461263259095,0.0625656843185424,0.1151739954948425,0.7141999999985716,0.9291999999981416,1.03155255317688,0.6270401477813721,2.971001386642456,0.1000000014901161,0.013048306107521,1,0.0005,42516418_12,True,cifar100_mobilenetv2_x1_4,1.03155255317688,0.0757470875978469,1.5844125300645828e-06,0.0625653862953186,0.0010000000474974,1.0316134954301237,0,0.1151742935180664,0.7141999999985716,0.9291999999981416,2.971001386642456,0.389356791973114,0.0316606275737285,2.57714418694377e-07,0.0731544494628906,0.0010000000474974,0.3892884919706692,0,0.1624922752380371,0.8891999999998025,0.99019999999978,0.5283006429672241
repvgg_a0,4,0.5,0.1,1.0401507312819114,0.0851958617568016,0.2059383988380432,0.7441999999985116,0.9265999999981468,1.031288981437683,0.6876819133758545,3.608508586883545,0.1000000014901161,0.0156474038958549,1,0.0005,42516418_9,True,cifar100_repvgg_a0,1.031288981437683,1.013750076293945,0.2477268576622009,0.0851969569921493,0.5,1.032635455807306,0,0.205937922000885,0.7441999999985116,0.9265999999981468,3.608508586883545,0.0100394412875175,0.0089647890999913,9.30391252040863e-05,0.0093494886532425,0.5,0.010043746875875,0,0.2197877168655395,0.9997333333331112,0.9999999999997778,0.0008006621501408
repvgg_a0,5,0.01,0.1,1.0767495984415751,0.0990886986255645,0.2322925925254821,0.7387999999985224,0.9305999999981388,1.0720361471176147,0.726275622844696,4.208776950836182,0.1000000014901161,0.0177604034543037,1,0.0005,42516418_13,True,cifar100_repvgg_a0,1.0720361471176147,0.271733671426773,0.0002070544287562,0.0990884155035018,0.0099999997764825,1.0763341808897884,0,0.2322919368743896,0.7387999999985224,0.9305999999981388,4.208776950836182,0.0702155530452728,0.0253215339034795,3.112305421382189e-06,0.0382621213793754,0.0099999997764825,0.0702368188821172,0,0.2729902267456054,0.9884444444442247,0.9997333333331112,0.0473887957632541
repvgg_a0,4,1.0,0.1,1.0646093065184004,0.0874732211232185,0.1777753233909607,0.7369999999985261,0.9227999999981544,1.0668271780014038,0.7079713940620422,3.813979148864746,0.1000000014901161,0.0164746567606925,1,0.0005,42516418_10,True,cifar100_repvgg_a0,1.0668271780014038,1.0657613277435305,0.6964210271835327,0.0874736756086349,1.0,1.067001848879417,0,0.1777751445770263,0.7369999999985261,0.9227999999981544,3.813979625701904,0.0109640173614025,0.0105506610125303,0.0003934912383556,0.0101459100842475,1.0,0.0109702077375799,0,0.5461403727531433,0.9997555555553336,0.9999999999997778,0.0009131378028541
repvgg_a0,4,2.0,0.1,1.0920563811563948,0.0997923240065574,0.4051390886306762,0.7325999999985349,0.9241999999981516,1.0989704132080078,0.7307013869285583,4.058059215545654,0.1000000014901161,0.0174621492624282,1,0.0005,42516418_11,True,cifar100_repvgg_a0,1.0989702939987185,1.0989283323287964,1.7352244853973389,0.0997933447360992,2.0,1.1030537242142506,0,0.4051390886306762,0.7325999999985349,0.9241999999981516,4.058059215545654,0.0106735192239284,0.0105992639437317,0.001447670161724,0.0098372008651494,2.0,0.0106762615978917,0,0.748909592628479,0.9997555555553336,0.9999999999997778,0.0009709876030683
repvgg_a0,3,2.0,0.1,1.1519915485582586,0.1023856326937675,0.1733514666557312,0.7087999999985825,0.9213999999981572,1.1511579751968384,0.7413434982299805,4.3218512535095215,0.1000000014901161,0.0182673260569572,1,0.0005,42516418_5,True,cifar100_repvgg_a0,1.151158094406128,1.1509132385253906,1.7676982879638672,0.1023859307169914,2.0,1.149796968123603,0,0.1733511090278625,0.7087999999985825,0.9213999999981572,4.321850776672363,0.1080447062849998,0.107636921107769,0.0597449988126754,0.0662708282470703,2.0,0.1080762205838032,0,0.2725991904735565,0.9845555555553368,0.9998444444442224,0.052001729607582
repvgg_a0,3,0.1,0.1,1.0875543529317937,0.0370543785393238,0.0893250405788421,0.68999999999862,0.9201999999981596,1.0885050296783447,0.602793276309967,2.638699531555176,0.1000000014901161,0.0117721855640411,1,0.0005,42516418_2,True,cifar100_repvgg_a0,1.0885050296783447,0.6027933359146118,0.0117721855640411,0.0370541289448738,0.1000000014901161,1.0924358064434518,0,0.0893250107765197,0.68999999999862,0.9201999999981596,2.6386992931365967,0.6293699145317078,0.3383269906044006,0.0039980113506317,0.0858169943094253,0.1000000014901161,0.6294212175006219,0,0.1478137373924255,0.816133333333152,0.9740888888886724,0.8599250912666321
repvgg_a0,5,2.0,0.1,1.1320081645550744,0.1094816774129867,0.2478770613670349,0.7353999999985292,0.9235999999981528,1.1331346035003662,0.7756126523017883,4.788556098937988,0.1000000014901161,0.020020268857479,1,0.0005,42516418_17,True,cifar100_repvgg_a0,1.1331344842910769,1.133099913597107,1.814913034439087,0.10948146879673,2.0,1.136469217566645,0,0.2478771209716797,0.7353999999985292,0.9235999999981528,4.788556098937988,0.016091015189886,0.0160283911973238,0.0033648535609245,0.0142216635867953,2.0,0.0160973501350813,0,0.7588446736335754,0.9994444444442224,0.9999999999997778,0.0023794018197804
repvgg_a0,3,0.001,0.1,1.1947430783496955,0.0350216813385486,0.0951336398720741,0.6623999999986752,0.9007999999981984,1.195296049118042,0.6281134486198425,2.763874053955078,0.1000000014901161,0.012425310909748,1,0.0005,42516418_0,True,cifar100_repvgg_a0,1.195296049118042,0.073317714035511,2.2496096789836884e-06,0.0350215062499046,0.0010000000474974,1.1979835742682567,0,0.0951336398720741,0.6623999999986752,0.9007999999981984,2.763874053955078,0.8397444486618042,0.051740325987339,1.4648539945483208e-06,0.065797321498394,0.0010000000474974,0.8398768704923351,0,0.112710952758789,0.7571333333331651,0.948666666666456,1.381617307662964
repvgg_a0,0,0.0,0.1,1.0594117099710112,0.0892429128289222,0.1943191885948181,0.7451999999985096,0.9251999999981496,1.0657445192337036,0.7213940024375916,4.004124164581299,0.1000000014901161,0.0171636790037155,1,0.0005,42516422,True,cifar100_repvgg_a0,1.0657445192337036,0.0091251200065016,0.0,0.0892428383231163,0.0,1.0692307317871237,0,0.1943188309669494,0.7451999999985096,0.9251999999981496,4.004124164581299,0.0075004836544394,1.5377276213257574e-05,0.0,0.0067488588392734,0.0,0.0075046515050948,0,0.757638692855835,0.9997777777775556,0.9999999999997778,0.0008504062425345
repvgg_a0,4,0.001,0.1,1.0401185566946776,0.0887178629636764,0.1852847337722778,0.7465999999985068,0.9287999999981424,1.0467195510864258,0.7059701681137085,3.7787868976593018,0.1000000014901161,0.0163645893335342,1,0.0005,42516418_6,True,cifar100_repvgg_a0,1.046719670295715,0.0854604020714759,2.446351572871208e-06,0.0887183547019958,0.0010000000474974,1.0465925032627907,0,0.185284674167633,0.7465999999985068,0.9287999999981424,3.7787868976593018,0.0072116646915674,0.0009954569395631,5.359447641239967e-07,0.0066165830940008,0.0010000000474974,0.0072145073231316,0,0.2729885578155517,0.9998444444442224,0.9999999999997778,0.0006575888837687
repvgg_a0,5,0.5,0.1,1.065244724813943,0.1057076007127761,0.2032243609428405,0.7421999999985156,0.9321999999981356,1.0659281015396118,0.7385456562042236,4.415065288543701,0.1000000014901161,0.0184761732816696,1,0.0005,42516418_15,True,cifar100_repvgg_a0,1.0659281015396118,1.0510209798812866,0.2739003300666809,0.105706863105297,0.5,1.0705456519734629,0,0.2032245993614196,0.7421999999985156,0.9321999999981356,4.415065288543701,0.0232482329010963,0.0218241941183805,0.000583428889513,0.01943951100111,0.5,0.0232574465639628,0,0.3337622582912445,0.9988444444442224,0.9999999999997778,0.005368111655116
repvgg_a0,3,0.01,0.1,1.2639645808575806,0.0452957525849342,0.0864235758781433,0.642999999998714,0.8913999999982172,1.2634363174438477,0.6524472236633301,2.939560413360596,0.1000000014901161,0.0132264047861099,1,0.0005,42516418_1,True,cifar100_repvgg_a0,1.2634363174438477,0.2313977032899856,0.0001459969207644,0.0452957600355148,0.0099999997764825,1.263109587991492,0,0.0864236056804657,0.642999999998714,0.8913999999982172,2.939560413360596,0.8909611701965332,0.1607477217912674,7.095746695995331e-05,0.0685188695788383,0.0099999997764825,0.8911825201221774,0,0.1232281327247619,0.7427555555553905,0.9444666666664568,1.4330203533172607
repvgg_a0,3,1.0,0.1,1.081475501711841,0.0886434167623519,0.1638622879981994,0.7103999999985792,0.9281999999981436,1.078330397605896,0.6804854869842529,3.6220760345458975,0.1000000014901161,0.0155335888266563,1,0.0005,42516418_4,True,cifar100_repvgg_a0,1.078330397605896,1.072434902191162,0.6609014272689819,0.0886437445878982,1.0,1.0790694618790215,0,0.1638621687889099,0.7103999999985792,0.9281999999981436,3.6220760345458975,0.1626264750957489,0.1584606170654297,0.0345441997051239,0.0807847678661346,1.0,0.1626251504918106,0,0.25725257396698,0.968422222222007,0.999599999999778,0.0996430218219757
repvgg_a0,5,0.001,0.1,1.054634984800403,0.106000579893589,0.2327489256858825,0.7327999999985344,0.93499999999813,1.0552211999893188,0.7132323384284973,4.014562606811523,0.1000000014901161,0.0170831307768821,1,0.0005,42516418_12,True,cifar100_repvgg_a0,1.0552211999893188,0.0879978165030479,2.364744432270527e-06,0.1059997752308845,0.0010000000474974,1.0568842972000962,0,0.2327488660812378,0.7327999999985344,0.93499999999813,4.014562606811523,0.0716589838266372,0.0093087628483772,1.334119588136673e-07,0.0396963953971862,0.0010000000474974,0.0716788026632823,0,0.2529703974723816,0.9884222222220026,0.9997555555553336,0.0493201427161693
repvgg_a0,3,0.5,0.1,1.0710388684878036,0.0737769454717636,0.1507487297058105,0.6995999999986008,0.930999999998138,1.0617446899414062,0.640198290348053,3.147215843200684,0.1000000014901161,0.0136842727661132,1,0.0005,42516418_3,True,cifar100_repvgg_a0,1.0617448091506958,0.99998676776886,0.2224598526954651,0.0737767368555069,0.5,1.0629486853530012,0,0.1507487297058105,0.6995999999986008,0.930999999998138,3.147215843200684,0.2883287072181701,0.2604720592498779,0.0241892635822296,0.0947627499699592,0.5,0.2883460822944016,0,0.2212936878204345,0.9261999999997942,0.9977777777775562,0.2456128299236297
repvgg_a0,4,0.1,0.1,1.0626624936512554,0.0887087881565094,0.2077202796936035,0.7393999999985212,0.9251999999981496,1.0674376487731934,0.7140393257141113,3.895198345184326,0.1000000014901161,0.0167808160185813,1,0.0005,42516418_8,True,cifar100_repvgg_a0,1.0674376487731934,0.7140393853187561,0.0167808160185813,0.0887084007263183,0.1000000014901161,1.070289566577778,0,0.2077201008796692,0.7393999999985212,0.9251999999981496,3.895198345184326,0.0085468841716647,0.0056716394610702,4.010915290564299e-06,0.0077826669439673,0.1000000014901161,0.0085483876221443,0,0.7278423309326172,0.9997555555553336,0.9999999999997778,0.0008178560528904
repvgg_a0,5,0.1,0.1,1.0872596705484034,0.1033286973834037,0.2160883545875549,0.7415999999985168,0.9285999999981428,1.086647868156433,0.7497302293777466,4.5281171798706055,0.1000000014901161,0.0189612358808517,1,0.0005,42516418_14,True,cifar100_repvgg_a0,1.086647868156433,0.7497302293777466,0.0189612358808517,0.1033297255635261,0.1000000014901161,1.0935312086836573,0,0.2160883545875549,0.7415999999985168,0.9285999999981428,4.528116703033447,0.0430457666516304,0.0318816825747489,8.552195504307747e-05,0.0301905758678913,0.1000000014901161,0.0430891432838415,0,0.3392604887485504,0.9955777777775566,0.9999777777775556,0.0176419578492641
repvgg_a0,4,0.01,0.1,1.0757920438632729,0.0896062776446342,0.2334429621696472,0.7399999999985201,0.9235999999981528,1.079931378364563,0.7228327393531799,3.982635021209717,0.1000000014901161,0.0171375274658203,1,0.0005,42516418_7,True,cifar100_repvgg_a0,1.0799312591552734,0.2661799788475036,0.000196361914277,0.0896067395806312,0.0099999997764825,1.083667200261923,0,0.233443021774292,0.7399999999985201,0.9235999999981528,3.982635021209717,0.0076546128839254,0.0025641894899308,2.5217741494998336e-07,0.0069162393920123,0.0099999997764825,0.0076579636339488,0,0.6568422317504883,0.9997555555553336,0.9999999999997778,0.0007891035056672
repvgg_a0,5,1.0,0.1,1.0963783675910777,0.1106230691075325,0.2356219887733459,0.7337999999985324,0.9277999999981444,1.09471333026886,0.7488279342651367,4.439386367797852,0.1000000014901161,0.0187196880578994,1,0.0005,42516418_16,True,cifar100_repvgg_a0,1.09471333026886,1.0937392711639404,0.7367020845413208,0.1106232479214668,1.0,1.0975658172841638,0,0.2356221675872802,0.7337999999985324,0.9277999999981444,4.439385890960693,0.018764516338706,0.0183239411562681,0.001125356182456,0.0168333388864994,1.0,0.0187752145141363,0,0.7136223316192627,0.9995333333331112,0.9999999999997778,0.0026501466054469
shufflenetv2_x2_0,5,2.0,0.1,1.0731660688518063,0.1021992191672325,0.2188307046890258,0.7341999999985316,0.9253999999981491,1.0768767595291138,0.724372386932373,4.080522537231445,0.1000000014901161,0.0174271762371063,1,0.0005,42516418_17,True,cifar100_shufflenetv2_x2_0,1.0768767595291138,1.0767990350723269,1.6948673725128174,0.1022000461816787,2.0,1.0768023932556583,0,0.2188308835029602,0.7341999999985316,0.9253999999981491,4.080522537231445,0.0170284677296876,0.0169184785336256,0.0028479434549808,0.0157098025083541,2.0,0.0170261460949983,0,0.6394587755203247,0.9997333333331112,0.9999999999997778,0.0018086968921124
shufflenetv2_x2_0,0,0.0,0.1,1.0168069715184214,0.0693927779793739,0.192562460899353,0.748999999998502,0.9315999999981368,1.0144273042678833,0.672025203704834,3.3713674545288086,0.1000000014901161,0.0147747248411178,1,0.0005,42516422,True,cifar100_shufflenetv2_x2_0,1.0144274234771729,0.0075808386318385,0.0,0.0693928822875022,0.0,1.0157593424009796,0,0.1925621628761291,0.748999999998502,0.9315999999981368,3.3713674545288086,0.0077587245032191,1.6017549569369294e-05,0.0,0.007171066943556,0.0,0.0077594909177578,0,0.3153878450393677,0.9997555555553336,0.9999999999997778,0.0006095473072491
shufflenetv2_x2_0,4,0.1,0.1,0.9987806583417428,0.0733594819903373,0.1694387197494506,0.747999999998504,0.9335999999981328,1.0009242296218872,0.6609355807304382,3.2837984561920166,0.1000000014901161,0.014382854104042,1,0.0005,42516418_8,True,cifar100_shufflenetv2_x2_0,1.0009242296218872,0.6609355211257935,0.0143828615546226,0.0733583122491836,0.1000000014901161,0.9990868682634264,0,0.1694388389587402,0.747999999998504,0.9335999999981328,3.283798694610596,0.0084132067859172,0.0051614320836961,3.0410010367631912e-06,0.0078493747860193,0.1000000014901161,0.0084116175390276,0,0.5190235376358032,0.999822222222,0.9999999999997778,0.0005798465572297
shufflenetv2_x2_0,5,0.5,0.1,0.9774304981112908,0.0866962522268295,0.2033400535583496,0.746999999998506,0.9357999999981284,0.9825496673583984,0.6656637787818909,3.5072154998779297,0.1000000014901161,0.0150630995631217,1,0.0005,42516418_15,True,cifar100_shufflenetv2_x2_0,0.9825496673583984,0.9637587666511536,0.2349109649658203,0.0866976678371429,0.5,0.9810609156948484,0,0.2033399939537048,0.746999999998506,0.9357999999981284,3.507215976715088,0.024285789579153,0.0217956565320491,0.0004107933491468,0.0215623565018177,0.5,0.0242794854870156,0,0.3114892840385437,0.9992666666664448,0.9999999999997778,0.0036397115327417
shufflenetv2_x2_0,5,0.1,0.1,1.0306973899217775,0.0970843285322189,0.208846628665924,0.7313999999985372,0.92999999999814,1.0363579988479614,0.6843212842941284,3.611638307571411,0.1000000014901161,0.015594482421875,1,0.0005,42516418_14,True,cifar100_shufflenetv2_x2_0,1.0363579988479614,0.6843211650848389,0.0155944973230361,0.0970840379595756,0.1000000014901161,1.035874798375991,0,0.2088465690612793,0.7313999999985372,0.92999999999814,3.611638307571411,0.0503353998064994,0.0333598516881465,7.157213985919952e-05,0.0392823405563831,0.1000000014901161,0.0503369502440619,0,0.8314396739006042,0.9965777777775564,0.9999999999997778,0.0146136861294507
shufflenetv2_x2_0,3,2.0,0.1,1.1020903730842468,0.0884271413087844,0.1647385060787201,0.7151999999985696,0.925999999998148,1.098047375679016,0.6987700462341309,3.813599109649658,0.1000000014901161,0.0163007825613021,1,0.0005,42516418_5,True,cifar100_shufflenetv2_x2_0,1.098047375679016,1.0974929332733154,1.6559417247772217,0.0884267911314964,2.0,1.0970651352880687,0,0.1647384762763977,0.7151999999985696,0.925999999998148,3.813599109649658,0.1183182448148727,0.1175360530614852,0.0623115003108978,0.0746029764413833,2.0,0.1182990037684253,0,0.3242770433425903,0.984066666666448,0.9999777777775556,0.0511158369481563
shufflenetv2_x2_0,5,0.01,0.1,1.0154052401472426,0.0846252590417862,0.1642809510231018,0.735999999998528,0.9335999999981328,1.0196775197982788,0.671203076839447,3.5170366764068604,0.1000000014901161,0.0151490569114685,1,0.0005,42516418_13,True,cifar100_shufflenetv2_x2_0,1.0196775197982788,0.2491802722215652,0.0001736581325531,0.0846248716115951,0.0099999997764825,1.020212813701739,0,0.1642811298370361,0.735999999998528,0.9335999999981328,3.5170366764068604,0.0746828466653823,0.021976476535201,2.0089210011065006e-06,0.0506168976426124,0.0099999997764825,0.0746739792637431,0,0.3167304694652557,0.9919777777775574,0.9999555555553334,0.032940924167633
shufflenetv2_x2_0,4,0.5,0.1,0.980514823900154,0.0647666454315185,0.2379414737224578,0.757999999998484,0.927999999998144,0.9836101531982422,0.6587406396865845,3.2911834716796875,0.1000000014901161,0.0143890306353569,1,0.0005,42516418_9,True,cifar100_shufflenetv2_x2_0,0.9836099147796632,0.9655603766441344,0.2320126295089721,0.06476641446352,0.5,0.9838802481738694,0,0.2379414737224578,0.757999999998484,0.927999999998144,3.2911834716796875,0.0099638486281037,0.0085821785032749,8.003832772374153e-05,0.009376767091453,0.5,0.0099620606284219,0,0.2990192174911499,0.9998444444442224,0.9999999999997778,0.0006823786534368
shufflenetv2_x2_0,4,0.01,0.1,1.016614648191453,0.0687454789876937,0.1676797866821289,0.7545999999984908,0.9317999999981365,1.0161937475204468,0.6747747659683228,3.417675018310547,0.1000000014901161,0.0149351507425308,1,0.0005,42516418_7,True,cifar100_shufflenetv2_x2_0,1.0161937475204468,0.2470874190330505,0.0001693377271294,0.0687448754906654,0.0099999997764825,1.016542753068961,0,0.1676796078681945,0.7545999999984908,0.9317999999981365,3.417675018310547,0.0079352520406246,0.0023744923528283,1.975495251826942e-07,0.0073277219198644,0.0099999997764825,0.0079345591070744,0,0.2176697850227356,0.999799999999778,0.9999999999997778,0.0006077933358028
shufflenetv2_x2_0,3,0.001,0.1,1.329610078862096,0.0294138751924037,0.0955478325486183,0.6303999999987392,0.8857999999982284,1.3265255689620972,0.6546362638473511,2.9280998706817627,0.1000000014901161,0.0132048577070236,1,0.0005,42516418_0,True,cifar100_shufflenetv2_x2_0,1.3265255689620972,0.0754570290446281,1.871958374977112e-06,0.0294136479496955,0.0010000000474974,1.3260357075259928,0,0.0955478325486183,0.6303999999987392,0.8857999999982284,2.9280998706817627,0.9727217555046082,0.0539785735309124,9.277136996388436e-07,0.0804197639226913,0.0010000000474974,0.972710185374999,0,0.1319882273674011,0.7240444444442836,0.9363333333331252,1.4990780353546145
shufflenetv2_x2_0,3,1.0,0.1,1.0648742283026686,0.0708000883460044,0.1468055844306945,0.707999999998584,0.925999999998148,1.06744122505188,0.6509011387825012,3.2452147006988525,0.1000000014901161,0.0141032338142395,1,0.0005,42516418_4,True,cifar100_shufflenetv2_x2_0,1.06744122505188,1.058878779411316,0.6292698383331299,0.0708000212907791,1.0,1.0670052374034709,0,0.1468057632446289,0.707999999998584,0.925999999998148,3.2452147006988525,0.1795232892036438,0.1728327274322509,0.0351541638374328,0.0962710157036781,1.0,0.1794996463845687,0,0.3269659876823425,0.9690666666664514,0.9997111111108892,0.096674844622612
shufflenetv2_x2_0,5,0.001,0.1,1.0280130023584606,0.0851358696818351,0.1822964549064636,0.7391999999985216,0.9315999999981368,1.0250569581985474,0.6794564723968506,3.6089298725128174,0.1000000014901161,0.0155144035816192,1,0.0005,42516418_12,True,cifar100_shufflenetv2_x2_0,1.0250569581985474,0.0833772867918014,1.764507032930851e-06,0.0851355195045471,0.0010000000474974,1.0253830368160286,0,0.1822964549064636,0.7391999999985216,0.9315999999981368,3.6089298725128174,0.0764531195163726,0.0081354277208447,1.59183400683105e-07,0.0498444959521293,0.0010000000474974,0.0764491985804905,0,0.4338745176792145,0.9907333333331132,0.9998444444442224,0.0366553701460361
shufflenetv2_x2_0,4,0.001,0.1,1.0112424010942629,0.068173810839653,0.1843898892402649,0.7531999999984936,0.930999999998138,1.0062772035598757,0.670250415802002,3.390622615814209,0.1000000014901161,0.014801800251007,1,0.0005,42516418_6,True,cifar100_shufflenetv2_x2_0,1.006277084350586,0.0809988901019096,2.0582228899002075e-06,0.0681741088628768,0.0010000000474974,1.0070645982952195,0,0.184390127658844,0.7531999999984936,0.930999999998138,3.390622854232788,0.0079953083768486,0.0009363612043671,3.659142748801969e-07,0.0074219573289155,0.0010000000474974,0.0079958722710468,0,0.2690600752830505,0.9997777777775556,0.9999999999997778,0.0005962811992503
shufflenetv2_x2_0,3,0.01,0.1,1.2167548709984493,0.0227994881570339,0.0883458033204078,0.6581999999986836,0.9017999999981964,1.2165908813476562,0.6230815052986145,2.701064348220825,0.1000000014901161,0.0121791958808898,1,0.0005,42516418_1,True,cifar100_shufflenetv2_x2_0,1.2165908813476562,0.2215460389852524,0.0001343535259366,0.0227990373969078,0.0099999997764825,1.2152714067581631,0,0.0883458033204078,0.6581999999986836,0.9017999999981964,2.701064348220825,0.8663498163223267,0.1550979167222976,6.612390279769897e-05,0.0782616585493087,0.0099999997764825,0.8662968558529085,0,0.1267108917236328,0.7504444444442777,0.948377777777567,1.3360729217529297
shufflenetv2_x2_0,3,0.1,0.1,1.246458994719025,0.0216197408735752,0.241232693195343,0.6479999999987041,0.8945999999982108,1.245245099067688,0.6264573931694031,2.713994026184082,0.1000000014901161,0.0122532024979591,1,0.0005,42516418_2,True,cifar100_shufflenetv2_x2_0,1.245245099067688,0.6264573931694031,0.0122532024979591,0.0216196961700916,0.1000000014901161,1.2486019664720276,0,0.241232693195343,0.6479999999987041,0.8945999999982108,2.713993787765503,0.8200116753578186,0.3972565531730652,0.0051760226488113,0.1007071584463119,0.1000000014901161,0.8200011222411375,0,0.1624977588653564,0.7660666666664965,0.9575555555553428,1.110946774482727
shufflenetv2_x2_0,4,1.0,0.1,0.9888090069118302,0.0713634043931961,0.188922643661499,0.7467999999985064,0.927999999998144,0.985627293586731,0.6455788612365723,3.114058494567871,0.1000000014901161,0.0137229114770889,1,0.0005,42516418_10,True,cifar100_shufflenetv2_x2_0,0.9856272339820862,0.98384827375412,0.6181984543800354,0.0713625028729438,1.0,0.9838531221000456,0,0.1889224648475647,0.7467999999985064,0.927999999998144,3.114058494567871,0.0109409186989068,0.0102524450048804,0.0003150794655084,0.0103347674012184,1.0,0.0109417331478141,0,0.3398056030273437,0.9997777777775556,0.9999999999997778,0.0007101140217855
shufflenetv2_x2_0,5,1.0,0.1,1.0020943398233546,0.0883548259735107,0.1798033118247985,0.742999999998514,0.9305999999981388,1.0012129545211792,0.6725231409072876,3.511246681213379,0.1000000014901161,0.0151765868067741,1,0.0005,42516418_16,True,cifar100_shufflenetv2_x2_0,1.0012129545211792,0.99964040517807,0.643156886100769,0.0883548110723495,1.0,1.000938131904812,0,0.1798025965690612,0.742999999998514,0.9305999999981388,3.511246681213379,0.0193126257508993,0.0186056960374116,0.0009725149720907,0.0176981464028358,1.0,0.0193100653006306,0,0.7622347474098206,0.9996666666664444,0.9999999999997778,0.0022765519097447
shufflenetv2_x2_0,3,0.5,0.1,1.0475755805499731,0.0363134071230888,0.0975654199719429,0.70999999999858,0.9257999999981484,1.049347996711731,0.6099735498428345,2.83378529548645,0.1000000014901161,0.0124207735061645,1,0.0005,42516418_3,True,cifar100_shufflenetv2_x2_0,1.049347996711731,0.9673093557357788,0.2064672112464904,0.036313496530056,0.5,1.0499853337521603,0,0.0975654199719429,0.70999999999858,0.9257999999981484,2.83378529548645,0.3483842313289642,0.3025255799293518,0.0281388014554977,0.1206301227211952,0.5,0.3483330292259967,0,0.240332543849945,0.9160444444442408,0.9966666666664452,0.2837563753128052
shufflenetv2_x2_0,4,2.0,0.1,1.0348935062479188,0.0761247724294662,0.1384894251823425,0.7437999999985124,0.9277999999981444,1.0314310789108276,0.6826922297477722,3.532077550888061,0.1000000014901161,0.0153745487332344,1,0.0005,42516418_11,True,cifar100_shufflenetv2_x2_0,1.0314310789108276,1.0312811136245728,1.5973165035247805,0.0761246979236602,2.0,1.0309460664601204,0,0.1384897828102111,0.7437999999985124,0.9277999999981444,3.53207802772522,0.0106444451957941,0.0104845985770225,0.0011577792465686,0.0100065637379884,2.0,0.0106432095312138,0,0.5168662071228027,0.9998444444442224,0.9999999999997778,0.0007412546547129
vgg16_bn,4,0.1,0.1,1.6437467030412705,0.19392129778862,0.4586182236671448,0.7327999999985344,0.905999999998188,1.6437346935272217,1.187812089920044,10.516136169433594,0.1000000014901161,0.0421029031276702,1,0.0005,42516418_8,True,cifar100_vgg16_bn,1.64373779296875,1.1878108978271484,0.0421032160520553,0.1939214169979095,0.1000000014901161,1.6498524299955388,0,0.458622395992279,0.7327999999985344,0.905999999998188,10.516154289245604,0.0056535522453486,0.0048612174578011,1.4131481293588877e-05,0.0031724912114441,0.1000000014901161,0.0056690261166877,0,0.7858809232711792,0.9989777777775558,0.9999999999997778,0.0028815132100135
vgg16_bn,3,1.0,0.1,4.605941603264961,0.002153368666768,0.002153368666768,0.0081999999999836,0.0411999999999176,4.605968475341797,0.0055523789487779,0.0001615994551684,0.1000000014901161,7.748603820800781e-07,1,0.0005,42516418_4,True,cifar100_vgg16_bn,4.605968475341797,0.017120074480772,8.058547973632812e-05,0.002153368666768,1.0,4.60596215494647,0,0.002153368666768,0.0081999999999836,0.0411999999999176,0.0001615994406165,4.605173110961914,0.0173116158694028,8.296966552734375e-05,0.0001517748460173,1.0,4.605172666374722,0,0.0001517748460173,0.0101999999999977,0.0509777777777664,0.000165232544532
vgg16_bn,3,0.1,0.1,4.6067419744346045,0.0023666927590966,0.0023666927590966,0.0081999999999836,0.0427999999999144,4.606729507446289,0.0094656608998775,0.000461597868707,0.1000000014901161,2.5033950805664062e-06,1,0.0005,42516418_2,True,cifar100_vgg16_bn,4.606729507446289,0.0094651812687516,2.5033950805664062e-06,0.0023666927590966,0.1000000014901161,4.60672683485484,0,0.0023666927590966,0.0081999999999836,0.0427999999999144,0.000461597868707,4.605257034301758,0.0095564918592572,2.1457672119140625e-06,0.0003611333668231,0.1000000014901161,4.605256695377341,0,0.0003611333668231,0.0101999999999977,0.0507999999999887,0.0004698843695223
vgg16_bn,3,0.01,0.1,3.240887091923563,0.0226927585899829,0.1747899651527404,0.1495999999997008,0.4711999999990576,3.2421932220458984,0.5562936067581177,1.7205407619476318,0.1000000014901161,0.0082927942276,1,0.0005,42516418_1,True,cifar100_vgg16_bn,3.2421936988830566,0.1817956566810608,8.570030331611633e-05,0.0226928144693374,0.0099999997764825,3.239052937795452,0,0.1747900247573852,0.1495999999997008,0.4711999999990576,1.7205411195755005,3.3885440826416016,0.1739977151155471,7.8640878200531e-05,0.0133030265569686,0.0099999997764825,3.388634761433534,0,0.0807801485061645,0.1266888888888607,0.421466666666573,1.5644302368164062
vgg16_bn,5,0.1,0.1,1.5148916415746312,0.1672750264406204,0.3415181040763855,0.703999999998592,0.8985999999982028,1.5063728094100952,1.027050495147705,8.025355339050293,0.1000000014901161,0.0325743108987808,1,0.0005,42516418_14,True,cifar100_vgg16_bn,1.5063709020614624,1.0270484685897827,0.0325741171836853,0.1672745794057846,0.1000000014901161,1.5031768433684372,0,0.3415170311927795,0.703999999998592,0.8985999999982028,8.025324821472168,0.1357750296592712,0.116239033639431,0.0010691098868846,0.0175959877669811,0.1000000014901161,0.1358343497349493,0,0.1518785506486892,0.9585555555553426,0.9985333333331116,0.2390871047973632
vgg16_bn,4,0.001,0.1,1.6946037462821384,0.1881143152713775,0.4400046467781067,0.7365999999985268,0.9015999999981968,1.6922937631607056,1.2232520580291748,11.072149276733398,0.1000000014901161,0.0442598909139633,1,0.0005,42516418_6,True,cifar100_vgg16_bn,1.6922905445098877,0.1476784199476242,6.194692105054855e-06,0.1881148368120193,0.0010000000474974,1.692419444668469,0,0.4400017857551574,0.7365999999985268,0.9015999999981968,11.072135925292969,0.0055949785746634,0.0021437611430883,8.266074473795015e-07,0.0031372886151075,0.0010000000474974,0.0055960309040325,0,0.6084449291229248,0.9992444444442224,0.9999999999997778,0.0062734736129641
vgg16_bn,4,0.01,0.1,1.6214201740264025,0.1893774569034576,0.4480236172676086,0.7351999999985296,0.90999999999818,1.6234291791915894,1.1750818490982056,10.408324241638184,0.1000000014901161,0.0414561182260513,1,0.0005,42516418_7,True,cifar100_vgg16_bn,1.6234265565872192,0.431401014328003,0.0005081761628389,0.1893777549266815,0.0099999997764825,1.6201574496274669,0,0.4480246305465698,0.7351999999985296,0.90999999999818,10.408307075500488,0.0055566783994436,0.003542153397575,2.5367262423969805e-07,0.0029649441130459,0.0099999997764825,0.0055584041835143,0,0.7185094356536865,0.999088888888667,0.9999999999997778,0.0050113075412809
vgg16_bn,5,0.01,0.1,1.3722784989171322,0.1430344432592392,0.3025027513504028,0.7041999999985916,0.895999999998208,1.3696635961532593,0.9209580421447754,6.538086414337158,0.1000000014901161,0.0268923044204711,1,0.0005,42516418_13,True,cifar100_vgg16_bn,1.3696600198745728,0.3403679728507995,0.0003203637897968,0.1430347263813018,0.0099999997764825,1.3727854006579066,0,0.3025025725364685,0.7041999999985916,0.895999999998208,6.538051605224609,0.2579493522644043,0.0943555682897567,2.93683260679245e-05,0.0173963997513055,0.0099999997764825,0.2580106101614213,0,0.1284326910972595,0.9244444444442392,0.9922888888886684,0.5863426327705383
vgg16_bn,5,0.5,0.1,1.645715831887408,0.1836510747671127,0.4251848459243774,0.7115999999985768,0.8995999999982008,1.6368249654769895,1.1483145952224731,10.191086769104004,0.1000000014901161,0.0401072800159454,1,0.0005,42516418_15,True,cifar100_vgg16_bn,1.6368240118026731,1.63194739818573,0.5194036364555359,0.1836505979299545,0.5,1.6352111569811614,0,0.4251837134361267,0.7115999999985768,0.8995999999982008,10.191065788269045,0.0522618815302848,0.0514052733778953,0.005769994109869,0.0141795240342617,0.5,0.052257032448166,0,0.1129822731018066,0.985911111110892,0.9997777777775556,0.0712262913584709
vgg16_bn,4,2.0,0.1,1.7259735814047743,0.1949204504489898,0.4680164158344269,0.7325999999985349,0.9043999999981912,1.728961706161499,1.255071759223938,11.916213989257812,0.1000000014901161,0.0466773957014083,1,0.0005,42516418_11,True,cifar100_vgg16_bn,1.7289639711380005,1.7289464473724363,3.099940538406372,0.1949209868907928,2.0,1.7339090994271584,0,0.4680165350437164,0.7325999999985349,0.9043999999981912,11.916245460510254,0.0081292446702718,0.0081124622374773,0.0054705254733562,0.0038539073430001,2.0,0.0081317822023606,0,0.8154711723327637,0.9985111111108892,0.9999999999997778,0.0074594519101083
vgg16_bn,0,0.0,0.1,1.657238846188669,0.1933080404996872,0.4469868540763855,0.7297999999985404,0.9035999999981928,1.6654460430145264,1.196647882461548,10.546013832092283,0.1000000014901161,0.0424591600894928,1,0.0005,42516422,True,cifar100_vgg16_bn,1.6654448509216309,0.0235719140619039,0.0,0.193309485912323,0.0,1.6663681677592688,0,0.4469866156578064,0.7297999999985404,0.9035999999981928,10.545994758605955,0.0059443213976919,3.906271376763471e-05,0.0,0.0026907864958047,0.0,0.0059517288659175,0,0.3916211724281311,0.998888888888667,0.9999777777775556,0.0059449379332363
vgg16_bn,5,2.0,0.1,1.7298287740641325,0.1869337856769561,0.4037836790084839,0.7121999999985756,0.8931999999982136,1.7245391607284546,1.2205911874771118,11.701287269592283,0.1000000014901161,0.0449514687061309,1,0.0005,42516418_17,True,cifar100_vgg16_bn,1.724539041519165,1.724457025527954,3.036259174346924,0.18693408370018,2.0,1.722281121346501,0,0.4037809371948242,0.7121999999985756,0.8931999999982136,11.70129108428955,0.0524772703647613,0.0523862317204475,0.0477769970893859,0.0135582098737359,2.0,0.0524834397600099,0,0.2950911521911621,0.9855777777775588,0.9998888888886668,0.0756603479385376
vgg16_bn,5,1.0,0.1,1.6617079190051902,0.1842425763607025,0.4107094705104828,0.718999999998562,0.9005999999981988,1.6590968370437622,1.1898127794265747,11.230896949768066,0.1000000014901161,0.0431794375181198,1,0.0005,42516418_16,True,cifar100_vgg16_bn,1.6591002941131592,1.6588679552078247,1.3110616207122805,0.1842424571514129,1.0,1.6560269883935592,0,0.410707026720047,0.718999999998562,0.9005999999981988,11.23093318939209,0.0443659126758575,0.0441054329276084,0.0137701332569122,0.0138279590755701,1.0,0.0443513864858953,0,0.278484970331192,0.9887333333331136,0.9997777777775556,0.0549314767122268
vgg16_bn,5,0.001,0.1,1.3550799124618031,0.1436400711536407,0.9273985624313354,0.7061999999985876,0.8933999999982132,1.3607170581817627,0.9124701619148254,6.348959922790527,0.1000000014901161,0.0262713581323623,1,0.0005,42516418_12,True,cifar100_vgg16_bn,1.3607178926467896,0.11076720058918,3.639492206275463e-06,0.1436394155025482,0.0010000000474974,1.3625436895233485,0,0.9274046421051024,0.7061999999985876,0.8933999999982132,6.348962306976318,0.2736718356609344,0.0346832685172557,9.20990714803338e-07,0.0153639111667871,0.0010000000474974,0.2736887062151603,0,0.0905608683824539,0.9201111111109068,0.9902666666664468,0.6519383192062378
vgg16_bn,3,0.001,0.1,3.1999839885924213,0.0333141759037971,0.1700296401977539,0.1591999999996816,0.4835999999990328,3.200433254241944,0.5357118844985962,1.559385895729065,0.1000000014901161,0.0075919926166534,1,0.0005,42516418_0,True,cifar100_vgg16_bn,3.2004334926605225,0.0556732937693595,8.563511073589325e-07,0.0333141796290874,0.0010000000474974,3.1993131025530226,0,0.1700286865234375,0.1591999999996816,0.4835999999990328,1.5593878030776978,3.404623746871948,0.0558079406619072,9.604264050722122e-07,0.0146203953772783,0.0010000000474974,3.404739116887064,0,0.085884153842926,0.1269999999999717,0.4201777777776845,1.5737833976745603
vgg16_bn,3,0.5,0.1,4.606210944733638,0.0022455360740423,0.0022455360740423,0.0081999999999836,0.0411999999999176,4.606263160705566,0.0071370135992765,0.0002654503623489,0.1000000014901161,1.6093254089355469e-06,1,0.0005,42516418_3,True,cifar100_vgg16_bn,4.606263160705566,0.0156988743692636,3.3855438232421875e-05,0.0022455360740423,0.5,4.60625822313785,0,0.0022455360740423,0.0081999999999836,0.0411999999999176,0.0002654503623489,4.605198860168457,0.0158877689391374,3.3855438232421875e-05,0.0002433406189084,0.5,4.605198532081252,0,0.0002433406189084,0.0101999999999977,0.0509777777777664,0.0002712895802687
vgg16_bn,4,0.5,0.1,1.6339628807481126,0.1900237947702407,0.4729559123516083,0.7335999999985329,0.9005999999981988,1.6359484195709229,1.1857929229736328,10.618904113769531,0.1000000014901161,0.0421787351369857,1,0.0005,42516418_9,True,cifar100_vgg16_bn,1.6359496116638184,1.6351258754730225,0.5422637462615967,0.1900234073400497,0.5,1.6395297280697003,0,0.4729572832584381,0.7335999999985329,0.9005999999981988,10.618941307067873,0.0064569930545985,0.0062609813176095,0.0004418601747602,0.0036875843070447,0.5,0.0064597328927994,0,0.2241156697273254,0.9990444444442224,0.9999555555553334,0.0074463495984673
vgg16_bn,3,2.0,0.1,4.605696103654183,0.0020500207319855,0.0020500207319855,0.0081999999999836,0.0447999999999104,4.605699062347412,0.0039640674367547,8.201771561289206e-05,0.1000000014901161,5.364418029785156e-07,1,0.0005,42516418_5,True,cifar100_vgg16_bn,4.605699062347412,0.0171174388378858,0.0001640319824218,0.0020500207319855,2.0,4.60569114454774,0,0.0020500207319855,0.0081999999999836,0.0447999999999104,8.201771561289206e-05,4.605157852172852,0.0172051023691892,0.0001678466796875,5.230959504842758e-05,2.0,4.605157713736791,0,5.230959504842758e-05,0.0101999999999977,0.0505777777777665,8.359299681615084e-05
vgg16_bn,4,1.0,0.1,1.65316535151793,0.1854326725006103,0.4325144588947296,0.7389999999985221,0.897999999998204,1.6503536701202393,1.2084338665008545,11.122477531433104,0.1000000014901161,0.0437861680984497,1,0.0005,42516418_10,True,cifar100_vgg16_bn,1.6503558158874512,1.650283694267273,1.3339285850524902,0.1854322850704193,1.0,1.652627562650249,0,0.4325136244297027,0.7389999999985221,0.897999999998204,11.12246799468994,0.0071124942041933,0.0070348107255995,0.0016355426050722,0.0037448722869157,1.0,0.0071373378644896,0,0.2957605421543121,0.9989111111108891,0.9999999999997778,0.0069471313618123
repvgg_a2,4,0.5,0.1,0.9586925293182076,0.0565163642168045,0.133144199848175,0.766999999998466,0.936999999998126,0.9592220187187196,0.6344103217124939,3.010319232940674,0.1000000014901161,0.0132720097899436,1,0.0005,42516418_9,True,cifar100_repvgg_a2,0.9592219591140748,0.9440729022026062,0.2193771004676818,0.0565172992646694,0.5,0.965533846133978,0,0.1331441402435302,0.766999999998466,0.936999999998126,3.010319471359253,0.0060652215033769,0.0051860068924725,4.665646702051163e-05,0.0056437952443957,0.5,0.0060661949414953,0,0.4926988482475281,0.9998666666664444,0.9999999999997778,0.0004125082632526
repvgg_a2,0,0.0,0.1,0.971148007622565,0.0590494722127914,0.1201740503311157,0.7663999999984672,0.9381999999981236,0.9646359086036682,0.6311001181602478,2.929177761077881,0.1000000014901161,0.0129932463169097,1,0.0005,42516422,True,cifar100_repvgg_a2,0.9646359086036682,0.0067185908555984,0.0,0.0590485483407974,0.0,0.9681745405124642,0,0.1201740503311157,0.7663999999984672,0.9381999999981236,2.929177761077881,0.0058064726181328,1.816551230149344e-05,0.0,0.0053745405748486,0.0,0.0058089004328814,0,0.2526631355285644,0.9998888888886668,0.9999999999997778,0.0004498732741922
repvgg_a2,5,0.01,0.1,0.986845647795304,0.0964479446411132,0.2518820762634277,0.7625999999984748,0.9393999999981212,0.9840097427368164,0.6997197270393372,3.980388641357422,0.1000000014901161,0.0168160423636436,1,0.0005,42516418_13,True,cifar100_repvgg_a2,0.9840097427368164,0.263893187046051,0.0001955879852175,0.0964477434754371,0.0099999997764825,0.9842528129663164,0,0.2518818974494934,0.7625999999984748,0.9393999999981212,3.980388879776001,0.0180991441011428,0.0075878715142607,7.469934644177556e-07,0.0137809487059712,0.0099999997764825,0.0181055284856945,0,0.8526350259780884,0.998577777777556,0.9999999999997778,0.0064946906641125
repvgg_a2,5,1.0,0.1,0.9196943040064004,0.07611745595932,0.1961503028869629,0.7657999999984684,0.9407999999981184,0.921353280544281,0.6374533772468567,3.263167381286621,0.1000000014901161,0.0140150934457778,1,0.0005,42516418_16,True,cifar100_repvgg_a2,0.921353280544281,0.9207260608673096,0.5926551222801208,0.0761179625988006,1.0,0.9258382077356282,0,0.196150541305542,0.7657999999984684,0.9407999999981184,3.263167142868042,0.0083643831312656,0.0080957747995853,0.0003230012953281,0.0076396614313125,1.0,0.0083680028138711,0,0.4799467921257019,0.9997555555553336,0.9999999999997778,0.0007726761396043
repvgg_a2,3,0.5,0.1,0.9642676348633252,0.0855592638254165,0.1634513735771179,0.7421999999985156,0.9375999999981248,0.9691267609596252,0.6455212831497192,3.2711844444274902,0.1000000014901161,0.0141471028327941,1,0.0005,42516418_3,True,cifar100_repvgg_a2,0.9691267609596252,0.9452721476554872,0.2243571579456329,0.0855589658021926,0.5,0.9741732145445372,0,0.1634512543678283,0.7421999999985156,0.9375999999981248,3.2711846828460693,0.0897225439548492,0.0842987746000289,0.0047649890184402,0.0533566772937774,0.5,0.0897303317537855,0,0.5827920436859131,0.9862444444442252,0.9999555555553334,0.045594073832035
repvgg_a2,4,1.0,0.1,0.9403543706006846,0.0492650903761386,0.1321730017662048,0.7633999999984732,0.935999999998128,0.9401777386665344,0.6047520041465759,2.7164011001586914,0.1000000014901161,0.0120609104633331,1,0.0005,42516418_10,True,cifar100_repvgg_a2,0.9401777386665344,0.9387308359146118,0.5702846646308899,0.0492656864225864,1.0,0.94032354009819,0,0.1321729719638824,0.7633999999984732,0.935999999998128,2.7164011001586914,0.0068866717629134,0.0064166211523115,0.0001632678322494,0.0065642395056784,1.0,0.0068876407110579,0,0.3561512231826782,0.9998888888886668,0.9999999999997778,0.0003784876898862
repvgg_a2,5,0.001,0.1,0.9626382644131664,0.0987648740410804,0.2334927916526794,0.7603999999984792,0.9401999999981197,0.9663046598434448,0.6837401986122131,3.783324956893921,0.1000000014901161,0.0160573869943618,1,0.0005,42516418_12,True,cifar100_repvgg_a2,0.9663046598434448,0.0852470472455024,2.139830030500889e-06,0.0987656787037849,0.0010000000474974,0.9692434753101704,0,0.233492374420166,0.7603999999984792,0.9401999999981197,3.783324956893921,0.0194127056747674,0.0036052917130291,3.392196958884597e-07,0.014389781281352,0.0010000000474974,0.0194179527185915,0,0.3546709418296814,0.998488888888667,0.9999777777775556,0.0099623408168554
repvgg_a2,3,0.1,0.1,0.979414969192986,0.0502217449247837,0.126049518585205,0.7237999999985524,0.92999999999814,0.9797595739364624,0.5972148776054382,2.719165325164795,0.1000000014901161,0.0119602531194686,1,0.0005,42516418_2,True,cifar100_repvgg_a2,0.9797595739364624,0.5972147583961487,0.011960245668888,0.050221137702465,0.1000000014901161,0.9830351645799698,0,0.1260494589805603,0.7237999999985524,0.92999999999814,2.719165325164795,0.3801186680793762,0.2349656969308853,0.0022223815321922,0.0765568912029266,0.1000000014901161,0.3801155743735172,0,0.1841176152229309,0.8916444444442464,0.9908888888886688,0.4778102040290833
repvgg_a2,5,0.1,0.1,0.974774223078668,0.0933092236518859,0.2107595205307006,0.7597999999984805,0.9387999999981224,0.975813090801239,0.6881381869316101,3.8500397205352783,0.1000000014901161,0.0162786692380905,1,0.0005,42516418_14,True,cifar100_repvgg_a2,0.975813090801239,0.6881381869316101,0.0162786692380905,0.093309223651886,0.1000000014901161,0.9800000841485956,0,0.2107596397399902,0.7597999999984805,0.9387999999981224,3.8500397205352783,0.0120523804798722,0.0088988570496439,1.1237803846597672e-05,0.0103946086019277,0.1000000014901161,0.0120496205232583,0,0.7055122256278992,0.9995333333331112,0.9999999999997778,0.0023239809088408
repvgg_a2,4,0.001,0.1,0.9462233628071846,0.0537438355386257,0.1278305053710937,0.7723999999984552,0.9357999999981284,0.947621762752533,0.6329680681228638,3.0263335704803467,0.1000000014901161,0.0132926478981971,1,0.0005,42516418_6,True,cifar100_repvgg_a2,0.947621762752533,0.0764642059803009,1.576961949467659e-06,0.0537443421781063,0.0010000000474974,0.9504215235726408,0,0.1278307437896728,0.7723999999984552,0.9357999999981284,3.0263335704803467,0.0056157168000936,0.0006566905067302,8.473448360746261e-07,0.005259986501187,0.0010000000474974,0.0056159194391628,0,0.5291137099266052,0.9998666666664444,0.9999999999997778,0.0003334356588311
repvgg_a2,5,0.5,0.1,0.9115400339575676,0.0761460065841674,0.2449672222137451,0.7675999999984648,0.9411999999981177,0.9146493673324584,0.6387596130371094,3.318119525909424,0.1000000014901161,0.0141896530985832,1,0.0005,42516418_15,True,cifar100_repvgg_a2,0.9146493673324584,0.9037675857543944,0.2202374339103698,0.0761461853981018,0.5,0.9170967693511743,0,0.2449672222137451,0.7675999999984648,0.9411999999981177,3.318119525909424,0.0091749262064695,0.0083815278485417,0.0001128232106566,0.0083319833502173,0.5,0.0091803185424885,0,0.5168920755386353,0.9997555555553336,0.9999999999997778,0.0010098782368004
repvgg_a2,3,0.01,0.1,1.0293507094004857,0.0437335669994354,0.0824625045061111,0.70999999999858,0.9253999999981491,1.025238871574402,0.6028614044189453,2.713465929031372,0.1000000014901161,0.012013517320156,1,0.0005,42516418_1,True,cifar100_repvgg_a2,1.025238871574402,0.2200375497341156,0.000133903697133,0.043733537197113,0.0099999997764825,1.0254800821183712,0,0.0824625045061111,0.70999999999858,0.9253999999981491,2.713465690612793,0.5425678491592407,0.1234235018491745,4.4094398617744446e-05,0.0653835088014602,0.0099999997764825,0.542537736590944,0,0.1313688158988952,0.8433777777775904,0.9767333333331164,0.8829059600830078
repvgg_a2,4,0.01,0.1,0.9550283457034016,0.0536628775298595,0.1105814576148986,0.7615999999984768,0.9365999999981268,0.9556646347045898,0.6264726519584656,2.919475078582764,0.1000000014901161,0.0129124596714973,1,0.0005,42516418_7,True,cifar100_repvgg_a2,0.9556646347045898,0.228618249297142,0.0001448336988687,0.0536629036068916,0.0099999997764825,0.9561782504307624,0,0.1105813980102539,0.7615999999984768,0.9365999999981268,2.919475078582764,0.0057736635208129,0.0016516509931534,5.161782610230148e-07,0.0053645046427845,0.0099999997764825,0.005775004266486,0,0.5337945222854614,0.9998444444442224,0.9999999999997778,0.0004149236483499
repvgg_a2,3,0.001,0.1,1.0651582414546492,0.0444513820111751,0.2401250004768371,0.698999999998602,0.9201999999981596,1.060060739517212,0.6067042350769043,2.689513683319092,0.1000000014901161,0.0119814202189445,1,0.0005,42516418_0,True,cifar100_repvgg_a2,1.060060739517212,0.0722697898745536,1.482316292822361e-06,0.0444512367248535,0.0010000000474974,1.0613044703660686,0,0.2401250004768371,0.698999999998602,0.9201999999981596,2.689513683319092,0.6024082899093628,0.0434156395494937,6.397604010999203e-07,0.0688714683055877,0.0010000000474974,0.6023855984546028,0,0.2018411755561829,0.8264888888887053,0.9711333333331176,0.9834271669387816
repvgg_a2,3,1.0,0.1,0.9609338129722536,0.088929459452629,0.1688877046108245,0.7547999999984905,0.9385999999981228,0.9555372595787048,0.6642138957977295,3.6514523029327393,0.1000000014901161,0.0154231563210487,1,0.0005,42516418_4,True,cifar100_repvgg_a2,0.9555372595787048,0.95427668094635,0.6199526190757751,0.0889287441968917,1.0,0.957201158521796,0,0.1688877046108245,0.7547999999984905,0.9385999999981228,3.6514523029327393,0.0405810102820396,0.0398895107209682,0.0048420652747154,0.0307101123034954,1.0,0.0405813724266336,0,0.3419857025146484,0.996533333333112,0.9999999999997778,0.0124739976599812
repvgg_a2,3,2.0,0.1,0.9937308813133228,0.097884327173233,0.2443322539329528,0.752999999998494,0.9365999999981268,0.9943806529045104,0.6957995891571045,3.9878451824188232,0.1000000014901161,0.0167382881045341,1,0.0005,42516418_5,True,cifar100_repvgg_a2,0.994380533695221,0.994342565536499,1.567581295967102,0.0978846326470375,2.0,0.994662472108374,0,0.2443320155143737,0.752999999998494,0.9365999999981268,3.9878451824188232,0.0223717186599969,0.022305654361844,0.0060395188629627,0.0190414227545261,2.0,0.0223723037621333,0,0.8122966885566711,0.9989333333331114,0.9999999999997778,0.0043375501409173
repvgg_a2,5,2.0,0.1,0.9125984246936184,0.0667300671339035,0.1331077218055725,0.7643999999984712,0.9381999999981236,0.9181093573570251,0.624379575252533,3.060167074203491,0.1000000014901161,0.0132911130785942,1,0.0005,42516418_17,True,cifar100_repvgg_a2,0.9181093573570251,0.9180697202682496,1.407443881034851,0.0667298734188079,2.0,0.920416461961209,0,0.1331077814102172,0.7643999999984712,0.9381999999981236,3.0601673126220703,0.0088881999254226,0.0088200354948639,0.0011357367038726,0.0081600425764918,2.0,0.0088884601210993,0,0.741580605506897,0.9997555555553336,0.9999999999997778,0.0007992110913619
repvgg_a2,4,0.1,0.1,0.9156282390546294,0.0589506179094314,0.1144174933433532,0.7733999999984532,0.9421999999981155,0.9121136665344238,0.6046023964881897,2.761920213699341,0.1000000014901161,0.0121994465589523,1,0.0005,42516418_8,True,cifar100_repvgg_a2,0.9121136665344238,0.6046023964881897,0.0121994540095329,0.0589511469006538,0.1000000014901161,0.9141580159861736,0,0.1144175231456756,0.7733999999984532,0.9421999999981155,2.7619199752807617,0.0058234091848134,0.0034795512910932,2.5068875402212143e-06,0.0054402886889874,0.1000000014901161,0.0058255937973706,0,0.4916183352470398,0.999822222222,0.9999999999997778,0.0003548975510057
repvgg_a2,4,2.0,0.1,1.0029148841850126,0.0619288310408592,0.1486806273460388,0.7455999999985088,0.9247999999981504,0.9998160004615784,0.6468369960784912,3.082460880279541,0.1000000014901161,0.0136349871754646,1,0.0005,42516418_11,True,cifar100_repvgg_a2,0.9998160004615784,0.999746799468994,1.5280314683914185,0.0619291476905345,2.0,1.0036041761387084,0,0.1486802697181701,0.7455999999985088,0.9247999999981504,3.082460880279541,0.007221067789942,0.0071170250885188,0.0007282989099621,0.0067666675895452,2.0,0.0072214020999405,0,0.6075965166091919,0.9998444444442224,0.9999999999997778,0.0005074516520835
mobilenetv2_x0_75,4,1.0,0.1,1.079698222335746,0.1023009344935417,0.2031777501106262,0.7371999999985256,0.9271999999981456,1.0747960805892944,0.732985258102417,4.263747692108154,0.1000000014901161,0.0180364027619361,1,0.0005,42516418_10,True,cifar100_mobilenetv2_x0_75,1.07479989528656,1.0732423067092896,0.714530348777771,0.1025010645389556,1.0,1.076687639413362,0,0.2031872868537902,0.7369999999985261,0.9271999999981456,4.263791084289551,0.0481177568435668,0.0471390411257743,0.0054703950881958,0.0371976010501384,1.0,0.0481159511333593,0,0.3374794125556946,0.9962888888886676,0.9999999999997778,0.0136886704713106
mobilenetv2_x0_75,5,0.01,0.1,1.061234479611976,0.0515141412615776,0.100943922996521,0.6965999999986068,0.925999999998148,1.059654712677002,0.6080438494682312,2.748445510864258,0.1000000014901161,0.0121601596474647,1,0.0005,42516418_13,True,cifar100_mobilenetv2_x0_75,1.059654712677002,0.2214500606060028,0.0001356927677989,0.0517137944698333,0.0099999997764825,1.0610153133332465,0,0.1009470224380493,0.6963999999986072,0.925999999998148,2.7484450340271,0.5616750717163086,0.1204197108745575,4.15705144405365e-05,0.0702298805117607,0.0099999997764825,0.5616456550988864,0,0.1329200863838195,0.8337111111109259,0.978222222222005,0.8328977227210999
mobilenetv2_x0_75,3,2.0,0.1,1.5354744545888606,0.1371536403894424,0.2375109791755676,0.5777999999988445,0.8757999999982484,1.5350016355514526,0.5158679485321045,1.8400403261184688,0.1000000014901161,0.0084358155727386,1,0.0005,42516418_5,True,cifar100_mobilenetv2_x0_75,1.5350061655044556,1.2618697881698608,1.3404757976531982,0.1374741196632385,2.0,1.5388624779636315,0,0.2378426194190979,0.5777999999988445,0.8757999999982484,1.8400530815124512,1.3249590396881104,1.0220600366592407,0.908210277557373,0.2071776986122131,2.0,1.3250039239423184,0,0.2998305559158325,0.6329111111109705,0.9307333333331266,1.0110113620758057
mobilenetv2_x0_75,5,0.1,0.1,1.0603305096093,0.050447542220354,0.0940982103347778,0.698999999998602,0.92499999999815,1.056466817855835,0.6139329075813293,2.849351167678833,0.1000000014901161,0.0125137045979499,1,0.0005,42516418_14,True,cifar100_mobilenetv2_x0_75,1.0564661026000977,0.6139346361160278,0.0125136449933052,0.0504470095038414,0.1000000014901161,1.060644423431317,0,0.0940977931022644,0.698999999998602,0.92499999999815,2.8493757247924805,0.4671109020709991,0.2658951878547668,0.0026341713964939,0.0817085057497024,0.1000000014901161,0.4671976808193113,0,0.1492337584495544,0.8614888888886975,0.9882444444442248,0.5634952783584595
mobilenetv2_x0_75,5,0.001,0.1,1.0512602174986236,0.0424189493060112,0.0905889868736267,0.703999999998592,0.9273999999981452,1.0494942665100098,0.6053032875061035,2.7420694828033447,0.1000000014901161,0.0121082887053489,1,0.0005,42516418_12,True,cifar100_mobilenetv2_x0_75,1.0494920015335083,0.0728655457496643,1.403968781232834e-06,0.0424203351140022,0.0010000000474974,1.0536183739400868,0,0.0905924141407013,0.703999999998592,0.9273999999981452,2.742067575454712,0.5767115354537964,0.040761724114418,6.923219189047813e-07,0.0703072249889373,0.0010000000474974,0.5766473547651194,0,0.1239799857139587,0.8300444444442601,0.9773999999997828,0.8663143515586853
mobilenetv2_x0_75,5,0.5,0.1,1.056739383407559,0.0714769512414932,0.1161863803863525,0.7037999999985924,0.9271999999981456,1.0571550130844116,0.6373622417449951,3.0787715911865234,0.1000000014901161,0.013479933142662,1,0.0005,42516418_15,True,cifar100_mobilenetv2_x0_75,1.05715811252594,0.9940149784088136,0.2210143208503723,0.0714769810438156,0.5,1.0614082062897838,0,0.1161850690841674,0.7037999999985924,0.9271999999981456,3.078779697418213,0.2975308299064636,0.2662549614906311,0.0242765843868255,0.0950476825237274,0.5,0.2975511761551822,0,0.210175096988678,0.9214888888886842,0.997977777777556,0.2424043416976928
mobilenetv2_x0_75,4,0.01,0.1,1.101614880011021,0.1124702990055084,0.2502149939537048,0.7407999999985184,0.9275999999981448,1.0977513790130615,0.7590586543083191,4.508587837219238,0.1000000014901161,0.0190940648317337,1,0.0005,42516418_7,True,cifar100_mobilenetv2_x0_75,1.0977624654769895,0.282360702753067,0.0002220869064331,0.1124692931771278,0.0099999997764825,1.1021480852815215,0,0.2502198815345764,0.7407999999985184,0.9275999999981448,4.508622646331787,0.0305299758911132,0.0108582470566034,1.0776566341519356e-06,0.0237985029816627,0.0099999997764825,0.0305347791220576,0,0.8089309930801392,0.9978888888886672,0.9999999999997778,0.0094315893948078
mobilenetv2_x0_75,0,0.0,0.1,1.091510310223326,0.1103371232748031,0.2326183915138244,0.7391999999985216,0.9265999999981468,1.0973020792007446,0.753549337387085,4.394923210144043,0.1000000014901161,0.0187248960137367,1,0.0005,42516422,True,cifar100_mobilenetv2_x0_75,1.0973020792007446,0.0098909782245755,0.0,0.1103373244404792,0.0,1.1016779029821429,0,0.2326159477233886,0.7391999999985216,0.9265999999981468,4.394906044006348,0.0310103204101324,7.713811100984458e-06,0.0,0.0238943584263324,0.0,0.0310173256580281,0,0.3718127906322479,0.9976888888886672,0.9999999999997778,0.0099416263401508
mobilenetv2_x0_75,4,0.5,0.1,1.0792726988164427,0.1038520336151123,0.2558438777923584,0.7403999999985192,0.9303999999981392,1.0824203491210938,0.7429852485656738,4.400116443634033,0.1000000014901161,0.0185432434082031,1,0.0005,42516418_9,True,cifar100_mobilenetv2_x0_75,1.0824183225631714,1.0646778345108032,0.2765998244285583,0.1038521081209182,0.5,1.0890242273130777,0,0.2558469772338867,0.7403999999985192,0.9303999999981392,4.400094509124756,0.0432279556989669,0.0404158532619476,0.0013865455985069,0.0338848978281021,0.5,0.0432356721908688,0,0.4315631091594696,0.9970888888886674,0.9999999999997778,0.0127014275640249
mobilenetv2_x0_75,4,0.001,0.1,1.12096625212411,0.1146676316857338,0.2391867041587829,0.7373999999985252,0.9301999999981396,1.119989037513733,0.7721595764160156,4.663950443267822,0.1000000014901161,0.0196937173604965,1,0.0005,42516418_6,True,cifar100_mobilenetv2_x0_75,1.1199886798858645,0.0948081165552139,2.282438799738884e-06,0.1146686673164367,0.0010000000474974,1.1233835602150186,0,0.2391891479492187,0.7373999999985252,0.9301999999981396,4.663974285125732,0.0321962311863899,0.0041542258113622,7.249764166772366e-07,0.024894081056118,0.0010000000474974,0.0321945257635951,0,0.8205893039703369,0.9975999999997784,0.9999999999997778,0.0100382817909121
mobilenetv2_x0_75,3,0.1,0.1,1.525659488868823,0.0176056884229183,0.0437033772468566,0.5625999999988748,0.8581999999982837,1.5276492834091189,0.6175364851951599,2.4199469089508057,0.1000000014901161,0.0112377554178237,1,0.0005,42516418_2,True,cifar100_mobilenetv2_x0_75,1.5276488065719604,0.6175360083580017,0.011237695813179,0.0176051650196313,0.1000000014901161,1.5301417104699755,0,0.0437026619911193,0.5625999999988748,0.857999999998284,2.419951200485229,1.427384376525879,0.5433107614517212,0.0086766332387924,0.0747829377651214,0.1000000014901161,1.4274274191262089,0,0.1219543814659118,0.5889777777776469,0.8807999999998043,1.8441507816314693
mobilenetv2_x0_75,3,0.5,0.1,1.3724932306102926,0.0368563868105411,0.2871354818344116,0.601999999998796,0.887999999998224,1.3784565925598145,0.575507640838623,2.205832004547119,0.1000000014901161,0.0101362913846969,1,0.0005,42516418_3,True,cifar100_mobilenetv2_x0_75,1.3784551620483398,1.043212890625,0.1909680366516113,0.0368553176522254,0.5,1.3815821640736132,0,0.2871220707893371,0.601999999998796,0.887999999998224,2.205828905105591,1.1684263944625854,0.8301255702972412,0.1230267882347107,0.1226717382669448,0.5,1.1684554320180842,0,0.1759788990020752,0.6604222222220755,0.9292666666664602,1.282038331031799
mobilenetv2_x0_75,5,2.0,0.1,1.0862732404999542,0.065986655652523,0.1256473511457443,0.7127999999985745,0.9283999999981432,1.0822539329528809,0.6632909178733826,3.428614377975464,0.1000000014901161,0.0147719830274581,1,0.0005,42516418_17,True,cifar100_mobilenetv2_x0_75,1.0822546482086182,1.0807709693908691,1.5712933540344238,0.0659867823123931,2.0,1.0852528328237676,0,0.1256501823663711,0.7127999999985745,0.9283999999981432,3.4286210536956787,0.2624728083610534,0.2605189085006714,0.1981958150863647,0.0984789580106735,2.0,0.2624785781434867,0,0.2158918976783752,0.9362444444442364,0.9989333333331114,0.1959824115037918
mobilenetv2_x0_75,5,1.0,0.1,1.0643417442483696,0.0807759314775466,0.1490896344184875,0.7077999999985845,0.9325999999981348,1.062541961669922,0.6556547284126282,3.378611326217652,0.1000000014901161,0.014515496790409,1,0.0005,42516418_16,True,cifar100_mobilenetv2_x0_75,1.0625417232513428,1.0536446571350098,0.6316373348236084,0.0807760208845138,1.0,1.0652515137829794,0,0.149089515209198,0.7077999999985845,0.9325999999981348,3.378611326217652,0.2401355504989624,0.2326510399580001,0.0586904287338256,0.0946488380432128,1.0,0.2401613665777538,0,0.2287822663784027,0.9434666666664572,0.9989777777775558,0.1735402643680572
mobilenetv2_x0_75,3,0.01,0.1,1.754179619865708,0.0126344906166195,0.0436538457870483,0.5117999999989764,0.8203999999983592,1.7529679536819458,0.6732526421546936,2.797480583190918,0.1000000014901161,0.0130415111780166,1,0.0005,42516418_1,True,cifar100_mobilenetv2_x0_75,1.7529643774032593,0.229302316904068,0.0001393910497426,0.0128341950476169,0.0099999997764825,1.755050884799812,0,0.0445439219474792,0.5117999999989764,0.8203999999983592,2.797466278076172,1.6817138195037842,0.2055374979972839,0.0001116245985031,0.0544254332780838,0.0099999997764825,1.6817970220737295,0,0.0870277285575866,0.5299777777776601,0.8359111111109254,2.240044116973877
mobilenetv2_x0_75,4,0.1,0.1,1.0923884177706469,0.1069479659199714,0.2288988828659057,0.7415999999985168,0.9297999999981404,1.090860366821289,0.7512916326522827,4.425193786621094,0.1000000014901161,0.0187578275799751,1,0.0005,42516418_8,True,cifar100_mobilenetv2_x0_75,1.0908609628677368,0.7512897253036499,0.0187578871846199,0.1071473881602287,0.1000000014901161,1.0928702915210926,0,0.2289024591445922,0.7413999999985172,0.9297999999981404,4.425196170806885,0.0371222421526908,0.0269267950206995,5.774456076323986e-05,0.0283629354089498,0.1000000014901161,0.0371282599443132,0,0.81730717420578,0.9971111111108896,0.9999999999997778,0.0117838261649012
mobilenetv2_x0_75,4,2.0,0.1,1.1015568310475037,0.1081630662083625,0.2054569721221923,0.7315999999985369,0.9283999999981432,1.1042475700378418,0.749367892742157,4.46065616607666,0.1000000014901161,0.0187947675585746,1,0.0005,42516418_11,True,cifar100_mobilenetv2_x0_75,1.1042412519454956,1.104110836982727,1.7413442134857178,0.1083614006638526,2.0,1.1086132222831415,0,0.2054564356803894,0.7313999999985372,0.9283999999981432,4.460644245147705,0.0637508109211921,0.0635555014014244,0.0287686735391616,0.0446568317711353,2.0,0.0637589308227676,0,0.4056034088134765,0.992844444444224,0.9999999999997778,0.0226780828088521
mobilenetv2_x0_75,3,1.0,0.1,1.3747702055256124,0.0532605051994323,0.1001219749450683,0.6055999999987888,0.886999999998226,1.3741320371627808,0.5655059218406677,2.161366701126098,0.1000000014901161,0.0099012106657028,1,0.0005,42516418_4,True,cifar100_mobilenetv2_x0_75,1.3741307258605957,1.1980209350585938,0.5634908676147461,0.0532606542110443,1.0,1.3770417742996537,0,0.1001234054565429,0.6055999999987888,0.886999999998226,2.161363124847412,1.124794602394104,0.923387348651886,0.3471561670303345,0.145887017250061,1.0,1.1248672329604892,0,0.2019256949424743,0.6742222222220724,0.9412222222220132,1.1263844966888428
mobilenetv2_x0_75,3,0.001,0.1,1.7556196919246192,0.0150718819350004,0.0907330587506294,0.5081999999989836,0.8197999999983604,1.7540779113769531,0.6775827407836914,2.8518285751342773,0.1000000014901161,0.0132555216550827,1,0.0005,42516418_0,True,cifar100_mobilenetv2_x0_75,1.7540804147720337,0.0747818276286125,2.18080822378397e-06,0.0150723960250616,0.0010000000474974,1.7576693228039504,0,0.0907396376132965,0.5081999999989836,0.8197999999983604,2.851842403411865,1.680830001831055,0.066914215683937,1.4096731320023537e-06,0.0522244349122047,0.0010000000474974,1.6809091851514817,0,0.0807305574417114,0.530799999999882,0.8384444444442581,2.2806692123413086
vgg13_bn,5,0.001,0.1,1.2777435236741013,0.1382534801959991,0.3340304493904114,0.7171999999985657,0.9061999999981876,1.2794259786605835,0.8698073625564575,5.80675745010376,0.1000000014901161,0.024180918931961,1,0.0005,42516418_12,True,cifar100_vgg13_bn,1.279425859451294,0.1057968512177467,3.4096883609890938e-06,0.1382531225681305,0.0010000000474974,1.2840829783218104,0,0.3340315222740173,0.7171999999985657,0.9061999999981876,5.806746959686279,0.1834110617637634,0.0270032156258821,3.0560477171093225e-07,0.0172614436596632,0.0010000000474974,0.1833772254918903,0,0.107505589723587,0.946933333333123,0.9946444444442236,0.4022238850593567
vgg13_bn,4,0.01,0.1,1.2810343855174722,0.1299649775028228,0.3470036387443542,0.7355999999985288,0.908999999998182,1.2773417234420776,0.8950949907302856,6.250770092010498,0.1000000014901161,0.0257043689489364,1,0.0005,42516418_7,True,cifar100_vgg13_bn,1.27734112739563,0.332190066576004,0.0003060270100831,0.1299646347761154,0.0099999997764825,1.2816176348477013,0,0.3470034003257751,0.7355999999985288,0.908999999998182,6.250770092010498,0.0054985247552394,0.0032359338365495,6.258123903535306e-07,0.0040756678208708,0.0099999997764825,0.0055243825624119,0,0.7183669805526733,0.9995777777775556,0.9999999999997778,0.0025472904089838
vgg13_bn,5,2.0,0.1,1.4560909204355137,0.1660333573818206,0.3849955797195434,0.7255999999985489,0.9065999999981867,1.4448411464691162,1.0232031345367432,8.126924514770508,0.1000000014901161,0.0326953828334808,1,0.0005,42516418_17,True,cifar100_vgg13_bn,1.4448412656784058,1.444841384887695,2.4946868419647217,0.1660336852073669,2.0,1.4465770118156214,0,0.3849953413009643,0.7255999999985489,0.9065999999981867,8.126928329467773,0.0276689194142818,0.0276661850512027,0.0237645432353019,0.0089883776381611,2.0,0.0276548136486198,0,0.3186203837394714,0.9930444444442238,0.999822222222,0.0348469987511634
vgg13_bn,4,0.001,0.1,1.3492943578172505,0.136806458234787,0.3696076869964599,0.73499999999853,0.9025999999981948,1.3531538248062134,0.9505317807197572,6.947976589202881,0.1000000014901161,0.0284866988658905,1,0.0005,42516418_6,True,cifar100_vgg13_bn,1.3531546592712402,0.1161557659506797,3.705616109073162e-06,0.1368060708045959,0.0010000000474974,1.3518055611050268,0,0.3696055412292481,0.73499999999853,0.9025999999981948,6.94797945022583,0.0057789273560047,0.001746104331687,5.6881617638282484e-08,0.0039764116518199,0.0010000000474974,0.0057774198314977,0,0.3266572654247284,0.9993555555553336,0.9999777777775556,0.0030975132249295
vgg13_bn,3,1.0,0.1,4.6058326221325085,0.0024500768631696,0.0024500768631696,0.0077999999999844,0.0461999999999076,4.605836391448975,0.0059666591696441,0.0001877101749414,0.1000000014901161,1.9073486328125e-06,1,0.0005,42516418_4,True,cifar100_vgg13_bn,4.605836868286133,0.0167542714625597,9.393692016601562e-05,0.0024500768631696,1.0,4.605771133980989,0,0.0024500768631696,0.0077999999999844,0.0461999999999076,0.0001877101894933,4.605199813842773,0.0165582932531833,9.34600830078125e-05,7.871538400650024e-06,1.0,4.605200106185734,0,7.871538400650024e-06,0.0102444444444421,0.050422222222211,0.0001865853846538
vgg13_bn,4,0.1,0.1,1.329910200169319,0.1391882002353668,0.343608558177948,0.7341999999985316,0.9081999999981836,1.3264092206954956,0.932685613632202,6.65843677520752,0.1000000014901161,0.0274897515773773,1,0.0005,42516418_8,True,cifar100_vgg13_bn,1.3264100551605225,0.932686448097229,0.0274898409843444,0.1391883194446563,0.1000000014901161,1.3317094796197897,0,0.3436102271080017,0.7341999999985316,0.9081999999981836,6.658420085906982,0.0062761846929788,0.0056428452953696,1.4405813999474049e-05,0.0042382264509797,0.1000000014901161,0.006287899311137,0,0.7506116628646851,0.9992666666664448,0.9999999999997778,0.0028651775792241
vgg13_bn,4,2.0,0.1,1.3709396236240698,0.1488530486822128,0.3573190867900848,0.7363999999985272,0.9095999999981808,1.3727062940597534,0.9746844172477722,7.280027866363525,0.1000000014901161,0.0297934412956237,1,0.0005,42516418_11,True,cifar100_vgg13_bn,1.3727052211761477,1.372708439826965,2.3606810569763184,0.1488517522811889,2.0,1.383077781700963,0,0.3573178350925445,0.7363999999985272,0.9095999999981808,7.280025005340576,0.0069140247069299,0.0069160163402557,0.0035827262327075,0.0042238170281052,2.0,0.0069098541527679,0,0.3078055679798126,0.9989777777775558,0.9999999999997778,0.0038897427730262
vgg13_bn,5,1.0,0.1,1.407810544263746,0.1593526154756546,0.3733343183994293,0.7333999999985332,0.9121999999981756,1.4118906259536743,1.005388259887695,7.7672014236450195,0.1000000014901161,0.0315861254930496,1,0.0005,42516418_16,True,cifar100_vgg13_bn,1.4118911027908323,1.4118314981460571,1.0739508867263794,0.1593522131443023,1.0,1.415956967361098,0,0.3733355104923248,0.7333999999985332,0.9121999999981756,7.767200469970703,0.0325173996388912,0.032472800463438,0.0097646377980709,0.0114906299859285,1.0,0.0325148072689077,0,0.8406132459640503,0.992244444444224,0.9999333333331112,0.0387445166707038
vgg13_bn,5,0.01,0.1,1.2977985375591086,0.1340935379266739,0.2771281003952026,0.718999999998562,0.906999999998186,1.302957534790039,0.8871815204620361,6.103262901306152,0.1000000014901161,0.0251827239990234,1,0.0005,42516418_13,True,cifar100_vgg13_bn,1.3029574155807495,0.3283582031726837,0.0002989759668707,0.1340927183628082,0.0099999997764825,1.313280340372527,0,0.2771289348602295,0.718999999998562,0.906999999998186,6.1032538414001465,0.1657207459211349,0.0701063871383667,1.6887672245502472e-05,0.0181387811899185,0.0099999997764825,0.1657889959816178,0,0.1016550362110138,0.9523777777775662,0.9961555555553344,0.3427578210830688
vgg13_bn,3,0.01,0.1,4.606701252541315,0.002807536162436,0.002807536162436,0.0077999999999844,0.0425999999999148,4.6067423820495605,0.0106426402926445,0.0006034204852767,0.1000000014901161,3.725290298461914e-06,1,0.0005,42516418_1,True,cifar100_vgg13_bn,4.6067423820495605,0.0034415693953633,1.862645149230957e-07,0.002807536162436,0.0099999997764825,4.606646607003012,0,0.002807536162436,0.0077999999999844,0.0425999999999148,0.0006034204852767,4.605329036712647,0.0034354540985077,3.576278686523438e-07,0.0003678733482956,0.0099999997764825,4.60532916920678,0,0.0003678733482956,0.0102444444444421,0.0508222222222109,0.0006012700032442
vgg13_bn,3,0.1,0.1,3.4742742640290065,0.0492097474634647,0.1867680698633194,0.1145999999997708,0.4051999999991896,3.475106239318848,0.3852154910564422,0.8141826391220093,0.1000000014901161,0.0039799213409423,1,0.0005,42516418_2,True,cifar100_vgg13_bn,3.475106239318848,0.3852154910564422,0.0039799213409423,0.0492097400128841,0.1000000014901161,3.479472408939128,0,0.1867680251598358,0.1145999999997708,0.4051999999991896,0.8141828179359436,3.622281074523926,0.4365605413913727,0.0051237940788269,0.019948186352849,0.1000000014901161,3.6221818759334017,0,0.3307003676891327,0.0913111111110908,0.3449555555554789,1.056772232055664
vgg13_bn,4,1.0,0.1,1.3268924348872435,0.1462763398885727,0.353066086769104,0.7337999999985324,0.9081999999981836,1.3313448429107666,0.938817262649536,6.77961540222168,0.1000000014901161,0.0278373807668685,1,0.0005,42516418_10,True,cifar100_vgg13_bn,1.3313448429107666,1.3313192129135132,0.9942057132720948,0.1462764739990234,1.0,1.3349902682781989,0,0.3530652523040771,0.7337999999985324,0.9081999999981836,6.779609203338623,0.0069267628714442,0.0069130472838878,0.0010979054495692,0.0043841986916959,1.0,0.0069226775306513,0,0.2138094902038574,0.9990444444442224,0.9999999999997778,0.0033530634827911
vgg13_bn,3,2.0,0.1,4.605562946877821,0.0001851683482527,0.0001851683482527,0.00999999999998,0.0499999999999,4.605576515197754,0.0041815754957497,9.077655704459175e-05,0.1000000014901161,7.152557373046875e-07,1,0.0005,42516418_5,True,cifar100_vgg13_bn,4.605576515197754,0.0154539085924625,0.0001811981201171,0.0001851683482527,2.0,4.605527589402558,0,0.0001851683482527,0.00999999999998,0.0499999999999,9.077656432054936e-05,4.605175018310547,0.0151407560333609,0.0001802444458007,0.0001864684745669,2.0,4.605175240211656,0,0.0001864684745669,0.0099999999999977,0.0499999999999888,8.99993465282023e-05
vgg13_bn,0,0.0,0.1,1.3212511056015814,0.1303611993789672,0.3381193280220032,0.7367999999985264,0.9085999999981828,1.3171762228012085,0.9247987866401672,6.649535655975342,0.1000000014901161,0.0272178053855896,1,0.0005,42516422,True,cifar100_vgg13_bn,1.317176342010498,0.0150668332353234,0.0,0.1303622871637344,0.0,1.3225983315053724,0,0.3381198644638061,0.7367999999985264,0.9085999999981828,6.649524211883545,0.0056714075617492,5.657248038914986e-05,0.0,0.0039504137821495,0.0,0.0056696488791289,0,0.7433544397354126,0.9994222222220002,0.9999999999997778,0.0028770377393811
vgg13_bn,5,0.1,0.1,1.3006503277474255,0.1438632160425186,0.3509408235549927,0.7225999999985548,0.908999999998182,1.3006962537765503,0.8983245491981506,6.181952953338623,0.1000000014901161,0.0256594568490982,1,0.0005,42516418_14,True,cifar100_vgg13_bn,1.300694465637207,0.8983227610588074,0.0256592780351638,0.1438641995191574,0.1000000014901161,1.3076662057060302,0,0.3509393334388733,0.7225999999985548,0.908999999998182,6.181939601898193,0.0896267592906951,0.0802435055375099,0.000686690211296,0.0175241120159626,0.1000000014901161,0.0896116342259962,0,0.2000077366828918,0.9753777777775612,0.9989777777775558,0.1544835269451141
vgg13_bn,3,0.001,0.1,2.619852052809184,0.0402506738901138,0.0930783152580261,0.2851999999994296,0.6505999999986988,2.625145435333252,0.6422913670539856,2.397111177444458,0.1000000014901161,0.0113672614097595,1,0.0005,42516418_0,True,cifar100_vgg13_bn,2.6251449584960938,0.0687842145562172,1.5872064977884293e-06,0.0402506217360496,0.0010000000474974,2.631015227909651,0,0.0930778086185455,0.2851999999994296,0.6505999999986988,2.3971080780029297,2.822406053543091,0.0669449269771575,1.437496393918991e-06,0.0212779305875301,0.0010000000474974,2.82221560299617,0,0.0323678851127624,0.2411999999999464,0.5976888888887562,2.272055387496948
vgg13_bn,4,0.5,0.1,1.340352427289266,0.1450199037790298,0.3129569292068481,0.7369999999985261,0.9115999999981768,1.343949794769287,0.950504720211029,6.947639465332031,0.1000000014901161,0.0285066068172454,1,0.0005,42516418_9,True,cifar100_vgg13_bn,1.343949556350708,1.3413985967636108,0.3984771966934204,0.1450207084417343,0.5,1.3525970631035324,0,0.312957227230072,0.7369999999985261,0.9115999999981768,6.947637557983398,0.0074117579497396,0.007340523879975,0.000438590766862,0.0044716382399201,0.5,0.0074133481839375,0,0.6255499124526978,0.9989777777775558,0.9999999999997778,0.0050073903985321
vgg13_bn,5,0.5,0.1,1.327779793075429,0.1473236829042434,0.3738405704498291,0.7375999999985248,0.9111999999981776,1.3349878787994385,0.9541723728179932,7.096849918365479,0.1000000014901161,0.028938889503479,1,0.0005,42516418_15,True,cifar100_vgg13_bn,1.3349905014038086,1.3315786123275757,0.3985800743103027,0.1473228335380554,0.5,1.3424182348691809,0,0.3738420605659485,0.7375999999985248,0.9111999999981776,7.096897602081299,0.0372370891273021,0.036967895925045,0.003507575020194,0.0128496047109365,0.5,0.0372689509192811,0,0.3156716823577881,0.990711111110891,0.9999333333331112,0.0397220812737941
vgg13_bn,3,0.5,0.1,4.606147811493923,0.0025768596678972,0.0025768596678972,0.0077999999999844,0.0463999999999072,4.606123924255371,0.0076313358731567,0.0003089767997153,0.1000000014901161,1.96695327758789e-06,1,0.0005,42516418_3,True,cifar100_vgg13_bn,4.606123924255371,0.0161556806415319,3.9577484130859375e-05,0.0025768596678972,0.5,4.606045434556108,0,0.0025768596678972,0.0077999999999844,0.0463999999999072,0.0003089767997153,4.6052350997924805,0.0160648021847009,3.8623809814453125e-05,0.000131631270051,0.5,4.605235459867989,0,0.000131631270051,0.0102444444444421,0.0503999999999888,0.000307606998831
mobilenetv2_x1_0,5,1.0,0.1,1.0553614521710268,0.0840795189142227,0.173999935388565,0.7237999999985524,0.9327999999981345,1.053752064704895,0.678422749042511,3.6666088104248047,0.1000000014901161,0.0156487673521041,1,0.0005,42516418_16,True,cifar100_mobilenetv2_x1_0,1.053752064704895,1.0484862327575684,0.6509972810745239,0.0840794742107391,1.0,1.0586005622815975,0,0.1739999055862426,0.7237999999985524,0.9327999999981345,3.6666088104248047,0.1668647527694702,0.1623521000146865,0.0345624685287475,0.08281259983778,1.0,0.1668969473537394,0,0.2853897511959076,0.9670444444442295,0.9996666666664444,0.0967420786619186
mobilenetv2_x1_0,5,0.01,0.1,1.023268952454102,0.0452673807740211,0.0824664831161499,0.7135999999985728,0.9303999999981392,1.027849197387695,0.6031100153923035,2.743288516998291,0.1000000014901161,0.0120799914002418,1,0.0005,42516418_13,True,cifar100_mobilenetv2_x1_0,1.027849197387695,0.2206982374191284,0.0001361649483442,0.0452673956751823,0.0099999997764825,1.0292245949129009,0,0.0824666619300842,0.7135999999985728,0.9303999999981392,2.743288516998291,0.4808318614959717,0.1081898659467697,3.422517329454422e-05,0.0726699829101562,0.0099999997764825,0.4808796064824278,0,0.1440819501876831,0.8589333333331425,0.984066666666448,0.6818950176239014
mobilenetv2_x1_0,4,0.001,0.1,1.0647852236669024,0.1026173532009124,0.2334879636764526,0.7483999999985033,0.9317999999981365,1.060380935668945,0.7365524768829346,4.301059246063232,0.1000000014901161,0.0181970596313476,1,0.0005,42516418_6,True,cifar100_mobilenetv2_x1_0,1.060380935668945,0.091274231672287,2.7561327442526817e-06,0.1026171743869781,0.0010000000474974,1.0679112220431397,0,0.2334883809089661,0.7483999999985033,0.9317999999981365,4.301059246063232,0.0192997101694345,0.0026194625534117,2.262240741401911e-07,0.0162213817238807,0.0010000000474974,0.0193020591279107,0,0.7056982517242432,0.9990666666664448,0.9999999999997778,0.0041691912338137
mobilenetv2_x1_0,3,0.01,0.1,1.6050896159729675,0.0105712059885263,0.0504360198974609,0.5513999999988972,0.842999999998314,1.6086030006408691,0.6631577610969543,2.7930948734283447,0.1000000014901161,0.0129072666168212,1,0.0005,42516418_1,True,cifar100_mobilenetv2_x1_0,1.6086031198501587,0.2282140105962753,0.0001386869698762,0.0105711631476879,0.0099999997764825,1.6072349838326891,0,0.0504360795021057,0.5513999999988972,0.842999999998314,2.7930948734283447,1.4991257190704346,0.198712095618248,0.0001053549349308,0.0564900375902652,0.0099999997764825,1.4991639932951066,0,0.0876154899597168,0.5743555555554279,0.8661111111109187,2.1115915775299072
mobilenetv2_x1_0,5,0.5,0.1,1.022124424065697,0.0686524808406829,0.1354136168956756,0.7253999999985492,0.9303999999981392,1.0211793184280396,0.6453374028205872,3.255442380905152,0.1000000014901161,0.0140823423862457,1,0.0005,42516418_15,True,cifar100_mobilenetv2_x1_0,1.0211793184280396,0.974855363368988,0.2245340943336486,0.0686519742012023,0.5,1.022316666926395,0,0.1354136765003204,0.7253999999985492,0.9303999999981392,3.2554426193237305,0.2156021147966385,0.1960271745920181,0.0155635848641395,0.0852241069078445,0.5,0.215633872037524,0,0.2394313812255859,0.948377777777567,0.9994222222220002,0.1536933779716491
mobilenetv2_x1_0,3,0.1,0.1,1.492277675120942,0.0211937297135591,0.1212280169129371,0.5791999999988416,0.8611999999982776,1.4926620721817017,0.6268934011459351,2.5228099822998047,0.1000000014901161,0.0116691291332244,1,0.0005,42516418_2,True,cifar100_mobilenetv2_x1_0,1.4926620721817017,0.6268934011459351,0.0116691291332244,0.0211938191205263,0.1000000014901161,1.4918850414446092,0,0.1212280243635177,0.5791999999988416,0.8611999999982776,2.5228099822998047,1.3595904111862185,0.530647873878479,0.0083526670932769,0.077611967921257,0.1000000014901161,1.3595778270783412,0,0.1124613881111145,0.608111111110976,0.8933777777775793,1.7781130075454712
mobilenetv2_x1_0,0,0.0,0.1,1.0666609728963494,0.1107065081596374,0.2600140571594238,0.7435999999985128,0.9323999999981352,1.062583327293396,0.7423059344291687,4.414255142211914,0.1000000014901161,0.0185784623026847,1,0.0005,42516422,True,cifar100_mobilenetv2_x1_0,1.062583327293396,0.0099708903580904,0.0,0.1107062324881553,0.0,1.0659147346650637,0,0.2600135207176208,0.7435999999985128,0.9323999999981352,4.414255142211914,0.0201092064380645,5.7288300013169646e-05,0.0,0.0166243240237236,0.0,0.0201101457498209,0,0.757445752620697,0.9988666666664447,0.9999999999997778,0.0046337191015481
mobilenetv2_x1_0,3,0.5,0.1,1.336191123055888,0.0285406000912189,0.0895674228668212,0.6103999999987793,0.8937999999982125,1.3391211032867432,0.5759265422821045,2.1947593688964844,0.1000000014901161,0.0101118236780166,1,0.0005,42516418_3,True,cifar100_mobilenetv2_x1_0,1.3391211032867432,1.0396662950515747,0.1912518739700317,0.0285406354814767,0.5,1.3428311043224046,0,0.0895674228668212,0.6103999999987793,0.8937999999982125,2.1947596073150635,1.0825252532958984,0.7874869704246521,0.1143426895141601,0.1198378577828407,0.5,1.0824796631317213,0,0.1815152764320373,0.6819555555554041,0.9409555555553464,1.2013027667999268
mobilenetv2_x1_0,4,0.5,0.1,1.073890786826107,0.1050211563706398,0.2320591807365417,0.7437999999985124,0.9305999999981388,1.0689057111740112,0.7361029386520386,4.276638507843018,0.1000000014901161,0.0181073099374771,1,0.0005,42516418_9,True,cifar100_mobilenetv2_x1_0,1.0689055919647217,1.0545824766159058,0.2732681035995483,0.1050218641757965,0.5,1.0713022375710763,0,0.2320592999458313,0.7437999999985124,0.9305999999981388,4.276638507843018,0.0297997221350669,0.027735061943531,0.0007416121661663,0.0249474085867404,0.5,0.0298082514183423,0,0.729926586151123,0.9986444444442226,0.9999999999997778,0.0067069632932543
mobilenetv2_x1_0,4,1.0,0.1,1.0556651139941478,0.1029319465160369,0.2072997093200683,0.7457999999985084,0.9347999999981303,1.0562794208526611,0.734572172164917,4.368076324462891,0.1000000014901161,0.018338143825531,1,0.0005,42516418_10,True,cifar100_mobilenetv2_x1_0,1.0562794208526611,1.05517315864563,0.7103865146636963,0.1029314026236534,1.0,1.058605816431032,0,0.2072997093200683,0.7457999999985084,0.9347999999981303,4.368076801300049,0.0321590602397918,0.0314536243677139,0.0027830302715301,0.0270108543336391,1.0,0.0321646399608402,0,0.4108511805534363,0.9984444444442226,0.9999999999997778,0.0066554052755236
mobilenetv2_x1_0,5,0.1,0.1,1.032719933470304,0.0599524602293968,0.1234765648841857,0.710999999998578,0.9277999999981444,1.0337997674942017,0.6191679239273071,2.8916800022125244,0.1000000014901161,0.0127065330743789,1,0.0005,42516418_14,True,cifar100_mobilenetv2_x1_0,1.0337997674942017,0.6191679239273071,0.0127065330743789,0.0599522069096565,0.1000000014901161,1.0358358765429725,0,0.1234768033027648,0.710999999998578,0.9277999999981444,2.8916800022125244,0.3710908889770508,0.2215294539928436,0.0019480735063552,0.0811400264501571,0.1000000014901161,0.3711539438968797,0,0.1635165214538574,0.893444444444246,0.9934888888886682,0.4162076115608215
mobilenetv2_x1_0,4,0.1,0.1,1.04586441464583,0.1046236753463745,0.2502626776695251,0.7473999999985053,0.9333999999981332,1.0461013317108154,0.7229740023612976,4.102719783782959,0.1000000014901161,0.0174643397331237,1,0.0005,42516418_8,True,cifar100_mobilenetv2_x1_0,1.0461013317108154,0.7229738831520081,0.0174643248319625,0.1046235263347625,0.1000000014901161,1.0528464282255223,0,0.2502623796463012,0.7473999999985053,0.9333999999981332,4.102719306945801,0.0225610323250293,0.0163163300603628,2.641277387738228e-05,0.0186605080962181,0.1000000014901161,0.0225598907762681,0,0.3463662564754486,0.998777777777556,0.9999999999997778,0.005402548238635
mobilenetv2_x1_0,3,0.001,0.1,1.6099164835509685,0.0134277082979679,0.0911903828382492,0.5533999999988932,0.843999999998312,1.6087462902069092,0.6606099605560303,2.7762839794158936,0.1000000014901161,0.0128186047077178,1,0.0005,42516418_0,True,cifar100_mobilenetv2_x1_0,1.6087462902069092,0.0737226903438568,1.8050195649266243e-06,0.0134275006130337,0.0010000000474974,1.608053820521275,0,0.0911903828382492,0.5533999999988932,0.843999999998312,2.7762839794158936,1.518730878829956,0.0651644468307495,1.4351680874824524e-06,0.0520554408431053,0.0010000000474974,1.5188946066069235,0,0.0770083665847778,0.5692666666665402,0.8627333333331416,2.165675163269043
mobilenetv2_x1_0,5,2.0,0.1,1.1179759824646551,0.0926894396543502,0.1731334924697876,0.7117999999985765,0.9281999999981436,1.113690972328186,0.7094959616661072,3.9282784461975098,0.1000000014901161,0.0167817622423172,1,0.0005,42516418_17,True,cifar100_mobilenetv2_x1_0,1.1136908531188965,1.1129940748214722,1.6828718185424805,0.0926887691020965,2.0,1.116052561440341,0,0.1731333136558532,0.7117999999985765,0.9281999999981436,3.9282784461975098,0.1734444200992584,0.1724863946437835,0.1152108311653137,0.0809929221868515,2.0,0.1735024823793264,0,0.2375016808509827,0.9627111111108972,0.9998444444442224,0.1032448634505272
mobilenetv2_x1_0,3,1.0,0.1,1.3082496517315867,0.0477871857583522,0.0843686461448669,0.6237999999987525,0.89499999999821,1.3097459077835083,0.565890371799469,2.208818197250366,0.1000000014901161,0.0100582093000411,1,0.0005,42516418_4,True,cifar100_mobilenetv2_x1_0,1.3097459077835083,1.1669257879257202,0.5561319589614868,0.0477870441973209,1.0,1.3126824908845676,0,0.0843686461448669,0.6237999999987525,0.89499999999821,2.208818197250366,1.008483648300171,0.8504794239997864,0.313866376876831,0.1430544108152389,1.0,1.0085220563245083,0,0.2039443254470825,0.7072888888887318,0.9528888888886772,1.022728681564331
mobilenetv2_x1_0,4,0.01,0.1,1.032749589761297,0.1038398519158363,0.2760838866233825,0.748999999998502,0.9353999999981292,1.03527569770813,0.7171335220336914,4.038531303405762,0.1000000014901161,0.0172229185700416,1,0.0005,42516418_7,True,cifar100_mobilenetv2_x1_0,1.03527569770813,0.2671236991882324,0.0001989863812923,0.103839598596096,0.0099999997764825,1.0382560843998478,0,0.2760839462280273,0.748999999998502,0.9353999999981292,4.03853178024292,0.0197828263044357,0.00698660640046,4.176836227998138e-07,0.0168304555118083,0.0099999997764825,0.0197865718869171,0,0.7409027814865112,0.9991111111108892,0.9999999999997778,0.0039284802041947
mobilenetv2_x1_0,4,2.0,0.1,1.0705911452185648,0.1040313839912414,0.1987333297729492,0.7445999999985108,0.932999999998134,1.0737645626068115,0.7451253533363342,4.493250846862793,0.1000000014901161,0.0188077762722969,1,0.0005,42516418_11,True,cifar100_mobilenetv2_x1_0,1.0737645626068115,1.0736876726150513,1.7069487571716309,0.1040306240320205,2.0,1.0781257862422482,0,0.1987337470054626,0.7445999999985108,0.932999999998134,4.493250846862793,0.0402621030807495,0.040131352841854,0.0145213603973388,0.0316894799470901,2.0,0.0402668150838614,0,0.728532075881958,0.9970444444442228,0.9999999999997778,0.0106305368244647
mobilenetv2_x1_0,3,2.0,0.1,1.4357753865692522,0.1103663370013237,0.1864241957664489,0.6011999999987976,0.8867999999982265,1.4367718696594238,0.5346066355705261,2.014930486679077,0.1000000014901161,0.0091537833213806,1,0.0005,42516418_5,True,cifar100_mobilenetv2_x1_0,1.4367718696594238,1.2551116943359375,1.3832035064697266,0.1103663891553878,2.0,1.4368383817641095,0,0.1864243745803833,0.6011999999987976,0.8867999999982265,2.014930486679077,1.146484613418579,0.9426332712173462,0.832456111907959,0.194840058684349,2.0,1.1464880020129582,0,0.2618489861488342,0.6784888888887382,0.9494222222220112,0.9198750257492064
mobilenetv2_x1_0,5,0.001,0.1,1.0436230743673716,0.0532131679356098,0.9078742861747742,0.7077999999985845,0.925999999998148,1.041922688484192,0.6171470880508423,2.888859987258911,0.1000000014901161,0.0126738548278808,1,0.0005,42516418_12,True,cifar100_mobilenetv2_x1_0,1.041922688484192,0.0746655836701393,1.4639226719737053e-06,0.0532129295170307,0.0010000000474974,1.0421480263029237,0,0.9078742861747742,0.7077999999985845,0.925999999998148,2.888859987258911,0.4919625520706177,0.0370134115219116,8.203205652534962e-07,0.0711369812488555,0.0010000000474974,0.4919790997821701,0,0.2413255274295807,0.856733333333143,0.9835777777775592,0.7175412774085999
vgg19_bn,4,0.1,0.1,1.824566542189981,0.2008379995822906,0.81332927942276,0.7321999999985356,0.8953999999982092,1.8198882341384888,1.318877100944519,13.090980529785156,0.1000000014901161,0.050820454955101,1,0.0005,42516418_8,True,cifar100_vgg19_bn,1.819886326789856,1.3188751935958862,0.0508202463388443,0.2008364498615265,0.1000000014901161,1.8174610188456792,0,0.81332927942276,0.7321999999985356,0.8953999999982092,13.09096908569336,0.007382670417428,0.0063763232901692,4.303851164877415e-05,0.0032665755134075,0.1000000014901161,0.0073786739597074,0,0.2242985963821411,0.9987111111108892,0.9999999999997778,0.0097901262342929
vgg19_bn,5,1.0,0.1,1.7417215755813944,0.1805601716041565,0.3487478494644165,0.6933999999986132,0.8847999999982304,1.7447925806045532,1.1972554922103882,11.204852104187012,0.1000000014901161,0.0433423817157745,1,0.0005,42516418_16,True,cifar100_vgg19_bn,1.7447917461395264,1.743912935256958,1.3487412929534912,0.1805609166622162,1.0,1.7461563518853294,0,0.3487474322319031,0.6933999999986132,0.8847999999982304,11.204862594604492,0.1111861988902092,0.1100715026259422,0.0379134938120842,0.0254905987530946,1.0,0.1111692511201747,0,0.1656938642263412,0.9681777777775626,0.9995111111108892,0.1519754976034164
vgg19_bn,3,0.5,0.1,3.2166786773810707,0.05925302952528,0.2013222724199295,0.1351999999997296,0.4953999999990092,3.21726131439209,0.4076734185218811,1.0822958946228027,0.1000000014901161,0.0050719082355499,1,0.0005,42516418_3,True,cifar100_vgg19_bn,3.217261552810669,0.8050806522369385,0.1046315431594848,0.059252992272377,0.5,3.216435657323514,0,0.2013222724199295,0.1351999999997296,0.4953999999990092,1.0822968482971191,3.3183670043945312,0.7830525636672974,0.0897979736328125,0.0259091295301914,0.5,3.318367015043196,0,0.5568651556968689,0.1018888888888662,0.4225555555554617,0.8547568321228027
vgg19_bn,5,0.1,0.1,1.4665928952513532,0.1514221578836441,0.3428701758384704,0.6867999999986264,0.8855999999982288,1.471108317375183,0.965756058692932,7.110952854156494,0.1000000014901161,0.0290945917367935,1,0.0005,42516418_14,True,cifar100_vgg19_bn,1.4711079597473145,0.9657555222511292,0.0290945619344711,0.1514216661453247,0.1000000014901161,1.4713836066518509,0,0.3428696990013122,0.6867999999986264,0.8855999999982288,7.110939025878906,0.26300048828125,0.204513818025589,0.0022636428475379,0.0256332829594612,0.1000000014901161,0.2630699462192519,0,0.0827897191047668,0.9209777777775732,0.9931333333331128,0.5076074600219727
vgg19_bn,4,0.001,0.1,1.8162879577138349,0.1966359913349151,0.4917707443237304,0.7399999999985201,0.8997999999982004,1.8211370706558228,1.3351601362228394,13.42710304260254,0.1000000014901161,0.0520372986793518,1,0.0005,42516418_6,True,cifar100_vgg19_bn,1.821137309074402,0.1621454656124115,7.248600013554096e-06,0.1966356784105301,0.0010000000474974,1.8266936769888749,0,0.4917736053466797,0.7399999999985201,0.8997999999982004,13.427115440368652,0.0063916491344571,0.0023999074473977,6.696036507491954e-07,0.0032558473758399,0.0010000000474974,0.0063886496245363,0,0.2036769986152649,0.9989111111108891,0.9999999999997778,0.006307041272521
vgg19_bn,5,2.0,0.1,1.8615989794959888,0.17207732796669,0.3576216697692871,0.681999999998636,0.8715999999982568,1.867135524749756,1.271861553192139,12.926192283630373,0.1000000014901161,0.0486100763082504,1,0.0005,42516418_17,True,cifar100_vgg19_bn,1.867134690284729,1.8658257722854616,3.226140260696411,0.1720775365829467,2.0,1.8696825614163857,0,0.3576205968856811,0.681999999998636,0.8715999999982568,12.926218032836914,0.1746679097414016,0.1731679290533065,0.1598216593265533,0.038179837167263,2.0,0.1746974114060031,0,0.4215533435344696,0.9496222222220112,0.9988222222220005,0.2434016466140747
vgg19_bn,3,1.0,0.1,3.332571314099095,0.0723748579621315,0.4546861350536346,0.1307999999997384,0.4665999999990668,3.3324828147888184,0.3308398127555847,0.8257027864456177,0.1000000014901161,0.0037976801395416,1,0.0005,42516418_4,True,cifar100_vgg19_bn,3.3324828147888184,0.746552586555481,0.2390074729919433,0.0723749473690986,1.0,3.332846449139241,0,0.454686164855957,0.1307999999997384,0.4665999999990668,0.8257022500038147,3.3620493412017822,0.7662001848220825,0.201737642288208,0.0360822975635528,1.0,3.3620799859260755,0,0.1823294907808304,0.096244444444423,0.3998222222221333,0.581215500831604
vgg19_bn,3,0.001,0.1,4.607071254334038,0.0030266651883721,0.0030266651883721,0.0075999999999848,0.0433999999999132,4.607110977172852,0.0120098041370511,0.0007134764455258,0.1000000014901161,4.32133674621582e-06,1,0.0005,42516418_0,True,cifar100_vgg19_bn,4.607110977172852,0.001195597811602,8.642673492431641e-07,0.0030266651883721,0.0010000000474974,4.6070238805623935,0,0.0030266651883721,0.0075999999999848,0.0433999999999132,0.0007134764455258,4.605357646942139,0.0012061354937031,6.426125764846803e-08,0.0003553731366991,0.0010000000474974,4.605356598180583,0,0.0003553731366991,0.0102666666666643,0.050733333333322,0.0007253644871525
vgg19_bn,5,0.001,0.1,1.390353559752516,0.1231414675712585,0.2503184080123901,0.6823999999986352,0.8821999999982356,1.3929466009140017,0.8794352412223816,5.798264503479004,0.1000000014901161,0.0242796391248703,1,0.0005,42516418_12,True,cifar100_vgg19_bn,1.3929492235183716,0.1057803705334663,3.445777110755444e-06,0.1231416463851928,0.0010000000474974,1.3974695437119706,0,0.2503190636634826,0.6823999999986352,0.8821999999982356,5.798277854919434,0.4641758799552917,0.0454344451427459,6.901973392814398e-07,0.0194537714123725,0.0010000000474974,0.4641721251749602,0,0.0556778907775878,0.8652888888886967,0.9775999999997828,1.0919556617736816
vgg19_bn,5,0.5,0.1,1.6195406965264263,0.169389322400093,0.4072602987289428,0.6963999999986072,0.8875999999982248,1.6325079202651978,1.1166070699691772,9.763418197631836,0.1000000014901161,0.0382670164108276,1,0.0005,42516418_15,True,cifar100_vgg19_bn,1.632508635520935,1.620601773262024,0.501013457775116,0.1693886369466781,0.5,1.6332933238922918,0,0.4072602391242981,0.6963999999986072,0.8875999999982248,9.763422012329102,0.1219987347722053,0.1189263463020324,0.0144228674471378,0.0241265557706356,0.5,0.1220219613999562,0,0.1297344267368317,0.9639333333331191,0.9992444444442224,0.1725736260414123
vgg19_bn,3,2.0,0.1,4.605729768357535,0.0008168797940015,0.0008168797940015,0.0093999999999812,0.0435999999999128,4.605771541595459,0.0048515368252992,0.0001185432629426,0.1000000014901161,1.0728836059570312e-06,1,0.0005,42516418_5,True,cifar100_vgg19_bn,4.605771064758301,0.0187812373042106,0.0002365112304687,0.0008168797940015,2.0,4.605742929063095,0,0.0008168797940015,0.0093999999999812,0.0435999999999128,0.0001185432629426,4.605169296264648,0.0184524841606616,0.0002365112304687,0.000154722481966,2.0,4.605168399224017,0,0.000154722481966,0.0100666666666644,0.0507111111110998,0.0001179786631837
vgg19_bn,3,0.1,0.1,4.607003400406459,0.0029696561396121,0.0029696561396121,0.0075999999999848,0.0433999999999132,4.606931686401367,0.0111953960731625,0.0006201948272064,0.1000000014901161,3.665685653686523e-06,1,0.0005,42516418_2,True,cifar100_vgg19_bn,4.606931686401367,0.011195259168744,3.665685653686523e-06,0.0029696561396121,0.1000000014901161,4.606849620423016,0,0.0029696561396121,0.0075999999999848,0.0433999999999132,0.0006201948272064,4.6053242683410645,0.0112649472430348,3.0994415283203125e-06,0.0002989908680319,0.1000000014901161,4.605323035346972,0,0.0002989908680319,0.0102666666666643,0.050733333333322,0.0006295556086115
vgg19_bn,4,0.5,0.1,1.818043183371374,0.2000302374362945,0.5248881578445435,0.7281999999985436,0.8955999999982088,1.82957923412323,1.3296750783920288,13.503870010375977,0.1000000014901161,0.0518238991498947,1,0.0005,42516418_9,True,cifar100_vgg19_bn,1.8295812606811523,1.8288873434066768,0.6320843696594238,0.2000305950641632,0.5,1.824470256846859,0,0.5248900055885315,0.7281999999985436,0.8955999999982088,13.503897666931152,0.0102454610168933,0.0099345920607447,0.0009446833282709,0.0039010520558804,0.5,0.0102638924589094,0,0.2628650069236755,0.9976222222220006,0.9999555555553334,0.0115000046789646
vgg19_bn,5,0.01,0.1,1.4311634652611334,0.1229478940367698,0.2592038512229919,0.6793999999986412,0.878999999998242,1.4283853769302368,0.907528281211853,6.348132133483887,0.1000000014901161,0.0260248929262161,1,0.0005,42516418_13,True,cifar100_vgg19_bn,1.4283872842788696,0.3343968987464905,0.0003106351941823,0.1229472458362579,0.0099999997764825,1.437798940416507,0,0.2592042088508606,0.6793999999986412,0.878999999998242,6.348138332366943,0.4618392586708069,0.1323598325252533,5.219969898462296e-05,0.0223228968679904,0.0099999997764825,0.4619337169360371,0,0.0684665441513061,0.8648222222220301,0.977622222222005,1.059007167816162
vgg19_bn,4,1.0,0.1,1.7783097854305776,0.1967591941356659,0.4820052683353424,0.7297999999985404,0.900999999998198,1.7918353080749512,1.3110498189926147,13.378968238830566,0.1000000014901161,0.050913393497467,1,0.0005,42516418_10,True,cifar100_vgg19_bn,1.791837453842163,1.7917332649230957,1.4671437740325928,0.1967595219612121,1.0,1.791884045897042,0,0.4820055663585663,0.7297999999985404,0.900999999998198,13.378992080688477,0.0095228599384427,0.0093984995037317,0.0021137641742825,0.0046411878429353,1.0,0.0095271703025035,0,0.622655987739563,0.9981999999997784,0.9999777777775556,0.0074597662314772
vgg19_bn,4,0.01,0.1,1.8309180965805736,0.1995704770088195,0.4803952574729919,0.73499999999853,0.8951999999982097,1.840145230293274,1.3414795398712158,13.549403190612791,0.1000000014901161,0.0524131953716278,1,0.0005,42516418_7,True,cifar100_vgg19_bn,1.840145707130432,0.4923445284366608,0.0006592981517314,0.1995705217123031,0.0099999997764825,1.8439438333828373,0,0.4803938269615173,0.73499999999853,0.8951999999982097,13.549416542053224,0.0075245099142193,0.0050997105427086,8.584975148551166e-07,0.0030877357348799,0.0099999997764825,0.0075222078444585,0,0.2968820035457611,0.9985555555553336,0.9999999999997778,0.0091399233788251
vgg19_bn,3,0.01,0.1,4.607063386520931,0.0030203368514776,0.0030203368514776,0.0075999999999848,0.0433999999999132,4.60709285736084,0.0119308773428201,0.0007040769560262,0.1000000014901161,3.606081008911133e-06,1,0.0005,42516418_1,True,cifar100_vgg19_bn,4.60709285736084,0.0037618083879351,8.307397365570068e-07,0.0030203368514776,0.0099999997764825,4.607006619057275,0,0.0030203368514776,0.0075999999999848,0.0433999999999132,0.0007040770142339,4.605354309082031,0.0037914258427917,6.109476089477539e-07,0.0003534751012921,0.0099999997764825,4.6053532413553615,0,0.0003534751012921,0.0102666666666643,0.050733333333322,0.0007157087093219
vgg19_bn,4,2.0,0.1,1.88258220459269,0.2014748901128769,0.4402113556861877,0.7241999999985517,0.891999999998216,1.8801484107971191,1.3572611808776855,14.093640327453612,0.1000000014901161,0.0537146031856536,1,0.0005,42516418_11,True,cifar100_vgg19_bn,1.88014566898346,1.8801043033599856,3.3941500186920166,0.2014729678630828,2.0,1.8835422744870007,0,0.4402137994766235,0.7241999999985517,0.891999999998216,14.093610763549805,0.0122143793851137,0.0121765881776809,0.0089439488947391,0.0053096078336238,2.0,0.0122101150462027,0,0.6389034986495972,0.9976888888886672,0.9999777777775556,0.0153018189594149
vgg19_bn,0,0.0,0.1,1.7983688643523563,0.2005540132522583,0.523531436920166,0.7395999999985208,0.9005999999981988,1.809447169303894,1.329350471496582,13.251382827758787,0.1000000014901161,0.0515587776899337,1,0.0005,42516422,True,cifar100_vgg19_bn,1.8094491958618164,0.0296463668346405,0.0,0.2005538940429687,0.0,1.8122631600378536,0,0.5235334634780884,0.7395999999985208,0.9005999999981988,13.251408576965332,0.0074982084333896,0.0001166355868917,0.0,0.0031448635272681,0.0,0.0075003452150292,0,0.3460454046726227,0.9987555555553336,0.9999777777775556,0.0127962958067655
resnet32,5,0.5,0.1,1.1727823490000957,0.0947592183947563,0.1945064663887024,0.698999999998602,0.9163999999981672,1.1756678819656372,0.7350244522094727,4.210239887237549,0.1000000014901161,0.0178544223308563,1,0.0005,42516418_15,True,cifar100_resnet32,1.1756678819656372,1.1234180927276611,0.2742810845375061,0.0947594195604324,0.5,1.180481337910736,0,0.194506287574768,0.698999999998602,0.9163999999981672,4.210239887237549,0.2281871438026428,0.2078250646591186,0.0172012150287628,0.0872721225023269,0.5,0.2282224850260773,0,0.2231649160385132,0.9445999999997902,0.9990444444442224,0.1720390319824218
resnet32,4,0.01,0.1,1.3208574884486106,0.1381092369556427,0.2605163156986236,0.6935999999986128,0.90999999999818,1.3253988027572632,0.86468905210495,5.745724201202393,0.1000000014901161,0.0239488035440444,1,0.0005,42516418_7,True,cifar100_resnet32,1.3253989219665527,0.3193156123161316,0.000282110646367,0.1381092518568039,0.0099999997764825,1.332220047046216,0,0.2605161368846893,0.6935999999986128,0.90999999999818,5.745723724365234,0.0965925008058548,0.0302611012011766,3.667606506496668e-06,0.0521645620465278,0.0099999997764825,0.0966136789910464,0,0.2888163924217224,0.9835333333331148,0.9996444444442224,0.0619607679545879
resnet32,4,0.5,0.1,1.3323176675333803,0.1368346065282821,0.2830659747123718,0.6863999999986272,0.9101999999981796,1.3314487934112549,0.85422682762146,5.60704231262207,0.1000000014901161,0.0234036892652511,1,0.0005,42516418_9,True,cifar100_resnet32,1.3314489126205444,1.294216871261597,0.3434769511222839,0.1368342787027359,0.5,1.3399368398642415,0,0.2830657362937927,0.6863999999986272,0.9101999999981796,5.6070427894592285,0.1017713397741317,0.0944552645087242,0.0052132532000541,0.0610214136540889,0.5,0.1018023907826435,0,0.265113353729248,0.9844444444442256,0.9998888888886668,0.0500143095850944
resnet32,3,0.01,0.1,1.2856312566527928,0.0323835723102092,0.1538633406162262,0.6323999999987352,0.8941999999982116,1.2845826148986816,0.6370770931243896,2.7874367237091064,0.1000000014901161,0.0125906318426132,1,0.0005,42516418_1,True,cifar100_resnet32,1.2845826148986816,0.2254308462142944,0.0001381142064929,0.032383307814598,0.0099999997764825,1.287879287552624,0,0.1538633406162262,0.6323999999987352,0.8941999999982116,2.7874367237091064,0.996596097946167,0.1707766205072403,8.017197251319885e-05,0.0649736672639846,0.0099999997764825,0.996684548134419,0,0.0998751521110534,0.7111111111109532,0.9337777777775704,1.6119287014007568
resnet32,4,1.0,0.1,1.3129755013576725,0.1322424411773681,0.2551302909851074,0.6903999999986192,0.9077999999981844,1.3167144060134888,0.8449748754501343,5.503941059112549,0.1000000014901161,0.0229440033435821,1,0.0005,42516418_10,True,cifar100_resnet32,1.3167144060134888,1.3135746717453003,0.8858567476272583,0.1322427690029144,1.0,1.323283182913035,0,0.2551303505897522,0.6903999999986192,0.9077999999981844,5.503941059112549,0.106300875544548,0.1040860116481781,0.0181384533643722,0.0653870031237602,1.0,0.1063004709635152,0,0.2927223742008209,0.9845111111108924,0.9998888888886668,0.0487447194755077
resnet32,3,0.1,0.1,1.2511543684902522,0.0249371211975812,0.0899839326739311,0.6391999999987216,0.8965999999982068,1.2524476051330566,0.6246373653411865,2.7192773818969727,0.1000000014901161,0.0122429430484771,1,0.0005,42516418_2,True,cifar100_resnet32,1.2524476051330566,0.6246373653411865,0.0122429430484771,0.0249372106045484,0.1000000014901161,1.2567509644900328,0,0.0899839326739311,0.6391999999987216,0.8965999999982068,2.7192771434783936,0.9331963062286376,0.4441364705562592,0.0063359513878822,0.0776625946164131,0.1000000014901161,0.9332029070513608,0,0.1215435862541198,0.7271111111109496,0.9434222222220128,1.3645074367523191
resnet32,4,0.001,0.1,1.3360669844622766,0.1340585052967071,0.2534000277519226,0.7021999999985956,0.9087999999981824,1.3358851671218872,0.8833775520324707,6.0146803855896,0.1000000014901161,0.0249354541301727,1,0.0005,42516418_6,True,cifar100_resnet32,1.3358852863311768,0.107669673860073,3.602239303290844e-06,0.134058803319931,0.0010000000474974,1.3441831224396332,0,0.253399908542633,0.7021999999985956,0.9087999999981824,6.0146803855896,0.0962268114089965,0.0108009753748774,-9.428185876458885e-08,0.0507237613201141,0.0010000000474974,0.0962329559523797,0,0.2482110261917114,0.983022222222004,0.9998888888886668,0.0646303743124008
resnet32,5,0.1,0.1,1.1681214147926025,0.0845616906881332,0.1581503748893737,0.6955999999986088,0.9135999999981728,1.163326621055603,0.7120009660720825,3.8183882236480713,0.1000000014901161,0.0165258795022964,1,0.0005,42516418_14,True,cifar100_resnet32,1.163326621055603,0.7120009660720825,0.0165258795022964,0.0845615565776825,0.1000000014901161,1.1691309028978716,0,0.1581508517265319,0.6955999999986088,0.9135999999981728,3.8183884620666495,0.3370237648487091,0.2073395848274231,0.0017581060528755,0.0794895440340042,0.1000000014901161,0.3371285509803888,0,0.1738064885139465,0.9051999999997988,0.9941333333331124,0.3754985928535461
resnet32,3,0.001,0.1,1.3149032168966408,0.0364755801856517,0.0955154597759246,0.6315999999987368,0.8931999999982136,1.3077200651168823,0.6522105932235718,2.9403440952301025,0.1000000014901161,0.0132182836532592,1,0.0005,42516418_0,True,cifar100_resnet32,1.3077200651168823,0.0756056681275367,2.1400628611445427e-06,0.0364757627248764,0.0010000000474974,1.3149992101770036,0,0.0955154597759246,0.6315999999987368,0.8931999999982136,2.9403440952301025,1.0260648727416992,0.0575906969606876,8.649658411741257e-07,0.0574889183044433,0.0010000000474974,1.0261654091246557,0,0.0901273488998413,0.7032444444442882,0.928422222222016,1.7069956064224243
resnet32,5,0.01,0.1,1.1306903595039297,0.0766639709472656,0.1815295219421386,0.698999999998602,0.9193999999981612,1.1272385120391846,0.6883275508880615,3.6535804271698,0.1000000014901161,0.0157046541571617,1,0.0005,42516418_13,True,cifar100_resnet32,1.127238392829895,0.2540757358074188,0.0001801988109946,0.076664388179779,0.0099999997764825,1.1336818838411562,0,0.1815295815467834,0.698999999998602,0.9193999999981612,3.653580665588379,0.3792969882488251,0.0939454957842826,2.6910100132226944e-05,0.0706948488950729,0.0099999997764825,0.3793331741732489,0,0.1597859263420105,0.8918888888886908,0.989177777777558,0.5270920991897583
resnet32,4,2.0,0.1,1.3233129435121564,0.1269032955169677,0.2402876615524292,0.6805999999986388,0.9091999999981816,1.3166956901550293,0.8223994374275208,5.1086835861206055,0.1000000014901161,0.021611750125885,1,0.0005,42516418_11,True,cifar100_resnet32,1.3166956901550293,1.3163975477218628,2.057741641998291,0.1269036531448364,2.0,1.318930690821171,0,0.2402877807617187,0.6805999999986388,0.9091999999981816,5.1086835861206055,0.1407878994941711,0.1402348130941391,0.0840049982070922,0.0793791487812995,2.0,0.1407748225319053,0,0.2744849920272827,0.9769333333331164,0.999799999999778,0.0729546844959259
resnet32,3,0.5,0.1,1.1731793218945656,0.0286820624023675,0.0981424674391746,0.6641999999986716,0.9125999999981748,1.174067497253418,0.6122864484786987,2.677173852920532,0.1000000014901161,0.0119790062308311,1,0.0005,42516418_3,True,cifar100_resnet32,1.174067497253418,1.0304887294769287,0.2092843055725097,0.0286822132766246,0.5,1.1825638347911795,0,0.0981424674391746,0.6641999999986716,0.9125999999981748,2.677173852920532,0.6943978071212769,0.5772019624710083,0.0765547156333923,0.1003669053316116,0.5,0.6944452622002808,0,0.1617646813392639,0.7920666666664907,0.9742888888886724,0.8185453414916992
resnet32,5,2.0,0.1,1.3062815063620874,0.1167097687721252,0.1973885893821716,0.6705999999986588,0.9083999999981832,1.3071026802062988,0.7931159138679504,4.812897682189941,0.1000000014901161,0.0203091204166412,1,0.0005,42516418_17,True,cifar100_resnet32,1.3071027994155884,1.3064855337142944,1.9899885654449463,0.1167090907692909,2.0,1.3138549380885711,0,0.1973888278007507,0.6705999999986588,0.9083999999981832,4.812897205352783,0.2497679889202118,0.2486674040555954,0.1930984854698181,0.0925330817699432,2.0,0.2497882657457794,0,0.2197012305259705,0.9388222222220136,0.9984666666664448,0.1971642971038818
resnet32,5,1.0,0.1,1.226799147707752,0.1076499372720718,0.1917590200901031,0.6917999999986164,0.91499999999817,1.228986144065857,0.7700873613357544,4.585999965667725,0.1000000014901161,0.0194049254059791,1,0.0005,42516418_16,True,cifar100_resnet32,1.228986144065857,1.2229079008102417,0.783678412437439,0.1076496243476867,1.0,1.2331432395968225,0,0.1917590796947479,0.6917999999986164,0.91499999999817,4.585999965667725,0.2017547488212585,0.1968063116073608,0.0468332171440124,0.0874978080391883,1.0,0.2017975352081873,0,0.2577767372131347,0.9554444444442322,0.9993333333331114,0.135718435049057
resnet32,3,2.0,0.1,1.2586992495919027,0.0633164942264556,0.1749569475650787,0.6595999999986808,0.908999999998182,1.248682141304016,0.6880545020103455,3.484276533126831,0.1000000014901161,0.0152309462428092,1,0.0005,42516418_5,True,cifar100_resnet32,1.2486820220947266,1.2443803548812866,1.746920108795166,0.0633164942264556,2.0,1.2541341298508382,0,0.1749569624662399,0.6595999999986808,0.908999999998182,3.484276533126831,0.533724308013916,0.5268336534500122,0.4939651489257813,0.1088848561048507,2.0,0.533813605054685,0,0.2417226731777191,0.8458444444442565,0.986511111110892,0.580823540687561
resnet32,3,1.0,0.1,1.1657803768051105,0.0368543155491352,0.0953962057828903,0.6701999999986596,0.9177999999981644,1.1580228805541992,0.6250882148742676,2.9096620082855225,0.1000000014901161,0.0128045007586479,1,0.0005,42516418_4,True,cifar100_resnet32,1.1580228805541992,1.1248971223831177,0.6119527816772461,0.036854512989521,1.0,1.162700282946024,0,0.0953962057828903,0.6701999999986596,0.9177999999981644,2.9096622467041016,0.5241377949714661,0.493573933839798,0.1634867787361145,0.1158005446195602,1.0,0.5242500469129348,0,0.1989517211914062,0.8508666666664776,0.9880888888886694,0.533637523651123
resnet32,5,0.001,0.1,1.155963718313162,0.0795854330062866,0.1401410400867462,0.6951999999986096,0.9145999999981708,1.1600968837738037,0.7031024694442749,3.754116296768189,0.1000000014901161,0.0162057653069496,1,0.0005,42516418_12,True,cifar100_resnet32,1.1600968837738037,0.0851271897554397,2.336339093744755e-06,0.0795857235789299,0.0010000000474974,1.168099980962352,0,0.1401409208774567,0.6951999999986096,0.9145999999981708,3.754116296768189,0.3984258770942688,0.0325232483446598,7.436901796609163e-07,0.0757284760475158,0.0010000000474974,0.3984855965230767,0,0.1659563183784485,0.8885333333331359,0.9882444444442248,0.5577989816665649
resnet32,0,0.0,0.1,1.3491216116358486,0.1448394805192947,0.2528187930583954,0.6911999999986176,0.9061999999981876,1.3502557277679443,0.8863723278045654,6.024314880371094,0.1000000014901161,0.0250497609376907,1,0.0005,42516422,True,cifar100_resnet32,1.3502557277679443,0.013558286242187,0.0,0.1448390781879425,0.0,1.3568375878702414,0,0.252819150686264,0.6911999999986176,0.9061999999981876,6.024314880371094,0.1005153357982635,0.0001259439741261,0.0,0.051912598311901,0.0,0.1005409783626591,0,0.2523764371871948,0.9817777777775596,0.9996444444442224,0.0685135424137115
resnet32,4,0.1,0.1,1.344340511484316,0.1386663913726806,0.2537450492382049,0.6977999999986044,0.9065999999981867,1.355010747909546,0.8861700296401978,5.970709800720215,0.1000000014901161,0.024925410747528,1,0.0005,42516418_8,True,cifar100_resnet32,1.355010747909546,0.8861700296401978,0.0249253958463668,0.1386669874191284,0.1000000014901161,1.3572232716449968,0,0.2537447512149811,0.6977999999986044,0.9065999999981867,5.970709800720215,0.0976797640323638,0.0676861330866813,0.0002627046778798,0.0555754899978637,0.1000000014901161,0.0976677089239095,0,0.3272089958190918,0.9841333333331148,0.9999333333331112,0.0547353327274322
resnet56,4,0.1,0.1,1.311977814972063,0.1399469375610351,0.2969572246074676,0.7191999999985617,0.9121999999981756,1.3079898357391355,0.903433322906494,6.482614517211914,0.1000000014901161,0.0264317244291305,1,0.0005,42516418_8,True,cifar100_resnet56,1.3079898357391355,0.903433322906494,0.0264317095279693,0.1399458944797516,0.1000000014901161,1.2998767429051306,0,0.2969572842121124,0.7191999999985617,0.9121999999981756,6.482615470886231,0.0247646141797304,0.0183267295360565,3.0286842957139012e-05,0.0199329853057861,0.1000000014901161,0.0247626608350552,0,0.7226791381835938,0.9983555555553336,0.9999999999997778,0.0062027107924222
resnet56,3,0.1,0.1,1.1646660143274112,0.0399347320199012,0.1399123817682266,0.6685999999986628,0.9107999999981784,1.15779447555542,0.6196467876434326,2.727095603942871,0.1000000014901161,0.0122247114777565,1,0.0005,42516418_2,True,cifar100_resnet56,1.15779447555542,0.6196466088294983,0.0122247114777565,0.0399347059428691,0.1000000014901161,1.1544605785796451,0,0.1399123519659042,0.6685999999986628,0.9107999999981784,2.727095603942871,0.7257430553436279,0.3774977028369904,0.0048577040433883,0.0775393024086952,0.1000000014901161,0.7257177575333026,0,0.1330072283744812,0.7845999999998257,0.9653999999997857,1.0492783784866333
resnet56,3,0.001,0.1,1.2495434993218224,0.0352955795824527,0.9346134662628174,0.6493999999987012,0.8951999999982097,1.2462488412857056,0.6428773999214172,2.8990015983581543,0.1000000014901161,0.0129877626895904,1,0.0005,42516418_0,True,cifar100_resnet56,1.2462488412857056,0.075017973780632,1.703854650259018e-06,0.0352953188121318,0.0010000000474974,1.2415524476519288,0,0.9346134662628174,0.6493999999987012,0.8951999999982097,2.8990018367767334,0.9113335609436036,0.0539460517466068,1.5283003449440002e-06,0.061357494443655,0.0010000000474974,0.9113631403741168,0,0.1108300685882568,0.7326888888887261,0.9420444444442352,1.50221586227417
resnet56,5,1.0,0.1,1.2190352642401452,0.1190228909254074,0.2248222231864929,0.7221999999985557,0.9201999999981596,1.2259916067123413,0.8341440558433533,5.582390785217285,0.1000000014901161,0.0229935944080352,1,0.0005,42516418_16,True,cifar100_resnet56,1.2259914875030518,1.2242511510849,0.8437559604644775,0.1190230548381805,1.0,1.2247333788708563,0,0.2248225808143615,0.7221999999985557,0.9201999999981596,5.582391262054443,0.0731819868087768,0.0720755010843277,0.0118035078048706,0.0468664243817329,1.0,0.0731756963767867,0,0.3455343246459961,0.9899333333331134,0.9999555555553334,0.0319528840482234
resnet56,5,0.1,0.1,1.143657808924097,0.1020079031586647,0.1836305856704712,0.7181999999985637,0.9223999999981553,1.1483007669448853,0.7549521327018738,4.470412254333496,0.1000000014901161,0.0188942551612854,1,0.0005,42516418_14,True,cifar100_resnet56,1.1483007669448853,0.7549521327018738,0.0188942551612854,0.1020080298185348,0.1000000014901161,1.1458186441891298,0,0.1836304068565369,0.7181999999985637,0.9223999999981553,4.470411777496338,0.1605708599090576,0.110816478729248,0.0006466619670391,0.0618145316839218,0.1000000014901161,0.1605022854757824,0,0.2203356772661209,0.9617333333331196,0.9993777777775558,0.137321189045906
resnet56,5,0.5,0.1,1.2086199575579977,0.1152354925870895,0.2120623588562011,0.7085999999985828,0.9205999999981588,1.2029794454574585,0.79352867603302,5.00489616394043,0.1000000014901161,0.0208411589264869,1,0.0005,42516418_15,True,cifar100_resnet56,1.202979326248169,1.169661045074463,0.3057237863540649,0.1152352839708328,0.5,1.1991100126469811,0,0.2120624780654907,0.7085999999985828,0.9205999999981588,5.00489616394043,0.0987745970487594,0.0919463634490966,0.0052913054823875,0.0576513595879077,0.5,0.0987439948416682,0,0.2775605320930481,0.9843111111108924,0.9999333333331112,0.0510111525654792
resnet56,3,0.5,0.1,1.1302615040849853,0.0537048578262329,0.0987784564495086,0.6901999999986196,0.9115999999981768,1.1225619316101074,0.6481268405914307,3.13704776763916,0.1000000014901161,0.0137626230716705,1,0.0005,42516418_3,True,cifar100_resnet56,1.1225619316101074,1.0318278074264526,0.2274034023284912,0.0537051893770694,0.5,1.1161748522899655,0,0.0987784564495086,0.6901999999986196,0.9115999999981768,3.137047529220581,0.4480563700199127,0.3913187384605408,0.0439401417970657,0.0995596498250961,0.5,0.4480179605581662,0,0.1919738054275512,0.8705999999998066,0.9919555555553352,0.4635816514492035
resnet56,5,2.0,0.1,1.3148219400030656,0.1353210508823394,0.3718486726284027,0.7041999999985916,0.9131999999981736,1.3196935653686523,0.8827367424964905,6.0953688621521,0.1000000014901161,0.0251521170139312,1,0.0005,42516418_17,True,cifar100_resnet56,1.3196935653686523,1.3195934295654297,2.137960433959961,0.1353212147951126,2.0,1.3108503335120552,0,0.3718486726284027,0.7041999999985916,0.9131999999981736,6.095369338989258,0.0721324831247329,0.0719749629497528,0.0369193851947784,0.0474015213549137,2.0,0.0721184556881814,0,0.3284355998039245,0.9909111111108908,0.9999777777775556,0.031267799437046
resnet56,4,1.0,0.1,1.2683669739580252,0.1330406367778778,0.2818560600280761,0.7171999999985657,0.918999999998162,1.2643747329711914,0.8551849126815796,5.631984233856201,0.1000000014901161,0.0235417336225509,1,0.0005,42516418_10,True,cifar100_resnet56,1.2643747329711914,1.2633517980575562,0.8840456008911133,0.133040189743042,1.0,1.2598564856905674,0,0.2818562388420105,0.7171999999985657,0.918999999998162,5.631984233856201,0.0338174663484096,0.0331986397504806,0.0034219585359096,0.0273217558860778,1.0,0.0338056081018929,0,0.2906395196914673,0.997955555555334,0.9999999999997778,0.0086210696026682
resnet56,3,1.0,0.1,1.165566878928096,0.0808964669704437,0.1307036280632019,0.6801999999986396,0.915999999998168,1.163306474685669,0.687265932559967,3.5865018367767334,0.1000000014901161,0.0155282393097877,1,0.0005,42516418_4,True,cifar100_resnet56,1.163306474685669,1.1492996215820312,0.682318925857544,0.0808964446187019,1.0,1.1555292719785402,0,0.1307036578655243,0.6801999999986396,0.915999999998168,3.586501359939575,0.3508899211883545,0.3378675878047943,0.1019914150238037,0.098588764667511,1.0,0.3508463134281803,0,0.1960514783859253,0.9038222222220216,0.9956666666664454,0.3285240530967712
resnet56,3,0.01,0.1,1.271383094151906,0.0354817919433116,0.0964170545339584,0.6473999999987052,0.8975999999982048,1.2704604864120483,0.6524606347084045,2.975830316543579,0.1000000014901161,0.0133308768272399,1,0.0005,42516418_1,True,cifar100_resnet56,1.2704604864120483,0.2323957681655884,0.0001475755125284,0.0354819446802139,0.0099999997764825,1.2656575017799672,0,0.0964170545339584,0.6473999999987052,0.8975999999982048,2.975830316543579,0.9356908798217772,0.1672628819942474,7.765740156173706e-05,0.0610326044261455,0.0099999997764825,0.9356415911300024,0,0.1236434653401374,0.7287333333331715,0.939466666666458,1.55201256275177
resnet56,0,0.0,0.1,1.3553129696029906,0.147874653339386,0.2864987850189209,0.7175999999985648,0.9127999999981744,1.3641594648361206,0.9312567114830016,6.616407871246338,0.1000000014901161,0.0273547172546386,1,0.0005,42516422,True,cifar100_resnet56,1.3641595840454102,0.0148078398779034,0.0,0.1478743255138397,0.0,1.359608923709081,0,0.2864984273910522,0.7175999999985648,0.9127999999981744,6.616407871246338,0.0239130556583404,0.0001112509999074,0.0,0.0182885155081748,0.0,0.0239033992653254,0,0.3201289772987366,0.9981111111108892,0.9999333333331112,0.0083806682378053
resnet56,4,0.5,0.1,1.2928037994596466,0.1416909992694854,0.2849736511707306,0.7153999999985692,0.9213999999981572,1.288654088973999,0.8791274428367615,6.089337348937988,0.1000000014901161,0.0250293612480163,1,0.0005,42516418_9,True,cifar100_resnet56,1.2886542081832886,1.272895336151123,0.355130136013031,0.1416913419961929,0.5,1.282937400891658,0,0.2849735915660858,0.7153999999985692,0.9213999999981572,6.089337348937988,0.0290956515818834,0.0273863039910793,0.000811100937426,0.0235424172133207,0.5,0.0290877538060498,0,0.2946548163890838,0.9981555555553338,0.9999777777775556,0.007466328330338
resnet56,4,0.001,0.1,1.3509255164067515,0.1419511884450912,0.2793058156967163,0.721999999998556,0.9101999999981796,1.3385480642318726,0.928493320941925,6.71414041519165,0.1000000014901161,0.02753347158432,1,0.0005,42516418_6,True,cifar100_resnet56,1.3385480642318726,0.1140545010566711,3.404100425541401e-06,0.1419503837823867,0.0010000000474974,1.3380271130070576,0,0.2793054580688476,0.721999999998556,0.9101999999981796,6.71414041519165,0.0243161264806985,0.0036742261145263,4.742705641547218e-07,0.0184037927538156,0.0010000000474974,0.0243194375691918,0,0.4334786236286163,0.997955555555334,0.9999777777775556,0.0082253152504563
resnet56,5,0.001,0.1,1.1399374002479024,0.1053434610366821,0.1944321990013122,0.7053999999985893,0.9227999999981544,1.1476843357086182,0.7344479560852051,4.164072513580322,0.1000000014901161,0.0177759379148483,1,0.0005,42516418_12,True,cifar100_resnet56,1.1476843357086182,0.0897829011082649,2.321554347872734e-06,0.1053432822227478,0.0010000000474974,1.146789699219467,0,0.1944316029548645,0.7053999999985893,0.9227999999981544,4.164072513580322,0.2245936095714569,0.0226937979459762,4.801549948751926e-07,0.061552457511425,0.0010000000474974,0.2245256442618406,0,0.1916799545288086,0.9416222222220132,0.9956444444442232,0.2772558331489563
resnet56,5,0.01,0.1,1.1496625358078438,0.1074541807174682,0.215026170015335,0.70999999999858,0.9221999999981556,1.1532634496688845,0.7407580614089966,4.19156551361084,0.1000000014901161,0.0179428532719612,1,0.0005,42516418_13,True,cifar100_resnet56,1.1532634496688845,0.2728174924850464,0.0002067983150482,0.107453852891922,0.0099999997764825,1.148853951118154,0,0.2150262296199798,0.70999999999858,0.9221999999981556,4.191565036773682,0.210398644208908,0.0617203488945961,1.2578675523400308e-05,0.0610659644007682,0.0099999997764825,0.210341909719025,0,0.1836647987365723,0.9453777777775676,0.9967999999997784,0.2426303029060364
resnet56,4,0.01,0.1,1.381543087268518,0.1466046273708343,0.2880793213844299,0.7133999999985732,0.9133999999981732,1.379999041557312,0.9474618434906006,6.912230968475342,0.1000000014901161,0.0283788442611694,1,0.0005,42516418_7,True,cifar100_resnet56,1.379999041557312,0.3503311574459076,0.0003388775512576,0.1466040909290313,0.0099999997764825,1.3750220887938427,0,0.2880791425704956,0.7133999999985732,0.9133999999981732,6.912230968475342,0.0234084799885749,0.0088017266243696,4.345783963799477e-07,0.0187304802238941,0.0099999997764825,0.0234025216499931,0,0.456656664609909,0.9985555555553336,0.9999999999997778,0.0067388620227575
resnet56,3,2.0,0.1,1.2722349041299652,0.089211031794548,0.1806996464729309,0.6637999999986725,0.910999999998178,1.2677005529403689,0.7369692921638489,4.135516166687012,0.1000000014901161,0.0176878124475479,1,0.0005,42516418_5,True,cifar100_resnet56,1.267700433731079,1.2653839588165283,1.847302913665772,0.0892102867364883,2.0,1.261068185533368,0,0.1806995868682861,0.6637999999986725,0.910999999998178,4.135516166687012,0.3522174954414367,0.3486528098583221,0.296312928199768,0.1004531159996986,2.0,0.35218821032173,0,0.2092034816741943,0.9042666666664658,0.9951999999997788,0.3273603022098541
resnet56,4,2.0,0.1,1.345273619217576,0.1409356892108917,0.2784627676010132,0.7063999999985873,0.910999999998178,1.3409883975982666,0.9047000408172609,6.344973087310791,0.1000000014901161,0.0261638909578323,1,0.0005,42516418_11,True,cifar100_resnet56,1.3409883975982666,1.340928316116333,2.1998190879821777,0.1409350782632827,2.0,1.3352531128405978,0,0.2784630060195923,0.7063999999985873,0.910999999998178,6.344972610473633,0.0372142270207405,0.0371071845293045,0.0131768137216568,0.0299928449094295,2.0,0.0372051572279015,0,0.4332930743694305,0.9978222222220006,0.9999999999997778,0.0098869325593113
shufflenetv2_x1_5,4,0.1,0.1,1.0622785860949135,0.0817438066005706,0.173937439918518,0.7427999999985144,0.9231999999981536,1.053247570991516,0.6984460353851318,3.652994394302368,0.1000000014901161,0.0159178078174591,1,0.0005,42516418_8,True,cifar100_shufflenetv2_x1_5,1.053247570991516,0.6984459757804871,0.0159178003668785,0.0817436277866363,0.1000000014901161,1.0495965207335558,0,0.1739379167556762,0.7427999999985144,0.9231999999981536,3.652994394302368,0.0108242724090814,0.0068232147023081,4.775356501340866e-06,0.0102417115122079,0.1000000014901161,0.0108240212238889,0,0.6141748428344727,0.9999111111108888,0.9999999999997778,0.0008351386641152
shufflenetv2_x1_5,4,0.01,0.1,1.0648456270138875,0.0864380523562431,0.171248972415924,0.743999999998512,0.9231999999981536,1.0649861097335815,0.7056894302368164,3.725981950759888,0.1000000014901161,0.0162190496921539,1,0.0005,42516418_7,True,cifar100_shufflenetv2_x1_5,1.0649861097335815,0.2582100629806518,0.0001842388883233,0.0864382535219192,0.0099999997764825,1.0607640827358762,0,0.1712490320205688,0.743999999998512,0.9231999999981536,3.725981950759888,0.0100050717592239,0.0029794110450893,8.685965440236032e-07,0.009305871091783,0.0099999997764825,0.0100051593003316,0,0.2626608610153198,0.999799999999778,0.9999999999997778,0.0008315985323861
shufflenetv2_x1_5,3,0.001,0.1,1.3547144585034747,0.0339593887329101,0.3107733428478241,0.6165999999987668,0.8805999999982388,1.35451078414917,0.6515039801597595,2.8487424850463867,0.1000000014901161,0.0129439681768417,1,0.0005,42516418_0,True,cifar100_shufflenetv2_x1_5,1.3545106649398804,0.0745083838701248,2.200715243816376e-06,0.0339589789509773,0.0010000000474974,1.353525029936183,0,0.3107733428478241,0.6165999999987668,0.8805999999982388,2.848742246627808,1.0637857913970947,0.0567707270383834,1.392792910337448e-06,0.0745955556631088,0.0010000000474974,1.0637450918628184,0,0.1162217259407043,0.697399999999845,0.9247111111109056,1.6541786193847656
shufflenetv2_x1_5,3,2.0,0.1,1.1250861639119445,0.0792905539274215,0.1527549922466278,0.7093999999985812,0.9181999999981636,1.120398759841919,0.7019110321998596,3.852336645126343,0.1000000014901161,0.0164454728364944,1,0.0005,42516418_5,True,cifar100_shufflenetv2_x1_5,1.120398759841919,1.1197360754013062,1.6739563941955566,0.0792911350727081,2.0,1.1191340858109011,0,0.1527552306652069,0.7093999999985812,0.9181999999981636,3.8523366451263423,0.1387651562690735,0.1378622651100158,0.0750747919082641,0.0855378359556198,2.0,0.1387895305392806,0,0.3318751454353332,0.9806444444442266,0.9998888888886668,0.0617224127054214
shufflenetv2_x1_5,5,0.1,0.1,1.0785679931016157,0.0957834422588348,0.1751532554626464,0.723999999998552,0.92499999999815,1.0748120546340942,0.698517918586731,3.728370666503906,0.1000000014901161,0.0161144584417343,1,0.0005,42516418_14,True,cifar100_shufflenetv2_x1_5,1.0748120546340942,0.698517918586731,0.0161144435405731,0.0957830473780632,0.1000000014901161,1.0704599404943187,0,0.1751534938812256,0.723999999998552,0.92499999999815,3.728370666503906,0.0853992104530334,0.0557126440107822,0.0001723831519484,0.0572321638464927,0.1000000014901161,0.0854002382049751,0,0.3631293177604675,0.9901777777775578,0.9999999999997778,0.0356506034731864
shufflenetv2_x1_5,3,0.01,0.1,1.2543743067668405,0.0224950313568115,0.0729182437062263,0.6481999999987036,0.890999999998218,1.2516188621520996,0.6315289735794067,2.740542411804199,0.1000000014901161,0.0123965740203857,1,0.0005,42516418_1,True,cifar100_shufflenetv2_x1_5,1.2516188621520996,0.2235883623361587,0.0001355884596705,0.0224945098161697,0.0099999997764825,1.2514724844397238,0,0.0729182511568069,0.6481999999987036,0.890999999998218,2.7405426502227783,0.9553169012069702,0.1646010279655456,7.460080087184906e-05,0.0776954293251037,0.0099999997764825,0.9551874628933134,0,0.1260526180267334,0.7289555555553936,0.9384666666664582,1.4930278062820437
shufflenetv2_x1_5,0,0.0,0.1,1.076983540711737,0.0801567137241363,0.2556865811347961,0.7455999999985088,0.9201999999981596,1.07649827003479,0.7160516381263733,3.7988710403442383,0.1000000014901161,0.0165729746222496,1,0.0005,42516422,True,cifar100_shufflenetv2_x1_5,1.07649827003479,0.0087009472772479,0.0,0.0801574736833572,0.0,1.0731647664903188,0,0.2556865811347961,0.7455999999985088,0.9201999999981596,3.7988710403442383,0.0098926303908228,2.213758125435561e-05,0.0,0.0091746663674712,0.0,0.0098900376993369,0,0.7389547824859619,0.999822222222,0.9999999999997778,0.0009236660553142
shufflenetv2_x1_5,5,0.01,0.1,1.0709963524947066,0.0821256935596466,0.1507917046546936,0.723999999998552,0.9255999999981488,1.0712296962738037,0.6895897388458252,3.665781974792481,0.1000000014901161,0.0158067494630813,1,0.0005,42516418_13,True,cifar100_shufflenetv2_x1_5,1.0712296962738037,0.2549413740634918,0.0001808712258934,0.0821261703968048,0.0099999997764825,1.0720085764531695,0,0.1507916450500488,0.723999999998552,0.9255999999981488,3.665781974792481,0.1215037554502487,0.0343113243579864,3.871158696711063e-06,0.0653955340385437,0.0099999997764825,0.121472463216504,0,0.2640966176986694,0.9796222222220046,0.9996444444442224,0.0773125141859054
shufflenetv2_x1_5,4,2.0,0.1,1.0309962535709962,0.0862887799739837,0.4134550988674164,0.7369999999985261,0.9275999999981448,1.0293742418289185,0.682542622089386,3.595656633377075,0.1000000014901161,0.0155369862914085,1,0.0005,42516418_11,True,cifar100_shufflenetv2_x1_5,1.0293742418289185,1.0292320251464844,1.591034173965454,0.0862890630960464,2.0,1.0304577434871134,0,0.4134550988674164,0.7369999999985261,0.9275999999981448,3.595656633377075,0.0133473286405205,0.0131897395476698,0.0015214700251817,0.01263905223459,2.0,0.0133480869638769,0,0.5782228112220764,0.9998666666664444,0.9999999999997778,0.0009264117106795
shufflenetv2_x1_5,4,0.5,0.1,1.038264777737284,0.0821363031864166,0.1703727543354034,0.7391999999985216,0.9255999999981488,1.0370558500289917,0.6831364631652832,3.503134250640869,0.1000000014901161,0.0152999758720397,1,0.0005,42516418_9,True,cifar100_shufflenetv2_x1_5,1.0370558500289917,1.0158708095550537,0.2457074522972107,0.0821360051631927,0.5,1.0343542511059765,0,0.1703726947307586,0.7391999999985216,0.9255999999981488,3.503134250640869,0.0123606212437152,0.0108843399211764,0.0001111272722482,0.0115566700696945,0.5,0.0123618400214751,0,0.6777244210243225,0.9997777777775556,0.9999999999997778,0.0009484464535489
shufflenetv2_x1_5,5,0.001,0.1,1.07971814220802,0.0880782902240753,0.1720896363258361,0.720999999998558,0.9273999999981452,1.0811535120010376,0.6909828782081604,3.6618921756744394,0.1000000014901161,0.0157996788620948,1,0.0005,42516418_12,True,cifar100_shufflenetv2_x1_5,1.0811535120010376,0.0840311422944068,2.5478657335042958e-06,0.0880781561136245,0.0010000000474974,1.0805716419777576,0,0.1720892786979675,0.720999999998558,0.9273999999981452,3.66189169883728,0.1306899935007095,0.012747204862535,3.664172254502773e-08,0.0669360905885696,0.0010000000474974,0.1306812429133719,0,0.2652378678321838,0.976688888888672,0.999622222222,0.0878871977329254
shufflenetv2_x1_5,3,1.0,0.1,1.082576837594431,0.0655474960803985,0.1216833442449569,0.7007999999985984,0.9267999999981464,1.07988703250885,0.643571674823761,3.173460006713867,0.1000000014901161,0.0137790441513061,1,0.0005,42516418_4,True,cifar100_shufflenetv2_x1_5,1.07988703250885,1.0676339864730835,0.6229797601699829,0.0655475407838821,1.0,1.0786044055790909,0,0.121683195233345,0.7007999999985984,0.9267999999981464,3.173460006713867,0.2413293123245239,0.2311949729919433,0.0527297258377075,0.1122482270002365,1.0,0.2412885229220168,0,0.2627192139625549,0.9517999999997886,0.9993333333331114,0.1481345742940902
shufflenetv2_x1_5,5,1.0,0.1,1.0504139447920613,0.0968464165925979,0.2002464532852172,0.730999999998538,0.9285999999981428,1.0510472059249878,0.6959842443466187,3.7220425605773926,0.1000000014901161,0.0160668417811393,1,0.0005,42516418_16,True,cifar100_shufflenetv2_x1_5,1.0510473251342771,1.0489565134048462,0.6771936416625977,0.0968458503484726,1.0,1.049742128920205,0,0.2002462148666381,0.730999999998538,0.9285999999981428,3.7220425605773926,0.0288565047085285,0.0278576463460922,0.0018198378384113,0.0257100444287061,1.0,0.0288568743890349,0,0.3096787929534912,0.9992444444442224,0.9999999999997778,0.0043203812092542
shufflenetv2_x1_5,3,0.1,0.1,1.16464685739459,0.0205225422978401,0.0916775912046432,0.6663999999986672,0.907999999998184,1.1641591787338257,0.601984441280365,2.5580549240112305,0.1000000014901161,0.0115165114402771,1,0.0005,42516418_2,True,cifar100_shufflenetv2_x1_5,1.1641591787338257,0.601984441280365,0.0115165114402771,0.020522478967905,0.1000000014901161,1.1634079331303016,0,0.091677576303482,0.6663999999986672,0.907999999998184,2.5580549240112305,0.7755976319313049,0.3843180239200592,0.0049002766609191,0.0952595472335815,0.1000000014901161,0.7755508588355657,0,0.1616405248641967,0.7761777777776053,0.9610888888886754,1.0520226955413818
shufflenetv2_x1_5,4,0.001,0.1,1.070768072665795,0.0797317624092102,0.1800298690795898,0.7379999999985241,0.9211999999981576,1.0721880197525024,0.7070032358169556,3.729792594909668,0.1000000014901161,0.0162535235285758,1,0.0005,42516418_6,True,cifar100_shufflenetv2_x1_5,1.0721880197525024,0.0849535316228866,2.1654414013028145e-06,0.0797317177057266,0.0010000000474974,1.0715056205398774,0,0.1800299286842346,0.7379999999985241,0.9211999999981576,3.7297921180725098,0.010052309371531,0.001151995267719,5.155670805834234e-07,0.009420876391232,0.0010000000474974,0.0100524257360114,0,0.309583842754364,0.9998666666664444,0.9999999999997778,0.0008126669563353
shufflenetv2_x1_5,5,0.5,0.1,1.0702417785538532,0.0890212208032608,0.178437203168869,0.7373999999985252,0.9255999999981488,1.0699515342712402,0.7126838564872742,3.914560556411743,0.1000000014901161,0.0168223977088928,1,0.0005,42516418_15,True,cifar100_shufflenetv2_x1_5,1.0699516534805298,1.0456541776657104,0.2611759305000305,0.0890208184719085,0.5,1.066102301541381,0,0.1784371435642242,0.7373999999985252,0.9255999999981488,3.914560556411743,0.0386226996779441,0.0349539071321487,0.0008358173072338,0.0332218259572982,0.5,0.0386160668704561,0,0.7288951873779297,0.9986222222220004,0.9999999999997778,0.007293083705008
shufflenetv2_x1_5,4,1.0,0.1,1.02284213849424,0.0788414701819419,0.1589601635932922,0.7387999999985224,0.9267999999981464,1.0240492820739746,0.6672317385673523,3.2923057079315186,0.1000000014901161,0.0144999995827674,1,0.0005,42516418_10,True,cifar100_shufflenetv2_x1_5,1.024049162864685,1.022355318069458,0.649314284324646,0.0788418799638748,1.0,1.0210204715392028,0,0.1589601635932922,0.7387999999985224,0.9267999999981464,3.2923057079315186,0.0135845206677913,0.0129188429564237,0.0004476569592952,0.0128531735390424,1.0,0.0135852108934625,0,0.5355132818222046,0.9998888888886668,0.9999999999997778,0.0010088328272104
shufflenetv2_x1_5,3,0.5,0.1,1.061289768880442,0.031028889119625,0.0731289088726043,0.6951999999986096,0.9181999999981636,1.0628701448440552,0.5931159257888794,2.6190409660339355,0.1000000014901161,0.011609099805355,1,0.0005,42516418_3,True,cifar100_shufflenetv2_x1_5,1.0628701448440552,0.9629544019699096,0.1978779435157776,0.0310287456959486,0.5,1.062392398183823,0,0.0731287598609924,0.6951999999986096,0.9181999999981636,2.6190409660339355,0.4251313805580139,0.364328533411026,0.0374377071857452,0.1221626922488212,0.5,0.4251815943991143,0,0.2218859195709228,0.8890888888886914,0.9940222222220014,0.3828051686286926
shufflenetv2_x1_5,5,2.0,0.1,1.090435826233194,0.0967248752713203,0.1898701190948486,0.7325999999985349,0.9231999999981536,1.0901997089385986,0.7294474244117737,4.163652420043945,0.1000000014901161,0.0177161395549774,1,0.0005,42516418_17,True,cifar100_shufflenetv2_x1_5,1.0901997089385986,1.0901023149490356,1.7088685035705566,0.0967246145009994,2.0,1.0905619854242623,0,0.1898708939552307,0.7325999999985349,0.9231999999981536,4.163652420043945,0.0263326745480299,0.0261822286993265,0.005309697240591,0.0239594429731369,2.0,0.0263383479943265,0,0.6357640027999878,0.9995555555553336,0.9999999999997778,0.003400047076866
