name,wd,reg,lamb,celoss,job_id,lamb_wd,data_aug,sweep_model,eval/L,eval/alphaD,eval/cummulant,eval/ece,eval/lambd,eval/loss,eval/lr,eval/mce,eval/top1_acc,eval/top5_acc,eval/var,train/L,train/alphaD,train/cummulant,train/ece,train/lambd,train/loss,train/lr,train/mce,train/top1_acc,train/top5_acc,train/var
"resnet20-reg:3,lamb:0.001",0.5,3,0.001,1,43253683_0,True,True,cifar10_resnet20,2.302619457244873,0.0001075399195542,-5.038455128669739e-07,0.0032658129930496,0.0010000000474974,2.30261858586575,0,0.0032658129930496,0.0971999999998056,0.4957999999990084,5.810684342577588e-06,2.302584171295166,0.0001073450112016,4.146713763475418e-07,0.000219739973545,0.0010000000474974,2.302584367588735,0,0.000219739973545,0.1003111111110888,0.5004666666665555,5.772470103693195e-06
"resnet20-reg:3,lamb:0.01",0.05,3,0.01,1,43253683_1,True,True,cifar10_resnet20,2.302739381790161,0.0011048283195123,9.257346391677856e-07,0.0044483393430709,0.0099999997764825,2.3027489769865954,0,0.0044483393430709,0.1053999999997892,0.4921999999990156,6.262399983825162e-05,2.3026022911071777,0.0010940645588561,5.103647708892822e-07,0.0015089288353919,0.0099999997764825,2.3026023329705296,0,0.0015089288353919,0.0993999999999779,0.5008666666665554,6.147097155917436e-05
"resnet20-reg:3,lamb:0.5",0.001,3,0.5,1,43253683_3,True,True,cifar10_resnet20,0.2772647738456726,0.2748880684375763,0.0468307435512542,0.012409258633852,0.5,0.2755192852132783,0,0.099759429693222,0.903999999998192,0.9975999999980047,0.6001095771789551,0.1557452976703643,0.1523408442735672,0.0156825929880142,0.0360422693192958,0.5,0.1556675321418735,0,0.1384701132774353,0.9523111111108996,0.9993777777775558,0.1676328182220459
"resnet20-reg:3,lamb:0.1",0.005,3,0.1,1,43253683_2,True,True,cifar10_resnet20,0.8561710715293884,0.3644465208053589,0.0041208639740943,0.0341864861547946,0.1000000014901161,0.8545993711251676,0,0.1213952451944351,0.6875999999986249,0.9791999999980416,0.8663818836212158,0.89693683385849,0.3482212126255035,0.0036617666482925,0.0760512351989746,0.1000000014901161,0.8967636335470284,0,0.1184498071670532,0.6861777777776253,0.9767333333331164,0.7626583576202393
"resnet20-reg:3,lamb:1.0",0.0005,3,1.0,1,43253683_4,True,True,cifar10_resnet20,0.262960284948349,0.2629398703575134,0.1550215184688568,0.0286331512033939,1.0,0.2604496514985078,0,0.4071792662143707,0.9161999999981676,0.9971999999980056,0.8478471636772156,0.071444883942604,0.071387879550457,0.0199073702096939,0.0235425420105457,1.0,0.0714161193211709,0,0.1842464506626129,0.9801333333331156,0.9999111111108888,0.062691181898117
"resnet20-reg:3,lamb:2.0",0.00025,3,2.0,1,43253683_5,True,True,cifar10_resnet20,0.3102570176124573,0.3102649748325348,0.490397572517395,0.0432251915335655,2.0,0.3093229009154565,0,0.2750769555568695,0.9141999999981716,0.9967999999980064,1.325871825218201,0.0376911535859108,0.037695787847042,0.0270386487245559,0.0161115303635597,2.0,0.0376796934795746,0,0.3706247508525848,0.990711111110891,0.9999999999997778,0.0266141593456268
"resnet20-reg:4,lamb:0.001",0.5,4,0.001,1,43253683_6,True,True,cifar10_resnet20,2.302605390548706,2.843016045517288e-05,4.358589649200441e-07,0.0048976838588714,0.0010000000474974,2.3026055443694795,0,0.0048976838588714,0.0951999999998096,0.4867999999990264,4.0737779727351153e-07,2.3025832176208496,2.854066406143829e-05,4.135072231292725e-07,0.0004356727004051,0.0010000000474974,2.302582993972603,0,0.0004356727004051,0.100533333333311,0.5014666666665553,4.053029556416732e-07
"resnet32-reg:3,lamb:0.001",0.5,3,0.001,1,43253683_0,True,True,cifar10_resnet32,2.302588939666748,6.148101965663955e-05,4.190951585769654e-07,0.0027969032526016,0.0010000000474974,2.3025884497573665,0,0.0027969032526016,0.0973999999998052,0.4993999999990012,1.8761966202873737e-06,2.302586078643799,6.154558650450781e-05,4.163011908531189e-07,0.0001384019851684,0.0010000000474974,2.302585990460654,0,0.0001384019851684,0.1002888888888666,0.5000666666665555,1.8825155621016163e-06
"resnet32-reg:3,lamb:0.01",0.05,3,0.01,1,43253683_1,True,True,cifar10_resnet32,2.302579164505005,0.0007576199714094,2.793967723846436e-07,0.0045762211084365,0.0099999997764825,2.3025774228980884,0,0.0045762211084365,0.1053999999997892,0.5003999999989992,2.913862408604473e-05,2.3026018142700195,0.0007536314078606,5.066394805908203e-07,0.0014056339859962,0.0099999997764825,2.302602521267021,0,0.0014056339859962,0.0993999999999779,0.4999555555554444,2.8850927265011705e-05
"resnet20-reg:4,lamb:0.01",0.05,4,0.01,1,43253683_7,True,True,cifar10_resnet20,2.302662134170532,0.0003286819264758,1.527369022369385e-07,0.0051648989319801,0.0099999997764825,2.302662669461004,0,0.0051648989319801,0.0951999999998096,0.4867999999990264,5.467632945510559e-06,2.302579402923584,0.0003273401234764,2.868473529815674e-07,0.0001662224531173,0.0099999997764825,2.3025796371473817,0,0.0001662224531173,0.100533333333311,0.5014666666665553,5.425789368018741e-06
"resnet20-reg:4,lamb:0.1",0.005,4,0.1,1,43253683_8,True,True,cifar10_resnet20,0.2764033675193786,0.232512891292572,0.0028610173612833,0.0145365931093692,0.1000000014901161,0.2749475440498335,0,0.8060765862464905,0.9085999999981828,0.9977999999980044,0.6413264274597168,0.1272747814655304,0.0976652204990387,0.0006367955356836,0.0373160615563392,0.1000000014901161,0.1272185526461954,0,0.1545634269714355,0.9659111111108966,0.9997111111108892,0.136595070362091
"resnet32-reg:3,lamb:0.5",0.001,3,0.5,1,43253683_3,True,True,cifar10_resnet32,0.2693013250827789,0.2676953375339508,0.0481600314378738,0.015597341582179,0.5,0.2710596895352713,0,0.132114976644516,0.9105999999981788,0.9967999999980064,0.6448022127151489,0.1241035461425781,0.1219225227832794,0.0122394561767578,0.0306557025760412,0.5,0.1240596929071255,0,0.1857047975063324,0.9621999999997862,0.9996666666664444,0.1305960863828659
"resnet32-reg:3,lamb:1.0",0.0005,3,1.0,1,43253683_4,True,True,cifar10_resnet32,0.2738479375839233,0.2738261818885803,0.1709922552108764,0.0335264429450035,1.0,0.27488075555528,0,0.1536869406700134,0.9177999999981644,0.9967999999980064,0.9657108187675476,0.0416963994503021,0.0416457168757915,0.0100172460079193,0.0179346315562725,1.0,0.0416810675077164,0,0.230323314666748,0.9900666666664468,0.9999777777775556,0.0309249404817819
"resnet32-reg:3,lamb:0.1",0.005,3,0.1,1,43253683_2,True,True,cifar10_resnet32,0.7308452129364014,0.3543042242527008,0.0041043013334274,0.0300763715058565,0.1000000014901161,0.7313411887803712,0,0.0623688995838165,0.7431999999985136,0.9841999999980316,0.8739388585090637,0.757697582244873,0.338441252708435,0.0035994946956634,0.0688580572605133,0.1000000014901161,0.7577893296672756,0,0.1034701466560363,0.7446222222220568,0.982822222222004,0.7545554637908936
"resnet20-reg:4,lamb:0.5",0.001,4,0.5,1,43253683_9,True,True,cifar10_resnet20,0.2406622469425201,0.2405308485031128,0.0555547028779983,0.0328594744205474,0.5,0.2397459833615341,0,0.1909091472625732,0.925999999998148,0.9971999999980056,0.8269283175468445,0.0179382376372814,0.0177060719579458,0.000751307234168,0.0124651826918125,0.5,0.0179309465234901,0,0.2832100391387939,0.9979111111108894,0.9999999999997778,0.0072401221841573
"resnet32-reg:3,lamb:2.0",0.00025,3,2.0,1,43253683_5,True,True,cifar10_resnet32,0.3076727390289306,0.3076830506324768,0.5013794898986816,0.0417331904172897,2.0,0.3078692330370787,0,0.2868332862854004,0.9223999999981553,0.9965999999980067,1.5639249086380005,0.0189687497913837,0.0189762115478515,0.0126613155007362,0.0087038502097129,2.0,0.018957681884039,0,0.2082378566265106,0.9954888888886676,0.9999999999997778,0.0127776693552732
"resnet32-reg:4,lamb:0.001",0.5,4,0.001,1,43253683_6,True,True,cifar10_resnet32,2.3026046752929688,2.752353611867875e-05,4.349276423454285e-07,0.0048976317048072,0.0010000000474974,2.302604709904453,0,0.0048976317048072,0.0951999999998096,0.4867999999990264,3.824229679594282e-07,2.3025832176208496,2.7867165044881403e-05,4.135072231292725e-07,0.0004356876015663,0.0010000000474974,2.3025829587516764,0,0.0004356876015663,0.100533333333311,0.5014666666665553,3.811796887021046e-07
"resnet32-reg:4,lamb:0.01",0.05,4,0.01,1,43253683_7,True,True,cifar10_resnet32,2.302664279937744,0.0003408068732824,1.132488250732422e-06,0.0051722899079322,0.0099999997764825,2.30266543511652,0,0.0051722899079322,0.0951999999998096,0.4867999999990264,5.846108251716942e-06,2.302579402923584,0.0003395869571249,2.831220626831055e-07,0.0001653879880905,0.0099999997764825,2.3025792957753253,0,0.0001653879880905,0.100533333333311,0.5014666666665553,5.816364591737511e-06
"resnet32-reg:4,lamb:0.1",0.005,4,0.1,1,43253683_8,True,True,cifar10_resnet32,0.2753629684448242,0.2439223527908325,0.0033806804567575,0.0201184637844562,0.1000000014901161,0.2770381531224272,0,0.266695499420166,0.91499999999817,0.9961999999980076,0.7684348225593567,0.1041844338178634,0.0843590348958969,0.0005755713209509,0.0266304183751344,0.1000000014901161,0.1041518653345129,0,0.1424366533756256,0.9705111111108956,0.999599999999778,0.1245539635419845
"resnet44-reg:3,lamb:0.01",0.05,3,0.01,1,43253683_1,True,True,cifar10_resnet44,2.3027150630950928,0.0010872101411223,6.854534149169922e-07,0.0041698291897773,0.0099999997764825,2.302731465141969,0,0.0041698291897773,0.0973999999998052,0.4957999999990084,5.81905223953072e-05,2.302603244781494,0.0010919166961684,5.21540641784668e-07,0.001274436712265,0.0099999997764825,2.302603516935519,0,0.001274436712265,0.1002888888888666,0.5004666666665555,5.8732541219796985e-05
"resnet44-reg:3,lamb:0.001",0.5,3,0.001,1,43253683_0,True,True,cifar10_resnet44,2.302605390548706,0.000112281210022,4.356261342763901e-07,0.0031491294503211,0.0010000000474974,2.3026153552940047,0,0.0031491294503211,0.0973999999998052,0.4951999999990096,6.245505574042909e-06,2.302586555480957,0.0001132069373852,4.167668521404267e-07,0.0002859830856323,0.0010000000474974,2.302586594635008,0,0.0002859830856323,0.1002888888888666,0.5005333333332221,6.342483175103553e-06
"resnet32-reg:4,lamb:0.5",0.001,4,0.5,1,43253683_9,True,True,cifar10_resnet32,0.2341822683811187,0.2340814471244812,0.0620612651109695,0.0354737192392349,0.5,0.2326371847420035,0,0.1852326989173889,0.9365999999981268,0.9977999999980044,1.028432846069336,0.0079518277198076,0.0076894741505384,0.0003033140674233,0.0059633520431816,0.5,0.0079488054162073,0,0.7388515472412109,0.999399999999778,0.9999999999997778,0.0031637283973395
"resnet44-reg:3,lamb:0.5",0.001,3,0.5,1,43253683_3,True,True,cifar10_resnet44,0.2652222216129303,0.2642287313938141,0.0516575127840042,0.0211683139204978,0.5,0.2669176718748171,0,0.2626024484634399,0.9121999999981756,0.9973999999980052,0.7143725156784058,0.1189395189285278,0.1174647286534309,0.0129161477088928,0.0219439659267663,0.5,0.1189329046476789,0,0.1185502409934997,0.961044444444231,0.9997777777775556,0.141762763261795
"resnet44-reg:3,lamb:1.0",0.0005,3,1.0,1,43253683_4,True,True,cifar10_resnet44,0.2485945671796798,0.2485850006341934,0.1576617211103439,0.0348573923110961,1.0,0.2464631675441573,0,0.2652392089366913,0.9235999999981528,0.9975999999980047,0.9326687455177308,0.0353362262248992,0.0353115051984787,0.0091578662395477,0.0129664158448576,1.0,0.0353506467422619,0,0.2078027427196502,0.9905111111108912,0.9999777777775556,0.028793565928936
"resnet44-reg:3,lamb:0.1",0.005,3,0.1,1,43253683_2,True,True,cifar10_resnet44,0.9123169779777528,0.382284015417099,0.004512183368206,0.0257603581994771,0.1000000014901161,0.9122483368127052,0,0.0621810257434845,0.6685999999986628,0.9755999999980488,0.9516135454177856,0.957456350326538,0.3693843483924866,0.004101350903511,0.0609644763171672,0.1000000014901161,0.9575052176142812,0,0.0946712493896484,0.6640666666665191,0.9708888888886732,0.8557636141777039
"resnet44-reg:3,lamb:2.0",0.00025,3,2.0,1,43253683_5,True,True,cifar10_resnet44,0.3099604845046997,0.3099702000617981,0.5082962512969971,0.047606386244297,2.0,0.3096413357497775,0,0.2453980445861816,0.9203999999981592,0.9981999999980036,1.5037665367126465,0.0152777768671512,0.0152847720310091,0.0096948817372322,0.0075960997492074,2.0,0.0152898957409717,0,0.7057980895042419,0.996733333333112,0.9999999999997778,0.009638799354434
"resnet44-reg:4,lamb:0.001",0.5,4,0.001,1,43253683_6,True,True,cifar10_resnet44,2.302604913711548,2.781745934044011e-05,4.353933036327362e-07,0.0048957988619804,0.0010000000474974,2.302603994648716,0,0.0048957988619804,0.0951999999998096,0.4867999999990264,3.873151115385554e-07,2.3025829792022705,2.7548936486709863e-05,4.1374005377292633e-07,0.0004358887672424,0.0010000000474974,2.302583298769082,0,0.0004358887672424,0.100533333333311,0.5014666666665553,3.8473496033475385e-07
"resnet44-reg:4,lamb:0.01",0.05,4,0.01,1,43253683_7,True,True,cifar10_resnet44,2.302663326263428,0.00033449876355,1.657754182815552e-07,0.005143716931343,0.0099999997764825,2.302659128945106,0,0.005143716931343,0.0951999999998096,0.4867999999990264,5.666900506184902e-06,2.302579402923584,0.0003330121107865,2.831220626831055e-07,0.0001686438918113,0.0099999997764825,2.3025795829613407,0,0.0001686438918113,0.100533333333311,0.5014666666665553,5.621287073154235e-06
"resnet44-reg:4,lamb:0.1",0.005,4,0.1,1,43253683_8,True,True,cifar10_resnet44,0.2971690595149994,0.2632898390293121,0.003704484552145,0.0306604728102684,0.1000000014901161,0.2961814215788513,0,0.1453910171985626,0.905999999998188,0.9963999999980072,0.8391786813735962,0.0916633903980255,0.0741903036832809,0.0004678759723901,0.0266346000134944,0.1000000014901161,0.0916634194966478,0,0.192696213722229,0.97486666666645,0.9998444444442224,0.1007945388555526
"resnet56-reg:3,lamb:0.01",0.05,3,0.01,1,43253683_1,True,True,cifar10_resnet56,2.30260705947876,0.0005309312837198,5.569308996200562e-07,4.445761442184448e-05,0.0099999997764825,2.3025957215240256,0,4.445761442184448e-05,0.1005999999997988,0.501999999998996,1.4376896615431178e-05,2.3025906085968018,0.0005262524937279,3.9301812648773193e-07,0.0006491616368293,0.0099999997764825,2.302590479774126,0,0.0006491616368293,0.0999333333333111,0.4997777777776667,1.4092381206864957e-05
"resnet44-reg:4,lamb:0.5",0.001,4,0.5,1,43253683_9,True,True,cifar10_resnet44,0.2320505380630493,0.2319386899471283,0.0639193654060363,0.0350217632949352,0.5,0.233075848850299,0,0.2892998456954956,0.940999999998118,0.9971999999980056,1.087829351425171,0.004998916760087,0.0047205919399857,0.0001352997496724,0.003951923456043,0.5,0.0050138200363152,0,0.6951402425765991,0.9997111111108892,0.9999999999997778,0.0012858916306868
"resnet56-reg:3,lamb:0.001",0.5,3,0.001,1,43253683_0,True,True,cifar10_resnet56,2.302579164505005,8.128344779834151e-05,4.095491021871567e-07,0.0030501261353492,0.0010000000474974,2.3025724757125747,0,0.0030501261353492,0.0971999999998056,0.500999999998998,3.3085896120610414e-06,2.302587985992432,8.101034472929314e-05,4.1816383600234985e-07,4.384666681289673e-05,0.0010000000474974,2.302587777245346,0,4.384666681289673e-05,0.1003111111110888,0.4998888888887778,3.29617705574492e-06
"resnet56-reg:3,lamb:0.5",0.001,3,0.5,1,43253683_3,True,True,cifar10_resnet56,0.2524345219135284,0.2514908611774444,0.0488151460886001,0.0215256102383136,0.5,0.2505599802969784,0,0.1233274340629577,0.9151999999981696,0.9981999999980036,0.6672999858856201,0.1065616607666015,0.1051078364253044,0.0109596252441406,0.0230427794158458,0.5,0.1065473770662208,0,0.1761068850755691,0.9662444444442296,0.9996666666664444,0.1180327534675598
"resnet56-reg:3,lamb:1.0",0.0005,3,1.0,1,43253683_4,True,True,cifar10_resnet56,0.2698637545108795,0.2698598802089691,0.1783625185489654,0.0403007864952087,1.0,0.2690789042557956,0,0.2468268275260925,0.921999999998156,0.9967999999980064,1.1161038875579834,0.0355576165020465,0.0355453826487064,0.0096319802105426,0.0113528501242399,1.0,0.0355397314342204,0,0.1293376088142395,0.9893333333331136,0.9999333333331112,0.0302092395722866
"resnet56-reg:3,lamb:0.1",0.005,3,0.1,1,43253683_2,True,True,cifar10_resnet56,2.302626132965088,0.0020888384897261,-1.341104507446289e-07,7.157772779464722e-05,0.1000000014901161,2.302617179196134,0,7.157772779464722e-05,0.1005999999997988,0.499999999999,2.4042628865572624e-05,2.302593946456909,0.0020659337751567,4.172325134277344e-07,0.0006967782974243,0.1000000014901161,2.30259370655285,0,0.0006967782974243,0.0999333333333111,0.4999999999998889,2.34710423683282e-05
"resnet56-reg:3,lamb:2.0",0.00025,3,2.0,1,43253683_5,True,True,cifar10_resnet56,0.3234272599220276,0.3234388828277588,0.5396701097488403,0.044038388878107,2.0,0.3181645041603471,0,0.281026542186737,0.92499999999815,0.996999999998006,1.899227261543274,0.0119184497743845,0.0119276884943246,0.0074527747929096,0.0056976005434989,2.0,0.0119117098557344,0,0.3732360899448395,0.9972444444442228,0.9999999999997778,0.007247052155435
"resnet56-reg:4,lamb:0.001",0.5,4,0.001,1,43253683_6,True,True,cifar10_resnet56,2.302605390548706,2.875048812711611e-05,4.358589649200441e-07,0.004897266626358,0.0010000000474974,2.30260463837888,0,0.004897266626358,0.0951999999998096,0.4867999999990264,4.129163926336332e-07,2.3025832176208496,2.876494181691669e-05,4.135072231292725e-07,0.0004357248544692,0.0010000000474974,2.302583094216778,0,0.0004357248544692,0.100533333333311,0.5014666666665553,4.089954472874524e-07
"resnet56-reg:4,lamb:0.01",0.05,4,0.01,1,43253683_7,True,True,cifar10_resnet56,2.302663564682007,0.0003376190725248,1.695007085800171e-07,0.0051724016666412,0.0099999997764825,2.302660261433356,0,0.0051724016666412,0.0951999999998096,0.4867999999990264,5.732098998123547e-06,2.302579879760742,0.0003361522976774,2.849847078323364e-07,0.0001584440469741,0.0099999997764825,2.3025796330834285,0,0.0001584440469741,0.100533333333311,0.5014666666665553,5.702539056073874e-06
"resnet56-reg:4,lamb:0.1",0.005,4,0.1,1,43253683_8,True,True,cifar10_resnet56,0.2557746171951294,0.2324064075946808,0.0032328702509403,0.0240146666765213,0.1000000014901161,0.2553461334322692,0,0.1215266734361648,0.9211999999981576,0.9965999999980067,0.733278214931488,0.0809821039438247,0.0674900114536285,0.0004335306584835,0.0222109295427799,0.1000000014901161,0.0809807098763279,0,0.1254736185073852,0.9774888888886716,0.9996666666664444,0.0936277210712432
"resnet56-reg:4,lamb:0.5",0.001,4,0.5,1,43253683_9,True,True,cifar10_resnet56,0.2347659617662429,0.2347222119569778,0.0671233907341957,0.0365919917821884,0.5,0.234455240028098,0,0.2377826571464538,0.9417999999981164,0.997999999998004,1.1855096817016602,0.0046703298576176,0.0045315101742744,0.0002304057125002,0.0027559751179069,0.5,0.0046687409747385,0,0.65977543592453,0.9992888888886668,0.9999999999997778,0.002380970865488
"vgg11_bn-reg:3,lamb:0.01",0.05,3,0.01,1,43253683_1,True,True,cifar10_vgg11_bn,2.302726030349731,0.0010600044624879,7.934868335723877e-07,0.004317969083786,0.0099999997764825,2.302740894596768,0,0.004317969083786,0.096999999999806,0.4921999999990156,5.649086233461276e-05,2.302600860595703,0.0010582038667052,4.954636096954346e-07,0.0009601786732673,0.0099999997764825,2.302599917627765,0,0.0009601786732673,0.100333333333311,0.5008666666665554,5.6278273405041546e-05
"vgg11_bn-reg:3,lamb:0.001",0.5,3,0.001,1,43253683_0,True,True,cifar10_vgg11_bn,2.302595615386963,9.654481254983692e-05,4.256144165992737e-07,0.0031128525733947,0.0010000000474974,2.3025943983009123,0,0.0031128525733947,0.0971999999998056,0.4973999999990052,4.665802407544106e-06,2.302586555480957,9.71872650552541e-05,4.167668521404267e-07,4.731118679046631e-06,0.0010000000474974,2.3025863047396897,0,4.731118679046631e-06,0.1003111111110888,0.5002888888887778,4.733113200927619e-06
"vgg11_bn-reg:3,lamb:0.5",0.001,3,0.5,1,43253683_3,True,True,cifar10_vgg11_bn,0.3367290794849396,0.3345297873020172,0.0672617107629776,0.0293652210384607,0.5,0.3340641973732511,0,0.203587532043457,0.8943999999982112,0.9943999999980112,0.9525883793830872,0.1947165727615356,0.1906401365995407,0.0260873436927795,0.0242025330662727,0.5,0.1947303079381347,0,0.1922577023506164,0.9394888888886802,0.9981555555553338,0.314963161945343
"vgg11_bn-reg:3,lamb:1.0",0.0005,3,1.0,1,43253683_4,True,True,cifar10_vgg11_bn,0.3193169236183166,0.3193117678165436,0.2102060914039612,0.0465969070792198,1.0,0.3182156442004807,0,0.2343351244926453,0.9091999999981816,0.9955999999980089,1.2170637845993042,0.0729781836271286,0.0729532465338707,0.0291425436735153,0.0109540615230798,1.0,0.0729669071904157,0,0.8061997294425964,0.9781111111108938,0.9994444444442224,0.1245376542210578
"vgg11_bn-reg:3,lamb:0.1",0.005,3,0.1,1,43253683_2,True,True,cifar10_vgg11_bn,1.8368712663650515,0.2517226934432983,0.0019168108701705,0.0282478369772434,0.1000000014901161,1.8358318081259684,0,0.1498690247535705,0.2617999999994764,0.8505999999982988,0.3993300497531891,1.889350414276123,0.2450953274965286,0.0018784999847412,0.0326961763203144,0.1000000014901161,1.8893911945830053,0,0.1160595417022705,0.2521999999999439,0.8371111111109252,0.3941592872142792
"vgg11_bn-reg:4,lamb:0.001",0.5,4,0.001,1,43253683_6,True,True,cifar10_vgg11_bn,2.302604913711548,2.708765168790705e-05,4.3516047298908244e-07,0.0048958137631416,0.0010000000474974,2.3026044357230875,0,0.0048958137631416,0.0951999999998096,0.4867999999990264,3.7646475448127603e-07,2.3025832176208496,2.712695641093887e-05,4.135072231292725e-07,0.0004358887672424,0.0010000000474974,2.3025831849783964,0,0.0004358887672424,0.100533333333311,0.5014666666665553,3.731950641849835e-07
"vgg11_bn-reg:3,lamb:2.0",0.00025,3,2.0,1,43253683_5,True,True,cifar10_vgg11_bn,0.3549071550369262,0.3549172580242157,0.5844252109527588,0.0552163384854793,2.0,0.350795877549488,0,0.2750771343708038,0.90999999999818,0.9953999999980092,1.7169331312179563,0.0335829891264438,0.0335898697376251,0.03450358659029,0.0060687838122248,2.0,0.033573646789668,0,0.2027053534984589,0.9902666666664468,0.9998666666664444,0.0572916641831398
"vgg13_bn-reg:3,lamb:0.01",0.05,3,0.01,1,43253683_1,True,True,cifar10_vgg13_bn,2.302797555923462,0.0010356612037867,5.550682544708252e-07,0.0035754069685935,0.0099999997764825,2.3027959335257258,0,0.0035754069685935,0.0973999999998052,0.4873999999990252,5.588341809925623e-05,2.3025920391082764,0.0010241454001516,4.060566425323487e-07,0.0007329285144805,0.0099999997764825,2.3025925442622768,0,0.0007329285144805,0.1002888888888666,0.5013999999998886,5.469332973007113e-05
"vgg13_bn-reg:3,lamb:0.001",0.5,3,0.001,1,43253683_0,True,True,cifar10_vgg13_bn,2.3026065826416016,8.001633977983147e-05,4.370231181383133e-07,0.0027895718812942,0.0010000000474974,2.3026076782157614,0,0.0027895718812942,0.0973999999998052,0.4995999999990008,3.236874817957869e-06,2.302584648132324,7.911047578090802e-05,4.151370376348497e-07,0.0001392140984535,0.0010000000474974,2.3025845721410385,0,0.0001392140984535,0.1002888888888666,0.5000444444443334,3.162821030855412e-06
"vgg11_bn-reg:4,lamb:0.01",0.05,4,0.01,1,43253683_7,True,True,cifar10_vgg11_bn,2.302663803100586,0.0003371462516952,1.695007085800171e-07,0.00517039000988,0.0099999997764825,2.3026623356749933,0,0.00517039000988,0.0951999999998096,0.4867999999990264,5.764641628047684e-06,2.302579402923584,0.0003355313383508,2.831220626831055e-07,0.0001656040549278,0.0099999997764825,2.3025793987288026,0,0.0001656040549278,0.100533333333311,0.5014666666665553,5.714641247323016e-06
"vgg13_bn-reg:3,lamb:0.5",0.001,3,0.5,1,43253683_3,True,True,cifar10_vgg13_bn,0.2774664461612701,0.2767565846443176,0.0558217316865921,0.0296945460140705,0.5,0.2756840041391489,0,0.1535640656948089,0.9065999999981867,0.9957999999980084,0.7769690752029419,0.143940195441246,0.1421744376420974,0.0193453952670097,0.0186665207147598,0.5,0.1439369675536898,0,0.1770892739295959,0.9550666666664543,0.998688888888667,0.2337522208690643
"vgg11_bn-reg:4,lamb:0.1",0.005,4,0.1,1,43253683_8,True,True,cifar10_vgg11_bn,0.3092073202133178,0.2668797969818115,0.0036427862942218,0.0272474195808172,0.1000000014901161,0.3063175021070494,0,0.16581791639328,0.9001999999981997,0.993999999998012,0.8223744630813599,0.1163263842463493,0.0965456664562225,0.0007493067532777,0.0232214108109474,0.1000000014901161,0.1163167054698837,0,0.8056068420410156,0.9662222222220076,0.9991333333331114,0.1636551618576049
"vgg13_bn-reg:3,lamb:1.0",0.0005,3,1.0,1,43253683_4,True,True,cifar10_vgg13_bn,0.2790040969848633,0.2790023386478424,0.1910476684570312,0.0428469665348529,1.0,0.2794299645814878,0,0.7054876089096069,0.9245999999981508,0.9971999999980056,1.245142102241516,0.0400543510913848,0.0400444492697715,0.014936476945877,0.0082571357488632,1.0,0.0400375601209557,0,0.1047979295253753,0.988555555555336,0.999799999999778,0.0633612871170044
"vgg13_bn-reg:3,lamb:0.1",0.005,3,0.1,1,43253683_2,True,True,cifar10_vgg13_bn,1.9211814403533936,0.1960228979587555,0.0013088881969451,0.0180570930242538,0.1000000014901161,1.9207685878209724,0,0.2438229024410248,0.2101999999995796,0.83499999999833,0.2725452780723572,1.949691653251648,0.2037407904863357,0.001437172293663,0.0160968508571386,0.1000000014901161,1.949649551941896,0,0.073265790939331,0.2069777777777318,0.8211555555553731,0.3019016981124878
"vgg11_bn-reg:4,lamb:0.5",0.001,4,0.5,1,43253683_9,True,True,cifar10_vgg11_bn,0.3148709535598755,0.3147676289081573,0.0905285477638244,0.0492283217608928,0.5,0.3096468402387198,0,0.3046891093254089,0.9257999999981484,0.996999999998006,1.5187534093856812,0.0037088333629071,0.0035698721185326,0.0001482933294028,0.0024705529212951,0.5,0.0037077730182113,0,0.3471719622611999,0.999399999999778,0.9999999999997778,0.0014921750407665
"vgg13_bn-reg:4,lamb:0.001",0.5,4,0.001,1,43253683_6,True,True,cifar10_vgg13_bn,2.3026046752929688,2.7429297915659845e-05,-5.187466740608215e-07,0.0048917084932327,0.0010000000474974,2.302605627815982,0,0.0048917084932327,0.0951999999998096,0.4873999999990252,3.810541500115505e-07,2.3025832176208496,2.7528119971975684e-05,4.135072231292725e-07,0.0004363432526588,0.0010000000474974,2.3025830630598048,0,0.0004363432526588,0.100533333333311,0.5013999999998886,3.771725971546403e-07
"vgg13_bn-reg:3,lamb:2.0",0.00025,3,2.0,1,43253683_5,True,True,cifar10_vgg13_bn,0.3081151247024536,0.3081283271312713,0.5253851413726807,0.0472938083112239,2.0,0.3069172745898599,0,0.3269551992416382,0.9305999999981388,0.996999999998006,1.796300768852234,0.0139474105089902,0.0139575498178601,0.0138729475438594,0.0031287628225982,2.0,0.0139468225036676,0,0.1657878458499908,0.9963111111108898,0.9999555555553334,0.0241285804659128
"vgg16_bn-reg:3,lamb:0.01",0.05,3,0.01,1,43253683_1,True,True,cifar10_vgg16_bn,2.30275297164917,0.0010328227654099,1.0989606380462646e-07,0.0060863941907882,0.0099999997764825,2.3027764070441075,0,0.0060863941907882,0.0951999999998096,0.4911999999990176,5.30481556779705e-05,2.302596092224121,0.0010361397871747,4.470348358154297e-07,0.0007497891783714,0.0099999997764825,2.302595600354972,0,0.0007497891783714,0.100533333333311,0.5009777777776665,5.340721691027284e-05
"vgg16_bn-reg:3,lamb:0.001",0.5,3,0.001,1,43253683_0,True,True,cifar10_vgg16_bn,2.3026630878448486,0.0001439556217519,4.933681339025497e-07,0.0054227635264396,0.0010000000474974,2.3026720750739447,0,0.0054227635264396,0.0951999999998096,0.4961999999990076,1.0148213732463772e-05,2.302582263946533,0.0001454978773836,4.12575900554657e-07,6.365776062011719e-05,0.0010000000474974,2.3025822367226843,0,6.365776062011719e-05,0.100533333333311,0.5004222222221111,1.0382513210061006e-05
"vgg13_bn-reg:4,lamb:0.01",0.05,4,0.01,1,43253683_7,True,True,cifar10_vgg13_bn,2.302663326263428,0.0003354033397044,1.657754182815552e-07,0.0051477551460266,0.0099999997764825,2.302667115967502,0,0.0051477551460266,0.0951999999998096,0.4873999999990252,5.718640750274062e-06,2.302579402923584,0.0003331892949063,2.831220626831055e-07,0.0001681968569755,0.0099999997764825,2.3025797157171404,0,0.0001681968569755,0.100533333333311,0.5013999999998886,5.660038368660025e-06
"vgg16_bn-reg:3,lamb:0.5",0.001,3,0.5,1,43253683_3,True,True,cifar10_vgg16_bn,2.3027536869049072,0.0071784537285566,7.271766662597656e-06,0.0060873851180076,0.5,2.302776979248697,0,0.0060873851180076,0.0951999999998096,0.4911999999990176,5.330516069079749e-05,2.302596092224121,0.0071775116957724,7.152557373046875e-06,0.0007499009370803,0.5,2.3025956721514764,0,0.0007499009370803,0.100533333333311,0.5009777777776665,5.365741526475176e-05
"vgg13_bn-reg:4,lamb:0.1",0.005,4,0.1,1,43253683_8,True,True,cifar10_vgg13_bn,0.2553808093070984,0.2399466186761856,0.0037285052239894,0.028171494603157,0.1000000014901161,0.2545153080144507,0,0.2765644788742065,0.9267999999981464,0.9953999999980092,0.8630406260490417,0.0454933308064937,0.0374722182750701,0.0002377717755734,0.0165916252881288,0.1000000014901161,0.0454970094539959,0,0.1206854581832885,0.9895111111108912,0.9997333333331112,0.0519418865442276
"vgg16_bn-reg:3,lamb:1.0",0.0005,3,1.0,1,43253683_4,True,True,cifar10_vgg16_bn,0.3026652932167053,0.3026579320430755,0.2063050866127014,0.0446680821478366,1.0,0.3029799795125973,0,0.2160364389419555,0.9173999999981652,0.995999999998008,1.3049896955490112,0.057584099471569,0.0575513765215873,0.0228388831019401,0.0091765476390719,1.0,0.0575734670029583,0,0.2680364549160003,0.9823111111108928,0.999622222222,0.1011266559362411
"vgg16_bn-reg:3,lamb:0.1",0.005,3,0.1,1,43253683_2,True,True,cifar10_vgg16_bn,2.3027918338775635,0.0039256769232451,1.1771917343139648e-06,0.0061546638607978,0.1000000014901161,2.302818154137287,0,0.0061546638607978,0.0951999999998096,0.4911999999990176,7.821229519322515e-05,2.302605628967285,0.0039146705530583,6.705522537231445e-07,0.0008207783102989,0.1000000014901161,2.302605150644646,0,0.0008207783102989,0.100533333333311,0.5009777777776665,7.799817831255496e-05
"vgg13_bn-reg:4,lamb:0.5",0.001,4,0.5,1,43253683_9,True,True,cifar10_vgg13_bn,0.2392786145210266,0.2391407489776611,0.0701893866062164,0.0362687408924102,0.5,0.2411715785698238,0,0.2864499390125274,0.9447999999981104,0.9973999999980052,1.2187837362289429,0.002786417491734,0.0026041916571557,7.523084059357643e-05,0.002079804893583,0.5,0.0027854862192713,0,0.2417066693305969,0.9997333333331112,0.9999999999997778,0.0007526295958086
"vgg16_bn-reg:4,lamb:0.001",0.5,4,0.001,1,43253683_6,True,True,cifar10_vgg16_bn,2.3026046752929688,2.7339554435457103e-05,4.349276423454285e-07,0.0048957243561744,0.0010000000474974,2.302605890076419,0,0.0048957243561744,0.0951999999998096,0.4875999999990248,3.835780830740987e-07,2.3025832176208496,2.739846058830153e-05,4.135072231292725e-07,0.000435896217823,0.0010000000474974,2.302583298769082,0,0.000435896217823,0.100533333333311,0.5013777777776663,3.8091965848252585e-07
"vgg16_bn-reg:3,lamb:2.0",0.00025,3,2.0,1,43253683_5,True,True,cifar10_vgg16_bn,2.3026998043060303,0.0102324383333325,4.76837158203125e-05,0.0058455094695091,2.0,2.3027161229064115,0,0.0058455094695091,0.0951999999998096,0.4923999999990152,2.3731075998512097e-05,2.302586078643799,0.0101858610287308,4.9591064453125e-05,0.0005376413464546,2.0,2.302585620640926,0,0.0005376413464546,0.100533333333311,0.5008444444443332,2.43485628743656e-05
"vgg19_bn-reg:3,lamb:0.01",0.05,3,0.01,1,43253683_1,True,True,cifar10_vgg19_bn,2.302679538726806,0.0009305893909186,3.296881914138794e-07,0.003698818385601,0.0099999997764825,2.302657412331337,0,0.003698818385601,0.0973999999998052,0.49499999999901,4.278450796846301e-05,2.302598476409912,0.0009342391858808,4.731118679046631e-07,0.0007881075143814,0.0099999997764825,2.3025988474534613,0,0.0007881075143814,0.1002888888888666,0.5005555555554444,4.309956420911476e-05
"resnet20-reg:4,lamb:1.0",0.0005,4,1.0,1,43253683_10,True,True,cifar10_resnet20,0.2794334590435028,0.2794314622879028,0.1896688640117645,0.0404336042702198,1.0,0.2783484077551987,0,0.1991673111915588,0.9233999999981533,0.9967999999980064,1.2287274599075315,0.011392556130886,0.0113852173089981,0.0014018639922142,0.0085637141019105,1.0,0.0113838155250031,0,0.3154614269733429,0.9989555555553336,0.9999999999997778,0.003688120516017
"vgg16_bn-reg:4,lamb:0.01",0.05,4,0.01,1,43253683_7,True,True,cifar10_vgg16_bn,2.302662849426269,0.0003315639914944,1.601874828338623e-07,0.0051659941673278,0.0099999997764825,2.302666758339633,0,0.0051659941673278,0.0951999999998096,0.4867999999990264,5.582308403973002e-06,2.302579641342163,0.0003301461401861,2.831220626831055e-07,0.0001660957932472,0.0099999997764825,2.3025799216240954,0,0.0001660957932472,0.100533333333311,0.5014666666665553,5.535947366297478e-06
"vgg19_bn-reg:3,lamb:0.001",0.5,3,0.001,1,43253683_0,True,True,cifar10_vgg19_bn,2.302603483200073,0.0001208543399116,4.337634891271591e-07,0.0004580244421958,0.0010000000474974,2.3025945532729883,0,0.0004580244421958,0.0999999999998,0.493999999999012,7.306528004846768e-06,2.302587509155273,0.0001214784861076,4.176981747150421e-07,0.00041925907135,0.0010000000474974,2.3025876648093115,0,0.00041925907135,0.0999999999999778,0.5006666666665555,7.380585884675384e-06
"vgg19_bn-reg:3,lamb:0.5",0.001,3,0.5,1,43253683_3,True,True,cifar10_vgg19_bn,1.1678953170776367,0.5198401212692261,0.0486731529235839,0.1130456328392028,0.5,1.1662057870755884,0,0.2336968183517456,0.5375999999989248,0.9817999999980364,0.5109398365020752,1.144721746444702,0.5901113748550415,0.0566843748092651,0.1026910915970802,0.5,1.1447498079754896,0,0.1833688616752624,0.5475999999998783,0.9779777777775606,0.558458685874939
"resnet20-reg:4,lamb:2.0",0.00025,4,2.0,1,43253683_11,True,True,cifar10_resnet20,0.3261727392673492,0.3261842429637909,0.5406177639961243,0.046522207558155,2.0,0.3237866966297555,0,0.2099581956863403,0.9207999999981584,0.9971999999980056,1.7612853050231934,0.0082844831049442,0.0082936901599168,0.0034645274281501,0.0059042256325483,2.0,0.0082809105788584,0,0.1989001035690307,0.9990666666664448,0.9999999999997778,0.0030364277772605
"vgg16_bn-reg:4,lamb:0.1",0.005,4,0.1,1,43253683_8,True,True,cifar10_vgg16_bn,0.2741503715515136,0.2604458034038543,0.0042836684733629,0.0352857671678066,0.1000000014901161,0.2747468388196978,0,0.7574057579040527,0.9253999999981491,0.9943999999980112,0.9908198714256288,0.0487242192029953,0.0393576249480247,0.0003024144098162,0.0147263137623667,0.1000000014901161,0.048725017280174,0,0.2388154566287994,0.988155555555336,0.9997333333331112,0.0668322145938873
"vgg19_bn-reg:3,lamb:1.0",0.0005,3,1.0,1,43253683_4,True,True,cifar10_vgg19_bn,0.3456702828407287,0.3456281721591949,0.2215161919593811,0.0361578576266765,1.0,0.3435819192002908,0,0.1438378095626831,0.9027999999981944,0.9933999999980132,1.4885421991348269,0.1273295879364013,0.1271666884422302,0.0516774654388427,0.0176091976463794,1.0,0.1273371594970322,0,0.1890473961830139,0.9608666666664532,0.9988222222220005,0.213607370853424
"vgg19_bn-reg:3,lamb:0.1",0.005,3,0.1,1,43253683_2,True,True,cifar10_vgg19_bn,2.302708148956299,0.0035122882109135,1.3560056686401367e-06,0.0038267970085144,0.1000000014901161,2.3026852238585755,0,0.0038267970085144,0.0973999999998052,0.49499999999901,5.9477577451616526e-05,2.3026046752929688,0.0035228258930146,5.960464477539062e-07,0.0009533166885375,0.1000000014901161,2.30260508968535,0,0.0009533166885375,0.1002888888888666,0.5005555555554444,5.993265949655324e-05
"vgg16_bn-reg:4,lamb:0.5",0.001,4,0.5,1,43253683_9,True,True,cifar10_vgg16_bn,0.2858564257621765,0.2856756746768951,0.0900755822658538,0.0442680604755878,0.5,0.2935131496213575,0,0.3611121773719787,0.9411999999981177,0.9977999999980044,1.6495438814163208,0.0030375877395272,0.0027496477123349,0.0001702983863651,0.0018194958101958,0.5,0.0030376753742953,0,0.2280806899070739,0.999599999999778,0.9999999999997778,0.0021250133868306
"vgg19_bn-reg:4,lamb:0.001",0.5,4,0.001,1,43253683_6,True,True,cifar10_vgg19_bn,2.302603960037231,2.604798646643757e-05,4.33996319770813e-07,0.004897266626358,0.0010000000474974,2.302602969448827,0,0.004897266626358,0.0951999999998096,0.4867999999990264,3.437060911437584e-07,2.3025832176208496,2.623647560540121e-05,4.135072231292725e-07,0.0004357248544692,0.0010000000474974,2.3025834152690696,0,0.0004357248544692,0.100533333333311,0.5014666666665553,3.4175016594417684e-07
"vgg19_bn-reg:3,lamb:2.0",0.00025,3,2.0,1,43253683_5,True,True,cifar10_vgg19_bn,2.302628993988037,0.0069872718304395,3.528594970703125e-05,0.0033076182007789,2.0,2.302612470429199,0,0.0033076182007789,0.0973999999998052,0.4985999999990028,1.7605025277589448e-05,2.3025903701782227,0.0069583458825945,3.62396240234375e-05,0.0003521665930747,2.0,2.302590475710173,0,0.0003521665930747,0.1002888888888666,0.5001555555554444,1.7806254618335515e-05
"repvgg_a0-reg:3,lamb:0.01",0.05,3,0.01,1,43253683_1,True,True,cifar10_repvgg_a0,2.3026976585388184,0.000689057575073,5.103647708892822e-07,0.0037384927272796,0.0099999997764825,2.302683411877376,0,0.0037384927272796,0.096999999999806,0.4901999999990196,2.438028423057403e-05,2.302586078643799,0.0006829379708506,3.4458935260772705e-07,0.0004214122891426,0.0099999997764825,2.302585502786288,0,0.0004214122891426,0.100333333333311,0.5010888888887776,2.394398325122893e-05
"resnet32-reg:4,lamb:1.0",0.0005,4,1.0,1,43253683_10,True,True,cifar10_resnet32,0.2507312297821045,0.2507261335849762,0.1748254299163818,0.0357778072357177,1.0,0.2509039356050053,0,0.3249403834342956,0.9355999999981288,0.996999999998006,1.1682566404342651,0.0047463080845773,0.0047311740927398,0.0004118583165109,0.003873870242387,1.0,0.0047472236167312,0,0.3842863440513611,0.9996888888886668,0.9999999999997778,0.00112039828673
"resnet20-reg:5,lamb:0.01",0.05,5,0.01,1,43253683_13,True,True,cifar10_resnet20,2.3026819229125977,0.0006722517427988,1.3075768947601318e-06,0.005561389029026,0.0099999997764825,2.3026857126166624,0,0.005561389029026,0.0951999999998096,0.4947999999990104,2.2675953005091287e-05,2.3025870323181152,0.0006710457382723,3.576278686523438e-07,0.0002308785915374,0.0099999997764825,2.3025870308326355,0,0.0002308785915374,0.100533333333311,0.5005777777776665,2.2581221855944023e-05
"resnet20-reg:5,lamb:0.5",0.001,5,0.5,1,43253683_15,True,True,cifar10_resnet20,0.2358331233263015,0.2356024086475372,0.0512842908501625,0.0236795544624328,0.5,0.2345586350877511,0,0.1425487995147705,0.9275999999981448,0.997999999998004,0.7736708521842957,0.044898085296154,0.0444419980049133,0.0029635690152645,0.0216655656695365,0.5,0.0448853027219357,0,0.1943589448928833,0.9902888888886688,0.9999777777775556,0.0293635204434394
"resnet20-reg:5,lamb:0.1",0.005,5,0.1,1,43253683_14,True,True,cifar10_resnet20,0.3806612193584442,0.2697290778160095,0.0029890276491642,0.0128771588206291,0.1000000014901161,0.3798876626380248,0,0.0759105086326599,0.865999999998268,0.9965999999980067,0.6504365801811218,0.3093283474445343,0.2075994312763214,0.0018543526530265,0.0434917844831943,0.1000000014901161,0.3092402931635075,0,0.1010265350341796,0.9017777777775774,0.9973999999997784,0.3977230787277221
"resnet20-reg:5,lamb:0.001",0.5,5,0.001,1,43253683_12,True,True,cifar10_resnet20,2.3026084899902344,5.819967918796465e-05,4.386529326438904e-07,0.0030181631445884,0.0010000000474974,2.3026084173133565,0,0.0030181631445884,0.0971999999998056,0.4983999999990032,1.7138964949481306e-06,2.302583694458008,5.858721488039009e-05,4.139728844165802e-07,0.0001581907272338,0.0010000000474974,2.3025834139144186,0,0.0001581907272338,0.1003111111110888,0.5001777777776667,1.708585273263452e-06
"vgg19_bn-reg:4,lamb:0.01",0.05,4,0.01,1,43253683_7,True,True,cifar10_vgg19_bn,2.3026647567749023,0.0003420989669393,1.8067657947540288e-07,0.0051954463124275,0.0099999997764825,2.302661596577398,0,0.0051954463124275,0.0951999999998096,0.4867999999990264,5.899705683987122e-06,2.302579879760742,0.0003409472410567,2.831220626831055e-07,0.000155821442604,0.0099999997764825,2.3025796615311,0,0.000155821442604,0.100533333333311,0.5014666666665553,5.865378625458106e-06
"repvgg_a0-reg:3,lamb:0.001",0.5,3,0.001,1,43253683_0,True,True,cifar10_repvgg_a0,2.3025925159454346,0.0001191233095596,4.230532795190811e-07,0.0002582073211669,0.0010000000474974,2.302589081566601,0,0.0002582073211669,0.1005999999997988,0.5051999999989896,7.22748745829449e-06,2.30258846282959,0.0001187001544167,4.1886232793331146e-07,0.0003857836127281,0.0010000000474974,2.302588362454585,0,0.0003857836127281,0.0999333333333111,0.4994222222221113,7.136333351809299e-06
"resnet32-reg:4,lamb:2.0",0.00025,4,2.0,1,43253683_11,True,True,cifar10_resnet32,0.2935523986816406,0.2935630083084106,0.4879961013793946,0.0436000786721706,2.0,0.2922583414643024,0,0.2831941843032837,0.9283999999981432,0.9965999999980067,1.6128010749816897,0.0031374157406389,0.0031454467680305,0.0007168175652623,0.0027626538649201,2.0,0.0031354104680217,0,0.5206558108329773,0.9998888888886668,0.9999999999997778,0.0004604430869221
"repvgg_a0-reg:3,lamb:0.5",0.001,3,0.5,1,43253683_3,True,True,cifar10_repvgg_a0,0.2501595318317413,0.249178946018219,0.0494638830423355,0.0181292947381734,0.5,0.2510945438083211,0,0.2703009247779846,0.9191999999981616,0.996999999998006,0.6833087801933289,0.1061791330575943,0.104751318693161,0.0112299397587776,0.0211031027138233,0.5,0.1061933125647576,0,0.0886623859405517,0.9657111111108966,0.999822222222,0.1220773160457611
"vgg19_bn-reg:4,lamb:0.1",0.005,4,0.1,1,43253683_8,True,True,cifar10_vgg19_bn,0.3061149716377258,0.2908265292644501,0.0048851761966943,0.0423590019345283,0.1000000014901161,0.3049502989615137,0,0.2874695658683777,0.9177999999981644,0.9955999999980089,1.1272788047790527,0.0501753464341163,0.0410135239362716,0.0003359476104378,0.0151415988802909,0.1000000014901161,0.0501742609007223,0,0.1630200743675232,0.9880444444442248,0.9996888888886668,0.0748684629797935
"repvgg_a0-reg:3,lamb:1.0",0.0005,3,1.0,1,43253683_4,True,True,cifar10_repvgg_a0,0.2509162425994873,0.2509083449840545,0.1702973842620849,0.0359353646636009,1.0,0.2538032023829784,0,0.2252699732780456,0.9307999999981384,0.9973999999980052,1.1167179346084597,0.0183004140853881,0.0182752721011638,0.0040172338485717,0.0084426384419202,1.0,0.0183133446225354,0,0.2993395924568176,0.9957999999997788,0.9999999999997778,0.0123726418241858
"vgg19_bn-reg:4,lamb:0.5",0.001,4,0.5,1,43253683_9,True,True,cifar10_vgg19_bn,0.3019704222679138,0.3017672598361969,0.0963682830333709,0.0466522835195064,0.5,0.2975733826311691,0,0.370751678943634,0.9397999999981204,0.995999999998008,1.7687597274780271,0.0024875144008547,0.0021971673704683,9.839434642344712e-05,0.0018407910829409,0.5,0.0024865030478966,0,0.2485973834991455,0.9998666666664444,0.9999999999997778,0.0012731467140838
"repvgg_a0-reg:3,lamb:0.1",0.005,3,0.1,1,43253683_2,True,True,cifar10_repvgg_a0,2.30275297164917,0.00270233489573,1.087784767150879e-06,0.0040112435817718,0.1000000014901161,2.302733098309236,0,0.0040112435817718,0.096999999999806,0.4867999999990264,3.743471825146116e-05,2.3025870323181152,0.00268274708651,7.152557373046875e-07,0.0006994009017944,0.1000000014901161,2.302586475425718,0,0.0006994009017944,0.100333333333311,0.5014666666665553,3.6991459637647495e-05
"repvgg_a0-reg:4,lamb:0.001",0.5,4,0.001,1,43253683_6,True,True,cifar10_repvgg_a0,2.302603483200073,2.5688323148642667e-05,4.337634891271591e-07,0.0048961862921714,0.0010000000474974,2.302601431648992,0,0.0048961862921714,0.0951999999998096,0.4867999999990264,3.339170291383198e-07,2.3025834560394287,2.5814513719524257e-05,4.135072231292725e-07,0.0004358515143394,0.0010000000474974,2.302583214780719,0,0.0004358515143394,0.100533333333311,0.5014666666665553,3.317953201076307e-07
"repvgg_a0-reg:3,lamb:2.0",0.00025,3,2.0,1,43253683_5,True,True,cifar10_repvgg_a0,0.2773162424564361,0.2773269414901733,0.4624808430671692,0.0405441857874393,2.0,0.2800742736548523,0,0.1805412769317627,0.9337999999981323,0.9975999999980047,1.5322890281677246,0.0061642052605748,0.006170708220452,0.0032723192125558,0.0036419299431145,2.0,0.0061604447470155,0,0.3889545202255249,0.9990222222220004,0.9999999999997778,0.0033344579860568
"resnet32-reg:5,lamb:0.01",0.05,5,0.01,1,43253683_13,True,True,cifar10_resnet32,2.3025882244110107,0.000273126817774,3.706663846969605e-07,0.0029189586639404,0.0099999997764825,2.3025887358596613,0,0.0029189586639404,0.0973999999998052,0.4995999999990008,3.788897402046132e-06,2.3025870323181152,0.0002753452572505,3.576278686523438e-07,2.7626752853393555e-05,0.0099999997764825,2.302587060634958,0,2.7626752853393555e-05,0.1002888888888666,0.5000444444443334,3.841237230517436e-06
"resnet32-reg:5,lamb:0.1",0.005,5,0.1,1,43253683_14,True,True,cifar10_resnet32,0.3394792973995209,0.2513264715671539,0.0028009228408336,0.0084440279752016,0.1000000014901161,0.3401934934941679,0,0.1982265561819076,0.8867999999982265,0.995999999998008,0.6127881407737732,0.2659743130207062,0.1861441284418106,0.0015825554728507,0.0404021590948104,0.1000000014901161,0.2659552407892522,0,0.1874164193868637,0.9157999999997966,0.9983333333331116,0.3395404815673828
"resnet32-reg:5,lamb:0.5",0.001,5,0.5,1,43253683_15,True,True,cifar10_resnet32,0.2467221617698669,0.2464964985847473,0.0602631270885467,0.029617816209793,0.5,0.2460890656969341,0,0.2189312577247619,0.9307999999981384,0.9973999999980052,0.9613597393035888,0.0226054899394512,0.0222491063177585,0.001176631078124,0.0136594995856285,0.5,0.0225938322136718,0,0.2939226031303406,0.9963777777775564,0.9999999999997778,0.0114919347688555
"resnet32-reg:5,lamb:0.001",0.5,5,0.001,1,43253683_12,True,True,cifar10_resnet32,2.302581787109375,3.003944038937334e-05,4.118774086236954e-07,0.0006946548819541,0.0010000000474974,2.302581368725571,0,0.0006946548819541,0.1007999999997984,0.5033999999989932,4.542299336662836e-07,2.3025856018066406,3.020595249836333e-05,4.158355295658112e-07,0.0001874044537544,0.0010000000474974,2.302585627414181,0,0.0001874044537544,0.0999111111110889,0.4996222222221112,4.5019609729024523e-07
"repvgg_a0-reg:4,lamb:0.01",0.05,4,0.01,1,43253683_7,True,True,cifar10_repvgg_a0,2.302662849426269,0.0003329324536025,1.601874828338623e-07,0.0051190555095672,0.0099999997764825,2.3026533472945654,0,0.0051190555095672,0.0951999999998096,0.4867999999990264,5.6352446335949935e-06,2.302579402923584,0.0003314276691526,2.831220626831055e-07,0.0002168118953704,0.0099999997764825,2.302579157600922,0,0.0002168118953704,0.100533333333311,0.5014666666665553,5.580893230217043e-06
"resnet44-reg:4,lamb:1.0",0.0005,4,1.0,1,43253683_10,True,True,cifar10_resnet44,0.2569500505924225,0.2569423317909241,0.1871820986270904,0.0372767299413681,1.0,0.2558843670996121,0,0.2863950431346893,0.937999999998124,0.9973999999980052,1.3830782175064087,0.0032360185869038,0.0032076984643936,0.0002491106279194,0.002650667913258,1.0,0.0032424343323387,0,0.3056331276893616,0.999822222222,0.9999999999997778,0.0006598021136596
"repvgg_a0-reg:4,lamb:0.1",0.005,4,0.1,1,43253683_8,True,True,cifar10_repvgg_a0,0.2545398473739624,0.2404883503913879,0.0038675647228956,0.0293658357113599,0.1000000014901161,0.2574949605965599,0,0.1971516013145446,0.9311999999981376,0.9963999999980072,0.8911298513412476,0.0390055328607559,0.0296531096100807,0.0001793159171938,0.0162037760019302,0.1000000014901161,0.0390240145317034,0,0.151503786444664,0.991222222222002,0.9999333333331112,0.0390197299420833
"resnet44-reg:4,lamb:2.0",0.00025,4,2.0,1,43253683_11,True,True,cifar10_resnet44,0.31100794672966,0.3110176622867584,0.5343608260154724,0.0441123880445957,2.0,0.3081219917485288,0,0.2737972140312195,0.9345999999981308,0.9963999999980072,1.9395633935928345,0.0022296579554677,0.0022346952464431,0.0007924381643533,0.0016054320149123,2.0,0.0022299867714096,0,0.459317147731781,0.9997333333331112,0.9999999999997778,0.0006865110481157
"repvgg_a0-reg:4,lamb:0.5",0.001,4,0.5,1,43253683_9,True,True,cifar10_repvgg_a0,0.2291229963302612,0.228995218873024,0.0672449469566345,0.0338258482515811,0.5,0.2323491385907479,0,0.677316427230835,0.9465999999981068,0.9983999999980032,1.2123032808303833,0.0028996239416301,0.0026185023598372,8.701137267053127e-05,0.0020655738189816,0.5,0.0028996235128453,0,0.2128903865814209,0.9997333333331112,0.9999999999997778,0.000873812532518
"repvgg_a1-reg:3,lamb:0.01",0.05,3,0.01,1,43253683_1,True,True,cifar10_repvgg_a1,2.302647113800049,0.0009164345101453,7.450580596923828e-09,0.0007625520229339,0.0099999997764825,2.302666078846684,0,0.0007625520229339,0.1017999999997964,0.496999999999006,4.130246088607237e-05,2.302600860595703,0.0009103439515456,4.954636096954346e-07,0.0012632086873054,0.0099999997764825,2.302601621778745,0,0.0012632086873054,0.0997999999999778,0.5003333333332222,4.075944161741063e-05
"repvgg_a1-reg:3,lamb:0.001",0.5,3,0.001,1,43253683_0,True,True,cifar10_repvgg_a1,2.3025782108306885,9.873217641143128e-05,-5.452893674373627e-07,0.0014278069138526,0.0010000000474974,2.302581988613876,0,0.0014278069138526,0.1017999999997964,0.5041999999989916,4.847483069170266e-06,2.302588701248169,9.879045683192088e-05,4.190951585769654e-07,0.0005679354071617,0.0010000000474974,2.302588938181268,0,0.0005679354071617,0.0997999999999778,0.4995333333332224,4.8681699809094425e-06
"repvgg_a1-reg:3,lamb:0.5",0.001,3,0.5,1,43253683_3,True,True,cifar10_repvgg_a1,0.233824998140335,0.2332059293985366,0.0467249304056167,0.0223287120461463,0.5,0.2339345036767491,0,0.2665484845638275,0.9225999999981548,0.9973999999980052,0.6435604095458984,0.0807345435023307,0.0797750875353813,0.0079127810895442,0.0210400335490703,0.5,0.0807379929472283,0,0.3018705546855926,0.9760222222220054,0.999822222222,0.086009606719017
"resnet44-reg:5,lamb:0.1",0.005,5,0.1,1,43253683_14,True,True,cifar10_resnet44,0.3412506282329559,0.2575196325778961,0.0029198862612247,0.0096568493172526,0.1000000014901161,0.3412143109522871,0,0.189863309264183,0.8803999999982393,0.996999999998006,0.6395139694213867,0.2665849328041076,0.1906024366617202,0.0016855783760547,0.0334385149180889,0.1000000014901161,0.2665369234489048,0,0.0987486839294433,0.9140222222220192,0.997977777777556,0.3630016148090362
"resnet44-reg:5,lamb:0.01",0.05,5,0.01,1,43253683_13,True,True,cifar10_resnet44,2.3026347160339355,0.0005198297440074,8.326023817062378e-07,7.506459951400757e-05,0.0099999997764825,2.302634524147755,0,7.506459951400757e-05,0.1005999999997988,0.490999999999018,1.3610836504085457e-05,2.3025872707366943,0.0005184200708754,3.576278686523438e-07,0.0006387904286384,0.0099999997764825,2.3025873396930674,0,0.0006387904286384,0.0999333333333111,0.5009999999998886,1.3566682355303785e-05
"resnet44-reg:5,lamb:0.5",0.001,5,0.5,1,43253683_15,True,True,cifar10_resnet44,0.2376524806022644,0.2374697774648666,0.0611823499202728,0.0312933027744293,0.5,0.2365449069747756,0,0.1846902966499329,0.9363999999981272,0.997999999998004,1.0016798973083496,0.0167464800179004,0.0163750275969505,0.0008964333683252,0.0095923198387026,0.5,0.0167535440801563,0,0.3597560524940491,0.996955555555334,0.9999777777775556,0.0088051222264766
"repvgg_a1-reg:3,lamb:1.0",0.0005,3,1.0,1,43253683_4,True,True,cifar10_repvgg_a1,0.2416362017393112,0.2416300326585769,0.1656159609556198,0.0360948629677295,1.0,0.2441820791632921,0,0.270876944065094,0.933999999998132,0.9985999999980028,1.0980136394500732,0.0123664755374193,0.0123465899378061,0.0024806875735521,0.0066491779871284,1.0,0.0123849105670234,0,0.6293259859085083,0.9977333333331116,0.9999999999997778,0.0080577228218317
"repvgg_a1-reg:3,lamb:0.1",0.005,3,0.1,1,43253683_2,True,True,cifar10_repvgg_a1,2.30268669128418,0.0034589485730975,1.6391277313232425e-07,0.0005673170089721,0.1000000014901161,2.3027069557120496,0,0.0005673170089721,0.1017999999997964,0.496999999999006,5.8621499192668125e-05,2.3026058673858643,0.0034254489000886,6.854534149169922e-07,0.0014497116208076,0.1000000014901161,2.3026067355863367,0,0.0014497116208076,0.0997999999999778,0.5003333333332222,5.748605326516554e-05
"repvgg_a1-reg:4,lamb:0.001",0.5,4,0.001,1,43253683_6,True,True,cifar10_repvgg_a1,2.302603483200073,2.5533505322528072e-05,-5.199108272790909e-07,0.0048903152346611,0.0010000000474974,2.3026031721046185,0,0.0048903152346611,0.0951999999998096,0.4867999999990264,3.299466584394395e-07,2.3025832176208496,2.5671881303424016e-05,4.1374005377292633e-07,0.0004365071654319,0.0010000000474974,2.3025833434725653,0,0.0004365071654319,0.100533333333311,0.5014666666665553,3.264241286160541e-07
"resnet44-reg:5,lamb:0.001",0.5,5,0.001,1,43253683_12,True,True,cifar10_resnet44,2.3025946617126465,4.248546611052007e-05,4.253815859556198e-07,0.0006472691893577,0.0010000000474974,2.302596067230965,0,0.0006472691893577,0.1007999999997984,0.4911999999990176,9.083159966394304e-07,2.302584409713745,4.2507417674642056e-05,4.149042069911957e-07,0.0001997500658035,0.0010000000474974,2.30258446783291,0,0.0001997500658035,0.0999111111110889,0.5009777777776665,9.030639489537862e-07
"repvgg_a1-reg:3,lamb:2.0",0.00025,3,2.0,1,43253683_5,True,True,cifar10_repvgg_a1,0.2524197399616241,0.2524303495883941,0.4185004830360412,0.0385580100119113,2.0,0.2529228306042152,0,0.3628952801227569,0.936999999998126,0.9977999999980044,1.3307723999023438,0.0043115830048918,0.0043183648958802,0.0021391343325376,0.0025996253825724,2.0,0.0043100450041276,0,0.1679704189300537,0.9992888888886668,0.9999999999997778,0.0019731586799025
"resnet56-reg:4,lamb:1.0",0.0005,4,1.0,1,43253683_10,True,True,cifar10_resnet56,0.2928512394428253,0.2928452789783478,0.2222230732440948,0.0435454659163951,1.0,0.2906271355636145,0,0.3338749408721924,0.9361999999981276,0.9967999999980064,1.6778647899627686,0.0022090002894401,0.0021839847322553,0.0002053305506706,0.0016839082818478,1.0,0.0022083882698248,0,0.2402485609054565,0.9998444444442224,0.9999999999997778,0.000641023973003
"repvgg_a1-reg:4,lamb:0.01",0.05,4,0.01,1,43253683_7,True,True,cifar10_repvgg_a1,2.302659749984741,0.0003200931532774,1.2852251529693606e-07,0.0051399394869804,0.0099999997764825,2.302659713070625,0,0.0051399394869804,0.0951999999998096,0.4867999999990264,5.205062734603416e-06,2.302579402923584,0.0003182743384968,2.831220626831055e-07,0.0002144202589988,0.0099999997764825,2.302579664240402,0,0.0002144202589988,0.100533333333311,0.5014666666665553,5.154730843059952e-06
"resnet56-reg:4,lamb:2.0",0.00025,4,2.0,1,43253683_11,True,True,cifar10_resnet56,0.3328943848609924,0.3329072296619415,0.5812865495681763,0.0479422397911548,2.0,0.3302793672519574,0,0.3615662455558777,0.9325999999981348,0.9973999999980052,2.367527961730957,0.0016716684913262,0.0016807672800496,0.0006577901076525,0.0011672978289425,2.0,0.0016703774148855,0,0.3658859133720398,0.999822222222,0.9999999999997778,0.0005633729742839
"repvgg_a1-reg:4,lamb:0.1",0.005,4,0.1,1,43253683_8,True,True,cifar10_repvgg_a1,0.2596516907215118,0.2472017109394073,0.0041594058275222,0.0315636023879051,0.1000000014901161,0.2622829428493864,0,0.2656181156635284,0.9303999999981392,0.996999999998006,0.966346263885498,0.031691163778305,0.0230704937130212,0.0001192658673971,0.0155555279925465,0.1000000014901161,0.0317011066980173,0,0.2953314185142517,0.9939555555553348,0.9999555555553334,0.0257271192967891
"repvgg_a1-reg:4,lamb:0.5",0.001,4,0.5,1,43253683_9,True,True,cifar10_repvgg_a1,0.2260520905256271,0.2259301096200943,0.0676053985953331,0.031711421906948,0.5,0.2272644373383264,0,0.2254136800765991,0.9493999999981012,0.9977999999980044,1.2238881587982178,0.0025034341961145,0.0021829877514392,4.055071622133255e-05,0.0020812419243156,0.5,0.0025025119405638,0,0.7113728523254395,0.9999333333331112,0.9999999999997778,0.000379588746
"resnet56-reg:5,lamb:0.1",0.005,5,0.1,1,43253683_14,True,True,cifar10_resnet56,0.3640173375606537,0.2695130705833435,0.0030879825353622,0.0129886623471975,0.1000000014901161,0.3625904692386609,0,0.097658634185791,0.8713999999982572,0.9961999999980076,0.6748236417770386,0.2854164838790893,0.2012276649475097,0.0018301848322153,0.0324740372598171,0.1000000014901161,0.2854385645051271,0,0.0788711905479431,0.9066888888886876,0.9974444444442228,0.3944231569766998
"resnet56-reg:5,lamb:0.5",0.001,5,0.5,1,43253683_15,True,True,cifar10_resnet56,0.2635550796985626,0.2634470760822296,0.0707099586725235,0.039746019989252,0.5,0.2616165811750531,0,0.2724349498748779,0.9301999999981396,0.9973999999980052,1.1609880924224854,0.0150797022506594,0.0148258116096258,0.0010014600120484,0.0076627153903245,0.5,0.0150741634760165,0,0.2246688604354858,0.9971111111108896,0.9999777777775556,0.0105891693383455
"resnet56-reg:5,lamb:0.01",0.05,5,0.01,1,43253683_13,True,True,cifar10_resnet56,2.302683115005493,0.000500300200656,3.650784492492676e-07,0.0053573325276374,0.0099999997764825,2.302681433003169,0,0.0053573325276374,0.0951999999998096,0.4907999999990184,1.3021318409300877e-05,2.302581310272217,0.0004954268224537,3.0174851417541504e-07,4.936009645462036e-05,0.0099999997764825,2.302581322333247,0,4.936009645462036e-05,0.100533333333311,0.5010222222221109,1.2766687177645508e-05
"repvgg_a2-reg:3,lamb:0.01",0.05,3,0.01,1,43253683_1,True,True,cifar10_repvgg_a2,2.302626609802246,0.0010009995894506,7.506459951400757e-07,0.0042282491922378,0.0099999997764825,2.3026236403396245,0,0.0042282491922378,0.096999999999806,0.4955999999990088,5.063460776000284e-05,2.302609205245972,0.001013426692225,5.811452865600586e-07,0.0009158849716186,0.0099999997764825,2.302609694144159,0,0.0009158849716186,0.100333333333311,0.5004888888887777,5.190032970858738e-05
"repvgg_a2-reg:3,lamb:0.001",0.5,3,0.001,1,43253683_0,True,True,cifar10_repvgg_a2,2.3026201725006104,9.494161349721252e-05,4.50294464826584e-07,0.0002866014838218,0.0010000000474974,2.302619003098263,0,0.0002866014838218,0.0999999999998,0.4901999999990196,4.547233857010724e-06,2.3025834560394287,9.444895840715616e-05,4.142057150602341e-07,0.0003059580922126,0.0010000000474974,2.3025837403853138,0,0.0003059580922126,0.0999999999999778,0.5010888888887776,4.4611856537812855e-06
"repvgg_a2-reg:3,lamb:0.5",0.001,3,0.5,1,43253683_3,True,True,cifar10_repvgg_a2,0.2326115220785141,0.232169508934021,0.0496067330241203,0.0212460123002529,0.5,0.2359226613057218,0,0.2871127724647522,0.9283999999981432,0.996999999998006,0.72031569480896,0.0677986890077591,0.0670377016067504,0.0065527334809303,0.018273601308465,0.5,0.0678169163413421,0,0.1661156415939331,0.97997777777756,0.9998666666664444,0.0706554502248764
"resnet56-reg:5,lamb:0.001",0.5,5,0.001,1,43253683_12,True,True,cifar10_resnet56,2.302600622177124,3.806488530244678e-05,4.307366907596588e-07,0.0006486251950263,0.0010000000474974,2.302600299160742,0,0.0006486251950263,0.1007999999997984,0.4907999999990184,7.223317197713186e-07,2.302583694458008,3.726189243025146e-05,4.139728844165802e-07,0.0001996010541915,0.0010000000474974,2.30258376205973,0,0.0001996010541915,0.0999111111110889,0.5010222222221109,7.033992233118624e-07
"resnet20-reg:5,lamb:1.0",0.0005,5,1.0,1,43253683_16,True,True,cifar10_resnet20,0.2909487187862396,0.2909459471702575,0.194361537694931,0.0399237424135208,1.0,0.2891447319134759,0,0.7081239819526672,0.9193999999981612,0.9971999999980056,1.262079119682312,0.0237950515002012,0.0237836744636297,0.0042037200182676,0.0146934436634182,1.0,0.0237909176701454,0,0.3172242939472198,0.9964222222220008,0.9999777777775556,0.0119588337838649
"repvgg_a2-reg:3,lamb:1.0",0.0005,3,1.0,1,43253683_4,True,True,cifar10_repvgg_a2,0.2166839241981506,0.2166774570941925,0.1481185555458068,0.0296711809933185,1.0,0.2189660212792861,0,0.1779187321662902,0.9427999999981144,0.9985999999980028,0.99915212392807,0.0092077301815152,0.0091830007731914,0.0016756104305386,0.0055142529308795,1.0,0.0092016143483617,0,0.6356426477432251,0.9986444444442226,0.9999999999997778,0.0052310647442936
"vgg11_bn-reg:4,lamb:1.0",0.0005,4,1.0,1,43253683_10,True,True,cifar10_vgg11_bn,0.3352053761482239,0.3352027833461761,0.2537339329719543,0.0529545396566391,1.0,0.3318761503527176,0,0.3023516237735748,0.9253999999981491,0.996999999998006,1.8382747173309328,0.0020286121871322,0.0020229506772011,0.0003329792525619,0.0011462324764579,1.0,0.0020290209754508,0,0.7091511487960815,0.999622222222,0.9999999999997778,0.0010022508213296
"repvgg_a2-reg:3,lamb:0.1",0.005,3,0.1,1,43253683_2,True,True,cifar10_repvgg_a2,2.302631139755249,0.0040158135816454,3.427267074584961e-07,0.0047437101602554,0.1000000014901161,2.302627693455467,0,0.0047437101602554,0.096999999999806,0.4955999999990088,8.069892646744847e-05,2.302626132965088,0.0040720659308135,7.897615432739258e-07,0.0014063715934753,0.1000000014901161,2.30262673565396,0,0.0014063715934753,0.100333333333311,0.5004888888887777,8.310725388582796e-05
"vgg11_bn-reg:4,lamb:2.0",0.00025,4,2.0,1,43253683_11,True,True,cifar10_vgg11_bn,0.4055596590042114,0.4055721163749695,0.712622880935669,0.0626139938831329,2.0,0.4008172875128806,0,0.6294134855270386,0.9197999999981604,0.99499999999801,2.463297128677368,0.0012957979924976,0.0013067439431324,0.0008873799815773,0.0006027168128639,2.0,0.0012989935781253,0,0.2584506869316101,0.999822222222,0.9999999999997778,0.0015954608097672
"repvgg_a2-reg:4,lamb:0.001",0.5,4,0.001,1,43253683_6,True,True,cifar10_repvgg_a2,2.302603244781494,2.57423580478644e-05,4.337634891271591e-07,0.0048898756504058,0.0010000000474974,2.302602862160466,0,0.0048898756504058,0.0951999999998096,0.4867999999990264,3.3062278248507937e-07,2.3025832176208496,2.5862083930405788e-05,4.135072231292725e-07,0.0004365518689155,0.0010000000474974,2.302583235100484,0,0.0004365518689155,0.100533333333311,0.5014666666665553,3.28624537360156e-07
"repvgg_a2-reg:3,lamb:2.0",0.00025,3,2.0,1,43253683_5,True,True,cifar10_repvgg_a2,0.2488484978675842,0.248859241604805,0.4131394624710083,0.0353537276387214,2.0,0.2514374418789619,0,0.222419410943985,0.9397999999981204,0.9981999999980036,1.3664381504058838,0.0030635939911007,0.0030706841498613,0.0012310240417718,0.0021600176114588,2.0,0.0030638103600469,0,0.3840799033641815,0.9996666666664444,0.9999999999997778,0.0011246320791542
"repvgg_a2-reg:4,lamb:0.01",0.05,4,0.01,1,43253683_7,True,True,cifar10_repvgg_a2,2.302662849426269,0.0003322992706671,1.6205012798309326e-07,0.0051433742046356,0.0099999997764825,2.302660523693793,0,0.0051433742046356,0.0951999999998096,0.4867999999990264,5.607834282272961e-06,2.302579641342163,0.0003302728582639,2.831220626831055e-07,0.0001686885952949,0.0099999997764825,2.302579880984565,0,0.0001686885952949,0.100533333333311,0.5014666666665553,5.555384177569067e-06
"resnet32-reg:5,lamb:1.0",0.0005,5,1.0,1,43253683_16,True,True,cifar10_resnet32,0.2542877793312073,0.254281222820282,0.1754637360572815,0.0335352830588817,1.0,0.2539168356579537,0,0.2794550955295563,0.93499999999813,0.996999999998006,1.169503092765808,0.0099526569247245,0.0099319564178586,0.0014315769076347,0.0066260611638426,1.0,0.0099460434173509,0,0.1978375911712646,0.998599999999778,0.9999999999997778,0.0039153802208602
"repvgg_a2-reg:4,lamb:0.1",0.005,4,0.1,1,43253683_8,True,True,cifar10_repvgg_a2,0.2423776537179947,0.2316257357597351,0.0038195997476577,0.0304617322981357,0.1000000014901161,0.2469173176842157,0,0.2654775977134704,0.9345999999981308,0.997999999998004,0.882988452911377,0.0229899901896715,0.0150185991078615,7.31232576072216e-05,0.0138290701434016,0.1000000014901161,0.0229901242617747,0,0.2520371079444885,0.9966222222220008,0.9999555555553334,0.0157793629914522
"vgg11_bn-reg:5,lamb:0.1",0.005,5,0.1,1,43253683_14,True,True,cifar10_vgg11_bn,0.4451892375946045,0.303431361913681,0.0036072507500648,0.01114057097584,0.1000000014901161,0.4423817215138097,0,0.0523973405361175,0.8521999999982957,0.990999999998018,0.7883524298667908,0.4084171652793884,0.2671950757503509,0.002875942736864,0.0331915095448493,0.1000000014901161,0.4084214986154566,0,0.0873978435993194,0.8701999999998067,0.9929777777775572,0.6233189702033997
"vgg11_bn-reg:5,lamb:0.5",0.001,5,0.5,1,43253683_15,True,True,cifar10_vgg11_bn,0.3130001127719879,0.3129224479198456,0.0861284285783767,0.0508047118782997,0.5,0.3113565488092989,0,0.2791133821010589,0.9205999999981588,0.9963999999980072,1.4003136157989502,0.0128953289240598,0.0127572510391473,0.0011595403775572,0.00473527982831,0.5,0.0128867925489301,0,0.7132442593574524,0.9967999999997784,0.9999999999997778,0.0137449074536561
"vgg11_bn-reg:5,lamb:0.01",0.05,5,0.01,1,43253683_13,True,True,cifar10_vgg11_bn,2.302698373794556,0.0005778934573754,5.159527063369751e-07,0.0035628154873847,0.0099999997764825,2.3026978242804748,0,0.0035628154873847,0.096999999999806,0.490999999999018,1.677550608292222e-05,2.302581787109375,0.0005764052039012,3.03611159324646e-07,0.0002499669790267,0.0099999997764825,2.3025816569320487,0,0.0002499669790267,0.100333333333311,0.5009999999998886,1.6688427422195673e-05
"vgg13_bn-reg:4,lamb:1.0",0.0005,4,1.0,1,43253683_10,True,True,cifar10_vgg13_bn,0.2453511655330658,0.2453444451093673,0.1867164075374603,0.0376758314669132,1.0,0.2443583185494049,0,0.3668544292449951,0.9465999999981068,0.9981999999980036,1.379211664199829,0.0014379501808434,0.0014267022488638,0.0001771927345544,0.0009545397479087,1.0,0.0014370786009098,0,0.5984734296798706,0.999799999999778,0.9999999999997778,0.0005130809731781
"repvgg_a2-reg:4,lamb:0.5",0.001,4,0.5,1,43253683_9,True,True,cifar10_repvgg_a2,0.2141979932785034,0.2140074074268341,0.0615143179893493,0.0324694402515888,0.5,0.2182339488368821,0,0.2580041289329529,0.9485999999981028,0.9987999999980024,1.0658414363861084,0.0022832811810076,0.0018723733955994,2.6795314624905583e-05,0.0019217447843402,0.5,0.0022827752564255,0,0.4446895122528076,0.9999333333331112,0.9999999999997778,0.0002399515651632
"vgg13_bn-reg:4,lamb:2.0",0.00025,4,2.0,1,43253683_11,True,True,cifar10_vgg13_bn,0.3313857913017273,0.3313984870910644,0.5862678289413452,0.0502063184976577,2.0,0.3310680350496053,0,0.3625588417053222,0.936999999998126,0.9981999999980036,2.1791832447052,0.0010201237164437,0.0010305857285857,0.0006230873987078,0.0004948722198605,2.0,0.0010193035274492,0,0.4991570711135864,0.9997777777775556,0.9999999999997778,0.0008918199455365
"vgg11_bn-reg:5,lamb:0.001",0.5,5,0.001,1,43253683_12,True,True,cifar10_vgg11_bn,2.302604913711548,4.939927384839393e-05,4.3516047298908244e-07,0.0031649246811866,0.0010000000474974,2.302604042332432,0,0.0031649246811866,0.096999999999806,0.4907999999990184,1.2259745290066348e-06,2.302583694458008,4.972620445187203e-05,4.139728844165802e-07,0.0001933947205543,0.0010000000474974,2.302583617112071,0,0.0001933947205543,0.100333333333311,0.5010222222221109,1.2434020391083322e-06
"vgg13_bn-reg:5,lamb:0.1",0.005,5,0.1,1,43253683_14,True,True,cifar10_vgg13_bn,0.3655737638473511,0.2765292227268219,0.0032522082328796,0.0141039509326219,0.1000000014901161,0.3648577449881644,0,0.494317889213562,0.8745999999982508,0.99499999999801,0.7121207118034363,0.2965055108070373,0.2170040756464004,0.0022419542074203,0.0279459692537784,0.1000000014901161,0.2965316729112952,0,0.1802953481674194,0.908377777777576,0.9955999999997788,0.4917502403259277
"vgg13_bn-reg:5,lamb:0.01",0.05,5,0.01,1,43253683_13,True,True,cifar10_vgg13_bn,2.3027381896972656,0.0008103194995783,-3.91155481338501e-08,0.0038068443536758,0.0099999997764825,2.3027367103507066,0,0.0038068443536758,0.096999999999806,0.490999999999018,3.398330227355473e-05,2.302586793899536,0.000801985443104,3.539025783538819e-07,0.0004703700542449,0.0099999997764825,2.302586934652413,0,0.0004703700542449,0.100333333333311,0.5009999999998886,3.329705214127898e-05
"vgg13_bn-reg:5,lamb:0.5",0.001,5,0.5,1,43253683_15,True,True,cifar10_vgg13_bn,0.2413834929466247,0.2413093447685241,0.0679573714733123,0.0369763448834419,0.5,0.24109585645661,0,0.2426426410675048,0.9415999999981168,0.997999999998004,1.131939172744751,0.0083598690107464,0.0082243122160434,0.0007343092001974,0.0030911511275917,0.5,0.0083589549251019,0,0.2873362898826599,0.997955555555334,0.9999999999997778,0.0083249825984239
"resnet44-reg:5,lamb:1.0",0.0005,5,1.0,1,43253683_16,True,True,cifar10_resnet44,0.2505941092967987,0.2505897581577301,0.177801102399826,0.0324986800551414,1.0,0.2492631203179973,0,0.3901464939117432,0.9393999999981212,0.9975999999980047,1.2364635467529297,0.0070083839818835,0.0069928262382745,0.0009716255590319,0.0048042964190244,1.0,0.0070087657020339,0,0.3872867524623871,0.9991333333331114,0.9999999999997778,0.0027084515895694
"vgg16_bn-reg:4,lamb:1.0",0.0005,4,1.0,1,43253683_10,True,True,cifar10_vgg16_bn,0.3033429682254791,0.3033129870891571,0.240340381860733,0.046288214623928,1.0,0.3086205600149097,0,0.326606810092926,0.9405999999981188,0.9963999999980072,1.8789273500442505,0.0014211705420166,0.0013816861901432,0.0002138188574463,0.0008209816296584,1.0,0.0014203469624031,0,0.4539697170257568,0.9998444444442224,0.9999999999997778,0.0007168831652961
"vgg16_bn-reg:4,lamb:2.0",0.00025,4,2.0,1,43253683_11,True,True,cifar10_vgg16_bn,0.3545118570327759,0.3545209169387817,0.631664514541626,0.0516458749771118,2.0,0.3574650956393101,0,0.3673239052295685,0.9353999999981292,0.9973999999980052,2.3810741901397705,0.0007001359481364,0.0007052316796034,0.0003121295012533,0.0003677706117741,2.0,0.0006998051827328,0,0.4324050545692444,0.999822222222,0.9999999999997778,0.0002866596914827
"mobilenetv2_x0_5-reg:3,lamb:0.01",0.05,3,0.01,1,43253683_1,True,True,cifar10_mobilenetv2_x0_5,2.302647590637207,0.0006682516541332,7.450580596923828e-09,0.0033671930432319,0.0099999997764825,2.3026523816993207,0,0.0033671930432319,0.0973999999998052,0.49499999999901,2.270085860800464e-05,2.302590847015381,0.0006695083575323,3.948807716369629e-07,0.0004759728908538,0.0099999997764825,2.3025906450415503,0,0.0004759728908538,0.1002888888888666,0.5005555555554444,2.279200271004811e-05
"vgg16_bn-reg:5,lamb:0.1",0.005,5,0.1,1,43253683_14,True,True,cifar10_vgg16_bn,0.3978676795959472,0.2930973768234253,0.0035995952785015,0.0201219655573368,0.1000000014901161,0.4003246081854005,0,0.8070212006568909,0.8621999999982756,0.993999999998012,0.7929095029830933,0.3364589810371399,0.2389975637197494,0.0025561153888702,0.026325337588787,0.1000000014901161,0.3363892330850943,0,0.0748829841613769,0.8943111111109124,0.9946444444442236,0.5592491626739502
"vgg16_bn-reg:5,lamb:0.01",0.05,5,0.01,1,43253683_13,True,True,cifar10_vgg16_bn,2.302678346633911,0.0004636991361621,3.147870302200318e-07,0.0052637606859207,0.0099999997764825,2.302684186737757,0,0.0052637606859207,0.0951999999998096,0.4885999999990228,1.0707117326091977e-05,2.3025803565979004,0.0004645208828151,2.9243528842926025e-07,0.0001134499907493,0.0099999997764825,2.302580547472865,0,0.0001134499907493,0.100533333333311,0.5012666666665553,1.076908392860787e-05
"vgg13_bn-reg:5,lamb:0.001",0.5,5,0.001,1,43253683_12,True,True,cifar10_vgg13_bn,2.3026063442230225,5.7912839110940695e-05,4.367902874946594e-07,0.0031586587429046,0.0010000000474974,2.3026070344855984,0,0.0031586587429046,0.096999999999806,0.4995999999990008,1.7043785192072392e-06,2.3025834560394287,5.7014629419427365e-05,4.139728844165802e-07,0.000221811234951,0.0010000000474974,2.302583500612084,0,0.000221811234951,0.100333333333311,0.5000444444443334,1.6568708360864548e-06
"vgg16_bn-reg:5,lamb:0.5",0.001,5,0.5,1,43253683_15,True,True,cifar10_vgg16_bn,0.2740025818347931,0.273920476436615,0.0804493576288223,0.0445090867578983,0.5,0.2765211837846262,0,0.2492941617965698,0.936999999998126,0.9967999999980064,1.369703769683838,0.0075649409554898,0.0073949587531387,0.0006477429997175,0.0031918375752866,0.5,0.0075690091625635,0,0.2960711419582367,0.998488888888667,0.9999999999997778,0.0076805744320154
"mobilenetv2_x0_5-reg:3,lamb:0.001",0.5,3,0.001,1,43253683_0,True,True,cifar10_mobilenetv2_x0_5,2.3025929927825928,5.2327315643196926e-05,4.23286110162735e-07,0.0031890869140625,0.0010000000474974,2.302591668408182,0,0.0031890869140625,0.096999999999806,0.4947999999990104,1.3713787438973668e-06,2.302584648132324,5.2478124416666105e-05,4.153698682785034e-07,0.0001906380057334,0.0010000000474974,2.3025849446700684,0,0.0001906380057334,0.100333333333311,0.5005777777776665,1.362730813525559e-06
"mobilenetv2_x0_5-reg:3,lamb:0.5",0.001,3,0.5,1,43253683_3,True,True,cifar10_mobilenetv2_x0_5,0.6812954545021057,0.5611892342567444,0.0708570778369903,0.0450112223625183,0.5,0.6813244130781076,0,0.0691998600959777,0.7573999999984852,0.988999999998022,0.7400526404380798,0.7001562714576721,0.5589542984962463,0.0672726929187774,0.0644034147262573,0.5,0.700138338886383,0,0.100371241569519,0.7555333333331655,0.9882444444442248,0.6835015416145325
"vgg19_bn-reg:4,lamb:1.0",0.0005,4,1.0,1,43253683_10,True,True,cifar10_vgg19_bn,0.3205859661102295,0.3205553293228149,0.2536695003509521,0.0500952899456024,1.0,0.3187432376936786,0,0.4918475747108459,0.9367999999981264,0.9965999999980067,1.940584659576416,0.0013145429547876,0.0012810007901862,0.0002187711652368,0.0007120739319361,1.0,0.0013138353460071,0,0.2502737045288086,0.999799999999778,0.9999999999997778,0.0008382410742342
"vgg19_bn-reg:4,lamb:2.0",0.00025,4,2.0,1,43253683_11,True,True,cifar10_vgg19_bn,0.3715635240077973,0.3715692162513733,0.6675178408622742,0.0529591813683509,2.0,0.3678117742785555,0,0.3829058706760406,0.9353999999981292,0.995999999998008,2.6315698623657227,0.0008266906370408,0.0008313340949825,0.0005661925533786,0.0003478015423752,2.0,0.0008261842262099,0,0.3557708263397217,0.999799999999778,0.9999999999997778,0.000778192654252
"mobilenetv2_x0_5-reg:3,lamb:1.0",0.0005,3,1.0,1,43253683_4,True,True,cifar10_mobilenetv2_x0_5,0.3394899070262909,0.337733656167984,0.1487350165843963,0.0121362619102001,1.0,0.3401318861333589,0,0.0788145363330841,0.8807999999982384,0.995999999998008,0.6117523312568665,0.2661380469799042,0.2631784081459045,0.0940389335155487,0.0357069596648216,1.0,0.2661680405469592,0,0.0892821550369262,0.909711111110909,0.9986444444442226,0.3261261880397796
"resnet20-reg:5,lamb:2.0",0.00025,5,2.0,1,43253683_17,True,True,cifar10_resnet20,0.3163335621356964,0.316344290971756,0.5138173699378967,0.0455463826656341,2.0,0.3145950084841838,0,0.2461174130439758,0.9171999999981656,0.9971999999980056,1.5682928562164309,0.0142222978174686,0.0142303630709648,0.0071824267506599,0.0088674398139119,2.0,0.01421335168282,0,0.3117398619651794,0.9976444444442228,0.9999999999997778,0.0059910514391958
"mobilenetv2_x0_5-reg:3,lamb:0.1",0.005,3,0.1,1,43253683_2,True,True,cifar10_mobilenetv2_x0_5,2.302685499191284,0.0031590471044182,8.940696716308596e-08,0.0037109851837158,0.1000000014901161,2.3026908147742526,0,0.0037109851837158,0.0973999999998052,0.4921999999990156,5.527665052795783e-05,2.3026046752929688,0.00315687735565,5.811452865600586e-07,0.0007963329553604,0.1000000014901161,2.3026043595284515,0,0.0007963329553604,0.1002888888888666,0.5008666666665554,5.526732275029645e-05
"mobilenetv2_x0_5-reg:4,lamb:0.001",0.5,4,0.001,1,43253683_6,True,True,cifar10_mobilenetv2_x0_5,2.302603483200073,2.570513424871024e-05,-5.199108272790909e-07,0.0048913359642028,0.0010000000474974,2.302603637020848,0,0.0048913359642028,0.0951999999998096,0.4867999999990264,3.308772988930287e-07,2.3025832176208496,2.575828148110304e-05,4.135072231292725e-07,0.0004363879561424,0.0010000000474974,2.302583077960966,0,0.0004363879561424,0.100533333333311,0.5014666666665553,3.291755774625927e-07
"resnet56-reg:5,lamb:1.0",0.0005,5,1.0,1,43253683_16,True,True,cifar10_resnet56,0.2735182642936706,0.2735167145729065,0.1987902522087097,0.0405584424734115,1.0,0.2724850440898078,0,0.2085338830947876,0.9341999999981316,0.9973999999980052,1.4782993793487549,0.0058531877584755,0.0058447788469493,0.0008311388082802,0.003763330169022,1.0,0.005850990547265,0,0.3312434554100036,0.999088888888667,0.9999999999997778,0.0022064135409891
"vgg19_bn-reg:5,lamb:0.1",0.005,5,0.1,1,43253683_14,True,True,cifar10_vgg19_bn,0.5227769613265991,0.3376344740390777,0.0042611472308635,0.0116714993491768,0.1000000014901161,0.5231312987572941,0,0.1915702223777771,0.8301999999983396,0.9855999999980288,0.931035816669464,0.4995668232440949,0.3047284781932831,0.0035194233059883,0.0393747463822364,0.1000000014901161,0.4995545055433392,0,0.0813470780849456,0.8415333333331464,0.987222222222003,0.764625608921051
"vgg19_bn-reg:5,lamb:0.01",0.05,5,0.01,1,43253683_13,True,True,cifar10_vgg19_bn,2.302612543106079,0.0003215736651327,6.128102540969849e-07,0.0029966011643409,0.0099999997764825,2.302605937760135,0,0.0029966011643409,0.0973999999998052,0.4995999999990008,5.21317997481674e-06,2.302584886550904,0.0003224362153559,3.352761268615723e-07,8.875876665115356e-05,0.0099999997764825,2.3025848891293768,0,8.875876665115356e-05,0.1002888888888666,0.5000444444443334,5.240873178991024e-06
"vgg19_bn-reg:5,lamb:0.5",0.001,5,0.5,1,43253683_15,True,True,cifar10_vgg19_bn,0.3019416928291321,0.3018520772457123,0.0905126631259918,0.0468316152691841,0.5,0.3013275569660831,0,0.2461931109428405,0.9337999999981323,0.9957999999980084,1.576999306678772,0.0082859210669994,0.0080875260755419,0.0007936563342809,0.0029308963567018,0.5,0.0082808271719104,0,0.3747625946998596,0.998066666666445,0.9999999999997778,0.0094971340149641
"mobilenetv2_x0_5-reg:3,lamb:2.0",0.00025,3,2.0,1,43253683_5,True,True,cifar10_mobilenetv2_x0_5,0.3001468181610107,0.3001424074172973,0.4312300682067871,0.0333571769297122,2.0,0.300009219943484,0,0.2792399823665619,0.9031999999981936,0.9975999999980047,0.9316245913505554,0.1003387495875358,0.1003227904438972,0.0927806943655014,0.021188884973526,2.0,0.1003593402138022,0,0.1063379049301147,0.9672666666664518,0.9998444444442224,0.11023810505867
"mobilenetv2_x0_5-reg:4,lamb:0.01",0.05,4,0.01,1,43253683_7,True,True,cifar10_mobilenetv2_x0_5,2.3026599884033203,0.0003212596639059,1.32247805595398e-07,0.0051354989409446,0.0099999997764825,2.3026609886100218,0,0.0051354989409446,0.0951999999998096,0.4867999999990264,5.235566277406178e-06,2.302579641342163,0.0003200345672667,2.831220626831055e-07,0.0002149119973182,0.0099999997764825,2.302579358089272,0,0.0002149119973182,0.100533333333311,0.5014666666665553,5.19031618750887e-06
"vgg16_bn-reg:5,lamb:0.001",0.5,5,0.001,1,43253683_12,True,True,cifar10_vgg16_bn,2.302629947662353,7.837922021280974e-05,4.600733518600464e-07,0.0031112879514694,0.0010000000474974,2.3026337135245862,0,0.0031112879514694,0.0971999999998056,0.4911999999990176,3.062063342440524e-06,2.302581787109375,7.847801316529512e-05,4.123430699110031e-07,4.559755325317383e-06,0.0010000000474974,2.302581945472715,0,4.559755325317383e-06,0.1003111111110888,0.5009777777776665,3.0872774914314505e-06
"repvgg_a0-reg:4,lamb:1.0",0.0005,4,1.0,1,43253683_10,True,True,cifar10_repvgg_a0,0.2625519931316376,0.2625394463539123,0.1954104602336883,0.0381015539169311,1.0,0.2650647571847722,0,0.374349445104599,0.9403999999981192,0.9977999999980044,1.506291151046753,0.0014771982096135,0.0014300685143098,0.0001029535196721,0.0011480499524623,1.0,0.0014785092167076,0,0.5563708543777466,0.9999333333331112,0.9999999999997778,0.0003491707029752
"repvgg_a0-reg:4,lamb:2.0",0.00025,4,2.0,1,43253683_11,True,True,cifar10_repvgg_a0,0.2859325110912323,0.2859424352645874,0.4853419661521912,0.0394983477890491,2.0,0.2885473518120938,0,0.2292022109031677,0.9371999999981256,0.996999999998006,1.66064453125,0.0011467774165794,0.0011518814135342,0.0002717652823776,0.0009037919808179,2.0,0.0011465497721401,0,0.4608899354934693,0.9999555555553334,0.9999999999997778,0.0002998654090333
"mobilenetv2_x0_75-reg:3,lamb:0.01",0.05,3,0.01,1,43253683_1,True,True,cifar10_mobilenetv2_x0_75,2.302644968032837,0.000762726936955,-1.6763806343078613e-08,0.005453273653984,0.0099999997764825,2.302634893696552,0,0.005453273653984,0.0951999999998096,0.4977999999990044,2.9653054298250936e-05,2.3025951385498047,0.0007591252797283,4.377216100692749e-07,9.468942880630492e-05,0.0099999997764825,2.302594600622521,0,9.468942880630492e-05,0.100533333333311,0.5002444444443334,2.9425451430142857e-05
"mobilenetv2_x0_5-reg:4,lamb:0.1",0.005,4,0.1,1,43253683_8,True,True,cifar10_mobilenetv2_x0_5,0.5865249037742615,0.3358061611652374,0.0039354264736175,0.0221639052033424,0.1000000014901161,0.5855767247133151,0,0.1827657967805862,0.8061999999983877,0.9895999999980208,0.84260094165802,0.5829724669456482,0.3097964823246002,0.0032959915697574,0.0484254658222198,0.1000000014901161,0.5828580813659229,0,0.0821409821510315,0.8052666666664877,0.9901777777775578,0.7003144025802612
"resnet32-reg:5,lamb:2.0",0.00025,5,2.0,1,43253683_17,True,True,cifar10_resnet32,0.3404412865638733,0.3404534757137298,0.5813189744949341,0.0470429807901382,2.0,0.3387395559047726,0,0.7099735736846924,0.9267999999981464,0.9977999999980044,2.152041435241699,0.0087325386703014,0.0087417159229516,0.0052885636687278,0.0047674961388111,2.0,0.0087249185064803,0,0.2836831510066986,0.9984666666664448,0.9999999999997778,0.0054153939709067
"mobilenetv2_x0_5-reg:4,lamb:0.5",0.001,4,0.5,1,43253683_9,True,True,cifar10_mobilenetv2_x0_5,0.2653102278709411,0.2644806802272796,0.0535926520824432,0.027535917237401,0.5,0.2643094232846982,0,0.1251808404922485,0.9135999999981728,0.9965999999980067,0.7465019226074219,0.0912281274795532,0.0898765251040458,0.0085886120796203,0.0216892771422863,0.5,0.0912445139045714,0,0.1200286746025085,0.9705999999997844,0.9999333333331112,0.090828463435173
"mobilenetv2_x0_75-reg:3,lamb:0.001",0.5,3,0.001,1,43253683_0,True,True,cifar10_mobilenetv2_x0_75,2.302605152130127,0.0001048876947606,4.356261342763901e-07,0.0033132210373878,0.0010000000474974,2.302604793350956,0,0.0033132210373878,0.096999999999806,0.4975999999990048,5.510804385266965e-06,2.302586078643799,0.0001048294943757,4.163011908531189e-07,1.745671033859253e-05,0.0010000000474974,2.302585783199048,0,1.745671033859253e-05,0.100333333333311,0.5002666666665555,5.485023393703159e-06
"mobilenetv2_x0_75-reg:3,lamb:0.5",0.001,3,0.5,1,43253683_3,True,True,cifar10_mobilenetv2_x0_75,0.5448287725448608,0.4878862798213959,0.0649968981742858,0.0312583297491073,0.5,0.5431327787306233,0,0.0834476053714752,0.811999999998376,0.992999999998014,0.7084771990776062,0.5380258560180664,0.4660430252552033,0.056652545928955,0.0526821054518222,0.5,0.538036615472535,0,0.0834253430366516,0.8142666666664857,0.9933555555553348,0.5936124324798584
"mobilenetv2_x0_75-reg:3,lamb:1.0",0.0005,3,1.0,1,43253683_4,True,True,cifar10_mobilenetv2_x0_75,0.252807080745697,0.2524699568748474,0.125065267086029,0.0099165439605712,1.0,0.2509579314526803,0,0.1439453363418579,0.9127999999981744,0.9975999999980047,0.5724643468856812,0.1501448154449463,0.1495465338230133,0.0512983798980712,0.0261111073195934,1.0,0.1501560057851428,0,0.1288142800331115,0.9499555555553444,0.999599999999778,0.1771134883165359
"repvgg_a0-reg:5,lamb:0.1",0.005,5,0.1,1,43253683_14,True,True,cifar10_repvgg_a0,0.3319250047206878,0.2588975429534912,0.0031508058309555,0.0095725990831851,0.1000000014901161,0.3335870905042689,0,0.2583781778812408,0.8893999999982212,0.995999999998008,0.6991140842437744,0.244238942861557,0.1822949796915054,0.0016835294663906,0.0271910335868597,0.1000000014901161,0.2442135985971268,0,0.0735036730766296,0.9222444444442396,0.9976888888886672,0.3654724061489105
"repvgg_a0-reg:5,lamb:0.01",0.05,5,0.01,1,43253683_13,True,True,cifar10_repvgg_a0,2.302669048309326,0.0005647851503454,2.235174179077149e-07,0.000555507838726,0.0099999997764825,2.3026622879912773,0,0.000555507838726,0.0999999999998,0.4961999999990076,1.6113370293169282e-05,2.302584648132324,0.0005622066091746,3.352761268615723e-07,0.0005824863910675,0.0099999997764825,2.3025842212864247,0,0.0005824863910675,0.0999999999999778,0.5004222222221111,1.596862421138212e-05
"repvgg_a0-reg:5,lamb:0.5",0.001,5,0.5,1,43253683_15,True,True,cifar10_repvgg_a0,0.23381869494915,0.2337077856063842,0.0629599913954734,0.0350946746766567,0.5,0.2350051185803791,0,0.252734363079071,0.9377999999981244,0.9973999999980052,1.0531527996063232,0.0088264588266611,0.008604266680777,0.0004488052800297,0.0051030148752033,0.5,0.0088271618728399,0,0.1592465043067932,0.998488888888667,0.9999999999997778,0.0045223021879792
"vgg19_bn-reg:5,lamb:0.001",0.5,5,0.001,1,43253683_12,True,True,cifar10_vgg19_bn,2.302586555480957,5.182153472560458e-05,4.169996827840805e-07,0.0027890875935554,0.0010000000474974,2.302583466809066,0,0.0027890875935554,0.0973999999998052,0.5033999999989932,1.330159875578829e-06,2.3025856018066406,5.196063284529373e-05,4.160683602094651e-07,0.0001461952924728,0.0010000000474974,2.302585731722309,0,0.0001461952924728,0.1002888888888666,0.4996222222221112,1.3489982393366515e-06
"mobilenetv2_x0_75-reg:4,lamb:0.001",0.5,4,0.001,1,43253683_6,True,True,cifar10_mobilenetv2_x0_75,2.302603483200073,2.5782490411074832e-05,4.337634891271591e-07,0.0048958137631416,0.0010000000474974,2.302600263397955,0,0.0048958137631416,0.0951999999998096,0.4873999999990252,3.4011071647910285e-07,2.3025832176208496,2.5923467546817847e-05,4.135072231292725e-07,0.0004358887672424,0.0010000000474974,2.3025832378097864,0,0.0004358887672424,0.100533333333311,0.5013999999998886,3.366012037986366e-07
"mobilenetv2_x0_75-reg:3,lamb:0.1",0.005,3,0.1,1,43253683_2,True,True,cifar10_mobilenetv2_x0_75,2.302675485610962,0.0028117271140217,2.9802322387695312e-08,0.0055991038680076,0.1000000014901161,2.3026569474151084,0,0.0055991038680076,0.0951999999998096,0.4977999999990044,4.422750498633832e-05,2.3025991916656494,0.0027894473168998,9.83476638793945e-07,0.0002626255154609,0.1000000014901161,2.302598908412757,0,0.0002626255154609,0.100533333333311,0.5002444444443334,4.3523050408111885e-05
"mobilenetv2_x0_75-reg:4,lamb:0.01",0.05,4,0.01,1,43253683_7,True,True,cifar10_mobilenetv2_x0_75,2.302661180496216,0.0003250237496104,1.434236764907837e-07,0.0051433593034744,0.0099999997764825,2.3026489365508542,0,0.0051433593034744,0.0951999999998096,0.4867999999990264,5.366068762668874e-06,2.302579879760742,0.0003234863397665,2.849847078323364e-07,0.0001686885952949,0.0099999997764825,2.3025798430543363,0,0.0001686885952949,0.100533333333311,0.5014666666665553,5.316808710631449e-06
"mobilenetv2_x0_75-reg:3,lamb:2.0",0.00025,3,2.0,1,43253683_5,True,True,cifar10_mobilenetv2_x0_75,0.2599110305309295,0.2599119544029236,0.3989514708518982,0.0347109362483024,2.0,0.2593256859674822,0,0.2411995828151703,0.9237999999981524,0.9977999999980044,1.0146653652191162,0.0425873398780822,0.042582057416439,0.0351201295852661,0.0134425777941942,2.0,0.0425817132585786,0,0.2640178501605987,0.9879111111108916,0.9999999999997778,0.0399679020047187
"vgg11_bn-reg:5,lamb:1.0",0.0005,5,1.0,1,43253683_16,True,True,cifar10_vgg11_bn,0.3299779295921325,0.3299780488014221,0.2485827803611755,0.0515659153461456,1.0,0.3266177369511206,0,0.3712858259677887,0.9255999999981488,0.9973999999980052,1.7930034399032593,0.0044006151147186,0.0043976069428026,0.00101411761716,0.0019362687598913,1.0,0.0043977147021308,0,0.2326519191265106,0.9990444444442224,0.9999999999997778,0.003597282571718
"resnet44-reg:5,lamb:2.0",0.00025,5,2.0,1,43253683_17,True,True,cifar10_resnet44,0.2842830121517181,0.2842935919761657,0.4792906641960144,0.0411801189184188,2.0,0.2834597325397829,0,0.2785049974918365,0.9347999999981303,0.9971999999980056,1.6309138536453247,0.0038109689485281,0.003818244440481,0.0015298663638532,0.0026845457032322,2.0,0.0038145540815076,0,0.2715412974357605,0.9995333333331112,0.9999999999997778,0.0012473048409447
"mobilenetv2_x0_75-reg:4,lamb:0.1",0.005,4,0.1,1,43253683_8,True,True,cifar10_mobilenetv2_x0_75,0.5878975987434387,0.332905501127243,0.0038276053965091,0.0139761297032237,0.1000000014901161,0.5868182417796499,0,0.2237076163291931,0.7951999999984096,0.9911999999980176,0.8172373175621033,0.5932925939559937,0.3144798576831817,0.0033981651067733,0.0462129786610603,0.1000000014901161,0.5932905202902388,0,0.0816004276275634,0.8010888888887109,0.9895555555553356,0.7227444648742676
"repvgg_a1-reg:4,lamb:1.0",0.0005,4,1.0,1,43253683_10,True,True,cifar10_repvgg_a1,0.2383473515510559,0.2383317649364471,0.1773150563240051,0.0358940251171588,1.0,0.2405469408918706,0,0.242865726351738,0.9447999999981104,0.9981999999980036,1.3141491413116455,0.0013064069207757,0.001245349063538,4.755682311952114e-05,0.001069405931048,1.0,0.0013061001527688,0,0.460654616355896,0.9999555555553334,0.9999999999997778,0.0001171669136965
"repvgg_a1-reg:4,lamb:2.0",0.00025,4,2.0,1,43253683_11,True,True,cifar10_repvgg_a1,0.2756777703762054,0.2756859362125397,0.4720613360404968,0.0366893224418163,2.0,0.2784259772398706,0,0.7166464328765869,0.9423999999981152,0.9973999999980052,1.7402546405792236,0.0007758472347632,0.0007756925188004,0.0001116462517529,0.0006096975412219,2.0,0.0007756511580792,0,0.206154465675354,0.9999555555553334,0.9999999999997778,7.588264270452783e-05
"mobilenetv2_x0_75-reg:4,lamb:0.5",0.001,4,0.5,1,43253683_9,True,True,cifar10_mobilenetv2_x0_75,0.2302144020795822,0.2297270447015762,0.0499111637473106,0.0265453122556209,0.5,0.2290741904424659,0,0.1317514181137085,0.925999999998148,0.9985999999980028,0.7210317254066467,0.0515286847949028,0.0507514774799346,0.0043705664575099,0.0176651179790496,0.5,0.0515427287765702,0,0.2721068263053894,0.9861333333331144,0.9999777777775556,0.0461247414350509
"mobilenetv2_x1_0-reg:3,lamb:0.01",0.05,3,0.01,1,43253683_1,True,True,cifar10_mobilenetv2_x1_0,2.302819013595581,0.0011416143970564,7.711350917816162e-07,0.0041351318359375,0.0099999997764825,2.302809237282433,0,0.0041351318359375,0.096999999999806,0.4921999999990156,6.765875150449574e-05,2.302595615386963,0.0011272595729678,4.4330954551696777e-07,0.0007546097040176,0.0099999997764825,2.3025966055060274,0,0.0007546097040176,0.100333333333311,0.5008666666665554,6.604207737836987e-05
"repvgg_a0-reg:5,lamb:0.001",0.5,5,0.001,1,43253683_12,True,True,cifar10_repvgg_a0,2.302598476409912,4.920702122035436e-05,4.28641214966774e-07,0.000166393816471,0.0010000000474974,2.3025988448074104,0,0.000166393816471,0.0999999999998,0.498999999999002,1.2214486559969373e-06,2.302584409713745,4.878385880147107e-05,4.146713763475418e-07,0.0001400932669639,0.0010000000474974,2.3025842104492167,0,0.0001400932669639,0.0999999999999778,0.500111111111,1.2056952982675284e-06
"vgg13_bn-reg:5,lamb:1.0",0.0005,5,1.0,1,43253683_16,True,True,cifar10_vgg13_bn,0.2805409133434295,0.2805399894714355,0.2143854796886444,0.0451063737273216,1.0,0.2807862965848799,0,0.2825595438480377,0.9395999999981208,0.9975999999980047,1.589145302772522,0.0030230989214032,0.0030181342735886,0.0006665696855634,0.0013729039346799,1.0,0.0030207519182298,0,0.194443941116333,0.999399999999778,0.9999999999997778,0.0022797265555709
"mobilenetv2_x1_0-reg:3,lamb:0.001",0.5,3,0.001,1,43253683_0,True,True,cifar10_mobilenetv2_x1_0,2.3026437759399414,0.0001372182741761,4.740431904792786e-07,0.0014258548617362,0.0010000000474974,2.3026359308173707,0,0.0014258548617362,0.1017999999997964,0.4917999999990164,9.526218491373584e-06,2.302583694458008,0.0001360202295472,4.142057150602341e-07,0.0005750805139541,0.0010000000474974,2.302583657751601,0,0.0005750805139541,0.0997999999999778,0.5009111111109998,9.36773813009495e-06
"mobilenetv2_x1_0-reg:3,lamb:0.5",0.001,3,0.5,1,43253683_3,True,True,cifar10_mobilenetv2_x1_0,0.4237233400344848,0.3994644284248352,0.0560627579689025,0.0228682309389114,0.5,0.4254487273950026,0,0.1013850271701812,0.8575999999982848,0.9957999999980084,0.6322355270385742,0.3970380425453186,0.3654081225395202,0.0450594723224639,0.0446302369236946,0.5,0.3970984396383769,0,0.0990342944860458,0.8662222222220298,0.9960444444442232,0.4880833625793457
"repvgg_a1-reg:5,lamb:0.1",0.005,5,0.1,1,43253683_14,True,True,cifar10_repvgg_a1,0.3300541043281555,0.2651233375072479,0.0033127628266811,0.020131966099143,0.1000000014901161,0.331772823465877,0,0.1627318263053894,0.887999999998224,0.9963999999980072,0.7355260848999023,0.2184573262929916,0.1666181683540344,0.0014990903437137,0.0255470145493745,0.1000000014901161,0.2185140579645401,0,0.0895370543003082,0.9300888888886822,0.9979333333331116,0.3259852528572082
"repvgg_a1-reg:5,lamb:0.01",0.05,5,0.01,1,43253683_13,True,True,cifar10_repvgg_a1,2.3026599884033203,0.000469212362077,1.085922122001648e-06,0.0035706162452697,0.0099999997764825,2.3026578176429213,0,0.0035706162452697,0.0971999999998056,0.4873999999990252,1.0543541975494009e-05,2.3025825023651123,0.0004706607433035,3.147870302200318e-07,0.0004816427826881,0.0099999997764825,2.3025827298156547,0,0.0004816427826881,0.1003111111110888,0.5013999999998886,1.0599252163956407e-05
"mobilenetv2_x1_0-reg:3,lamb:1.0",0.0005,3,1.0,1,43253683_4,True,True,cifar10_mobilenetv2_x1_0,0.2514823079109192,0.2513000071048736,0.1326783299446106,0.0133898993954062,1.0,0.2520032739869381,0,0.2442036271095276,0.9175999999981648,0.9971999999980056,0.655163586139679,0.1270044296979904,0.1265870779752731,0.0420415848493576,0.0258688777685165,1.0,0.1270534639513235,0,0.1064478158950805,0.9592444444442312,0.9997555555553336,0.1459797024726867
"repvgg_a1-reg:5,lamb:0.5",0.001,5,0.5,1,43253683_15,True,True,cifar10_repvgg_a1,0.2206578999757766,0.2205658107995987,0.059683121740818,0.0337849557399749,0.5,0.2242341807853572,0,0.2697450220584869,0.941999999998116,0.9963999999980072,0.995030641555786,0.0069968579337,0.0067671346478164,0.0002797781489789,0.0046658273786306,0.5,0.0069941156777939,0,0.7520113587379456,0.9990222222220004,0.9999999999997778,0.0028025675565004
"mobilenetv2_x1_0-reg:4,lamb:0.001",0.5,4,0.001,1,43253683_6,True,True,cifar10_mobilenetv2_x1_0,2.302603483200073,2.569799471530132e-05,-5.19677996635437e-07,0.0048903152346611,0.0010000000474974,2.302603684704564,0,0.0048903152346611,0.0951999999998096,0.4867999999990264,3.365641703112488e-07,2.3025832176208496,2.60766191786388e-05,4.135072231292725e-07,0.0004365071654319,0.0010000000474974,2.302583327216753,0,0.0004365071654319,0.100533333333311,0.5014666666665553,3.3306343993899645e-07
"mobilenetv2_x1_0-reg:3,lamb:0.1",0.005,3,0.1,1,43253683_2,True,True,cifar10_mobilenetv2_x1_0,2.302870988845825,0.004084866028279,5.066394805908203e-07,0.0044036731123924,0.1000000014901161,2.302863024513852,0,0.0044036731123924,0.096999999999806,0.4921999999990156,9.64087012107484e-05,2.302605390548706,0.004022167995572,6.705522537231445e-07,0.0010537579655647,0.1000000014901161,2.302606747778196,0,0.0010537579655647,0.100333333333311,0.5008666666665554,9.38326193136163e-05
"resnet56-reg:5,lamb:2.0",0.00025,5,2.0,1,43253683_17,True,True,cifar10_resnet56,0.3224160671234131,0.3224294185638428,0.5490822792053223,0.0467576645314693,2.0,0.3227864628906411,0,0.7372407913208008,0.9297999999981404,0.9975999999980047,1.9262237548828125,0.0037904512137174,0.0038013299927115,0.0016986392438411,0.0024774260818958,2.0,0.0037922246421818,0,0.3907627463340759,0.9993777777775558,0.9999999999997778,0.0014740984188392
"mobilenetv2_x1_0-reg:4,lamb:0.01",0.05,4,0.01,1,43253683_7,True,True,cifar10_mobilenetv2_x1_0,2.302661180496216,0.0003260684316046,1.4528632164001465e-07,0.005117118358612,0.0099999997764825,2.302661060135596,0,0.005117118358612,0.0951999999998096,0.4867999999990264,5.395170774136204e-06,2.302579402923584,0.0003245404805056,2.831220626831055e-07,0.0002170279622077,0.0099999997764825,2.302579668304355,0,0.0002170279622077,0.100533333333311,0.5014666666665553,5.346030775399413e-06
"vgg16_bn-reg:5,lamb:1.0",0.0005,5,1.0,1,43253683_16,True,True,cifar10_vgg16_bn,0.2911730110645294,0.2911679744720459,0.2265444099903106,0.043681550770998,1.0,0.2954598768068255,0,0.2710404396057129,0.9417999999981164,0.9965999999980067,1.7173126935958862,0.0030930419452488,0.0030799156520515,0.0007622619159519,0.0013722946168854,1.0,0.0030916252479962,0,0.5151143074035645,0.9993555555553336,0.9999999999997778,0.0031768155749887
"mobilenetv2_x1_0-reg:3,lamb:2.0",0.00025,3,2.0,1,43253683_5,True,True,cifar10_mobilenetv2_x1_0,0.257159024477005,0.2571607828140259,0.4026637673377991,0.0365186817944049,2.0,0.2575884869896883,0,0.2862361669540405,0.9263999999981472,0.9971999999980056,1.0737576484680176,0.0296523310244083,0.0296478532254695,0.0223278477787971,0.0106202773749828,2.0,0.0296974327260772,0,0.2919002473354339,0.9915999999997795,0.9999999999997778,0.0231801234185695
"mobilenetv2_x1_0-reg:4,lamb:0.1",0.005,4,0.1,1,43253683_8,True,True,cifar10_mobilenetv2_x1_0,0.5710076689720154,0.3232255280017853,0.0036339722573757,0.0250719469040632,0.1000000014901161,0.5722935107469114,0,0.1573597639799118,0.8063999999983872,0.990999999998018,0.7755559086799622,0.5721889734268188,0.3102058172225952,0.0033334344625473,0.0439824312925338,0.1000000014901161,0.5721863262368885,0,0.0655925273895263,0.8089333333331536,0.9901555555553356,0.7090047597885132
"repvgg_a1-reg:5,lamb:0.001",0.5,5,0.001,1,43253683_12,True,True,cifar10_repvgg_a1,2.302599668502808,4.508099664235488e-05,1.383945345878601e-06,0.0029877424240112,0.0010000000474974,2.302603601258061,0,0.0029877424240112,0.0971999999998056,0.4903999999990192,9.997555707741412e-07,2.302584171295166,4.511696533882059e-05,4.144385457038881e-07,0.0001685619354248,0.0010000000474974,2.3025840275713296,0,0.0001685619354248,0.1003111111110888,0.5010666666665553,1.000984525489912e-06
"mobilenetv2_x1_0-reg:4,lamb:0.5",0.001,4,0.5,1,43253683_9,True,True,cifar10_mobilenetv2_x1_0,0.2316309958696365,0.2312119305133819,0.0537665858864784,0.0269438009709119,0.5,0.232877527433424,0,0.2910718619823456,0.9315999999981368,0.996999999998006,0.8192062377929688,0.0323738008737564,0.0317735336720943,0.0022279694676399,0.0144571866840124,0.5,0.0324055569608994,0,0.7237507104873657,0.9925777777775572,0.9999999999997778,0.0224724132567644
"repvgg_a2-reg:4,lamb:1.0",0.0005,4,1.0,1,43253683_10,True,True,cifar10_repvgg_a2,0.2249735742807388,0.2249351590871811,0.1620577722787857,0.0315680503845214,1.0,0.2275328389162609,0,0.2528012096881866,0.9467999999981064,0.9965999999980067,1.1191587448120115,0.0012443151790648,0.0011559796985238,3.219512291252613e-05,0.001035401597619,1.0,0.0012440471819937,0,0.5546789169311523,0.9999999999997778,0.9999999999997778,7.173334597609937e-05
"repvgg_a2-reg:4,lamb:2.0",0.00025,4,2.0,1,43253683_11,True,True,cifar10_repvgg_a2,0.2684246897697449,0.2684302926063537,0.4504283666610718,0.0387107953429222,2.0,0.2703446208078971,0,0.2918372750282287,0.9387999999981224,0.9973999999980052,1.4724891185760498,0.0007594533963128,0.0007566920830868,4.929467104375362e-05,0.0006369141628965,2.0,0.0007590703900263,0,0.3456835746765136,0.9999999999997778,0.9999999999997778,2.771352956187912e-05
"mobilenetv2_x1_4-reg:3,lamb:0.01",0.05,3,0.01,1,43253683_1,True,True,cifar10_mobilenetv2_x1_4,2.302640914916992,0.0010815419955179,8.940696716308594e-07,0.0006629079580307,0.0099999997764825,2.3026780116965613,0,0.0006629079580307,0.1017999999997964,0.5015999999989968,6.179854972288013e-05,2.3026130199432373,0.0010764718754217,6.165355443954468e-07,0.0013156086206436,0.0099999997764825,2.302614535666895,0,0.0013156086206436,0.0997999999999778,0.4998222222221112,6.128143286332488e-05
"vgg19_bn-reg:5,lamb:1.0",0.0005,5,1.0,1,43253683_16,True,True,cifar10_vgg19_bn,0.3043808341026306,0.3043723404407501,0.2352918982505798,0.0483444891870021,1.0,0.3025020061410921,0,0.3635661005973816,0.9355999999981288,0.9963999999980072,1.7710763216018677,0.0026664044708013,0.0026501708198338,0.0005873944610357,0.0012477561831474,1.0,0.00266428093215,0,0.3729540109634399,0.9994444444442224,0.9999999999997778,0.0020512321498245
"mobilenetv2_x1_4-reg:3,lamb:0.001",0.5,3,0.001,1,43253683_0,True,True,cifar10_mobilenetv2_x1_4,2.3025951385498047,7.583278056699783e-05,4.253815859556198e-07,0.0001896023750305,0.0010000000474974,2.3026044595649453,0,0.0001896023750305,0.0999999999998,0.4933999999990132,2.924118462033221e-06,2.30258584022522,7.604197162436321e-05,4.163011908531189e-07,0.0001496747136116,0.0010000000474974,2.302586027036232,0,0.0001496747136116,0.0999999999999778,0.5007333333332221,2.9360721782722976e-06
"mobilenetv2_x1_4-reg:3,lamb:0.5",0.001,3,0.5,1,43253683_3,True,True,cifar10_mobilenetv2_x1_4,0.4685802757740021,0.4365124702453614,0.0611362606287002,0.021899688988924,0.5,0.4666810614517448,0,0.1023831665515899,0.841999999998316,0.9941999999980116,0.6803062558174133,0.4362927079200744,0.3951493203639984,0.0488739311695098,0.0481453202664852,0.5,0.4363053931860761,0,0.0893529653549194,0.8535333333331437,0.99531111111089,0.5247929096221924
"mobilenetv2_x1_4-reg:3,lamb:1.0",0.0005,3,1.0,1,43253683_4,True,True,cifar10_mobilenetv2_x1_4,0.2673789858818054,0.2671645283699035,0.1410190463066101,0.0178616996854543,1.0,0.2682339234799081,0,0.3375077247619629,0.9101999999981796,0.997999999998004,0.6647781133651733,0.1323998570442199,0.1319605708122253,0.0443022847175598,0.026075579226017,1.0,0.1324037071242204,0,0.8019006848335266,0.9574444444442316,0.9996444444442224,0.1520883440971374
"repvgg_a2-reg:5,lamb:0.1",0.005,5,0.1,1,43253683_14,True,True,cifar10_repvgg_a2,0.3214478492736816,0.2593782842159271,0.0031845569610595,0.0192139316350221,0.1000000014901161,0.3225196471687858,0,0.1951107382774353,0.8931999999982136,0.9973999999980052,0.7056478261947632,0.2147794365882873,0.1645536869764328,0.0014698561280965,0.0266894996166229,0.1000000014901161,0.2148003560707523,0,0.179186463356018,0.932311111110904,0.9983555555553336,0.3195244669914245
"repvgg_a2-reg:5,lamb:0.01",0.05,5,0.01,1,43253683_13,True,True,cifar10_repvgg_a2,2.3026340007781982,0.0005511064082384,8.23289155960083e-07,0.003637708723545,0.0099999997764825,2.3026355612685734,0,0.003637708723545,0.0971999999998056,0.4911999999990176,1.4677182662126144e-05,2.3025882244110107,0.0005568320048041,3.688037395477295e-07,0.0005435720086097,0.0099999997764825,2.3025884139313244,0,0.0005435720086097,0.1003111111110888,0.5009777777776665,1.4987378563091625e-05
"repvgg_a2-reg:5,lamb:0.5",0.001,5,0.5,1,43253683_15,True,True,cifar10_repvgg_a2,0.1920299381017685,0.1919202655553817,0.052778236567974,0.0255205426365137,0.5,0.1961655742439296,0,0.7247518301010132,0.9507999999980984,0.997999999998004,0.9366233348846436,0.0058939554728567,0.005633404944092,0.0002566624898463,0.0038640773855149,0.5,0.0058950325880893,0,0.2437492609024048,0.9992444444442224,0.9999999999997778,0.0026140767149627
"vgg11_bn-reg:5,lamb:2.0",0.00025,5,2.0,1,43253683_17,True,True,cifar10_vgg11_bn,0.3981501162052154,0.3981636464595794,0.6966927647590637,0.0595440603792667,2.0,0.3961709482477115,0,0.3366457521915436,0.9205999999981588,0.995999999998008,2.4494872093200684,0.0025299284607172,0.0025416184216737,0.0018478818237781,0.0010512515436857,2.0,0.0025277907600835,0,0.5336624979972839,0.9994888888886668,0.9999999999997778,0.0029267200734466
"mobilenetv2_x1_4-reg:4,lamb:0.001",0.5,4,0.001,1,43253683_6,True,True,cifar10_mobilenetv2_x1_4,2.3026037216186523,2.6232457457808778e-05,4.33996319770813e-07,0.004896156489849,0.0010000000474974,2.302604769509098,0,0.004896156489849,0.0951999999998096,0.4867999999990264,3.4803136372829613e-07,2.3025832176208496,2.643854531925172e-05,4.135072231292725e-07,0.0004358515143394,0.0010000000474974,2.302583122664449,0,0.0004358515143394,0.100533333333311,0.5014666666665553,3.453515091678128e-07
"mobilenetv2_x1_4-reg:3,lamb:0.1",0.005,3,0.1,1,43253683_2,True,True,cifar10_mobilenetv2_x1_4,2.3026885986328125,0.0044185449369251,3.576278686523438e-07,0.0003308579325675,0.1000000014901161,2.30273270491858,0,0.0003308579325675,0.1017999999997964,0.5015999999989968,0.000115106900921,2.3026366233825684,0.0043862056918442,8.940696716308594e-07,0.0017109587788581,0.1000000014901161,2.302638643036404,0,0.0017109587788581,0.0997999999999778,0.4998222222221112,0.0001137628350988
"repvgg_a0-reg:5,lamb:1.0",0.0005,5,1.0,1,43253683_16,True,True,cifar10_repvgg_a0,0.2567168474197387,0.2567111551761627,0.1895362138748169,0.0376455560326576,1.0,0.2632043099577476,0,0.3694268763065338,0.9411999999981177,0.9981999999980036,1.4042786359786987,0.0032359566539525,0.0032140344846993,0.0003577675670385,0.0023248884826898,1.0,0.003234155392236,0,0.5282784700393677,0.9996666666664444,0.9999999999997778,0.0009861781727522
"mobilenetv2_x1_4-reg:4,lamb:0.01",0.05,4,0.01,1,43253683_7,True,True,cifar10_mobilenetv2_x1_4,2.302662849426269,0.0003330663312226,1.6205012798309326e-07,0.0051719471812248,0.0099999997764825,2.302666400711765,0,0.0051719471812248,0.0951999999998096,0.4867999999990264,5.604934358416358e-06,2.302579402923584,0.0003318152448628,2.831220626831055e-07,0.000165432691574,0.0099999997764825,2.30257947458926,0,0.000165432691574,0.100533333333311,0.5014666666665553,5.567020707530901e-06
"mobilenetv2_x1_4-reg:3,lamb:2.0",0.00025,3,2.0,1,43253683_5,True,True,cifar10_mobilenetv2_x1_4,0.2697179019451141,0.269717663526535,0.4179596304893493,0.0335030481219291,2.0,0.2665491750993742,0,0.7016246318817139,0.9251999999981496,0.9967999999980064,1.1117008924484253,0.0397063605487346,0.0397006757557392,0.0332434400916099,0.0119814593344926,2.0,0.0397455390911741,0,0.2795604765415191,0.988355555555336,0.9999333333331112,0.039236269891262
"mobilenetv2_x1_4-reg:4,lamb:0.1",0.005,4,0.1,1,43253683_8,True,True,cifar10_mobilenetv2_x1_4,0.573366105556488,0.3331240117549896,0.0039012804627418,0.0115818530321121,0.1000000014901161,0.5735464450829472,0,0.4883294105529785,0.8035999999983928,0.9917999999980164,0.8368909955024719,0.5797120332717896,0.3121486008167267,0.0033571384847164,0.0468633249402046,0.1000000014901161,0.5796868609443119,0,0.0752760469913482,0.8076888888887095,0.9899111111108913,0.7135610580444336
"vgg13_bn-reg:5,lamb:2.0",0.00025,5,2.0,1,43253683_17,True,True,cifar10_vgg13_bn,0.3020137846469879,0.3020273149013519,0.5257909893989563,0.0475180372595787,2.0,0.302575719205249,0,0.3363745808601379,0.9377999999981244,0.9977999999980044,1.837470293045044,0.0017890352755784,0.0018001485150307,0.001141432672739,0.000861344509758,2.0,0.0017880574912827,0,0.3697766959667206,0.9996666666664444,0.9999999999997778,0.0013944688253104
"mobilenetv2_x1_4-reg:4,lamb:0.5",0.001,4,0.5,1,43253683_9,True,True,cifar10_mobilenetv2_x1_4,0.2396265268325805,0.2392261326313018,0.0555575489997863,0.0300763044506311,0.5,0.240800884245635,0,0.3592160046100616,0.9277999999981444,0.9977999999980044,0.8337860107421875,0.0325374417006969,0.0319783873856067,0.0023612882941961,0.0142168784514069,0.5,0.0325819659927889,0,0.2493816912174224,0.9924666666664462,0.9999999999997778,0.0247564949095249
"repvgg_a2-reg:5,lamb:0.001",0.5,5,0.001,1,43253683_12,True,True,cifar10_repvgg_a2,2.3025941848754883,4.935732431476936e-05,4.2445026338100433e-07,0.002958670258522,0.0010000000474974,2.302594410221841,0,0.002958670258522,0.0971999999998056,0.4967999999990064,1.2236952215971542e-06,2.302584648132324,4.965476182405837e-05,4.151370376348497e-07,0.0001995861530303,0.0010000000474974,2.302584778047993,0,0.0001995861530303,0.1003111111110888,0.5003555555554444,1.230179577760282e-06
"vgg16_bn-reg:5,lamb:2.0",0.00025,5,2.0,1,43253683_17,True,True,cifar10_vgg16_bn,0.3553370833396911,0.3553495407104492,0.6358593702316284,0.0506176613271236,2.0,0.3583506239649019,0,0.3410485386848449,0.936999999998126,0.9975999999980047,2.471668004989624,0.0018055873224511,0.0018143291817978,0.0014968786854296,0.0005568960332311,2.0,0.0018206184162697,0,0.1558135747909546,0.9995555555553336,0.9999999999997778,0.0022336749825626
"shufflenetv2_x0_5-reg:3,lamb:0.01",0.05,3,0.01,1,43253683_1,True,True,cifar10_shufflenetv2_x0_5,2.3027665615081787,0.001500483835116,1.1976808309555054e-06,0.0040465667843818,0.0099999997764825,2.3027547705580647,0,0.0040465667843818,0.0973999999998052,0.49499999999901,0.000113262591185,2.302628993988037,0.0015135334106162,7.767230272293091e-07,0.0012195333838462,0.0099999997764825,2.302629596676909,0,0.0012195333838462,0.1002888888888666,0.5005555555554444,0.0001154609199147
"repvgg_a1-reg:5,lamb:1.0",0.0005,5,1.0,1,43253683_16,True,True,cifar10_repvgg_a1,0.2258796393871307,0.225872054696083,0.1634797751903534,0.0338454321026802,1.0,0.226816127335866,0,0.2546048462390899,0.943999999998112,0.9983999999980032,1.1750380992889404,0.0025137262418866,0.0024832389317452,0.0001772241666913,0.0020575351081788,1.0,0.0025212695719485,0,0.6003072261810303,0.9998666666664444,0.9999999999997778,0.0004230564227327
"shufflenetv2_x0_5-reg:3,lamb:0.001",0.5,3,0.001,1,43253683_0,True,True,cifar10_shufflenetv2_x0_5,2.3026139736175537,0.0001471801806474,4.442408680915833e-07,0.005330853164196,0.0010000000474974,2.302609704773683,0,0.005330853164196,0.0951999999998096,0.4903999999990192,1.0934644706139808e-05,2.302587985992432,0.00014939585526,4.1816383600234985e-07,3.943592309951782e-05,0.0010000000474974,2.3025883461987733,0,3.943592309951782e-05,0.100533333333311,0.5010666666665553,1.127607720263768e-05
"mobilenetv2_x0_5-reg:4,lamb:2.0",0.00025,4,2.0,1,43253683_11,True,True,cifar10_mobilenetv2_x0_5,0.304817259311676,0.3048263490200043,0.5107642412185669,0.0444701164960861,2.0,0.3010431198760668,0,0.2893211543560028,0.9291999999981416,0.9967999999980064,1.7218871116638184,0.0065536103211343,0.0065574580803513,0.0032681627199053,0.003934352658689,2.0,0.0065554980983915,0,0.1761379241943359,0.9988666666664447,0.9999999999997778,0.0031096944585442
"mobilenetv2_x0_5-reg:4,lamb:1.0",0.0005,4,1.0,1,43253683_10,True,True,cifar10_mobilenetv2_x0_5,0.2611946761608124,0.2611866295337677,0.1734318435192108,0.0368584990501403,1.0,0.2604847698101339,0,0.1458460688591003,0.9263999999981472,0.9977999999980044,1.1120169162750244,0.0226472951471805,0.0226218663156032,0.0047763921320438,0.0112566202878952,1.0,0.022653824071679,0,0.2257530987262725,0.9952222222220012,0.9999999999997778,0.0144739365205168
"shufflenetv2_x0_5-reg:3,lamb:0.5",0.001,3,0.5,1,43253683_3,True,True,cifar10_shufflenetv2_x0_5,0.60871422290802,0.5391601324081421,0.0744948983192443,0.0176515486091375,0.5,0.6064918366022335,0,0.1876401305198669,0.7803999999984392,0.990999999998018,0.8187137246131897,0.592786431312561,0.4994091987609863,0.0606983304023742,0.0595551878213882,0.5,0.5928999605167073,0,0.0975373983383178,0.7962666666664898,0.9913111111108908,0.6319615840911865
"shufflenetv2_x0_5-reg:3,lamb:1.0",0.0005,3,1.0,1,43253683_4,True,True,cifar10_shufflenetv2_x0_5,0.3831199109554291,0.3805519044399261,0.1668160855770111,0.0100505966693162,1.0,0.3801650805360641,0,0.1955146044492721,0.86999999999826,0.9965999999980067,0.665021538734436,0.3146629333496094,0.3100912570953369,0.1081771850585937,0.043174859136343,1.0,0.3147092651058328,0,0.4745311141014099,0.8931555555553571,0.9980888888886672,0.3641806244850158
"shufflenetv2_x0_5-reg:4,lamb:0.001",0.5,4,0.001,1,43253683_6,True,True,cifar10_shufflenetv2_x0_5,2.3026058673858643,2.8818176360800862e-05,-5.178153514862061e-07,0.00489142537117,0.0010000000474974,2.3026044357230875,0,0.00489142537117,0.0951999999998096,0.4867999999990264,4.209524036014045e-07,2.3025832176208496,2.892815973609686e-05,4.135072231292725e-07,0.0004363730549812,0.0010000000474974,2.3025830495132946,0,0.0004363730549812,0.100533333333311,0.5014666666665553,4.171807859165711e-07
"vgg19_bn-reg:5,lamb:2.0",0.00025,5,2.0,1,43253683_17,True,True,cifar10_vgg19_bn,0.3672621548175812,0.3672717213630676,0.6555991768836975,0.0528244525194168,2.0,0.3633062696130494,0,0.3640860319137573,0.9331999999981336,0.9947999999980104,2.55859923362732,0.0013568345457315,0.0013642853591591,0.0008768923580646,0.0006607460672967,2.0,0.0013557328237078,0,0.747121274471283,0.9997777777775556,0.9999999999997778,0.0011882396647706
"shufflenetv2_x0_5-reg:3,lamb:0.1",0.005,3,0.1,1,43253683_2,True,True,cifar10_shufflenetv2_x0_5,1.911596655845642,0.2355822473764419,0.0016121268272399,0.0446038842201232,0.1000000014901161,1.9108412554246603,0,0.3092215061187744,0.2695999999994608,0.8301999999983396,0.3297553956508636,1.9293460845947263,0.2334280908107757,0.0016018003225326,0.0465402454137802,0.1000000014901161,1.929306443332378,0,0.3763425946235657,0.2651555555554966,0.8227999999998172,0.328331708908081
"mobilenetv2_x0_5-reg:5,lamb:0.1",0.005,5,0.1,1,43253683_14,True,True,cifar10_mobilenetv2_x0_5,2.3026702404022217,0.0017394106835126,4.619359970092774e-07,0.0031249076128005,0.1000000014901161,2.302668594162692,0,0.0031249076128005,0.0973999999998052,0.4873999999990252,1.573934787302278e-05,2.302584409713745,0.0017333817668259,4.470348358154297e-07,0.0002832263708114,0.1000000014901161,2.302584302565486,0,0.0002832263708114,0.1002888888888666,0.5013999999998886,1.5745870769023895e-05
"mobilenetv2_x0_5-reg:5,lamb:0.01",0.05,5,0.01,1,43253683_13,True,True,cifar10_mobilenetv2_x0_5,2.3026487827301025,0.0003926731878891,2.2351741790771484e-08,0.0002582967281341,0.0099999997764825,2.302647649090528,0,0.0002582967281341,0.1005999999997988,0.4873999999990252,7.773584911774378e-06,2.3025825023651123,0.0003922517644241,3.110617399215698e-07,0.0003857761621475,0.0099999997764825,2.3025822556877986,0,0.0003857761621475,0.0999333333333111,0.5013999999998886,7.758239007671364e-06
"mobilenetv2_x0_5-reg:5,lamb:0.5",0.001,5,0.5,1,43253683_15,True,True,cifar10_mobilenetv2_x0_5,0.3144086599349975,0.3088885843753814,0.0503842234611511,0.009015173651278,0.5,0.3121352037716877,0,0.1088462769985199,0.8915999999982168,0.996999999998006,0.6279680728912354,0.224094420671463,0.216299831867218,0.0252638012170791,0.0310220699757337,0.5,0.224092743770102,0,0.1993751972913742,0.9241555555553502,0.9990444444442224,0.2774195075035095
"shufflenetv2_x1_0-reg:3,lamb:0.01",0.05,3,0.01,1,43253683_1,True,True,cifar10_shufflenetv2_x1_0,2.3027584552764893,0.0012547397054731,1.6391277313232425e-07,0.0006651580333709,0.0099999997764825,2.3027875888754616,0,0.0006651580333709,0.1007999999997984,0.4955999999990088,7.992683094926178e-05,2.302609443664551,0.0012391100171953,5.792826414108276e-07,0.001599408686161,0.0099999997764825,2.30260732621418,0,0.001599408686161,0.0999111111110889,0.5004888888887777,7.796820136718452e-05
"shufflenetv2_x0_5-reg:4,lamb:0.01",0.05,4,0.01,1,43253683_7,True,True,cifar10_shufflenetv2_x0_5,2.302663564682007,0.0003369481710251,1.695007085800171e-07,0.0051432773470878,0.0099999997764825,2.30265817527079,0,0.0051432773470878,0.0951999999998096,0.4867999999990264,5.756769041909138e-06,2.302579641342163,0.0003354205400682,2.831220626831055e-07,0.0001686960458755,0.0099999997764825,2.3025792551357944,0,0.0001686960458755,0.100533333333311,0.5014666666665553,5.707734999305103e-06
"shufflenetv2_x1_0-reg:3,lamb:0.001",0.5,3,0.001,1,43253683_0,True,True,cifar10_shufflenetv2_x1_0,2.3026342391967773,0.000128402854898,4.644971340894699e-07,0.0003667697310447,0.0010000000474974,2.302643679421188,0,0.0003667697310447,0.1007999999997984,0.4935999999990128,8.268466444860678e-06,2.302584171295166,0.000127520164824,4.146713763475418e-07,0.0004983991384506,0.0010000000474974,2.302583741739965,0,0.0004983991384506,0.0999111111110889,0.5007111111109999,8.131446520565078e-06
"shufflenetv2_x1_0-reg:3,lamb:0.5",0.001,3,0.5,1,43253683_3,True,True,cifar10_shufflenetv2_x1_0,0.4524537622928619,0.4253576397895813,0.0609303265810012,0.0121280029416084,0.5,0.4505334985983759,0,0.0391868352890014,0.836999999998326,0.9951999999980096,0.7038158774375916,0.4192726612091065,0.3817666172981262,0.0454250574111938,0.0474058836698532,0.5,0.4192696236343743,0,0.0916446447372436,0.8563999999998098,0.9959111111108898,0.4810504913330078
"shufflenetv2_x0_5-reg:3,lamb:2.0",0.00025,3,2.0,1,43253683_5,True,True,cifar10_shufflenetv2_x0_5,0.3480801284313202,0.3480729758739471,0.4874114394187927,0.0335075221955776,2.0,0.3446956535940458,0,0.2511543035507202,0.8853999999982293,0.9963999999980072,1.0263859033584597,0.1452598869800567,0.145232081413269,0.1337261795997619,0.0294593032449483,2.0,0.145310781887858,0,0.1032814979553222,0.9517111111108996,0.9997777777775556,0.1539012193679809
"shufflenetv2_x0_5-reg:4,lamb:0.1",0.005,4,0.1,1,43253683_8,True,True,cifar10_shufflenetv2_x0_5,0.5752107501029968,0.3254740536212921,0.0037033185362815,0.0177655294537544,0.1000000014901161,0.573093466174158,0,0.0765600651502609,0.7965999999984068,0.9903999999980192,0.792080283164978,0.5810260772705078,0.3113027513027191,0.0033483505249023,0.0448636785149574,0.1000000014901161,0.5811062415900916,0,0.0776277780532836,0.8054666666664877,0.9907333333331132,0.7122306823730469
"shufflenetv2_x1_0-reg:3,lamb:1.0",0.0005,3,1.0,1,43253683_4,True,True,cifar10_shufflenetv2_x1_0,0.2738270461559295,0.2736909091472626,0.1492876708507537,0.0218931529670953,1.0,0.2694330717021126,0,0.2632173895835876,0.908999999998182,0.9965999999980067,0.7464842796325684,0.1224602684378624,0.1221463605761528,0.0392970070242881,0.026714589446783,1.0,0.1224780064429923,0,0.1120156645774841,0.9610222222220088,0.9997555555553336,0.1322218626737594
"mobilenetv2_x0_75-reg:4,lamb:2.0",0.00025,4,2.0,1,43253683_11,True,True,cifar10_mobilenetv2_x0_75,0.253448486328125,0.2534577548503876,0.4218111038208008,0.0364180542528629,2.0,0.2497881150486842,0,0.2995718717575073,0.9385999999981228,0.9975999999980047,1.3736313581466677,0.0029378938488662,0.0029428421985358,0.0010034656152129,0.0021551856771111,2.0,0.0029450958822529,0,0.4410206079483032,0.9996888888886668,0.9999999999997778,0.0008463022531941
"repvgg_a0-reg:5,lamb:2.0",0.00025,5,2.0,1,43253683_17,True,True,cifar10_repvgg_a0,0.3130578398704529,0.3130690157413482,0.5313986539840698,0.0412302799522876,2.0,0.3136341652196077,0,0.2705994844436645,0.9325999999981348,0.9963999999980072,1.9761253595352173,0.0021026483736932,0.0021107338834553,0.0006566746160387,0.001542598940432,2.0,0.0021019213097841,0,0.5001028776168823,0.9997777777775556,0.9999999999997778,0.0005517981480807
"mobilenetv2_x0_75-reg:4,lamb:1.0",0.0005,4,1.0,1,43253683_10,True,True,cifar10_mobilenetv2_x0_75,0.2534836530685425,0.2534752786159515,0.1764496564865112,0.0339185297489166,1.0,0.2508057362077289,0,0.7083848714828491,0.9357999999981284,0.997999999998004,1.1832741498947144,0.0108738029375672,0.0108508840203285,0.0017337882891297,0.0068683875724673,1.0,0.0108858470319913,0,0.3473788201808929,0.9983333333331116,0.9999999999997778,0.0051913452334702
"shufflenetv2_x0_5-reg:4,lamb:0.5",0.001,4,0.5,1,43253683_9,True,True,cifar10_shufflenetv2_x0_5,0.3036472201347351,0.302353024482727,0.0603547990322113,0.0258731842041015,0.5,0.3011793515070393,0,0.0937541723251342,0.8999999999982,0.9965999999980067,0.8692046403884888,0.1216850727796554,0.1195325776934623,0.0111713632941246,0.030949467793107,0.5,0.1217360669593161,0,0.1392183899879455,0.9618888888886752,0.999799999999778,0.1162313818931579
"shufflenetv2_x1_0-reg:4,lamb:0.001",0.5,4,0.001,1,43253683_6,True,True,cifar10_shufflenetv2_x1_0,2.3026037216186523,2.593142198747956e-05,4.337634891271591e-07,0.0048902407288551,0.0010000000474974,2.3026048529556005,0,0.0048902407288551,0.0951999999998096,0.4867999999990264,3.383071884854872e-07,2.3025834560394287,2.5743211153894663e-05,4.139728844165802e-07,0.0004365071654319,0.0010000000474974,2.302583240519088,0,0.0004365071654319,0.100533333333311,0.5014666666665553,3.354753914663889e-07
"shufflenetv2_x1_0-reg:3,lamb:0.1",0.005,3,0.1,1,43253683_2,True,True,cifar10_shufflenetv2_x1_0,2.3028039932250977,0.0044208229519426,4.917383193969727e-07,0.00079146027565,0.1000000014901161,2.302837835590982,0,0.00079146027565,0.1007999999997984,0.4955999999990088,0.0001038253758451,2.30261754989624,0.0043649789877235,8.940696716308594e-07,0.0016546323895454,0.1000000014901161,2.3026149109052274,0,0.0016546323895454,0.0999111111110889,0.5004888888887777,0.0001015956295304
"repvgg_a2-reg:5,lamb:1.0",0.0005,5,1.0,1,43253683_16,True,True,cifar10_repvgg_a2,0.2070218026638031,0.2070115208625793,0.1482993066310882,0.0286135151982307,1.0,0.2075239016568162,0,0.363732635974884,0.9493999999981012,0.9975999999980047,1.0539928674697876,0.0020364471711218,0.0019991325680166,0.0001233764924108,0.0016836253926157,1.0,0.0020355844951073,0,0.4221053123474121,0.9998888888886668,0.9999999999997778,0.0003066626377403
"shufflenetv2_x1_0-reg:4,lamb:0.01",0.05,4,0.01,1,43253683_7,True,True,cifar10_shufflenetv2_x1_0,2.302662372589112,0.0003313563938718,1.1119991540908811e-06,0.0051422491669654,0.0099999997764825,2.3026664960791963,0,0.0051422491669654,0.0951999999998096,0.4867999999990264,5.563436388911214e-06,2.302579402923584,0.000329752190737,2.812594175338745e-07,0.0001688078045845,0.0099999997764825,2.302579284938117,0,0.0001688078045845,0.100533333333311,0.5014666666665553,5.515254997590091e-06
"shufflenetv2_x1_5-reg:3,lamb:0.01",0.05,3,0.01,1,43253683_1,True,True,cifar10_shufflenetv2_x1_5,2.3027377128601074,0.0008566175238229,9.10833477973938e-07,0.0041675865650177,0.0099999997764825,2.3027181017806173,0,0.0041675865650177,0.096999999999806,0.4875999999990248,3.740586180356331e-05,2.302588701248169,0.0008497281232848,3.762543201446533e-07,0.0007925555109977,0.0099999997764825,2.3025887227917563,0,0.0007925555109977,0.100333333333311,0.5013777777776663,3.6788715078728274e-05
"mobilenetv2_x0_75-reg:5,lamb:0.1",0.005,5,0.1,1,43253683_14,True,True,cifar10_mobilenetv2_x0_75,2.302665948867798,0.00192295468878,9.5367431640625e-07,0.0039520263671875,0.1000000014901161,2.302652226727244,0,0.0039520263671875,0.096999999999806,0.4901999999990196,1.6631311154924333e-05,2.3025856018066406,0.0019248819444328,5.662441253662109e-07,0.0005756393074989,0.1000000014901161,2.302584631745684,0,0.0005756393074989,0.100333333333311,0.5010888888887776,1.6652862541377544e-05
"mobilenetv2_x0_75-reg:5,lamb:0.01",0.05,5,0.01,1,43253683_13,True,True,cifar10_mobilenetv2_x0_75,2.302643299102783,0.0004537371860351,9.201467037200928e-07,0.0037404373288154,0.0099999997764825,2.302633630078084,0,0.0037404373288154,0.096999999999806,0.4947999999990104,9.816602869250346e-06,2.302583932876587,0.0004562808026093,3.259629011154175e-07,0.0004285052418708,0.0099999997764825,2.3025835886644,0,0.0004285052418708,0.100333333333311,0.5005777777776665,9.92239347397117e-06
"mobilenetv2_x0_5-reg:5,lamb:0.001",0.5,5,0.001,1,43253683_12,True,True,cifar10_mobilenetv2_x0_5,2.302590131759644,3.300726166344248e-05,4.204921424388886e-07,0.000471793115139,0.0010000000474974,2.302588890831738,0,0.000471793115139,0.1005999999997988,0.4945999999990108,5.510684104592656e-07,2.302584886550904,3.317002483527176e-05,4.151370376348497e-07,0.000174731016159,0.0010000000474974,2.302584843071242,0,0.000174731016159,0.0999333333333111,0.5005999999998888,5.440065820039308e-07
"mobilenetv2_x0_75-reg:5,lamb:0.5",0.001,5,0.5,1,43253683_15,True,True,cifar10_mobilenetv2_x0_75,0.2768054604530334,0.2740533053874969,0.0468185245990753,0.0120950490236282,0.5,0.2752537077779176,0,0.0744367092847824,0.9027999999981944,0.996999999998006,0.6008940935134888,0.1609852313995361,0.1571755111217498,0.017600655555725,0.0268976166844368,0.5,0.1610319603312365,0,0.111087679862976,0.9462666666664564,0.9994222222220002,0.1923629492521286
"shufflenetv2_x1_5-reg:3,lamb:0.001",0.5,3,0.001,1,43253683_0,True,True,cifar10_shufflenetv2_x1_5,2.302616834640503,8.439637167612091e-05,4.470348358154297e-07,0.0034086853265762,0.0010000000474974,2.3026174533775,0,0.0034086853265762,0.096999999999806,0.4955999999990088,3.4948727716255235e-06,2.3025834560394287,8.548464393243194e-05,4.139728844165802e-07,7.337331771850586e-05,0.0010000000474974,2.302583164658631,0,7.337331771850586e-05,0.100333333333311,0.5004888888887777,3.606136942835292e-06
"shufflenetv2_x1_5-reg:3,lamb:0.5",0.001,3,0.5,1,43253683_3,True,True,cifar10_shufflenetv2_x1_5,0.4241831004619598,0.4041022658348083,0.0599967092275619,0.0094271535053849,0.5,0.4284094704035664,0,0.1977733075618744,0.8533999999982932,0.9957999999980084,0.7135153412818909,0.3737391829490661,0.3449739515781402,0.0406579673290252,0.0477022156119346,0.5,0.3737964787392749,0,0.1865762174129486,0.8738888888886948,0.9970888888886674,0.4340092241764068
"shufflenetv2_x1_0-reg:3,lamb:2.0",0.00025,3,2.0,1,43253683_5,True,True,cifar10_shufflenetv2_x1_0,0.3257301151752472,0.3257341682910919,0.5069919228553772,0.0438108220696449,2.0,0.3210205102596929,0,0.2695257365703583,0.907999999998184,0.996999999998006,1.3716737031936646,0.0466960370540618,0.0466942861676216,0.0365797877311706,0.0161212421953678,2.0,0.046714210647298,0,0.1476966142654419,0.986933333333114,0.9999999999997778,0.0392408221960067
"shufflenetv2_x1_0-reg:4,lamb:0.1",0.005,4,0.1,1,43253683_8,True,True,cifar10_shufflenetv2_x1_0,0.4722382724285126,0.3039768636226654,0.0035045333206653,0.0117473611608147,0.1000000014901161,0.4708512512475379,0,0.3228710293769836,0.8393999999983213,0.9943999999980112,0.7583078145980835,0.4388539493083954,0.265718936920166,0.0026799887418746,0.0397534407675266,0.1000000014901161,0.4388570693834166,0,0.0900301858782768,0.8544444444442546,0.9944222222220012,0.5734953880310059
"shufflenetv2_x1_5-reg:3,lamb:1.0",0.0005,3,1.0,1,43253683_4,True,True,cifar10_shufflenetv2_x1_5,0.2641149461269378,0.2640525102615356,0.146763414144516,0.0268619060516357,1.0,0.2682472585290538,0,0.2931659817695617,0.910999999998178,0.9981999999980036,0.7279438972473145,0.0917137935757637,0.0915597081184387,0.0271853283047676,0.0239067878574132,1.0,0.0917088630853436,0,0.13450887799263,0.9713999999997842,0.9998666666664444,0.0870741680264473
"shufflenetv2_x1_0-reg:4,lamb:0.5",0.001,4,0.5,1,43253683_9,True,True,cifar10_shufflenetv2_x1_0,0.2649537920951843,0.2646546959877014,0.0645409524440765,0.0359210930764675,0.5,0.2631559825117878,0,0.29071906208992,0.9237999999981524,0.996999999998006,0.983620584011078,0.0226858370006084,0.0222838148474693,0.0013388749212026,0.012258849106729,0.5,0.0226953340157544,0,0.7047776579856873,0.995733333333112,0.9999999999997778,0.0135978525504469
"shufflenetv2_x1_5-reg:4,lamb:0.001",0.5,4,0.001,1,43253683_6,True,True,cifar10_shufflenetv2_x1_5,2.302603960037231,2.591428710729815e-05,4.33996319770813e-07,0.0048957020044326,0.0010000000474974,2.3026017654350026,0,0.0048957020044326,0.0951999999998096,0.4867999999990264,3.430733954701282e-07,2.3025832176208496,2.608907198009547e-05,4.1374005377292633e-07,0.000435896217823,0.0010000000474974,2.30258321613537,0,0.000435896217823,0.100533333333311,0.5014666666665553,3.411367970329593e-07
"shufflenetv2_x1_5-reg:3,lamb:0.1",0.005,3,0.1,1,43253683_2,True,True,cifar10_shufflenetv2_x1_5,2.302804708480835,0.0034842437598854,1.519918441772461e-06,0.0043503269553184,0.1000000014901161,2.302772020142254,0,0.0043503269553184,0.096999999999806,0.4875999999990248,6.941344327060506e-05,2.302598476409912,0.0034441682510077,8.940696716308594e-07,0.0010203048586845,0.1000000014901161,2.3025985413023315,0,0.0010203048586845,0.100333333333311,0.5013777777776663,6.778988608857617e-05
"shufflenetv2_x1_5-reg:4,lamb:0.01",0.05,4,0.01,1,43253683_7,True,True,cifar10_shufflenetv2_x1_5,2.3026630878448486,0.0003347579622641,1.657754182815552e-07,0.0051648989319801,0.0099999997764825,2.302655350010629,0,0.0051648989319801,0.0951999999998096,0.4867999999990264,5.652256731991656e-06,2.302579641342163,0.0003336332156322,2.831220626831055e-07,0.0001662224531173,0.0099999997764825,2.302579294420674,0,0.0001662224531173,0.100533333333311,0.5014666666665553,5.620074716716772e-06
"repvgg_a1-reg:5,lamb:2.0",0.00025,5,2.0,1,43253683_17,True,True,cifar10_repvgg_a1,0.2706550657749176,0.2706643939018249,0.4562872052192688,0.040242925286293,2.0,0.273396275800859,0,0.3349490165710449,0.937999999998124,0.9985999999980028,1.6227474212646484,0.0013243864523246,0.0013284543529152,0.0002760312054306,0.001095105195418,2.0,0.001323734803595,0,0.4101114869117737,0.9999555555553334,0.9999999999997778,0.0002134306851075
"mobilenetv2_x1_0-reg:4,lamb:2.0",0.00025,4,2.0,1,43253683_11,True,True,cifar10_mobilenetv2_x1_0,0.2552053034305572,0.2552120685577392,0.4285634160041809,0.0351243987679481,2.0,0.2596899482054449,0,0.2985900640487671,0.940999999998118,0.9977999999980044,1.4479732513427734,0.0018407602328807,0.0018425364978611,0.0004714527167379,0.0014606498880311,2.0,0.0018407372844058,0,0.5801714658737183,0.9998888888886668,0.9999999999997778,0.0003534712886903
"mobilenetv2_x1_0-reg:4,lamb:1.0",0.0005,4,1.0,1,43253683_10,True,True,cifar10_mobilenetv2_x1_0,0.2405587881803512,0.2405401021242141,0.1699725836515426,0.0331291146576404,1.0,0.2421073657181296,0,0.2105134129524231,0.9401999999981197,0.9967999999980064,1.1560561656951904,0.0058796843513846,0.0058462209999561,0.0007822951301932,0.0039578899741172,1.0,0.005881352008473,0,0.1919095516204834,0.9992444444442224,0.9999999999997778,0.002202967647463
"shufflenetv2_x2_0-reg:3,lamb:0.01",0.05,3,0.01,1,43253683_1,True,True,cifar10_shufflenetv2_x2_0,2.3025877475738525,0.000975479139015,3.632158041000366e-07,0.0037321299314498,0.0099999997764825,2.302581106465134,0,0.0037321299314498,0.1045999999997908,0.503999999998992,4.850261393585242e-05,2.302611827850342,0.000972413981799,6.034970283508301e-07,0.0013760924339294,0.0099999997764825,2.302611415905602,0,0.0013760924339294,0.0994888888888667,0.4995555555554445,4.813999476027675e-05
"mobilenetv2_x0_75-reg:5,lamb:0.001",0.5,5,0.001,1,43253683_12,True,True,cifar10_mobilenetv2_x0_75,2.3026046752929688,5.399228757596575e-05,4.3516047298908244e-07,0.0049965158104896,0.0010000000474974,2.302601646225713,0,0.0049965158104896,0.0951999999998096,0.4973999999990052,1.4515311477225623e-06,2.302583694458008,5.435938510345295e-05,4.139728844165802e-07,0.0003828927874565,0.0010000000474974,2.3025836374318365,0,0.0003828927874565,0.100533333333311,0.5002888888887778,1.4768401115361485e-06
"shufflenetv2_x1_5-reg:3,lamb:2.0",0.00025,3,2.0,1,43253683_5,True,True,cifar10_shufflenetv2_x1_5,0.3074394166469574,0.3074473738670349,0.4949027895927429,0.0449340194463729,2.0,0.3145761555350508,0,0.292475014925003,0.9177999999981644,0.9973999999980052,1.4480465650558472,0.0198066979646682,0.0198103990405797,0.0124012529850006,0.0099184494465589,2.0,0.0198033134103084,0,0.7177226543426514,0.9956888888886676,0.9999999999997778,0.0121879307553172
"shufflenetv2_x2_0-reg:3,lamb:0.001",0.5,3,0.001,1,43253683_0,True,True,cifar10_shufflenetv2_x2_0,2.302564859390259,8.21875364636071e-05,3.951136022806168e-07,0.0014828592538833,0.0010000000474974,2.302562843601984,0,0.0014828592538833,0.1017999999997964,0.502999999998994,3.3812664241850143e-06,2.3025894165039062,8.224618795793504e-05,4.1956081986427307e-07,0.0005163177847862,0.0010000000474974,2.302589238913794,0,0.0005163177847862,0.0997999999999778,0.4996666666665557,3.370330432517221e-06
"shufflenetv2_x1_5-reg:4,lamb:0.1",0.005,4,0.1,1,43253683_8,True,True,cifar10_shufflenetv2_x1_5,0.448091983795166,0.2976099550724029,0.0034941211342811,0.0116030210629105,0.1000000014901161,0.4509788868556568,0,0.1835518330335617,0.8467999999983065,0.993999999998012,0.7608416080474854,0.4018999934196472,0.250212550163269,0.0024588294327259,0.0400840863585472,0.1000000014901161,0.401948601661949,0,0.1138562932610511,0.8668222222220296,0.9958444444442232,0.5273953676223755
"mobilenetv2_x1_0-reg:5,lamb:0.1",0.005,5,0.1,1,43253683_14,True,True,cifar10_mobilenetv2_x1_0,2.302734613418579,0.0022519554477185,2.384185791015625e-07,0.0037095546722412,0.1000000014901161,2.302734600346283,0,0.0037095546722412,0.096999999999806,0.4901999999990196,3.0995579436421394e-05,2.3025851249694824,0.0022093662992119,5.066394805908203e-07,0.0004181414842605,0.1000000014901161,2.302585769652538,0,0.0004181414842605,0.100333333333311,0.5010888888887776,2.9997927413205616e-05
"mobilenetv2_x1_0-reg:5,lamb:0.01",0.05,5,0.01,1,43253683_13,True,True,cifar10_mobilenetv2_x1_0,2.3027055263519287,0.0005950847989879,5.867332220077515e-07,0.0035321936011314,0.0099999997764825,2.302704559605331,0,0.0035321936011314,0.096999999999806,0.4867999999990264,1.878929469967261e-05,2.302581787109375,0.0005846007843501,3.05473804473877e-07,0.0002395957708358,0.0099999997764825,2.3025823491587185,0,0.0002395957708358,0.100333333333311,0.5014666666665553,1.8182850908488035e-05
"shufflenetv2_x2_0-reg:3,lamb:0.5",0.001,3,0.5,1,43253683_3,True,True,cifar10_shufflenetv2_x2_0,0.3589470982551574,0.3487486243247986,0.0534416735172271,0.0076400898396968,0.5,0.3576442433595575,0,0.2290022373199463,0.8733999999982532,0.996999999998006,0.6578906178474426,0.2835578322410583,0.2693816125392914,0.0310811698436737,0.0409208908677101,0.5,0.2835386406299844,0,0.1033310294151306,0.9050444444442434,0.9983999999997782,0.3362369537353515
"mobilenetv2_x1_0-reg:5,lamb:0.5",0.001,5,0.5,1,43253683_15,True,True,cifar10_mobilenetv2_x1_0,0.2624767422676086,0.2605762481689453,0.0485672056674957,0.0174314975738525,0.5,0.2637831388585106,0,0.2361299693584442,0.9113999999981772,0.9973999999980052,0.6490643620491028,0.1327623426914215,0.1301304101943969,0.0141942054033279,0.0255396664142608,0.5,0.1328233855023695,0,0.8053174018859863,0.9575111111108984,0.9996888888886668,0.1542081981897354
"shufflenetv2_x1_5-reg:4,lamb:0.5",0.001,4,0.5,1,43253683_9,True,True,cifar10_shufflenetv2_x1_5,0.2566471695899963,0.2564128637313843,0.0658903419971466,0.0349145084619522,0.5,0.2582142240008081,0,0.2751714587211609,0.92999999999814,0.997999999998004,1.0639184713363647,0.0107780573889613,0.0104563245549798,0.0004919110797345,0.0065997140482068,0.5,0.0107838104007226,0,0.1745257973670959,0.9981111111108892,0.9999999999997778,0.0048577776178717
"shufflenetv2_x2_0-reg:3,lamb:1.0",0.0005,3,1.0,1,43253683_4,True,True,cifar10_shufflenetv2_x2_0,0.2780148088932037,0.2779826819896698,0.1644627153873443,0.0315964743494987,1.0,0.2762738874663381,0,0.1478364467620849,0.9121999999981756,0.9967999999980064,0.883115291595459,0.0633943453431129,0.0633052140474319,0.016681469976902,0.02228887937963,1.0,0.0634223041723599,0,0.4828315377235412,0.9825111111108928,0.9999999999997778,0.0527557730674743
"shufflenetv2_x2_0-reg:4,lamb:0.001",0.5,4,0.001,1,43253683_6,True,True,cifar10_shufflenetv2_x2_0,2.3026041984558105,2.708683859964367e-05,4.349276423454285e-07,0.0048960894346237,0.0010000000474974,2.302604578774235,0,0.0048960894346237,0.0951999999998096,0.4867999999990264,3.665967653887492e-07,2.3025832176208496,2.693481292226352e-05,4.135072231292725e-07,0.0004358515143394,0.0010000000474974,2.3025831727865373,0,0.0004358515143394,0.100533333333311,0.5014666666665553,3.630487981354236e-07
"shufflenetv2_x2_0-reg:3,lamb:0.1",0.005,3,0.1,1,43253683_2,True,True,cifar10_shufflenetv2_x2_0,2.302628993988037,0.0042451340705156,1.4901161193847656e-07,0.0044327229261398,0.1000000014901161,2.3026208627631792,0,0.0044327229261398,0.096999999999806,0.503999999998992,9.25345011637546e-05,2.302631378173828,0.0042425007559359,3.576278686523438e-07,0.0010638758540153,0.1000000014901161,2.302631025833732,0,0.0010638758540153,0.100333333333311,0.4995555555554445,9.226817928720266e-05
"shufflenetv2_x2_0-reg:4,lamb:0.01",0.05,4,0.01,1,43253683_7,True,True,cifar10_shufflenetv2_x2_0,2.302662849426269,0.0003324965946376,1.1138617992401123e-06,0.0051481127738952,0.0099999997764825,2.302663790028325,0,0.0051481127738952,0.0951999999998096,0.4867999999990264,5.606425929727266e-06,2.302579879760742,0.0003310165193397,2.831220626831055e-07,0.0001681596040725,0.0099999997764825,2.302579652048543,0,0.0001681596040725,0.100533333333311,0.5014666666665553,5.557568329095375e-06
"mobilenetv2_x0_5-reg:5,lamb:1.0",0.0005,5,1.0,1,43253683_16,True,True,cifar10_mobilenetv2_x0_5,0.247321143746376,0.247276172041893,0.1516389995813369,0.0300181582570076,1.0,0.247111951436226,0,0.1422437727451324,0.9231999999981536,0.9965999999980067,0.8612706661224365,0.0595509707927703,0.0594257079064846,0.0167586505413055,0.0182205624878406,1.0,0.0595777052187968,0,0.1706519126892089,0.9825777777775596,0.9999555555553334,0.0539362356066703
"shufflenetv2_x2_0-reg:4,lamb:0.1",0.005,4,0.1,1,43253683_8,True,True,cifar10_shufflenetv2_x2_0,0.4393871426582336,0.2971130013465881,0.0034914761781692,0.004700468853116,0.1000000014901161,0.4375718025165427,0,0.3086297512054443,0.8493999999983012,0.9955999999980089,0.760600745677948,0.3748295605182648,0.2369434833526611,0.0022580400109291,0.0422255769371986,0.1000000014901161,0.3747892325361753,0,0.0822731852531433,0.8770444444442496,0.995933333333112,0.4844642877578735
"mobilenetv2_x1_4-reg:4,lamb:2.0",0.00025,4,2.0,1,43253683_11,True,True,cifar10_mobilenetv2_x1_4,0.2660714387893677,0.26606485247612,0.4540760517120361,0.0392616428434848,2.0,0.2667123368539008,0,0.280314952135086,0.940999999998118,0.9975999999980047,1.5402071475982666,0.0019690110348165,0.0019574330653995,0.0010579256340861,0.0010717110708355,2.0,0.0019678886669802,0,0.3248997926712036,0.9997111111108892,0.9999999999997778,0.0013952164445072
"shufflenetv2_x2_0-reg:3,lamb:2.0",0.00025,3,2.0,1,43253683_5,True,True,cifar10_shufflenetv2_x2_0,0.2967410981655121,0.2967483401298523,0.4846298098564148,0.0416617766022682,2.0,0.2963497510560773,0,0.2891554236412048,0.925999999998148,0.9971999999980056,1.543126940727234,0.0144424829632043,0.0144450925290584,0.0084086246788501,0.0078446837142109,2.0,0.0144519500309771,0,0.2938031256198883,0.9971111111108896,0.9999999999997778,0.0080006159842014
"repvgg_a2-reg:5,lamb:2.0",0.00025,5,2.0,1,43253683_17,True,True,cifar10_repvgg_a2,0.2422182559967041,0.2422271221876144,0.4075331687927246,0.036403764039278,2.0,0.2463611318429334,0,0.36429163813591,0.9427999999981144,0.9973999999980052,1.4288758039474487,0.0010801579337567,0.0010811121901497,0.000211005564779,0.000833886268083,2.0,0.0010796077266073,0,0.3211908340454101,0.9999333333331112,0.9999999999997778,0.0001680242130532
"mobilenetv2_x1_4-reg:4,lamb:1.0",0.0005,4,1.0,1,43253683_10,True,True,cifar10_mobilenetv2_x1_4,0.2236079573631286,0.2235883474349975,0.1573294997215271,0.0316215753555297,1.0,0.2226665607471548,0,0.2533926963806152,0.9427999999981144,0.9975999999980047,1.1003446578979492,0.0038331195246428,0.0038003486115485,0.0003913089167326,0.0028612727764993,1.0,0.0038325113337426,0,0.1939287185668945,0.9996444444442224,0.9999999999997778,0.0011394078610464
"shufflenetv2_x2_0-reg:4,lamb:0.5",0.001,4,0.5,1,43253683_9,True,True,cifar10_shufflenetv2_x2_0,0.2517163157463074,0.2514885067939758,0.0655525624752044,0.0372408851981163,0.5,0.2471085264043273,0,0.3596516251564026,0.9303999999981392,0.997999999998004,1.077037334442139,0.0086454600095748,0.0083331409841775,0.0003087148070335,0.0061901044100522,0.5,0.0086494218275349,0,0.2285757064819336,0.9990666666664448,0.9999999999997778,0.0029045238625258
"mobilenetv2_x1_0-reg:5,lamb:0.001",0.5,5,0.001,1,43253683_12,True,True,cifar10_mobilenetv2_x1_0,2.30261754989624,5.899828829569742e-05,4.477333277463913e-07,0.0031646564602851,0.0010000000474974,2.302614651959197,0,0.0031646564602851,0.096999999999806,0.4917999999990164,1.724015646686894e-06,2.3025825023651123,5.830797454109416e-05,4.130415618419647e-07,0.0001934245228767,0.0010000000474974,2.302582517135445,0,0.0001934245228767,0.100333333333311,0.5009111111109998,1.7071040474547772e-06
"mobilenetv2_x1_4-reg:5,lamb:0.1",0.005,5,0.1,1,43253683_14,True,True,cifar10_mobilenetv2_x1_4,1.0766170024871826,0.3703804016113281,0.0040783584117889,0.0467699356377124,0.1000000014901161,1.0745244974485777,0,0.0989971160888672,0.6057999999987884,0.9651999999980696,0.8499878644943237,1.1338980197906494,0.3715895414352417,0.0040243268013,0.0626420900225639,0.1000000014901161,1.1339388915793993,0,0.0959654450416565,0.5959111111109787,0.959311111110898,0.8335074186325073
"mobilenetv2_x1_4-reg:5,lamb:0.01",0.05,5,0.01,1,43253683_13,True,True,cifar10_mobilenetv2_x1_4,2.3026437759399414,0.0005920483963564,9.238719940185548e-07,0.0033312141895294,0.0099999997764825,2.302656077187295,0,0.0033312141895294,0.0971999999998056,0.4915999999990168,1.812407936085947e-05,2.30258846282959,0.0005904363351874,3.725290298461914e-07,0.0002617090940475,0.0099999997764825,2.302589173890545,0,0.0002617090940475,0.1003111111110888,0.5009333333332221,1.8062863091472536e-05
"mobilenetv2_x1_4-reg:5,lamb:0.5",0.001,5,0.5,1,43253683_15,True,True,cifar10_mobilenetv2_x1_4,0.256876677274704,0.2551629543304443,0.0459464639425277,0.014653910882771,0.5,0.2575025937163777,0,0.0870904624462127,0.9143999999981712,0.9977999999980044,0.6032350659370422,0.1363041996955871,0.1336782276630401,0.0142895281314849,0.0263260845094919,0.5,0.1363086953512413,0,0.1621170490980148,0.9553555555553432,0.9997333333331112,0.154367595911026
"mobilenetv2_x0_75-reg:5,lamb:1.0",0.0005,5,1.0,1,43253683_16,True,True,cifar10_mobilenetv2_x0_75,0.2385254651308059,0.2384977340698242,0.153665617108345,0.0321756154298782,1.0,0.2382584406734313,0,0.1874609887599945,0.9297999999981404,0.9975999999980047,0.9249823093414308,0.0302552618086338,0.0301856379956007,0.0071219839155673,0.0126664768904447,1.0,0.0302766113344903,0,0.7051354050636292,0.9923777777775572,0.9999999999997778,0.0215843953192234
"mobilenetv2_x1_4-reg:5,lamb:0.001",0.5,5,0.001,1,43253683_12,True,True,cifar10_mobilenetv2_x1_4,2.3025925159454346,3.471140007604845e-05,4.230532795190811e-07,0.0029355883598327,0.0010000000474974,2.302594147961404,0,0.0029355883598327,0.0971999999998056,0.4933999999990132,6.061677026991674e-07,2.302584648132324,3.499542435747571e-05,4.149042069911957e-07,0.0002022236585617,0.0010000000474974,2.302584776693342,0,0.0002022236585617,0.1003111111110888,0.5007333333332221,6.112882147135679e-07
"shufflenetv2_x0_5-reg:4,lamb:2.0",0.00025,4,2.0,1,43253683_11,True,True,cifar10_shufflenetv2_x0_5,0.368254542350769,0.3682616055011749,0.5896050930023193,0.048544343560934,2.0,0.3656981898505867,0,0.2317342758178711,0.9037999999981924,0.9967999999980064,1.7974915504455566,0.0367666706442832,0.036769650876522,0.0254767388105392,0.0158616155385971,2.0,0.0367870915247476,0,0.7180756330490112,0.9909111111108908,0.9999999999997778,0.0245930384844541
"shufflenetv2_x0_5-reg:4,lamb:1.0",0.0005,4,1.0,1,43253683_10,True,True,cifar10_shufflenetv2_x0_5,0.296679139137268,0.2966638207435608,0.1863762140274048,0.0337142720818519,1.0,0.2935112743102221,0,0.1780415177345276,0.9141999999981716,0.996999999998006,1.1386239528656006,0.0500731021165847,0.050025712698698,0.0121130496263504,0.0205752700567245,1.0,0.0500901121067378,0,0.1661499142646789,0.9874666666664472,0.9999777777775556,0.03713358938694
"mobilenetv2_x1_0-reg:5,lamb:1.0",0.0005,5,1.0,1,43253683_16,True,True,cifar10_mobilenetv2_x1_0,0.239498108625412,0.2394551038742065,0.1572093665599823,0.03288334608078,1.0,0.2398969097726105,0,0.1869066953659057,0.9317999999981365,0.9983999999980032,0.9804666638374328,0.0237373951822519,0.0236621312797069,0.0053705815225839,0.0099621191620826,1.0,0.0237547996313445,0,0.1525413393974304,0.9938444444442236,0.9999999999997778,0.0159645415842533
"mobilenetv2_x0_5-reg:5,lamb:2.0",0.00025,5,2.0,1,43253683_17,True,True,cifar10_mobilenetv2_x0_5,0.3061168491840362,0.3061249554157257,0.5029025673866272,0.0434952788054943,2.0,0.3043097121982136,0,0.183267593383789,0.9241999999981516,0.9965999999980067,1.5626059770584106,0.0166346058249473,0.0166377481073141,0.0102637261152267,0.0084270033985376,2.0,0.0166367536866897,0,0.2954457998275757,0.9964666666664452,0.9999999999997778,0.0098612923175096
"shufflenetv2_x0_5-reg:5,lamb:0.1",0.005,5,0.1,1,43253683_14,True,True,cifar10_shufflenetv2_x0_5,1.1545168161392212,0.3759597837924957,0.0041340440511703,0.0551975071430206,0.1000000014901161,1.1511463993992497,0,0.0885128378868103,0.585999999998828,0.962999999998074,0.8581526279449463,1.1886780261993408,0.3643297851085663,0.0038470476865768,0.0739300623536109,0.1000000014901161,1.1887551498008586,0,0.1188150644302368,0.5791999999998714,0.9547555555553434,0.7958147525787354
"shufflenetv2_x0_5-reg:5,lamb:0.01",0.05,5,0.01,1,43253683_13,True,True,cifar10_shufflenetv2_x0_5,2.302724599838257,0.0007600455428473,-1.7508864402771e-07,0.0056929290294647,0.0099999997764825,2.302709041874616,0,0.0056929290294647,0.0951999999998096,0.4903999999990192,2.836641579051502e-05,2.3025856018066406,0.0007630076142959,3.4458935260772705e-07,0.0003620758652687,0.0099999997764825,2.302585551553724,0,0.0003620758652687,0.100533333333311,0.5010666666665553,2.8632213798118755e-05
"shufflenetv2_x0_5-reg:5,lamb:0.5",0.001,5,0.5,1,43253683_15,True,True,cifar10_shufflenetv2_x0_5,0.3433594107627868,0.3373164534568786,0.0559265315532684,0.0126873347908258,0.5,0.3427549904361225,0,0.2700769007205963,0.87999999999824,0.9957999999980084,0.7082487344741821,0.2469749748706817,0.2373296916484832,0.0268955379724502,0.0373553186655044,0.5,0.2470112585914942,0,0.1994223296642303,0.917377777777574,0.9988222222220005,0.2900727689266205
"shufflenetv2_x1_0-reg:4,lamb:2.0",0.00025,4,2.0,1,43253683_11,True,True,cifar10_shufflenetv2_x1_0,0.3196609616279602,0.3196707665920257,0.5444828271865845,0.0476345866918563,2.0,0.317137093683461,0,0.3647004365921021,0.9285999999981428,0.9977999999980044,1.8366522789001465,0.0024649696424603,0.0024707424454391,0.0005354080349206,0.0021858362015336,2.0,0.0024654886548975,0,0.3538899421691894,0.9999555555553334,0.9999999999997778,0.000343968742527
"shufflenetv2_x1_0-reg:4,lamb:1.0",0.0005,4,1.0,1,43253683_10,True,True,cifar10_shufflenetv2_x1_0,0.2720409035682678,0.2720251679420471,0.1914010643959045,0.0374946631491184,1.0,0.2674474610541157,0,0.2827427685260772,0.9315999999981368,0.9967999999980064,1.3450545072555542,0.0060937665402889,0.0060614310204982,0.0008723996579647,0.0038996371440589,1.0,0.0060960398355093,0,0.1791074275970459,0.9991111111108892,0.9999999999997778,0.0025024581700563
"shufflenetv2_x1_0-reg:5,lamb:0.1",0.005,5,0.1,1,43253683_14,True,True,cifar10_shufflenetv2_x1_0,0.9369941353797911,0.3697037696838379,0.0041389092803001,0.0531291291117668,0.1000000014901161,0.9375950093349744,0,0.0847625136375427,0.6701999999986596,0.9745999999980508,0.8649821877479553,0.9889125227928162,0.3690248429775238,0.0040369033813476,0.0642313212156295,0.1000000014901161,0.9888429380391468,0,0.0926138758659362,0.6536444444442993,0.9687555555553404,0.8392510414123535
"shufflenetv2_x1_0-reg:5,lamb:0.01",0.05,5,0.01,1,43253683_13,True,True,cifar10_shufflenetv2_x1_0,2.30273985862732,0.0007619899115525,-2.2351741790771484e-08,0.0038929507136344,0.0099999997764825,2.3027496564795453,0,0.0038929507136344,0.096999999999806,0.4907999999990184,2.9651211661985144e-05,2.302584171295166,0.0007541453815065,3.296881914138794e-07,0.0005620792508125,0.0099999997764825,2.30258305628655,0,0.0005620792508125,0.100333333333311,0.5010222222221109,2.9099614039296284e-05
"shufflenetv2_x1_0-reg:5,lamb:0.5",0.001,5,0.5,1,43253683_15,True,True,cifar10_shufflenetv2_x1_0,0.2706349790096283,0.2695033252239227,0.0527493208646774,0.0213050618767738,0.5,0.2681630543023637,0,0.8125894069671631,0.9115999999981768,0.9971999999980056,0.7162421941757202,0.1031858995556831,0.1014812141656875,0.0095683373510837,0.027446923777461,0.5,0.1032335614007238,0,0.127963125705719,0.9686888888886735,0.9998888888886668,0.1007854714989662
"mobilenetv2_x0_75-reg:5,lamb:2.0",0.00025,5,2.0,1,43253683_17,True,True,cifar10_mobilenetv2_x0_75,0.2897440791130066,0.289753645658493,0.4835771322250366,0.0420452952384948,2.0,0.2856969574900508,0,0.2479055225849151,0.9313999999981372,0.9965999999980067,1.61237633228302,0.0078563243150711,0.0078616067767143,0.004157930612564,0.0045529808849096,2.0,0.0078544436277465,0,0.3630797564983368,0.9985333333331116,0.9999999999997778,0.0041286526247859
"mobilenetv2_x1_4-reg:5,lamb:1.0",0.0005,5,1.0,1,43253683_16,True,True,cifar10_mobilenetv2_x1_4,0.2312166392803192,0.2311866879463196,0.1540157496929168,0.0318844765424728,1.0,0.2309674410857262,0,0.2878169417381286,0.935999999998128,0.9981999999980036,0.9703537821769714,0.0143011324107646,0.0142502812668681,0.0027435533702373,0.0074491212144494,1.0,0.0143155189783814,0,0.1658183336257934,0.9969777777775564,0.9999999999997778,0.0081640807911753
"shufflenetv2_x1_5-reg:4,lamb:2.0",0.00025,4,2.0,1,43253683_11,True,True,cifar10_shufflenetv2_x1_5,0.2995272278785705,0.29953733086586,0.5015164613723755,0.0437532402575016,2.0,0.302574526367296,0,0.6581363677978516,0.9293999999981412,0.996999999998006,1.7295883893966677,0.0021249337587505,0.0021321377716958,0.0004218188114464,0.0018591387197375,2.0,0.0021249163509012,0,0.5044052600860596,0.9999111111108888,0.9999999999997778,0.0002677421434782
"shufflenetv2_x0_5-reg:5,lamb:0.001",0.5,5,0.001,1,43253683_12,True,True,cifar10_shufflenetv2_x0_5,2.3026065826416016,6.301968096522614e-05,1.3906974345445633e-06,0.0050807893276214,0.0010000000474974,2.3026047218253822,0,0.0050807893276214,0.0951999999998096,0.4985999999990028,1.96435212274082e-06,2.302583694458008,6.359447434078902e-05,4.144385457038881e-07,0.0002280324697494,0.0010000000474974,2.30258402892598,0,0.0002280324697494,0.100533333333311,0.5001555555554444,2.0124841739743715e-06
"shufflenetv2_x1_5-reg:4,lamb:1.0",0.0005,4,1.0,1,43253683_10,True,True,cifar10_shufflenetv2_x1_5,0.2408743649721145,0.2408615797758102,0.1684065610170364,0.0349272415041923,1.0,0.244620609906195,0,0.2500110864639282,0.9373999999981252,0.997999999998004,1.1598107814788818,0.0040122759528458,0.0039886487647891,0.0004331362433731,0.0029542865231633,1.0,0.0040154750178805,0,0.2845056354999542,0.999622222222,0.9999999999997778,0.0012234065216034
"shufflenetv2_x1_5-reg:5,lamb:0.1",0.005,5,0.1,1,43253683_14,True,True,cifar10_shufflenetv2_x1_5,0.8638575673103333,0.3683298528194427,0.0042410269379615,0.04102373868227,0.1000000014901161,0.863244357273494,0,0.1275186687707901,0.6975999999986048,0.9791999999980416,0.8936665654182434,0.8951157927513123,0.3572938442230224,0.0038821175694465,0.064720869064331,0.1000000014901161,0.8952370627528579,0,0.091793954372406,0.6899555555554022,0.9763111111108942,0.8104316592216492
"shufflenetv2_x1_5-reg:5,lamb:0.01",0.05,5,0.01,1,43253683_13,True,True,cifar10_shufflenetv2_x1_5,2.302642107009888,0.0005279516335576,-4.4703483581542975e-08,0.0006168261170387,0.0099999997764825,2.302622960846674,0,0.0006168261170387,0.0999999999998,0.4973999999990052,1.3759780813416e-05,2.302586555480957,0.0005270457477308,3.501772880554199e-07,0.0005963295698165,0.0099999997764825,2.302585856350204,0,0.0005963295698165,0.0999999999999778,0.5002888888887778,1.3747765478910878e-05
"shufflenetv2_x1_5-reg:5,lamb:0.5",0.001,5,0.5,1,43253683_15,True,True,cifar10_shufflenetv2_x1_5,0.2501856982707977,0.2495810687541961,0.0515597909688949,0.0228610914200544,0.5,0.2522677569320097,0,0.2743221223354339,0.9191999999981616,0.9983999999980032,0.7380014657974243,0.0640122145414352,0.0631012842059135,0.0052030906081199,0.0219454690814018,0.5,0.064068795051172,0,0.1593653559684753,0.9820444444442262,0.9999999999997778,0.053932100534439
"mobilenetv2_x1_0-reg:5,lamb:2.0",0.00025,5,2.0,1,43253683_17,True,True,cifar10_mobilenetv2_x1_0,0.2776086926460266,0.2776169180870056,0.4645792245864868,0.0415285117924213,2.0,0.2783892965414942,0,0.2419486045837402,0.9337999999981323,0.9975999999980047,1.4568275213241575,0.0054569253697991,0.0054599689319729,0.0025606174021959,0.0036383538972586,2.0,0.0054847025435042,0,0.3286848068237304,0.9993333333331114,0.9999999999997778,0.0030057872645556
"shufflenetv2_x1_0-reg:5,lamb:0.001",0.5,5,0.001,1,43253683_12,True,True,cifar10_shufflenetv2_x1_0,2.30261492729187,5.929996041231789e-05,4.454050213098526e-07,0.0032565742731094,0.0010000000474974,2.3026179182937287,0,0.0032565742731094,0.096999999999806,0.4907999999990184,1.7425395526515786e-06,2.3025827407836914,5.8881712902802974e-05,4.135072231292725e-07,5.842745304107666e-05,0.0010000000474974,2.302582499524981,0,5.842745304107666e-05,0.100333333333311,0.5010222222221109,1.7407785435352707e-06
"shufflenetv2_x2_0-reg:4,lamb:2.0",0.00025,4,2.0,1,43253683_11,True,True,cifar10_shufflenetv2_x2_0,0.2894773483276367,0.2894827425479889,0.4860849380493164,0.043058693408966,2.0,0.2885490945028945,0,0.3204377889633178,0.9315999999981368,0.9971999999980056,1.6241306066513062,0.0013392285909503,0.0013391253305599,0.0003114375285804,0.0010804642224684,2.0,0.0013388081959651,0,0.509857714176178,0.9999555555553334,0.9999999999997778,0.000266671355348
"shufflenetv2_x2_0-reg:4,lamb:1.0",0.0005,4,1.0,1,43253683_10,True,True,cifar10_shufflenetv2_x2_0,0.2408361732959747,0.2408241927623748,0.1695804893970489,0.0344414412975311,1.0,0.2384928173124419,0,0.2565149068832397,0.9377999999981244,0.9967999999980064,1.1830097436904907,0.0027813108172267,0.0027534065302461,0.0001615674700587,0.0023756143637001,1.0,0.0027817203714625,0,0.2749366164207458,0.9998888888886668,0.9999999999997778,0.0003800207341555
"shufflenetv2_x2_0-reg:5,lamb:0.1",0.005,5,0.1,1,43253683_14,True,True,cifar10_shufflenetv2_x2_0,0.9529505372047424,0.3693831264972687,0.0041562169790267,0.0576504692435264,0.1000000014901161,0.9530831511023616,0,0.1072675883769989,0.6707999999986585,0.9747999999980504,0.870849072933197,0.988436222076416,0.3594002425670624,0.0038490891456604,0.0747643262147903,0.1000000014901161,0.9883833184954038,0,0.10943603515625,0.6567777777776319,0.9699111111108956,0.8003025054931641
"shufflenetv2_x2_0-reg:5,lamb:0.01",0.05,5,0.01,1,43253683_13,True,True,cifar10_shufflenetv2_x2_0,2.3026223182678223,0.0004205175500828,7.096678018569946e-07,0.003532551229,0.0099999997764825,2.30262890939022,0,0.003532551229,0.096999999999806,0.5013999999989972,8.890807293937542e-06,2.30258584022522,0.0004182730917818,3.46451997756958e-07,0.0002396404743194,0.0099999997764825,2.302585563745583,0,0.0002396404743194,0.100333333333311,0.4998444444443334,8.777436960372142e-06
"shufflenetv2_x2_0-reg:5,lamb:0.5",0.001,5,0.5,1,43253683_15,True,True,cifar10_shufflenetv2_x2_0,0.2479224056005478,0.2473685592412949,0.0536353513598442,0.0248327478766441,0.5,0.2463825209697004,0,0.2428258061408996,0.9235999999981528,0.9977999999980044,0.7826346755027771,0.0571840889751911,0.0563923269510269,0.0044850651174783,0.0212329775094985,0.5,0.0571781523937722,0,0.1634573936462402,0.9849111111108924,0.9999555555553334,0.0458280406892299
"shufflenetv2_x0_5-reg:5,lamb:1.0",0.0005,5,1.0,1,43253683_16,True,True,cifar10_shufflenetv2_x0_5,0.3399260342121124,0.3397983610630035,0.1897690594196319,0.0310464892536401,1.0,0.3375117009680716,0,0.2597960531711578,0.887999999998224,0.9961999999980076,0.9678104519844056,0.1425482183694839,0.1421625763177871,0.0453201681375503,0.0296445749700069,1.0,0.1425955692140475,0,0.1092491149902343,0.9531555555553438,0.9997111111108892,0.1491526365280151
"shufflenetv2_x1_5-reg:5,lamb:0.001",0.5,5,0.001,1,43253683_12,True,True,cifar10_shufflenetv2_x1_5,2.302600383758545,6.332294287858531e-05,4.307366907596588e-07,0.000196635723114,0.0010000000474974,2.302594851296212,0,0.000196635723114,0.0999999999998,0.4901999999990196,2.0190859686408658e-06,2.302584648132324,6.394398951670155e-05,4.149042069911957e-07,0.0001504570245742,0.0010000000474974,2.302584364879433,0,0.0001504570245742,0.0999999999999778,0.5010888888887776,2.039462060565711e-06
"mobilenetv2_x1_4-reg:5,lamb:2.0",0.00025,5,2.0,1,43253683_17,True,True,cifar10_mobilenetv2_x1_4,0.2530701160430908,0.25307697057724,0.4237380027770996,0.0371924750506877,2.0,0.2553065030490359,0,0.2891782522201538,0.9395999999981208,0.9977999999980044,1.380624532699585,0.0035784728825092,0.0035804605577141,0.0015417113900184,0.0023629220668226,2.0,0.0035776993792206,0,0.2441344857215881,0.9995111111108892,0.9999999999997778,0.0014425925910472
"shufflenetv2_x1_0-reg:5,lamb:1.0",0.0005,5,1.0,1,43253683_16,True,True,cifar10_shufflenetv2_x1_0,0.3031555116176605,0.3031442165374756,0.2048774659633636,0.0401238799095153,1.0,0.2994725687794591,0,0.2439717054367065,0.9187999999981624,0.9967999999980064,1.3619204759597778,0.0241737775504589,0.0241403859108686,0.0053148679435253,0.011213457211852,1.0,0.0241864947561952,0,0.7060790061950684,0.9944666666664458,0.9999999999997778,0.0163959208875894
"shufflenetv2_x2_0-reg:5,lamb:0.001",0.5,5,0.001,1,43253683_12,True,True,cifar10_shufflenetv2_x2_0,2.3025991916656494,3.213525997125544e-05,4.295725375413896e-07,0.0049509778618812,0.0010000000474974,2.3025996315887207,0,0.0049509778618812,0.0951999999998096,0.4885999999990228,5.176819968255586e-07,2.302583694458008,3.24067659676075e-05,4.142057150602341e-07,0.0004226714372634,0.0010000000474974,2.302583817600422,0,0.0004226714372634,0.100533333333311,0.5012666666665553,5.186240059629199e-07
"shufflenetv2_x1_5-reg:5,lamb:1.0",0.0005,5,1.0,1,43253683_16,True,True,cifar10_shufflenetv2_x1_5,0.2615802884101867,0.2615719139575958,0.177033245563507,0.0377061888575553,1.0,0.2653071074351336,0,0.7024481296539307,0.9293999999981412,0.9977999999980044,1.1534359455108645,0.0123147768899798,0.0122901583090424,0.0021028323099017,0.0073552527464926,1.0,0.0123147664304217,0,0.7271016836166382,0.9979111111108894,0.9999999999997778,0.0060656308196485
"shufflenetv2_x0_5-reg:5,lamb:2.0",0.00025,5,2.0,1,43253683_17,True,True,cifar10_shufflenetv2_x0_5,0.3563008308410644,0.3563006520271301,0.5345010757446289,0.0422292277216911,2.0,0.3530978454374075,0,0.2252892255783081,0.89499999999821,0.9965999999980067,1.3056732416152954,0.0833739191293716,0.0833691358566284,0.0709779560565948,0.0225321352481842,2.0,0.0833853955163909,0,0.2877481579780578,0.9740666666664504,0.9999333333331112,0.0782846137881279
"shufflenetv2_x2_0-reg:5,lamb:1.0",0.0005,5,1.0,1,43253683_16,True,True,cifar10_shufflenetv2_x2_0,0.2597300112247467,0.2597204148769378,0.1785980761051178,0.0391502492129802,1.0,0.2590632392660868,0,0.2682432234287262,0.9293999999981412,0.9975999999980047,1.174559235572815,0.0096311895176768,0.0096071967855095,0.001607927493751,0.0057791289873421,1.0,0.0096292282787861,0,0.3803299069404602,0.9984222222220004,0.9999999999997778,0.004606794565916
"shufflenetv2_x1_0-reg:5,lamb:2.0",0.00025,5,2.0,1,43253683_17,True,True,cifar10_shufflenetv2_x1_0,0.3271055519580841,0.3271162211894989,0.5478373169898987,0.0447879210114479,2.0,0.322423878895957,0,0.3011865019798279,0.9255999999981488,0.9965999999980067,1.900848746299744,0.0082085859030485,0.0082151517271995,0.0040527842938899,0.0051866616122424,2.0,0.0082039616452313,0,0.6024087071418762,0.998777777777556,0.9999999999997778,0.0037285909056663
"shufflenetv2_x1_5-reg:5,lamb:2.0",0.00025,5,2.0,1,43253683_17,True,True,cifar10_shufflenetv2_x1_5,0.2800059914588928,0.2800151407718658,0.4630213975906372,0.0424835421144962,2.0,0.2848516760832363,0,0.2228215336799621,0.92999999999814,0.9973999999980052,1.4562093019485474,0.003470363561064,0.0034751058556139,0.0011929320171475,0.0025653901975601,2.0,0.0034705496510894,0,0.2305348217487335,0.9996444444442224,0.9999999999997778,0.0009352969354949
"shufflenetv2_x2_0-reg:5,lamb:2.0",0.00025,5,2.0,1,43253683_17,True,True,cifar10_shufflenetv2_x2_0,0.2715133130550384,0.2715226113796234,0.4525162577629089,0.041991040110588,2.0,0.2687388061133418,0,0.3509315550327301,0.9331999999981336,0.9971999999980056,1.4123743772506714,0.0037774099037051,0.0037827312480658,0.0017850901931524,0.0023546232841908,2.0,0.0037791854197086,0,0.3585139811038971,0.9994444444442224,0.9999999999997778,0.0017214209074154
vgg11_bn-baseline,0.0005,0,0.0,1,42305041,,True,cifar10_vgg11_bn,0.3435607850551605,0.0044302055612206,0.0,0.0526105426251888,0.0,0.3409906005644538,0,0.2504427433013916,0.9263999999981472,0.9965999999980067,1.9056425094604488,0.0019336285768076,4.306657865527086e-05,0.0,0.0010397578589618,0.0,0.0019338314690909,0,0.4812056720256805,0.9996666666664444,0.9999999999997778,0.0012097583385184
vgg13_bn-baseline,0.0005,0,0.0,1,42305041,,True,cifar10_vgg13_bn,0.2768397033214569,0.0035105724819004,0.0,0.0424852594733238,0.0,0.2775816446644947,0,0.2809478342533111,0.9411999999981177,0.9973999999980052,1.5787599086761477,0.0012969684321433,1.7199583453475498e-05,0.0,0.0008947903406806,0.0,0.0012961298364486,0,0.5613704919815063,0.9998666666664444,0.9999999999997778,0.0003029748040717
vgg16_bn-baseline,0.0005,0,0.0,1,42305041,,True,cifar10_vgg16_bn,0.3119278252124786,0.0044325739145278,0.0,0.0463053584098815,0.0,0.313661674998332,0,0.2991603314876556,0.9411999999981177,0.996999999998006,1.9870198965072632,0.0012346080038696,9.495269296166953e-06,0.0,0.0007713268860243,0.0,0.0012344774694819,0,0.4935523867607116,0.9998444444442224,0.9999999999997778,0.0004224168369546
vgg19_bn-baseline,0.0005,0,0.0,1,42305041,,True,cifar10_vgg19_bn,0.3387805819511413,0.0049225762486457,0.0,0.0510512553155422,0.0,0.3375083973806366,0,0.471172422170639,0.9365999999981268,0.9955999999980089,2.142729043960572,0.0012306811986491,2.13467501453124e-05,0.0,0.000692754460033,0.0,0.0012300250262635,0,0.4106281995773315,0.9998666666664444,0.9999999999997778,0.0007517071790061
repvgg_a0-baseline,0.0005,0,0.0,1,42305041,,True,cifar10_repvgg_a0,0.2604536414146423,0.0035748830996453,0.0,0.036557599902153,0.0,0.2640421262553366,0,0.1976775228977203,0.946999999998106,0.9977999999980044,1.5754717588424685,0.0011750755365937,1.2242328921274748e-05,0.0,0.0008777573239058,0.0,0.0011749768431228,0,0.532561719417572,0.9999555555553334,0.9999999999997778,0.0001162488115369
repvgg_a1-baseline,0.0005,0,0.0,1,42305041,,True,cifar10_repvgg_a1,0.2478502839803695,0.0032038220670074,0.0,0.0364577583968639,0.0,0.2482179398338673,0,0.3008089661598205,0.945999999998108,0.9977999999980044,1.425627827644348,0.0011336161987856,1.810122194001451e-05,0.0,0.0007749593933112,0.0,0.0011330179135936,0,0.4971886873245239,0.9999333333331112,0.9999999999997778,0.0002677278243936
repvgg_a2-baseline,0.0005,0,0.0,1,42305041,,True,cifar10_repvgg_a2,0.2140024155378341,0.0026784976944327,0.0,0.0319305881857872,0.0,0.21923761729365,0,0.292422741651535,0.9515999999980967,0.997999999998004,1.1547894477844238,0.0010322766611352,6.01122337684501e-06,0.0,0.0007931279833428,0.0,0.0010320639759059,0,0.4033490419387817,0.9999999999997778,0.9999999999997778,3.1319250410888344e-05
mobilenetv2_x0_5-baseline,0.0005,0,0.0,1,42305041,,True,cifar10_mobilenetv2_x0_5,0.2813364863395691,0.0029457297641783,0.0,0.0444071292877197,0.0,0.2806594146874939,0,0.2658193409442901,0.9263999999981472,0.9971999999980056,1.3176835775375366,0.0126457046717405,5.6473378208465874e-05,0.0,0.0061194845475256,0.0,0.0126676739157197,0,0.6744046211242676,0.9971999999997784,0.9999999999997778,0.0077904490754008
mobilenetv2_x0_75-baseline,0.0005,0,0.0,1,42305041,,True,cifar10_mobilenetv2_x0_75,0.24848173558712,0.0029916842468082,0.0,0.0362453162670135,0.0,0.2480777169268711,0,0.2675271332263946,0.9405999999981188,0.9977999999980044,1.2974374294281006,0.0046025635674595,3.364058648003265e-05,0.0,0.0030394284985959,0.0,0.0046048885637352,0,0.3749504983425141,0.9993777777775558,0.9999999999997778,0.0020243015605956
mobilenetv2_x1_0-baseline,0.0005,0,0.0,1,42305041,,True,cifar10_mobilenetv2_x1_0,0.2498326152563095,0.0028662551194429,0.0,0.0396500006318092,0.0,0.2498484770449471,0,0.2871955633163452,0.9393999999981212,0.997999999998004,1.281227469444275,0.002933983458206,2.1801155526191e-05,0.0,0.0019312928197905,0.0,0.0029331771939628,0,0.1885299682617187,0.9996444444442224,0.9999999999997778,0.001162388594821
mobilenetv2_x1_4-baseline,0.0005,0,0.0,1,42305041,,True,cifar10_mobilenetv2_x1_4,0.2166686505079269,0.0026030396111309,0.0,0.0314640067517757,0.0,0.2174120775268206,0,0.7134696245193481,0.9483999999981032,0.997999999998004,1.1171358823776243,0.0022620866075158,2.1683943487005308e-05,0.0,0.0015311817405745,0.0,0.0022642586791702,0,0.238903284072876,0.9997111111108892,0.9999999999997778,0.0006683048559352
shufflenetv2_x0_5-baseline,0.0005,0,0.0,1,42305041,,True,cifar10_shufflenetv2_x0_5,0.3627060353755951,0.0037506693042814,0.0,0.0577570796012878,0.0,0.3599672472167239,0,0.7391712665557861,0.9011999999981976,0.9953999999980092,1.6150734424591064,0.031473733484745,4.9320762627758086e-05,0.0,0.0122229075059294,0.0,0.0314744998450202,0,0.7230197191238403,0.9922666666664464,0.9999777777775556,0.0270346850156784
shufflenetv2_x1_0-baseline,0.0005,0,0.0,1,42305041,,True,cifar10_shufflenetv2_x1_0,0.2793775796890259,0.0035176780074834,0.0,0.0390985459089279,0.0,0.2741923055171911,0,0.2625852823257446,0.9333999999981332,0.9965999999980067,1.4889520406723022,0.003698871936649,2.5816421839408576e-05,0.0,0.002703245030716,0.0,0.0037009150339357,0,0.5590736865997314,0.9996888888886668,0.9999999999997778,0.0011975637171417
shufflenetv2_x1_5-baseline,0.0005,0,0.0,1,42305041,,True,cifar10_shufflenetv2_x1_5,0.245288610458374,0.0029621033463627,0.0,0.0342089310288429,0.0,0.250854608663659,0,0.2552171349525451,0.9415999999981168,0.9967999999980064,1.2747883796691897,0.002117998432368,2.1984995328239165e-05,0.0,0.001614726264961,0.0,0.0021322664584604,0,0.5517212152481079,0.9998666666664444,0.9999999999997778,0.0004091205482836
shufflenetv2_x2_0-baseline,0.0005,0,0.0,1,42305041,,True,cifar10_shufflenetv2_x2_0,0.2500070333480835,0.0028297747485339,0.0,0.0380147881805896,0.0,0.2490893057233385,0,0.2660587430000305,0.9377999999981244,0.9967999999980064,1.220658779144287,0.001695857848972,1.417341991327703e-05,0.0,0.0013679770054295,0.0,0.0016961793724505,0,0.4674842655658722,0.9999333333331112,0.9999999999997778,0.0001894018350867
resnet20-baseline,0.0005,0,0.0,1,42315712,,True,cifar10_resnet20,0.2857164442539215,0.0028967370744794,0.0,0.0425955504179,0.0,0.2828572815732491,0,0.2739182412624359,0.9231999999981536,0.9977999999980044,1.2758997678756714,0.0093814423307776,2.9441849619615823e-05,0.0,0.0065139755606651,0.0,0.0093780424115105,0,0.37933349609375,0.998799999999778,0.9999999999997778,0.0033222143538296
resnet32-baseline,0.0005,0,0.0,1,42315712,,True,cifar10_resnet32,0.2752978205680847,0.0036559279542416,0.0,0.039528489112854,0.0,0.2770384585962315,0,0.2712751626968384,0.9395999999981208,0.9965999999980067,1.6322307586669922,0.003603312652558,3.526458021951839e-05,0.0,0.002529235323891,0.0,0.0036029333130272,0,0.6596947908401489,0.9996444444442224,0.9999999999997778,0.0012319475645199
resnet44-baseline,0.0005,0,0.0,1,42315712,,True,cifar10_resnet44,0.2533156275749206,0.0031857234425842,0.0,0.0366980992257595,0.0,0.251482546948815,0,0.2570526599884033,0.9421999999981155,0.9975999999980047,1.3935896158218384,0.0022608833387494,1.7149866835097782e-05,0.0,0.0017445958219468,0.0,0.0022614052261935,0,0.5170114040374756,0.9998444444442224,0.9999999999997778,0.0004779422306455
resnet56-baseline,0.0005,0,0.0,1,42315712,,True,cifar10_resnet56,0.2941723167896271,0.0041818958707153,0.0,0.0451764948666095,0.0,0.2946997071074175,0,0.3653059005737304,0.9383999999981232,0.996999999998006,1.7921271324157717,0.00165242748335,1.2196685929666272e-05,0.0,0.0011737695895135,0.0,0.0016516875286193,0,0.2736018896102905,0.9998666666664444,0.9999999999997778,0.0003806669265031
