name,wd,reg,lamb,celoss,job_id,data_aug,sweep_model,eval/L,eval/alphaD,eval/cummulant,eval/ece,eval/lambd,eval/loss,eval/lr,eval/mce,eval/top1_acc,eval/top5_acc,eval/var,train/L,train/alphaD,train/cummulant,train/ece,train/lambd,train/loss,train/lr,train/mce,train/top1_acc,train/top5_acc,train/var
"resnet20-reg:3,lamb:0.001",0.0005,3,0.001,1,42516418_0,True,cifar100_resnet20,1.3010127544403076,0.07428332418203354,2.1083978936076164e-06,0.019703205674886703,0.0010000000474974513,1.299537729567211,0,0.09225821495056152,0.6391999999987216,0.8823999999982353,2.8365330696105957,1.0821199417114258,0.05767490714788437,1.6069971024990082e-06,0.06611701846122742,0.0010000000474974513,1.082039380892591,0,0.11648821830749512,0.6892222222220691,0.922399999999795,1.708752155303955
"resnet20-reg:3,lamb:0.01",0.0005,3,0.01,1,42516418_1,True,cifar100_resnet20,1.3424782752990725,0.2329964339733124,0.00014772918075323105,0.03500106930732727,0.009999999776482582,1.336895775126535,0,0.09241659939289092,0.6271999999987456,0.8815999999982368,2.9690964221954346,1.0928844213485718,0.17787285149097443,8.652079850435257e-05,0.05886152386665344,0.009999999776482582,1.0928394167317084,0,0.09970861673355104,0.6813777777776264,0.9215999999997952,1.730062484741211
"resnet20-reg:3,lamb:0.1",0.0005,3,0.1,1,42516418_2,True,cifar100_resnet20,1.3242652416229248,0.627964437007904,0.012164369225502014,0.02098475769162178,0.10000000149011612,1.321896784836717,0,0.08945217728614807,0.616999999998766,0.88499999999823,2.685883045196533,1.0676486492156982,0.4732411205768585,0.006963804364204407,0.08649423718452454,0.10000000149011612,1.067656208446377,0,0.1261562705039978,0.6921333333331796,0.928533333333127,1.4937520027160645
"resnet32-reg:3,lamb:0.001",0.0005,3,0.001,1,42516418_0,True,cifar100_resnet32,1.3077200651168823,0.07560566812753677,2.1400628611445427e-06,0.0364757627248764,0.0010000000474974513,1.3149992101770036,0,0.09551545977592468,0.6315999999987368,0.8931999999982136,2.9403440952301025,1.0260648727416992,0.05759069696068764,8.649658411741257e-07,0.05748891830444336,0.0010000000474974513,1.0261654091246557,0,0.09012734889984132,0.7032444444442882,0.928422222222016,1.7069956064224243
"resnet20-reg:3,lamb:1.0",0.0005,3,1.0,1,42516418_4,True,cifar100_resnet20,1.187167763710022,1.1363859176635742,0.5925174951553345,0.015355128794908524,1.0,1.1818957829526389,0,0.08955089747905731,0.6613999999986773,0.9093999999981812,2.6524853706359863,0.7068772315979004,0.6507046818733215,0.22997617721557617,0.12711411714553833,1.0,0.7068127938567971,0,0.20065182447433472,0.796799999999823,0.9763555555553386,0.7566807270050049
"resnet20-reg:3,lamb:2.0",0.0005,3,2.0,1,42516418_5,True,cifar100_resnet20,1.1844637393951416,1.17665433883667,1.5599074363708496,0.023771721869707108,2.0,1.1843550139704293,0,0.09547987580299376,0.6647999999986705,0.9137999999981724,2.8897407054901123,0.6154154539108276,0.6037012338638306,0.5677964687347412,0.12671315670013428,2.0,0.6153416550283956,0,0.19709855318069455,0.8276444444442606,0.9817777777775596,0.6560918688774109
"resnet20-reg:3,lamb:0.5",0.0005,3,0.5,1,42516418_3,True,cifar100_resnet20,1.2217836380004885,1.0281903743743896,0.20220422744750977,0.01022513583302498,0.5,1.22143290577852,0,0.08532865345478058,0.6525999999986948,0.90499999999819,2.537682056427002,0.8288910984992981,0.6578446626663208,0.09004369378089905,0.11648546904325484,0.5,0.8288355597924592,0,0.18474912643432617,0.7576444444442761,0.9636444444442304,0.9577375650405884
"resnet32-reg:3,lamb:0.01",0.0005,3,0.01,1,42516418_1,True,cifar100_resnet32,1.2845826148986816,0.22543084621429443,0.00013811420649290085,0.032383307814598083,0.009999999776482582,1.287879287552624,0,0.1538633406162262,0.6323999999987352,0.8941999999982116,2.7874367237091064,0.996596097946167,0.1707766205072403,8.017197251319885e-05,0.06497366726398468,0.009999999776482582,0.996684548134419,0,0.09987515211105348,0.7111111111109532,0.9337777777775704,1.6119287014007568
"resnet32-reg:3,lamb:0.1",0.0005,3,0.1,1,42516418_2,True,cifar100_resnet32,1.2524476051330566,0.6246373653411865,0.012242943048477173,0.024937210604548454,0.10000000149011612,1.2567509644900328,0,0.08998393267393112,0.6391999999987216,0.8965999999982068,2.7192771434783936,0.9331963062286376,0.4441364705562592,0.006335951387882233,0.07766259461641312,0.10000000149011612,0.9332029070513608,0,0.12154358625411989,0.7271111111109496,0.9434222222220128,1.3645074367523191
"resnet32-reg:3,lamb:1.0",0.0005,3,1.0,1,42516418_4,True,cifar100_resnet32,1.1580228805541992,1.1248971223831177,0.6119527816772461,0.03685451298952103,1.0,1.162700282946024,0,0.09539620578289032,0.6701999999986596,0.9177999999981644,2.9096622467041016,0.5241377949714661,0.493573933839798,0.1634867787361145,0.11580054461956024,1.0,0.5242500469129348,0,0.19895172119140625,0.8508666666664776,0.9880888888886694,0.533637523651123
"resnet32-reg:3,lamb:2.0",0.0005,3,2.0,1,42516418_5,True,cifar100_resnet32,1.2486820220947266,1.2443803548812866,1.746920108795166,0.06331649422645569,2.0,1.2541341298508382,0,0.17495696246623993,0.6595999999986808,0.908999999998182,3.484276533126831,0.533724308013916,0.5268336534500122,0.4939651489257813,0.10888485610485076,2.0,0.533813605054685,0,0.24172267317771912,0.8458444444442565,0.986511111110892,0.580823540687561
"resnet20-reg:4,lamb:0.001",0.0005,4,0.001,1,42516418_6,True,cifar100_resnet20,1.306307315826416,0.09588812291622162,2.6345951482653618e-06,0.11216239631175996,0.0010000000474974513,1.3039884173310607,0,0.22142046689987183,0.6781999999986437,0.9041999999981916,4.760788440704346,0.284060537815094,0.023915715515613556,8.193019311875105e-07,0.08226770162582397,0.0010000000474974513,0.2840948098770383,0,0.19533979892730713,0.9258888888886831,0.9951999999997788,0.3033507466316223
"resnet32-reg:3,lamb:0.5",0.0005,3,0.5,1,42516418_3,True,cifar100_resnet32,1.174067497253418,1.0304887294769287,0.20928430557250977,0.02868221327662468,0.5,1.1825638347911795,0,0.09814246743917464,0.6641999999986716,0.9125999999981748,2.677173852920532,0.6943978071212769,0.5772019624710083,0.07655471563339233,0.10036690533161163,0.5,0.6944452622002808,0,0.16176468133926392,0.7920666666664907,0.9742888888886724,0.8185453414916992
"resnet44-reg:3,lamb:0.001",0.0005,3,0.001,1,42516418_0,True,cifar100_resnet44,1.2288421392440796,0.07502175867557526,1.4633405953645706e-06,0.04788603633642197,0.0010000000474974513,1.2272969835820606,0,0.0870940089225769,0.6507999999986984,0.8997999999982004,2.895462989807129,0.8975786566734314,0.053935278207063675,1.1249212548136711e-06,0.057499416172504425,0.0010000000474974513,0.8975793359799179,0,0.09772872924804688,0.7367111111109474,0.9437333333331236,1.5020601749420166
"resnet20-reg:4,lamb:0.01",0.0005,4,0.01,1,42516418_7,True,cifar100_resnet20,1.2839184999465942,0.28491994738578796,0.0002239802852272987,0.1160825416445732,0.009999999776482582,1.2791050070089154,0,0.20438939332962036,0.675999999998648,0.9025999999981948,4.534053802490234,0.27750062942504883,0.06946080178022385,1.5072524547576904e-05,0.08312971889972687,0.009999999776482582,0.2774404541177686,0,0.19601410627365112,0.9290222222220158,0.9956888888886676,0.29241499304771423
"resnet44-reg:3,lamb:0.01",0.0005,3,0.01,1,42516418_1,True,cifar100_resnet44,1.2414520978927612,0.2336902767419815,0.00014931615442037582,0.05677105858922005,0.009999999776482582,1.2394238406183098,0,0.110897958278656,0.6431999999987136,0.8991999999982017,3.0188026428222656,0.8882805705070496,0.16303175687789917,7.371604442596436e-05,0.05977357923984528,0.009999999776482582,0.8882433703849862,0,0.1067330837249756,0.7401999999998355,0.943866666666457,1.480596661567688
"resnet44-reg:3,lamb:0.1",0.0005,3,0.1,1,42516418_2,True,cifar100_resnet44,1.204981565475464,0.6257506608963013,0.012349575757980348,0.029670389369130135,0.10000000149011612,1.203691237563056,0,0.06672797352075577,0.6573999999986853,0.9017999999981964,2.744643211364746,0.8482029438018799,0.4199901819229126,0.00577881932258606,0.07229923456907272,0.10000000149011612,0.8480881458851811,0,0.12936389446258545,0.7478666666665005,0.9530666666664548,1.2463172674179075
"resnet20-reg:4,lamb:0.1",0.0005,4,0.1,1,42516418_8,True,cifar100_resnet20,1.2542707920074463,0.7554345726966858,0.018278926610946655,0.10869814455509186,0.10000000149011612,1.2513294511737278,0,0.18282872438430783,0.6773999999986452,0.9101999999981796,4.2409749031066895,0.2816426157951355,0.1701539158821106,0.0012134239077568054,0.09220359474420547,0.10000000149011612,0.281581173211593,0,0.22502624988555908,0.9292888888886824,0.9968444444442228,0.2568899393081665
"resnet20-reg:4,lamb:0.5",0.0005,4,0.5,1,42516418_9,True,cifar100_resnet20,1.2494454383850098,1.1822657585144043,0.28766846656799316,0.10140329599380492,0.5,1.2499610537001231,0,0.1936752200126648,0.6793999999986412,0.9103999999981792,4.304290294647217,0.2813605070114136,0.25069481134414673,0.021273553371429443,0.10416367650032043,0.5,0.28135108234963535,0,0.23666733503341675,0.9319333333331264,0.9984666666664448,0.21006253361701965
"resnet32-reg:4,lamb:0.001",0.0005,4,0.001,1,42516418_6,True,cifar100_resnet32,1.3358852863311768,0.10766967386007308,3.602239303290844e-06,0.13405880331993103,0.0010000000474974513,1.3441831224396332,0,0.25339990854263306,0.7021999999985956,0.9087999999981824,6.0146803855896,0.09622681140899658,0.010800975374877453,-9.428185876458885e-08,0.050723761320114136,0.0010000000474974513,0.09623295595237978,0,0.24821102619171145,0.983022222222004,0.9998888888886668,0.06463037431240082
"resnet44-reg:3,lamb:2.0",0.0005,3,2.0,1,42516418_5,True,cifar100_resnet44,1.2247207164764404,1.2232177257537842,1.8026237487792969,0.08816257864236832,2.0,1.2224458986369002,0,0.1685256063938141,0.6791999999986417,0.9093999999981812,4.070019245147705,0.342305988073349,0.33989429473876953,0.2942587733268738,0.09799931943416595,2.0,0.3422678913726647,0,0.200359046459198,0.9089777777775758,0.9948444444442236,0.33428722620010376
"resnet44-reg:3,lamb:1.0",0.0005,3,1.0,1,42516418_4,True,cifar100_resnet44,1.1689763069152832,1.1550757884979248,0.6856780052185059,0.08337220549583435,1.0,1.1633322858954227,0,0.1373368352651596,0.6817999999986364,0.9163999999981672,3.535292863845825,0.3721591532230377,0.3588559627532959,0.11068740487098694,0.09835497289896011,1.0,0.37204807334243595,0,0.19646286964416504,0.8960888888886898,0.9943777777775568,0.35763293504714966
"resnet44-reg:3,lamb:0.5",0.0005,3,0.5,1,42516418_3,True,cifar100_resnet44,1.1056727170944214,1.0191162824630735,0.22181981801986697,0.05425532162189483,0.5,1.1057013744547786,0,0.12864531576633453,0.6931999999986136,0.9203999999981592,3.03110933303833,0.484811007976532,0.42423737049102783,0.0499473512172699,0.09455093741416933,0.5,0.4847718370294939,0,0.16660809516906738,0.8571777777775873,0.98999999999978,0.5311363935470581
"resnet32-reg:4,lamb:0.01",0.0005,4,0.01,1,42516418_7,True,cifar100_resnet32,1.3253989219665527,0.3193156123161316,0.00028211064636707306,0.1381092518568039,0.009999999776482582,1.332220047046216,0,0.26051613688468933,0.6935999999986128,0.90999999999818,5.745723724365234,0.0965925008058548,0.030261101201176643,3.667606506496668e-06,0.05216456204652786,0.009999999776482582,0.09661367899104643,0,0.2888163924217224,0.9835333333331148,0.9996444444442224,0.061960767954587936
"resnet20-reg:5,lamb:0.001",0.0005,5,0.001,1,42516418_12,True,cifar100_resnet20,1.163660764694214,0.0778317078948021,2.0854640752077103e-06,0.06669339537620544,0.0010000000474974513,1.1620596283824407,0,0.10464811325073242,0.6715999999986568,0.912999999998174,3.128151178359986,0.606095552444458,0.04152105376124382,5.124602466821671e-07,0.07836809754371643,0.0010000000474974513,0.6060802279203847,0,0.14860481023788452,0.8239333333331503,0.973733333333117,0.8969683647155762
"resnet20-reg:4,lamb:1.0",0.0005,4,1.0,1,42516418_10,True,cifar100_resnet20,1.2629293203353882,1.2515690326690674,0.7732633352279663,0.09856483340263368,1.0,1.2584368282224814,0,0.16740787029266355,0.6713999999986572,0.9113999999981772,4.301220417022705,0.2862544655799866,0.2761352062225342,0.07123714685440063,0.11038441956043243,1.0,0.2862272106625746,0,0.2490825057029724,0.9331777777775704,0.9982444444442228,0.20970816910266876
"resnet20-reg:5,lamb:0.01",0.0005,5,0.01,1,42516418_13,True,cifar100_resnet20,1.1662744283676147,0.23740167915821075,0.00015570968389511108,0.05871547758579254,0.009999999776482582,1.164766990556075,0,0.09895873069763184,0.6753999999986492,0.90999999999818,3.1569581031799316,0.5804905891418457,0.12189280241727828,4.280637949705124e-05,0.080778568983078,0.009999999776482582,0.5804404321389504,0,0.1459755003452301,0.8328666666664817,0.9764666666664498,0.852533757686615
"resnet20-reg:4,lamb:2.0",0.0005,4,2.0,1,42516418_11,True,cifar100_resnet20,1.2870774269104004,1.286148190498352,1.9302482604980469,0.0975424349308014,2.0,1.2835733347673777,0,0.14387363195419312,0.6747999999986504,0.9023999999981952,4.495416164398193,0.2788272500038147,0.27720510959625244,0.21261417865753177,0.10693615674972534,2.0,0.27876577643279016,0,0.2371882200241089,0.9345999999997924,0.9979999999997784,0.20950302481651303
"resnet20-reg:5,lamb:0.1",0.0005,5,0.1,1,42516418_14,True,cifar100_resnet20,1.133272409439087,0.634170651435852,0.013019777834415436,0.05863764509558678,0.10000000149011612,1.1311415368623314,0,0.11199335753917694,0.67499999999865,0.9157999999981684,2.941528081893921,0.5603751540184021,0.3041786849498749,0.003315538167953491,0.09018614143133163,0.10000000149011612,0.5603144508891468,0,0.15603262186050415,0.8360666666664809,0.981422222222004,0.7119505405426025
"resnet56-reg:3,lamb:0.001",0.0005,3,0.001,1,42516418_0,True,cifar100_resnet56,1.2462488412857056,0.07501797378063202,1.703854650259018e-06,0.03529531881213188,0.0010000000474974513,1.2415524476519288,0,0.9346134662628174,0.6493999999987012,0.8951999999982097,2.8990018367767334,0.9113335609436036,0.05394605174660683,1.5283003449440002e-06,0.061357494443655014,0.0010000000474974513,0.9113631403741168,0,0.11083006858825684,0.7326888888887261,0.9420444444442352,1.50221586227417
"resnet32-reg:4,lamb:0.1",0.0005,4,0.1,1,42516418_8,True,cifar100_resnet32,1.355010747909546,0.8861700296401978,0.02492539584636688,0.13866698741912842,0.10000000149011612,1.3572232716449968,0,0.2537447512149811,0.6977999999986044,0.9065999999981867,5.970709800720215,0.09767976403236388,0.06768613308668137,0.00026270467787981033,0.05557548999786377,0.10000000149011612,0.0976677089239095,0,0.3272089958190918,0.9841333333331148,0.9999333333331112,0.05473533272743225
"resnet32-reg:4,lamb:0.5",0.0005,4,0.5,1,42516418_9,True,cifar100_resnet32,1.3314489126205444,1.294216871261597,0.34347695112228394,0.1368342787027359,0.5,1.3399368398642415,0,0.2830657362937927,0.6863999999986272,0.9101999999981796,5.6070427894592285,0.10177133977413176,0.0944552645087242,0.005213253200054169,0.061021413654088974,0.5,0.10180239078264358,0,0.26511335372924805,0.9844444444442256,0.9998888888886668,0.05001430958509445
"resnet20-reg:5,lamb:0.5",0.0005,5,0.5,1,42516418_15,True,cifar100_resnet20,1.167861819267273,1.0635316371917725,0.2327813506126404,0.05844792723655701,0.5,1.164300912036487,0,0.10276693105697632,0.6733999999986532,0.9073999999981852,3.22214674949646,0.44833603501319885,0.3873501121997833,0.04149742424488067,0.11076848953962326,0.5,0.4483049464241981,0,0.19695711135864255,0.8744666666664724,0.9927333333331128,0.4264753460884094
"resnet56-reg:3,lamb:0.01",0.0005,3,0.01,1,42516418_1,True,cifar100_resnet56,1.2704604864120483,0.2323957681655884,0.0001475755125284195,0.03548194468021393,0.009999999776482582,1.2656575017799672,0,0.09641705453395844,0.6473999999987052,0.8975999999982048,2.975830316543579,0.9356908798217772,0.16726288199424744,7.765740156173706e-05,0.061032604426145554,0.009999999776482582,0.9356415911300024,0,0.12364346534013748,0.7287333333331715,0.939466666666458,1.55201256275177
"resnet56-reg:3,lamb:0.1",0.0005,3,0.1,1,42516418_2,True,cifar100_resnet56,1.15779447555542,0.6196466088294983,0.0122247114777565,0.039934705942869186,0.10000000149011612,1.1544605785796451,0,0.13991235196590424,0.6685999999986628,0.9107999999981784,2.727095603942871,0.7257430553436279,0.3774977028369904,0.004857704043388367,0.07753930240869522,0.10000000149011612,0.7257177575333026,0,0.1330072283744812,0.7845999999998257,0.9653999999997857,1.0492783784866333
"resnet20-reg:5,lamb:1.0",0.0005,5,1.0,1,42516418_16,True,cifar100_resnet20,1.186520218849182,1.167885422706604,0.6777225732803345,0.07276910543441772,1.0,1.1828806841419504,0,0.14012110233306885,0.6725999999986548,0.9157999999981684,3.4707069396972656,0.4035035371780395,0.38528940081596375,0.11479675769805908,0.11392465233802795,1.0,0.4034387082986921,0,0.4039584994316101,0.8906222222220244,0.9947555555553346,0.3572928309440613
"resnet44-reg:4,lamb:0.001",0.0005,4,0.001,1,42516418_6,True,cifar100_resnet44,1.3787847757339478,0.11191223561763763,3.586406819522381e-06,0.14749236404895782,0.0010000000474974513,1.376109635141871,0,0.2881637215614319,0.705999999998588,0.90999999999818,6.464882850646973,0.041799481958150864,0.005409106612205505,7.914859452284873e-07,0.029072411358356476,0.0010000000474974513,0.0417866925579375,0,0.2907148003578186,0.9952444444442232,0.9999777777775556,0.016581028699874878
"resnet44-reg:4,lamb:0.01",0.0005,4,0.01,1,42516418_7,True,cifar100_resnet44,1.353878617286682,0.33772602677345276,0.0003151381388306618,0.14726494252681732,0.009999999776482582,1.3479855828697846,0,0.28407734632492065,0.7081999999985836,0.9117999999981764,6.415508270263672,0.04198154062032699,0.015104657039046288,1.1523952707648275e-06,0.029069622978568077,0.009999999776482582,0.04196523513872156,0,0.30940380692481995,0.9953999999997788,0.9999555555553334,0.017841951921582222
"resnet32-reg:4,lamb:1.0",0.0005,4,1.0,1,42516418_10,True,cifar100_resnet32,1.3167144060134888,1.3135746717453003,0.8858567476272583,0.13224276900291443,1.0,1.323283182913035,0,0.2551303505897522,0.6903999999986192,0.9077999999981844,5.503941059112549,0.10630087554454803,0.1040860116481781,0.018138453364372253,0.06538700312376022,1.0,0.10630047096351523,0,0.2927223742008209,0.9845111111108924,0.9998888888886668,0.048744719475507736
"resnet32-reg:4,lamb:2.0",0.0005,4,2.0,1,42516418_11,True,cifar100_resnet32,1.3166956901550293,1.3163975477218628,2.057741641998291,0.12690365314483645,2.0,1.318930690821171,0,0.24028778076171875,0.6805999999986388,0.9091999999981816,5.1086835861206055,0.14078789949417114,0.1402348130941391,0.08400499820709229,0.07937914878129959,2.0,0.14077482253190532,0,0.2744849920272827,0.9769333333331164,0.999799999999778,0.0729546844959259
"resnet32-reg:5,lamb:0.1",0.0005,5,0.1,1,42516418_14,True,cifar100_resnet32,1.163326621055603,0.7120009660720825,0.016525879502296448,0.0845615565776825,0.10000000149011612,1.1691309028978716,0,0.15815085172653198,0.6955999999986088,0.9135999999981728,3.8183884620666504,0.3370237648487091,0.2073395848274231,0.0017581060528755188,0.07948954403400421,0.10000000149011612,0.33712855098038885,0,0.17380648851394653,0.9051999999997988,0.9941333333331124,0.37549859285354614
"resnet32-reg:5,lamb:0.01",0.0005,5,0.01,1,42516418_13,True,cifar100_resnet32,1.127238392829895,0.2540757358074188,0.0001801988109946251,0.07666438817977905,0.009999999776482582,1.1336818838411562,0,0.18152958154678345,0.698999999998602,0.9193999999981612,3.653580665588379,0.3792969882488251,0.09394549578428268,2.6910100132226944e-05,0.07069484889507294,0.009999999776482582,0.3793331741732489,0,0.1597859263420105,0.8918888888886908,0.989177777777558,0.5270920991897583
"resnet32-reg:5,lamb:0.001",0.0005,5,0.001,1,42516418_12,True,cifar100_resnet32,1.1600968837738037,0.08512718975543976,2.336339093744755e-06,0.0795857235789299,0.0010000000474974513,1.168099980962352,0,0.1401409208774567,0.6951999999986096,0.9145999999981708,3.754116296768189,0.3984258770942688,0.032523248344659805,7.436901796609163e-07,0.07572847604751587,0.0010000000474974513,0.3984855965230767,0,0.1659563183784485,0.8885333333331359,0.9882444444442248,0.5577989816665649
"resnet56-reg:3,lamb:2.0",0.0005,3,2.0,1,42516418_5,True,cifar100_resnet56,1.267700433731079,1.2653839588165283,1.8473029136657717,0.08921028673648834,2.0,1.261068185533368,0,0.18069958686828613,0.6637999999986725,0.910999999998178,4.135516166687012,0.35221749544143677,0.34865280985832214,0.29631292819976807,0.10045311599969864,2.0,0.35218821032173003,0,0.2092034816741943,0.9042666666664658,0.9951999999997788,0.3273603022098541
"resnet56-reg:3,lamb:0.5",0.0005,3,0.5,1,42516418_3,True,cifar100_resnet56,1.1225619316101074,1.0318278074264526,0.2274034023284912,0.05370518937706947,0.5,1.1161748522899655,0,0.09877845644950868,0.6901999999986196,0.9115999999981768,3.137047529220581,0.4480563700199127,0.3913187384605408,0.043940141797065735,0.09955964982509612,0.5,0.44801796055816623,0,0.19197380542755127,0.8705999999998066,0.9919555555553352,0.4635816514492035
"resnet56-reg:3,lamb:1.0",0.0005,3,1.0,1,42516418_4,True,cifar100_resnet56,1.163306474685669,1.1492996215820312,0.682318925857544,0.08089644461870193,1.0,1.1555292719785402,0,0.1307036578655243,0.6801999999986396,0.915999999998168,3.586501359939575,0.3508899211883545,0.3378675878047943,0.10199141502380372,0.098588764667511,1.0,0.35084631342818035,0,0.1960514783859253,0.9038222222220216,0.9956666666664454,0.32852405309677124
"resnet32-reg:5,lamb:0.5",0.0005,5,0.5,1,42516418_15,True,cifar100_resnet32,1.1756678819656372,1.1234180927276611,0.2742810845375061,0.09475941956043243,0.5,1.180481337910736,0,0.19450628757476807,0.698999999998602,0.9163999999981672,4.210239887237549,0.2281871438026428,0.20782506465911865,0.017201215028762817,0.08727212250232697,0.5,0.2282224850260773,0,0.2231649160385132,0.9445999999997902,0.9990444444442224,0.17203903198242188
"resnet32-reg:5,lamb:1.0",0.0005,5,1.0,1,42516418_16,True,cifar100_resnet32,1.228986144065857,1.2229079008102417,0.783678412437439,0.10764962434768675,1.0,1.2331432395968225,0,0.19175907969474792,0.6917999999986164,0.91499999999817,4.585999965667725,0.20175474882125857,0.19680631160736084,0.04683321714401245,0.08749780803918839,1.0,0.2017975352081873,0,0.25777673721313477,0.9554444444442322,0.9993333333331114,0.135718435049057
"resnet44-reg:4,lamb:0.5",0.0005,4,0.5,1,42516418_9,True,cifar100_resnet44,1.279660940170288,1.2572418451309204,0.3423260450363159,0.13729515671730042,0.5,1.2714773201545522,0,0.2556349039077759,0.7055999999985888,0.91999999999816,5.705419540405273,0.05091797932982445,0.047731172293424606,0.0018345694988965988,0.037841808050870895,0.5,0.050901931263154225,0,0.2876085340976715,0.99551111111089,0.9999999999997778,0.016922391951084137
"resnet44-reg:4,lamb:0.1",0.0005,4,0.1,1,42516418_8,True,cifar100_resnet44,1.3007636070251465,0.8846206665039062,0.02527804672718048,0.14092066884040833,0.10000000149011612,1.293129726597812,0,0.27299657464027405,0.7115999999985768,0.9205999999981588,6.144211769104004,0.045134495943784714,0.03306008502840996,8.840113878250122e-05,0.03169701248407364,0.10000000149011612,0.04513694252562363,0,0.3647737503051758,0.99531111111089,0.9999999999997778,0.018247270956635475
"resnet20-reg:5,lamb:2.0",0.0005,5,2.0,1,42516418_17,True,cifar100_resnet20,1.2388079166412354,1.2370669841766355,1.7934789657592771,0.08016379177570343,2.0,1.2375936710606998,0,0.12416994571685792,0.668999999998662,0.9111999999981776,3.811659574508667,0.4019939005374909,0.39891180396080017,0.34838801622390747,0.11218881607055664,2.0,0.40197344088166953,0,0.20788896083831787,0.8933111111109127,0.9935555555553348,0.3876227140426636
"resnet56-reg:4,lamb:0.001",0.0005,4,0.001,1,42516418_6,True,cifar100_resnet56,1.3385480642318726,0.11405450105667114,3.404100425541401e-06,0.14195038378238678,0.0010000000474974513,1.3380271130070576,0,0.27930545806884766,0.721999999998556,0.9101999999981796,6.71414041519165,0.024316126480698586,0.003674226114526391,4.742705641547218e-07,0.01840379275381565,0.0010000000474974513,0.024319437569191804,0,0.43347862362861633,0.997955555555334,0.9999777777775556,0.008225315250456333
"vgg11_bn-reg:3,lamb:0.001",0.0005,3,0.001,1,42516418_0,True,cifar100_vgg11_bn,4.607429504394531,0.0012379909167066216,2.2910535335540777e-07,0.0021163560450077057,0.0010000000474974513,4.607430527290706,0,0.0021163560450077057,0.0085999999999828,0.0457999999999084,0.0007677439716644585,4.605340957641602,0.0012311094906181097,4.842877388000488e-08,0.0005577299743890762,0.0010000000474974513,4.60534155071708,0,0.0005577299743890762,0.0101555555555533,0.05046666666665545,0.0007600466487929225
"vgg11_bn-reg:3,lamb:0.01",0.0005,3,0.01,1,42516418_1,True,cifar100_vgg11_bn,4.607407569885254,0.003873892594128847,1.564621925354004e-07,0.0021107569336891174,0.009999999776482582,4.607408616623298,0,0.0021107569336891174,0.0085999999999828,0.0457999999999084,0.0007558595389127731,4.605337142944336,0.003848799504339695,4.3958425521850586e-07,0.0005560126155614853,0.009999999776482582,4.6053371345547625,0,0.0005560126155614853,0.0101555555555533,0.05046666666665545,0.000748414546251297
"resnet44-reg:5,lamb:0.1",0.0005,5,0.1,1,42516418_14,True,cifar100_resnet44,1.185122013092041,0.7522992491722107,0.018427900969982147,0.10519903153181076,0.10000000149011612,1.1785603785582497,0,0.1792784333229065,0.7035999999985928,0.916999999998166,4.307136058807373,0.21784889698028564,0.1445447951555252,0.000979531556367874,0.06945401430130005,0.10000000149011612,0.21779083129135748,0,0.19607847929000857,0.9435333333331236,0.9979333333331116,0.20809227228164673
"resnet44-reg:5,lamb:0.01",0.0005,5,0.01,1,42516418_13,True,cifar100_resnet44,1.146841526031494,0.2627775967121124,0.00019216910004615784,0.09513428062200546,0.009999999776482582,1.1449375951525906,0,0.17397597432136536,0.7015999999985968,0.9207999999981584,3.895462036132813,0.2845052480697632,0.07734466344118118,1.8361955881118774e-05,0.06405704468488693,0.009999999776482582,0.28444431229487,0,0.164404034614563,0.9207333333331288,0.9935999999997792,0.36615508794784546
"resnet44-reg:4,lamb:1.0",0.0005,4,1.0,1,42516418_10,True,cifar100_resnet44,1.322580099105835,1.3207544088363647,0.9110333919525146,0.14307834208011627,1.0,1.315283434925473,0,0.2870731055736542,0.6929999999986141,0.9173999999981652,5.975894451141357,0.05817316472530365,0.05707211419939995,0.007663711905479431,0.04273030906915665,1.0,0.058178421974432494,0,0.8468369841575623,0.994799999999779,0.9999999999997778,0.02011485956609249
"resnet44-reg:4,lamb:2.0",0.0005,4,2.0,1,42516418_11,True,cifar100_resnet44,1.3617995977401731,1.3617383241653442,2.2294137477874756,0.14240434765815735,2.0,1.353946631469862,0,0.26747405529022217,0.7021999999985956,0.9125999999981748,6.488714218139648,0.04962218180298805,0.0494951456785202,0.01983857899904251,0.03785669058561325,2.0,0.049605729732891894,0,0.3504471182823181,0.9960888888886676,0.9999999999997778,0.01520751416683197
"resnet44-reg:5,lamb:0.001",0.0005,5,0.001,1,42516418_12,True,cifar100_resnet44,1.1639548540115356,0.0891028344631195,2.3795291781425476e-06,0.10080765187740326,0.0010000000474974513,1.157342460172862,0,0.21503567695617676,0.6991999999986016,0.9217999999981564,4.103163719177246,0.291809618473053,0.026906879618763924,9.389477781951429e-07,0.06687399744987488,0.0010000000474974513,0.29172085147725496,0,0.1803176999092102,0.9202666666664622,0.9932444444442238,0.38541916012763977
"vgg11_bn-reg:3,lamb:0.1",0.0005,3,0.1,1,42516418_2,True,cifar100_vgg11_bn,4.607210636138916,0.011267006397247314,2.8908252716064453e-06,0.0020509064197540283,0.10000000149011612,4.607213399490827,0,0.0020509064197540283,0.0085999999999828,0.0457999999999084,0.0006512659601867199,4.605301856994629,0.011173667386174202,3.75509262084961e-06,0.0004951097071170807,0.10000000149011612,4.605302127663167,0,0.0004951097071170807,0.0101555555555533,0.05046666666665545,0.0006459498545154929
"resnet44-reg:5,lamb:0.5",0.0005,5,0.5,1,42516418_15,True,cifar100_resnet44,1.215287446975708,1.178310751914978,0.3068758249282837,0.11393194645643234,0.5,1.2079992169062237,0,0.2267311215400696,0.7033999999985933,0.917999999998164,4.971864700317383,0.1388845294713974,0.1287999153137207,0.008608333766460419,0.0690896213054657,0.5,0.13885802846798284,0,0.24743235111236572,0.9723555555553396,0.999799999999778,0.08376796543598175
"resnet56-reg:4,lamb:0.01",0.0005,4,0.01,1,42516418_7,True,cifar100_resnet56,1.379999041557312,0.3503311574459076,0.0003388775512576103,0.14660409092903137,0.009999999776482582,1.3750220887938427,0,0.2880791425704956,0.7133999999985732,0.9133999999981732,6.912230968475342,0.02340847998857498,0.008801726624369621,4.345783963799477e-07,0.01873048022389412,0.009999999776482582,0.02340252164999318,0,0.45665666460990906,0.9985555555553336,0.9999999999997778,0.00673886202275753
"resnet44-reg:5,lamb:1.0",0.0005,5,1.0,1,42516418_16,True,cifar100_resnet44,1.2338190078735352,1.230733871459961,0.8212442398071289,0.11815512180328368,1.0,1.224783941490994,0,0.21491467952728271,0.7041999999985916,0.9161999999981676,5.129543304443359,0.11337698996067049,0.11120183020830154,0.02148093283176422,0.06472128629684448,1.0,0.11336370489169952,0,0.2842704951763153,0.9815333333331152,0.9998888888886668,0.06006162613630295
"resnet32-reg:5,lamb:2.0",0.0005,5,2.0,1,42516418_17,True,cifar100_resnet32,1.3071027994155884,1.3064855337142944,1.9899885654449463,0.11670909076929092,2.0,1.3138549380885711,0,0.19738882780075073,0.6705999999986588,0.9083999999981832,4.812897205352783,0.2497679889202118,0.2486674040555954,0.19309848546981812,0.09253308176994324,2.0,0.24978826574577948,0,0.2197012305259705,0.9388222222220136,0.9984666666664448,0.19716429710388184
"vgg11_bn-reg:3,lamb:2.0",0.0005,3,2.0,1,42516418_5,True,cifar100_vgg11_bn,4.605898857116699,0.02055328898131847,0.0002422332763671875,0.0012465156614780426,2.0,4.605911634049583,0,0.0012465156614780426,0.008999999999982,0.0445999999999108,0.00012084392074029891,4.605156898498535,0.02025429718196392,0.000244140625,0.00014070328325033188,2.0,4.6051573019228815,0,0.00014070328325033188,0.010111111111108864,0.05059999999998876,0.00012240646174177527
"resnet56-reg:4,lamb:0.5",0.0005,4,0.5,1,42516418_9,True,cifar100_resnet56,1.2886542081832886,1.272895336151123,0.355130136013031,0.14169134199619293,0.5,1.282937400891658,0,0.2849735915660858,0.7153999999985692,0.9213999999981572,6.089337348937988,0.02909565158188343,0.02738630399107933,0.0008111009374260902,0.023542417213320732,0.5,0.02908775380604981,0,0.29465481638908386,0.9981555555553338,0.9999777777775556,0.007466328330338001
"vgg11_bn-reg:3,lamb:0.5",0.0005,3,0.5,1,42516418_3,True,cifar100_vgg11_bn,4.606640338897705,0.019024008885025975,4.792213439941406e-05,0.001856103539466858,0.5,4.606649539551533,0,0.001856103539466858,0.0085999999999828,0.0457999999999084,0.0003795009688474238,4.605217456817627,0.0188413318246603,4.792213439941406e-05,0.0003052288666367531,0.5,4.605217326509469,0,0.0003052288666367531,0.0101555555555533,0.05046666666665545,0.0003787994210142642
"resnet56-reg:4,lamb:0.1",0.0005,4,0.1,1,42516418_8,True,cifar100_resnet56,1.3079898357391355,0.903433322906494,0.02643170952796936,0.1399458944797516,0.10000000149011612,1.2998767429051306,0,0.2969572842121124,0.7191999999985617,0.9121999999981756,6.4826154708862305,0.024764614179730415,0.01832672953605652,3.0286842957139015e-05,0.019932985305786133,0.10000000149011612,0.024762660835055295,0,0.7226791381835938,0.9983555555553336,0.9999999999997778,0.006202710792422295
"vgg11_bn-reg:3,lamb:1.0",0.0005,3,1.0,1,42516418_4,True,cifar100_vgg11_bn,4.606266498565674,0.02088291384279728,0.0001163482666015625,0.0013178680092096329,1.0,4.606278631768211,0,0.0013178680092096329,0.008999999999982,0.0457999999999084,0.00023266772041097283,4.605178356170654,0.020650481805205345,0.00011777877807617188,0.00020425766706466675,1.0,4.605178163548552,0,0.00020425766706466675,0.010111111111108864,0.05046666666665545,0.00023368264373857528
"vgg13_bn-reg:3,lamb:0.001",0.0005,3,0.001,1,42516418_0,True,cifar100_vgg13_bn,2.6251449584960938,0.0687842145562172,1.5872064977884293e-06,0.04025062173604965,0.0010000000474974513,2.631015227909651,0,0.09307780861854552,0.28519999999942963,0.6505999999986988,2.3971080780029297,2.822406053543091,0.06694492697715759,1.437496393918991e-06,0.021277930587530136,0.0010000000474974513,2.82221560299617,0,0.03236788511276245,0.2411999999999464,0.5976888888887562,2.272055387496948
"vgg13_bn-reg:3,lamb:0.01",0.0005,3,0.01,1,42516418_1,True,cifar100_vgg13_bn,4.6067423820495605,0.003441569395363331,1.862645149230957e-07,0.0028075361624360085,0.009999999776482582,4.606646607003012,0,0.0028075361624360085,0.0077999999999844,0.0425999999999148,0.0006034204852767289,4.6053290367126465,0.003435454098507762,3.576278686523438e-07,0.00036787334829568863,0.009999999776482582,4.6053291692067795,0,0.00036787334829568863,0.010244444444442167,0.05082222222221093,0.0006012700032442808
resnet20-baseline,0.0005,0,0.0,1,42516422,True,cifar100_resnet20,1.2664798498153689,0.010347074829041958,0.0,0.10382924973964693,0.0,1.26364667948483,0,0.18674522638320923,0.6845999999986309,0.9081999999981836,4.536427974700928,0.27890244126319885,0.0007225559093058109,0.0,0.08314546942710876,0.0,0.278861782074386,0,0.21195614337921145,0.9291777777775714,0.9954444444442232,0.2975413203239441
"vgg13_bn-reg:3,lamb:0.1",0.0005,3,0.1,1,42516418_2,True,cifar100_vgg13_bn,3.4751062393188477,0.38521549105644226,0.003979921340942383,0.04920974001288414,0.10000000149011612,3.4794724089391273,0,0.18676802515983584,0.1145999999997708,0.4051999999991896,0.8141828179359436,3.622281074523926,0.4365605413913727,0.005123794078826904,0.019948186352849007,0.10000000149011612,3.6221818759334017,0,0.3307003676891327,0.09131111111109085,0.3449555555554789,1.056772232055664
"resnet56-reg:5,lamb:0.1",0.0005,5,0.1,1,42516418_14,True,cifar100_resnet56,1.1483007669448853,0.7549521327018738,0.0188942551612854,0.10200802981853484,0.10000000149011612,1.1458186441891298,0,0.1836304068565369,0.7181999999985637,0.9223999999981553,4.470411777496338,0.16057085990905762,0.11081647872924805,0.0006466619670391083,0.061814531683921814,0.10000000149011612,0.16050228547578244,0,0.2203356772661209,0.9617333333331196,0.9993777777775558,0.13732118904590607
"resnet56-reg:5,lamb:0.01",0.0005,5,0.01,1,42516418_13,True,cifar100_resnet56,1.1532634496688845,0.2728174924850464,0.00020679831504821777,0.107453852891922,0.009999999776482582,1.148853951118154,0,0.21502622961997983,0.70999999999858,0.9221999999981556,4.191565036773682,0.21039864420890808,0.0617203488945961,1.2578675523400308e-05,0.06106596440076828,0.009999999776482582,0.21034190971902503,0,0.1836647987365723,0.9453777777775676,0.9967999999997784,0.2426303029060364
"resnet56-reg:4,lamb:1.0",0.0005,4,1.0,1,42516418_10,True,cifar100_resnet56,1.2643747329711914,1.2633517980575562,0.8840456008911133,0.133040189743042,1.0,1.2598564856905674,0,0.2818562388420105,0.7171999999985657,0.918999999998162,5.631984233856201,0.03381746634840965,0.03319863975048065,0.0034219585359096527,0.02732175588607788,1.0,0.033805608101892995,0,0.2906395196914673,0.997955555555334,0.9999999999997778,0.008621069602668285
"resnet56-reg:4,lamb:2.0",0.0005,4,2.0,1,42516418_11,True,cifar100_resnet56,1.3409883975982666,1.340928316116333,2.1998190879821777,0.14093507826328278,2.0,1.3352531128405978,0,0.2784630060195923,0.7063999999985873,0.910999999998178,6.344972610473633,0.03721422702074051,0.037107184529304504,0.0131768137216568,0.02999284490942955,2.0,0.037205157227901575,0,0.43329307436943054,0.9978222222220006,0.9999999999997778,0.00988693255931139
"resnet56-reg:5,lamb:0.001",0.0005,5,0.001,1,42516418_12,True,cifar100_resnet56,1.1476843357086182,0.08978290110826492,2.321554347872734e-06,0.1053432822227478,0.0010000000474974513,1.146789699219467,0,0.1944316029548645,0.7053999999985893,0.9227999999981544,4.164072513580322,0.2245936095714569,0.022693797945976257,4.801549948751926e-07,0.06155245751142502,0.0010000000474974513,0.22452564426184063,0,0.1916799545288086,0.9416222222220132,0.9956444444442232,0.2772558331489563
"vgg13_bn-reg:3,lamb:2.0",0.0005,3,2.0,1,42516418_5,True,cifar100_vgg13_bn,4.605576515197754,0.01545390859246254,0.0001811981201171875,0.00018516834825277328,2.0,4.605527589402558,0,0.00018516834825277328,0.00999999999998,0.0499999999999,9.077656432054936e-05,4.605175018310547,0.015140756033360958,0.00018024444580078125,0.0001864684745669365,2.0,4.605175240211656,0,0.0001864684745669365,0.009999999999997778,0.049999999999988894,8.99993465282023e-05
"vgg11_bn-reg:4,lamb:0.001",0.0005,4,0.001,1,42516418_6,True,cifar100_vgg11_bn,1.5630336999893188,0.12225309759378432,3.776280209422111e-06,0.16581615805625916,0.0010000000474974513,1.5644436768815813,0,0.3730663657188415,0.6881999999986236,0.8891999999982216,7.58836841583252,0.006850411184132099,0.0019848807714879513,1.746911948430352e-07,0.004548201337456703,0.0010000000474974513,0.006846751354573821,0,0.7061108350753784,0.9991111111108892,0.9999999999997778,0.003197065554559231
"vgg13_bn-reg:3,lamb:0.5",0.0005,3,0.5,1,42516418_3,True,cifar100_vgg13_bn,4.606123924255371,0.016155680641531944,3.9577484130859375e-05,0.0025768596678972244,0.5,4.606045434556108,0,0.0025768596678972244,0.0077999999999844,0.0463999999999072,0.00030897679971531034,4.6052350997924805,0.016064802184700966,3.8623809814453125e-05,0.0001316312700510025,0.5,4.605235459867989,0,0.0001316312700510025,0.010244444444442167,0.0503999999999888,0.0003076069988310337
"vgg13_bn-reg:3,lamb:1.0",0.0005,3,1.0,1,42516418_4,True,cifar100_vgg13_bn,4.605836868286133,0.0167542714625597,9.393692016601562e-05,0.00245007686316967,1.0,4.605771133980989,0,0.00245007686316967,0.0077999999999844,0.0461999999999076,0.00018771018949337304,4.605199813842773,0.016558293253183365,9.34600830078125e-05,7.871538400650024e-06,1.0,4.605200106185734,0,7.871538400650024e-06,0.010244444444442167,0.05042222222221102,0.0001865853846538812
"resnet56-reg:5,lamb:0.5",0.0005,5,0.5,1,42516418_15,True,cifar100_resnet56,1.202979326248169,1.169661045074463,0.30572378635406494,0.11523528397083282,0.5,1.1991100126469811,0,0.21206247806549072,0.7085999999985828,0.9205999999981588,5.00489616394043,0.09877459704875946,0.09194636344909668,0.005291305482387543,0.05765135958790779,0.5,0.09874399484166824,0,0.2775605320930481,0.9843111111108924,0.9999333333331112,0.05101115256547928
"resnet44-reg:5,lamb:2.0",0.0005,5,2.0,1,42516418_17,True,cifar100_resnet44,1.3324311971664429,1.332276463508606,2.1301581859588623,0.13906638324260712,2.0,1.3290382676631938,0,0.24075472354888916,0.6885999999986229,0.912999999998174,5.860243320465088,0.11122048646211624,0.11092887073755264,0.06602217257022858,0.06237621605396271,2.0,0.11121715295597262,0,0.4936434030532837,0.9810222222220044,0.9999333333331112,0.059767287224531174
"vgg16_bn-reg:3,lamb:0.001",0.0005,3,0.001,1,42516418_0,True,cifar100_vgg16_bn,3.2004334926605225,0.05567329376935959,8.563511073589325e-07,0.03331417962908745,0.0010000000474974513,3.1993131025530226,0,0.1700286865234375,0.1591999999996816,0.4835999999990328,1.5593878030776978,3.404623746871948,0.0558079406619072,9.604264050722122e-07,0.014620395377278328,0.0010000000474974513,3.404739116887064,0,0.08588415384292603,0.12699999999997175,0.4201777777776845,1.5737833976745603
"resnet56-reg:5,lamb:1.0",0.0005,5,1.0,1,42516418_16,True,cifar100_resnet56,1.2259914875030518,1.2242511510849,0.8437559604644775,0.11902305483818054,1.0,1.2247333788708563,0,0.22482258081436157,0.7221999999985557,0.9201999999981596,5.582391262054443,0.07318198680877686,0.0720755010843277,0.011803507804870604,0.04686642438173294,1.0,0.0731756963767867,0,0.3455343246459961,0.9899333333331134,0.9999555555553334,0.031952884048223495
"vgg16_bn-reg:3,lamb:0.01",0.0005,3,0.01,1,42516418_1,True,cifar100_vgg16_bn,3.2421936988830566,0.1817956566810608,8.570030331611633e-05,0.022692814469337463,0.009999999776482582,3.2390529377954516,0,0.17479002475738523,0.1495999999997008,0.4711999999990576,1.7205411195755005,3.3885440826416016,0.17399771511554718,7.8640878200531e-05,0.013303026556968687,0.009999999776482582,3.388634761433534,0,0.08078014850616455,0.1266888888888607,0.421466666666573,1.5644302368164062
resnet32-baseline,0.0005,0,0.0,1,42516422,True,cifar100_resnet32,1.3502557277679443,0.013558286242187023,0.0,0.1448390781879425,0.0,1.3568375878702414,0,0.25281915068626404,0.6911999999986176,0.9061999999981876,6.024314880371094,0.10051533579826356,0.00012594397412613034,0.0,0.05191259831190109,0.0,0.10054097836265916,0,0.2523764371871948,0.9817777777775596,0.9996444444442224,0.06851354241371155
"vgg16_bn-reg:3,lamb:0.1",0.0005,3,0.1,1,42516418_2,True,cifar100_vgg16_bn,4.606729507446289,0.00946518126875162,2.5033950805664062e-06,0.0023666927590966225,0.10000000149011612,4.60672683485484,0,0.0023666927590966225,0.0081999999999836,0.0427999999999144,0.000461597868707031,4.605257034301758,0.00955649185925722,2.1457672119140625e-06,0.0003611333668231964,0.10000000149011612,4.605256695377341,0,0.0003611333668231964,0.010199999999997732,0.050799999999988715,0.00046988436952233315
"vgg11_bn-reg:4,lamb:0.01",0.0005,4,0.01,1,42516418_7,True,cifar100_vgg11_bn,1.5467402935028076,0.3692462742328644,0.00037073809653520584,0.16181334853172302,0.009999999776482582,1.5466346136943034,0,0.3641187250614166,0.6931999999986136,0.8867999999982265,7.560263156890869,0.006683622486889362,0.003987540956586599,7.90241756476462e-08,0.0044385818764567375,0.009999999776482582,0.006679240694493278,0,0.7367925047874451,0.9990666666664448,0.9999999999997778,0.0029294725973159075
"vgg16_bn-reg:3,lamb:2.0",0.0005,3,2.0,1,42516418_5,True,cifar100_vgg16_bn,4.605699062347412,0.017117438837885857,0.000164031982421875,0.002050020731985569,2.0,4.60569114454774,0,0.002050020731985569,0.0081999999999836,0.0447999999999104,8.201771561289206e-05,4.605157852172852,0.017205102369189262,0.0001678466796875,5.230959504842758e-05,2.0,4.605157713736791,0,5.230959504842758e-05,0.010199999999997732,0.05057777777776654,8.359299681615084e-05
"vgg13_bn-reg:4,lamb:0.001",0.0005,4,0.001,1,42516418_6,True,cifar100_vgg13_bn,1.3531546592712402,0.11615576595067978,3.705616109073162e-06,0.13680607080459595,0.0010000000474974513,1.3518055611050268,0,0.3696055412292481,0.73499999999853,0.9025999999981948,6.94797945022583,0.005778927356004715,0.0017461043316870928,5.688161763828248e-08,0.003976411651819944,0.0010000000474974513,0.00577741983149775,0,0.3266572654247284,0.9993555555553336,0.9999777777775556,0.003097513224929571
"vgg16_bn-reg:3,lamb:0.5",0.0005,3,0.5,1,42516418_3,True,cifar100_vgg16_bn,4.606263160705566,0.01569887436926365,3.3855438232421875e-05,0.0022455360740423203,0.5,4.60625822313785,0,0.0022455360740423203,0.0081999999999836,0.0411999999999176,0.00026545036234892905,4.605198860168457,0.01588776893913746,3.3855438232421875e-05,0.0002433406189084053,0.5,4.605198532081252,0,0.0002433406189084053,0.010199999999997732,0.05097777777776645,0.00027128958026878536
"vgg11_bn-reg:4,lamb:0.5",0.0005,4,0.5,1,42516418_9,True,cifar100_vgg11_bn,1.5936882495880127,1.5853973627090454,0.47175562381744385,0.16889801621437073,0.5,1.5979124716875397,0,0.3797354698181152,0.6929999999986141,0.8861999999982276,8.089349746704102,0.007806390058249235,0.007717170752584934,0.0003393141087144613,0.00505968788638711,0.5,0.007801291803566031,0,0.2355305701494217,0.9988444444442224,0.9999999999997778,0.003396969521418214
"vgg11_bn-reg:4,lamb:0.1",0.0005,4,0.1,1,42516418_8,True,cifar100_vgg11_bn,1.5378997325897217,1.015806794166565,0.03127144277095795,0.15954454243183136,0.10000000149011612,1.5400459818292354,0,0.3261394500732422,0.6967999999986064,0.8831999999982336,7.50722074508667,0.006928789895027876,0.0061875912360847,1.1955562513321638e-05,0.0048730457201600075,0.10000000149011612,0.0069247773124881135,0,0.7166057825088501,0.9991777777775558,0.9999999999997778,0.002422474324703217
"vgg16_bn-reg:3,lamb:1.0",0.0005,3,1.0,1,42516418_4,True,cifar100_vgg16_bn,4.605968475341797,0.01712007448077202,8.058547973632812e-05,0.002153368666768074,1.0,4.60596215494647,0,0.002153368666768074,0.0081999999999836,0.0411999999999176,0.0001615994406165555,4.605173110961914,0.017311615869402885,8.296966552734375e-05,0.0001517748460173607,1.0,4.605172666374722,0,0.0001517748460173607,0.010199999999997732,0.05097777777776645,0.00016523254453204572
"vgg19_bn-reg:3,lamb:0.001",0.0005,3,0.001,1,42516418_0,True,cifar100_vgg19_bn,4.607110977172852,0.001195597811602056,8.642673492431641e-07,0.003026665188372135,0.0010000000474974513,4.6070238805623935,0,0.003026665188372135,0.0075999999999848,0.0433999999999132,0.0007134764455258846,4.605357646942139,0.0012061354937031863,6.426125764846803e-08,0.0003553731366991997,0.0010000000474974513,4.605356598180583,0,0.0003553731366991997,0.010266666666664386,0.05073333333332206,0.0007253644871525466
"vgg19_bn-reg:3,lamb:0.01",0.0005,3,0.01,1,42516418_1,True,cifar100_vgg19_bn,4.60709285736084,0.0037618083879351616,8.307397365570068e-07,0.003020336851477623,0.009999999776482582,4.607006619057275,0,0.003020336851477623,0.0075999999999848,0.0433999999999132,0.000704077014233917,4.605354309082031,0.003791425842791796,6.109476089477539e-07,0.00035347510129213333,0.009999999776482582,4.6053532413553615,0,0.00035347510129213333,0.010266666666664386,0.05073333333332206,0.0007157087093219161
"vgg19_bn-reg:3,lamb:0.1",0.0005,3,0.1,1,42516418_2,True,cifar100_vgg19_bn,4.606931686401367,0.011195259168744087,3.665685653686523e-06,0.002969656139612198,0.10000000149011612,4.606849620423016,0,0.002969656139612198,0.0075999999999848,0.0433999999999132,0.0006201948272064328,4.6053242683410645,0.01126494724303484,3.0994415283203125e-06,0.0002989908680319786,0.10000000149011612,4.605323035346972,0,0.0002989908680319786,0.010266666666664386,0.05073333333332206,0.0006295556086115539
"vgg13_bn-reg:4,lamb:0.01",0.0005,4,0.01,1,42516418_7,True,cifar100_vgg13_bn,1.27734112739563,0.33219006657600403,0.00030602701008319855,0.12996463477611542,0.009999999776482582,1.2816176348477013,0,0.34700340032577515,0.7355999999985288,0.908999999998182,6.250770092010498,0.005498524755239487,0.0032359338365495205,6.258123903535306e-07,0.004075667820870876,0.009999999776482582,0.0055243825624119195,0,0.7183669805526733,0.9995777777775556,0.9999999999997778,0.002547290408983826
resnet44-baseline,0.0005,0,0.0,1,42516422,True,cifar100_resnet44,1.3739032745361328,0.014850163832306862,0.0,0.15005004405975342,0.0,1.366187720807766,0,0.2768554091453552,0.702999999998594,0.9123999999981752,6.578251361846924,0.04228177294135094,0.00010135759657714516,0.0,0.02949818968772888,0.0,0.042273355634936456,0,0.8453114032745361,0.9955999999997788,0.9999999999997778,0.017869532108306885
"resnet56-reg:5,lamb:2.0",0.0005,5,2.0,1,42516418_17,True,cifar100_resnet56,1.3196935653686523,1.3195934295654297,2.137960433959961,0.1353212147951126,2.0,1.3108503335120552,0,0.3718486726284027,0.7041999999985916,0.9131999999981736,6.095369338989258,0.07213248312473297,0.07197496294975281,0.03691938519477844,0.04740152135491371,2.0,0.07211845568818143,0,0.32843559980392456,0.9909111111108908,0.9999777777775556,0.03126779943704605
"vgg11_bn-reg:5,lamb:0.1",0.0005,5,0.1,1,42516418_14,True,cifar100_vgg11_bn,1.510802984237671,0.9832786917686462,0.029614627361297607,0.163279727101326,0.10000000149011612,1.5167283587024665,0,0.3149767518043518,0.6851999999986296,0.8921999999982156,7.127729415893555,0.11356241255998611,0.0986308604478836,0.000814325176179409,0.02120356634259224,0.10000000149011612,0.1135634036500844,0,0.9020000100135804,0.9676444444442296,0.9985333333331116,0.18069344758987427
"vgg11_bn-reg:5,lamb:0.01",0.0005,5,0.01,1,42516418_13,True,cifar100_vgg11_bn,1.434653878211975,0.33391451835632324,0.0003055902197957039,0.1535608172416687,0.009999999776482582,1.441530519003127,0,0.3012405037879944,0.6797999999986404,0.8931999999982136,6.211613178253174,0.2027837634086609,0.07885660976171494,2.1306797862052917e-05,0.021093495190143585,0.009999999776482582,0.20275413226877545,0,0.10144659876823424,0.941733333333124,0.9944222222220012,0.41651594638824463
"vgg11_bn-reg:4,lamb:1.0",0.0005,4,1.0,1,42516418_10,True,cifar100_vgg11_bn,1.5841070413589478,1.5840561389923096,1.1913477182388306,0.1694733202457428,1.0,1.5837425760456685,0,0.38996580243110657,0.6977999999986044,0.8875999999982248,8.102893829345703,0.007723752409219742,0.007708900142461061,0.001144353300333023,0.005257123149931431,1.0,0.007724290980455069,0,0.6237622499465942,0.999088888888667,0.9999999999997778,0.003506261855363846
"vgg11_bn-reg:4,lamb:2.0",0.0005,4,2.0,1,42516418_11,True,cifar100_vgg11_bn,1.5769883394241333,1.576991081237793,2.7150280475616455,0.16903460025787354,2.0,1.5784066251968958,0,0.386642724275589,0.7031999999985936,0.8935999999982128,8.458312034606934,0.008196258917450905,0.008197715505957603,0.004244614392518997,0.004959593992680311,2.0,0.008192570059391082,0,0.20664185285568237,0.9987333333331114,0.9999999999997778,0.004419544246047735
"vgg11_bn-reg:5,lamb:0.001",0.0005,5,0.001,1,42516418_12,True,cifar100_vgg11_bn,1.4198366403579712,0.10969194769859314,3.630411811172962e-06,0.14613431692123413,0.0010000000474974513,1.4192022316512387,0,0.2818220853805542,0.6863999999986272,0.897999999998204,6.226003170013428,0.21715374290943143,0.02919813431799412,6.696791388094425e-07,0.020169727504253387,0.0010000000474974513,0.21715252633581372,0,0.0939410924911499,0.9373999999997916,0.9935777777775572,0.4647243618965149
"vgg19_bn-reg:3,lamb:2.0",0.0005,3,2.0,1,42516418_5,True,cifar100_vgg19_bn,4.605771064758301,0.018781237304210663,0.00023651123046875,0.0008168797940015793,2.0,4.605742929063095,0,0.0008168797940015793,0.0093999999999812,0.0435999999999128,0.00011854326294269411,4.605169296264648,0.018452484160661697,0.00023651123046875,0.00015472248196601868,2.0,4.605168399224017,0,0.00015472248196601868,0.01006666666666443,0.05071111111109985,0.00011797866318374872
"vgg19_bn-reg:3,lamb:0.5",0.0005,3,0.5,1,42516418_3,True,cifar100_vgg19_bn,3.217261552810669,0.8050806522369385,0.10463154315948486,0.059252992272377014,0.5,3.216435657323514,0,0.2013222724199295,0.1351999999997296,0.4953999999990092,1.0822968482971191,3.3183670043945312,0.7830525636672974,0.0897979736328125,0.02590912953019142,0.5,3.318367015043196,0,0.5568651556968689,0.10188888888886626,0.4225555555554617,0.8547568321228027
"vgg13_bn-reg:4,lamb:0.5",0.0005,4,0.5,1,42516418_9,True,cifar100_vgg13_bn,1.343949556350708,1.3413985967636108,0.3984771966934204,0.14502070844173431,0.5,1.3525970631035324,0,0.312957227230072,0.7369999999985261,0.9115999999981768,6.947637557983398,0.007411757949739695,0.00734052387997508,0.0004385907668620348,0.004471638239920139,0.5,0.007413348183937539,0,0.6255499124526978,0.9989777777775558,0.9999999999997778,0.005007390398532152
"vgg16_bn-reg:4,lamb:0.001",0.0005,4,0.001,1,42516418_6,True,cifar100_vgg16_bn,1.6922905445098877,0.1476784199476242,6.194692105054855e-06,0.18811483681201935,0.0010000000474974513,1.692419444668469,0,0.4400017857551574,0.7365999999985268,0.9015999999981968,11.072135925292969,0.005594978574663401,0.0021437611430883408,8.266074473795015e-07,0.0031372886151075363,0.0010000000474974513,0.005596030904032592,0,0.6084449291229248,0.9992444444442224,0.9999999999997778,0.006273473612964153
"vgg11_bn-reg:5,lamb:0.5",0.0005,5,0.5,1,42516418_15,True,cifar100_vgg11_bn,1.6043647527694702,1.5947884321212769,0.482496440410614,0.1736583411693573,0.5,1.6073699406693225,0,0.3389047384262085,0.6955999999986088,0.8887999999982225,8.542684555053711,0.04675876349210739,0.046372126787900925,0.004586275666952133,0.015654463320970535,0.5,0.04673502495543156,0,0.24604399502277377,0.9885999999997804,0.9998444444442224,0.052178822457790375
"vgg19_bn-reg:3,lamb:1.0",0.0005,3,1.0,1,42516418_4,True,cifar100_vgg19_bn,3.3324828147888184,0.746552586555481,0.23900747299194336,0.07237494736909866,1.0,3.332846449139241,0,0.45468616485595703,0.1307999999997384,0.4665999999990668,0.8257022500038147,3.3620493412017822,0.7662001848220825,0.201737642288208,0.036082297563552856,1.0,3.3620799859260755,0,0.1823294907808304,0.09624444444442308,0.39982222222213337,0.581215500831604
"vgg13_bn-reg:4,lamb:0.1",0.0005,4,0.1,1,42516418_8,True,cifar100_vgg13_bn,1.3264100551605225,0.932686448097229,0.02748984098434448,0.13918831944465637,0.10000000149011612,1.3317094796197897,0,0.3436102271080017,0.7341999999985316,0.9081999999981836,6.658420085906982,0.006276184692978859,0.005642845295369625,1.4405813999474049e-05,0.00423822645097971,0.10000000149011612,0.006287899311137069,0,0.7506116628646851,0.9992666666664448,0.9999999999997778,0.0028651775792241096
"vgg11_bn-reg:5,lamb:1.0",0.0005,5,1.0,1,42516418_16,True,cifar100_vgg11_bn,1.599300980567932,1.5991941690444946,1.2147833108901978,0.17576706409454346,1.0,1.606103175075473,0,0.3318508267402649,0.7011999999985976,0.8935999999982128,8.862601280212402,0.036127232015132904,0.03607417270541191,0.010388515889644625,0.013263599015772344,1.0,0.036134517638457306,0,0.3510013818740845,0.9914444444442242,0.9999333333331112,0.03708148002624512
"repvgg_a0-reg:3,lamb:0.001",0.0005,3,0.001,1,42516418_0,True,cifar100_repvgg_a0,1.195296049118042,0.07331771403551102,2.2496096789836884e-06,0.03502150624990463,0.0010000000474974513,1.1979835742682567,0,0.09513363987207411,0.6623999999986752,0.9007999999981984,2.763874053955078,0.8397444486618042,0.05174032598733902,1.4648539945483208e-06,0.06579732149839401,0.0010000000474974513,0.8398768704923351,0,0.11271095275878906,0.7571333333331651,0.948666666666456,1.381617307662964
"repvgg_a0-reg:3,lamb:0.01",0.0005,3,0.01,1,42516418_1,True,cifar100_repvgg_a0,1.2634363174438477,0.23139770328998568,0.00014599692076444626,0.04529576003551483,0.009999999776482582,1.263109587991492,0,0.0864236056804657,0.642999999998714,0.8913999999982172,2.9395604133605957,0.8909611701965332,0.1607477217912674,7.095746695995331e-05,0.06851886957883835,0.009999999776482582,0.8911825201221774,0,0.12322813272476196,0.7427555555553905,0.9444666666664568,1.4330203533172607
"repvgg_a0-reg:3,lamb:0.1",0.0005,3,0.1,1,42516418_2,True,cifar100_repvgg_a0,1.0885050296783447,0.6027933359146118,0.011772185564041138,0.03705412894487381,0.10000000149011612,1.0924358064434518,0,0.08932501077651978,0.68999999999862,0.9201999999981596,2.6386992931365967,0.6293699145317078,0.33832699060440063,0.003998011350631714,0.08581699430942535,0.10000000149011612,0.6294212175006219,0,0.14781373739242554,0.816133333333152,0.9740888888886724,0.8599250912666321
"vgg16_bn-reg:4,lamb:0.01",0.0005,4,0.01,1,42516418_7,True,cifar100_vgg16_bn,1.6234265565872192,0.431401014328003,0.0005081761628389359,0.18937775492668152,0.009999999776482582,1.6201574496274669,0,0.4480246305465698,0.7351999999985296,0.90999999999818,10.408307075500488,0.005556678399443626,0.003542153397575021,2.5367262423969805e-07,0.002964944113045931,0.009999999776482582,0.005558404183514316,0,0.7185094356536865,0.999088888888667,0.9999999999997778,0.005011307541280985
"vgg13_bn-reg:5,lamb:0.1",0.0005,5,0.1,1,42516418_14,True,cifar100_vgg13_bn,1.300694465637207,0.8983227610588074,0.02565927803516388,0.1438641995191574,0.10000000149011612,1.3076662057060302,0,0.3509393334388733,0.7225999999985548,0.908999999998182,6.181939601898193,0.08962675929069519,0.08024350553750992,0.0006866902112960815,0.0175241120159626,0.10000000149011612,0.08961163422599626,0,0.20000773668289185,0.9753777777775612,0.9989777777775558,0.15448352694511414
"vgg13_bn-reg:4,lamb:1.0",0.0005,4,1.0,1,42516418_10,True,cifar100_vgg13_bn,1.3313448429107666,1.3313192129135132,0.9942057132720948,0.14627647399902344,1.0,1.3349902682781989,0,0.35306525230407715,0.7337999999985324,0.9081999999981836,6.779609203338623,0.006926762871444225,0.006913047283887863,0.001097905449569225,0.004384198691695929,1.0,0.006922677530651342,0,0.21380949020385745,0.9990444444442224,0.9999999999997778,0.003353063482791186
"vgg13_bn-reg:5,lamb:0.01",0.0005,5,0.01,1,42516418_13,True,cifar100_vgg13_bn,1.3029574155807495,0.3283582031726837,0.00029897596687078476,0.13409271836280823,0.009999999776482582,1.313280340372527,0,0.2771289348602295,0.718999999998562,0.906999999998186,6.1032538414001465,0.16572074592113495,0.0701063871383667,1.6887672245502472e-05,0.01813878118991852,0.009999999776482582,0.1657889959816178,0,0.1016550362110138,0.9523777777775662,0.9961555555553344,0.34275782108306885
"vgg13_bn-reg:4,lamb:2.0",0.0005,4,2.0,1,42516418_11,True,cifar100_vgg13_bn,1.3727052211761477,1.372708439826965,2.3606810569763184,0.14885175228118896,2.0,1.383077781700963,0,0.35731783509254456,0.7363999999985272,0.9095999999981808,7.280025005340576,0.006914024706929922,0.006916016340255737,0.0035827262327075005,0.004223817028105259,2.0,0.006909854152767993,0,0.3078055679798126,0.9989777777775558,0.9999999999997778,0.003889742773026228
"vgg13_bn-reg:5,lamb:0.001",0.0005,5,0.001,1,42516418_12,True,cifar100_vgg13_bn,1.279425859451294,0.10579685121774672,3.4096883609890938e-06,0.1382531225681305,0.0010000000474974513,1.2840829783218104,0,0.33403152227401733,0.7171999999985657,0.9061999999981876,5.806746959686279,0.18341106176376343,0.02700321562588215,3.0560477171093225e-07,0.0172614436596632,0.0010000000474974513,0.1833772254918903,0,0.10750558972358704,0.946933333333123,0.9946444444442236,0.4022238850593567
"vgg16_bn-reg:4,lamb:0.5",0.0005,4,0.5,1,42516418_9,True,cifar100_vgg16_bn,1.6359496116638184,1.6351258754730225,0.5422637462615967,0.19002340734004977,0.5,1.6395297280697003,0,0.4729572832584381,0.7335999999985329,0.9005999999981988,10.618941307067873,0.00645699305459857,0.006260981317609549,0.0004418601747602224,0.003687584307044745,0.5,0.00645973289279944,0,0.22411566972732544,0.9990444444442224,0.9999555555553334,0.00744634959846735
"vgg13_bn-reg:5,lamb:0.5",0.0005,5,0.5,1,42516418_15,True,cifar100_vgg13_bn,1.3349905014038086,1.3315786123275757,0.39858007431030273,0.14732283353805542,0.5,1.3424182348691809,0,0.3738420605659485,0.7375999999985248,0.9111999999981776,7.096897602081299,0.03723708912730217,0.03696789592504501,0.0035075750201940536,0.012849604710936546,0.5,0.03726895091928112,0,0.3156716823577881,0.990711111110891,0.9999333333331112,0.039722081273794174
"vgg19_bn-reg:4,lamb:0.001",0.0005,4,0.001,1,42516418_6,True,cifar100_vgg19_bn,1.821137309074402,0.1621454656124115,7.248600013554096e-06,0.1966356784105301,0.0010000000474974513,1.8266936769888749,0,0.4917736053466797,0.7399999999985201,0.8997999999982004,13.427115440368652,0.006391649134457111,0.002399907447397709,6.696036507491954e-07,0.0032558473758399487,0.0010000000474974513,0.006388649624536376,0,0.2036769986152649,0.9989111111108891,0.9999999999997778,0.006307041272521019
"repvgg_a0-reg:3,lamb:2.0",0.0005,3,2.0,1,42516418_5,True,cifar100_repvgg_a0,1.151158094406128,1.1509132385253906,1.7676982879638672,0.10238593071699142,2.0,1.149796968123603,0,0.17335110902786255,0.7087999999985825,0.9213999999981572,4.321850776672363,0.10804470628499983,0.107636921107769,0.05974499881267547,0.06627082824707031,2.0,0.1080762205838032,0,0.2725991904735565,0.9845555555553368,0.9998444444442224,0.05200172960758209
"vgg16_bn-reg:4,lamb:0.1",0.0005,4,0.1,1,42516418_8,True,cifar100_vgg16_bn,1.64373779296875,1.1878108978271484,0.04210321605205536,0.19392141699790957,0.10000000149011612,1.6498524299955388,0,0.45862239599227905,0.7327999999985344,0.905999999998188,10.516154289245604,0.005653552245348692,0.004861217457801104,1.4131481293588877e-05,0.0031724912114441395,0.10000000149011612,0.005669026116687769,0,0.7858809232711792,0.9989777777775558,0.9999999999997778,0.002881513210013509
"repvgg_a0-reg:3,lamb:0.5",0.0005,3,0.5,1,42516418_3,True,cifar100_repvgg_a0,1.0617448091506958,0.99998676776886,0.2224598526954651,0.0737767368555069,0.5,1.0629486853530012,0,0.15074872970581055,0.6995999999986008,0.930999999998138,3.1472158432006836,0.28832870721817017,0.26047205924987793,0.024189263582229618,0.09476274996995926,0.5,0.2883460822944016,0,0.22129368782043457,0.9261999999997942,0.9977777777775562,0.24561282992362976
"repvgg_a0-reg:3,lamb:1.0",0.0005,3,1.0,1,42516418_4,True,cifar100_repvgg_a0,1.078330397605896,1.072434902191162,0.6609014272689819,0.08864374458789825,1.0,1.0790694618790215,0,0.1638621687889099,0.7103999999985792,0.9281999999981436,3.6220760345458984,0.1626264750957489,0.1584606170654297,0.0345441997051239,0.08078476786613464,1.0,0.16262515049181067,0,0.25725257396698,0.968422222222007,0.999599999999778,0.09964302182197572
resnet56-baseline,0.0005,0,0.0,1,42516422,True,cifar100_resnet56,1.3641595840454102,0.01480783987790346,0.0,0.14787432551383972,0.0,1.359608923709081,0,0.28649842739105225,0.7175999999985648,0.9127999999981744,6.616407871246338,0.023913055658340458,0.00011125099990749732,0.0,0.018288515508174896,0.0,0.02390339926532543,0,0.3201289772987366,0.9981111111108892,0.9999333333331112,0.008380668237805367
"vgg13_bn-reg:5,lamb:1.0",0.0005,5,1.0,1,42516418_16,True,cifar100_vgg13_bn,1.4118911027908323,1.4118314981460571,1.0739508867263794,0.15935221314430237,1.0,1.415956967361098,0,0.3733355104923248,0.7333999999985332,0.9121999999981756,7.767200469970703,0.03251739963889122,0.032472800463438034,0.009764637798070908,0.011490629985928535,1.0,0.03251480726890771,0,0.8406132459640503,0.992244444444224,0.9999333333331112,0.03874451667070389
"vgg19_bn-reg:4,lamb:0.01",0.0005,4,0.01,1,42516418_7,True,cifar100_vgg19_bn,1.840145707130432,0.4923445284366608,0.0006592981517314911,0.19957052171230316,0.009999999776482582,1.8439438333828375,0,0.48039382696151733,0.73499999999853,0.8951999999982097,13.549416542053224,0.007524509914219379,0.005099710542708635,8.584975148551166e-07,0.0030877357348799706,0.009999999776482582,0.007522207844458599,0,0.2968820035457611,0.9985555555553336,0.9999999999997778,0.009139923378825188
"vgg11_bn-reg:5,lamb:2.0",0.0005,5,2.0,1,42516418_17,True,cifar100_vgg11_bn,1.663081169128418,1.6630786657333374,2.873703956604004,0.18762388825416565,2.0,1.6716703943000442,0,0.3699241578578949,0.6911999999986176,0.8903999999982192,9.439358711242676,0.035701245069503784,0.03569604083895683,0.02932637929916382,0.013062160462141035,2.0,0.035714832111349175,0,0.23135077953338623,0.991733333333113,0.9998444444442224,0.04219125211238861
"vgg16_bn-reg:5,lamb:0.1",0.0005,5,0.1,1,42516418_14,True,cifar100_vgg16_bn,1.5063709020614624,1.0270484685897827,0.0325741171836853,0.1672745794057846,0.10000000149011612,1.5031768433684372,0,0.34151703119277954,0.703999999998592,0.8985999999982028,8.025324821472168,0.13577502965927124,0.116239033639431,0.0010691098868846891,0.017595987766981125,0.10000000149011612,0.13583434973494937,0,0.15187855064868927,0.9585555555553426,0.9985333333331116,0.23908710479736328
"vgg16_bn-reg:4,lamb:1.0",0.0005,4,1.0,1,42516418_10,True,cifar100_vgg16_bn,1.6503558158874512,1.650283694267273,1.3339285850524902,0.1854322850704193,1.0,1.652627562650249,0,0.4325136244297027,0.7389999999985221,0.897999999998204,11.12246799468994,0.007112494204193354,0.007034810725599527,0.00163554260507226,0.003744872286915779,1.0,0.007137337864489651,0,0.29576054215431213,0.9989111111108891,0.9999999999997778,0.006947131361812353
"vgg16_bn-reg:4,lamb:2.0",0.0005,4,2.0,1,42516418_11,True,cifar100_vgg16_bn,1.7289639711380005,1.7289464473724363,3.099940538406372,0.19492098689079285,2.0,1.7339090994271584,0,0.4680165350437164,0.7325999999985349,0.9043999999981912,11.916245460510254,0.008129244670271873,0.008112462237477303,0.005470525473356247,0.0038539073430001736,2.0,0.00813178220236063,0,0.8154711723327637,0.9985111111108892,0.9999999999997778,0.007459451910108328
"vgg16_bn-reg:5,lamb:0.01",0.0005,5,0.01,1,42516418_13,True,cifar100_vgg16_bn,1.3696600198745728,0.34036797285079956,0.0003203637897968292,0.14303472638130188,0.009999999776482582,1.3727854006579066,0,0.3025025725364685,0.7041999999985916,0.895999999998208,6.538051605224609,0.2579493522644043,0.09435556828975676,2.93683260679245e-05,0.01739639975130558,0.009999999776482582,0.2580106101614213,0,0.12843269109725952,0.9244444444442392,0.9922888888886684,0.5863426327705383
"vgg19_bn-reg:4,lamb:0.5",0.0005,4,0.5,1,42516418_9,True,cifar100_vgg19_bn,1.8295812606811523,1.8288873434066772,0.6320843696594238,0.2000305950641632,0.5,1.824470256846859,0,0.5248900055885315,0.7281999999985436,0.8955999999982088,13.503897666931152,0.010245461016893389,0.009934592060744762,0.0009446833282709122,0.0039010520558804274,0.5,0.010263892458909449,0,0.26286500692367554,0.9976222222220006,0.9999555555553334,0.011500004678964617
"vgg16_bn-reg:5,lamb:0.5",0.0005,5,0.5,1,42516418_15,True,cifar100_vgg16_bn,1.6368240118026731,1.63194739818573,0.5194036364555359,0.18365059792995453,0.5,1.6352111569811614,0,0.4251837134361267,0.7115999999985768,0.8995999999982008,10.191065788269045,0.05226188153028488,0.051405273377895355,0.005769994109869003,0.014179524034261703,0.5,0.05225703244816604,0,0.11298227310180664,0.985911111110892,0.9997777777775556,0.07122629135847092
"vgg16_bn-reg:5,lamb:0.001",0.0005,5,0.001,1,42516418_12,True,cifar100_vgg16_bn,1.3607178926467896,0.11076720058918,3.639492206275463e-06,0.14363941550254822,0.0010000000474974513,1.3625436895233485,0,0.9274046421051024,0.7061999999985876,0.8933999999982132,6.348962306976318,0.27367183566093445,0.03468326851725578,9.20990714803338e-07,0.015363911166787148,0.0010000000474974513,0.27368870621516034,0,0.09056086838245392,0.9201111111109068,0.9902666666664468,0.6519383192062378
"vgg19_bn-reg:4,lamb:0.1",0.0005,4,0.1,1,42516418_8,True,cifar100_vgg19_bn,1.819886326789856,1.3188751935958862,0.0508202463388443,0.2008364498615265,0.10000000149011612,1.8174610188456792,0,0.81332927942276,0.7321999999985356,0.8953999999982092,13.09096908569336,0.007382670417428017,0.006376323290169239,4.303851164877415e-05,0.003266575513407588,0.10000000149011612,0.007378673959707439,0,0.2242985963821411,0.9987111111108892,0.9999999999997778,0.009790126234292984
"repvgg_a0-reg:4,lamb:0.001",0.0005,4,0.001,1,42516418_6,True,cifar100_repvgg_a0,1.046719670295715,0.08546040207147598,2.446351572871208e-06,0.08871835470199585,0.0010000000474974513,1.0465925032627907,0,0.18528467416763303,0.7465999999985068,0.9287999999981424,3.7787868976593018,0.007211664691567421,0.0009954569395631552,5.359447641239967e-07,0.006616583094000816,0.0010000000474974513,0.007214507323131678,0,0.27298855781555176,0.9998444444442224,0.9999999999997778,0.0006575888837687671
"vgg16_bn-reg:5,lamb:1.0",0.0005,5,1.0,1,42516418_16,True,cifar100_vgg16_bn,1.6591002941131592,1.6588679552078247,1.3110616207122805,0.18424245715141296,1.0,1.6560269883935592,0,0.410707026720047,0.718999999998562,0.9005999999981988,11.23093318939209,0.044365912675857544,0.04410543292760849,0.013770133256912231,0.013827959075570108,1.0,0.04435138648589533,0,0.278484970331192,0.9887333333331136,0.9997777777775556,0.05493147671222687
"repvgg_a1-reg:3,lamb:0.001",0.0005,3,0.001,1,42516418_0,True,cifar100_repvgg_a1,1.166313886642456,0.07309005409479141,1.8776627257466316e-06,0.038586344569921494,0.0010000000474974513,1.1609252923882871,0,0.09171245247125626,0.6667999999986665,0.9061999999981876,2.75051212310791,0.771499514579773,0.0491800382733345,9.307987056672572e-07,0.06999309360980988,0.0010000000474974513,0.7715505862339502,0,0.1277673840522766,0.7777999999998272,0.9571777777775652,1.2528804540634155
"repvgg_a1-reg:3,lamb:0.01",0.0005,3,0.01,1,42516418_1,True,cifar100_repvgg_a1,1.0882805585861206,0.2200368493795395,0.0001339418813586235,0.04972337931394577,0.009999999776482582,1.0844842726530246,0,0.0903775617480278,0.6855999999986289,0.917999999998164,2.710621118545532,0.6505346298217773,0.13563865423202515,5.183182656764984e-05,0.06971035152673721,0.009999999776482582,0.6505220430448856,0,0.13504856824874878,0.8115777777775974,0.9683777777775626,1.047453999519348
"repvgg_a1-reg:3,lamb:0.1",0.0005,3,0.1,1,42516418_2,True,cifar100_repvgg_a1,1.05161714553833,0.6061980724334717,0.012060217559337616,0.04790085554122925,0.10000000149011612,1.0470401639471525,0,0.15679848194122314,0.7027999999985944,0.9235999999981528,2.726003408432007,0.4993084967136383,0.2899252474308014,0.0031454935669898987,0.07981207966804504,0.10000000149011612,0.4992774817808904,0,0.15313440561294556,0.8555777777775877,0.9829777777775592,0.6781057715415955
"vgg13_bn-reg:5,lamb:2.0",0.0005,5,2.0,1,42516418_17,True,cifar100_vgg13_bn,1.4448412656784058,1.444841384887695,2.4946868419647217,0.16603368520736694,2.0,1.4465770118156214,0,0.3849953413009643,0.7255999999985489,0.9065999999981867,8.126928329467773,0.027668919414281845,0.027666185051202778,0.02376454323530197,0.008988377638161182,2.0,0.02765481364861987,0,0.31862038373947144,0.9930444444442238,0.999822222222,0.03484699875116348
"repvgg_a0-reg:4,lamb:0.01",0.0005,4,0.01,1,42516418_7,True,cifar100_repvgg_a0,1.0799312591552734,0.26617997884750366,0.00019636191427707672,0.08960673958063126,0.009999999776482582,1.083667200261923,0,0.233443021774292,0.7399999999985201,0.9235999999981528,3.982635021209717,0.007654612883925438,0.002564189489930868,2.5217741494998336e-07,0.006916239392012358,0.009999999776482582,0.007657963633948837,0,0.6568422317504883,0.9997555555553336,0.9999999999997778,0.000789103505667299
"vgg19_bn-reg:5,lamb:0.1",0.0005,5,0.1,1,42516418_14,True,cifar100_vgg19_bn,1.4711079597473145,0.9657555222511292,0.02909456193447113,0.1514216661453247,0.10000000149011612,1.4713836066518509,0,0.34286969900131226,0.6867999999986264,0.8855999999982288,7.110939025878906,0.26300048828125,0.204513818025589,0.0022636428475379944,0.025633282959461212,0.10000000149011612,0.26306994621925195,0,0.08278971910476685,0.9209777777775732,0.9931333333331128,0.5076074600219727
"vgg19_bn-reg:4,lamb:1.0",0.0005,4,1.0,1,42516418_10,True,cifar100_vgg19_bn,1.791837453842163,1.7917332649230957,1.4671437740325928,0.19675952196121216,1.0,1.791884045897042,0,0.4820055663585663,0.7297999999985404,0.900999999998198,13.378992080688477,0.009522859938442709,0.009398499503731728,0.002113764174282551,0.004641187842935324,1.0,0.009527170302503524,0,0.622655987739563,0.9981999999997784,0.9999777777775556,0.007459766231477261
"vgg19_bn-reg:4,lamb:2.0",0.0005,4,2.0,1,42516418_11,True,cifar100_vgg19_bn,1.8801456689834597,1.8801043033599856,3.3941500186920166,0.20147296786308289,2.0,1.8835422744870007,0,0.44021379947662354,0.7241999999985517,0.891999999998216,14.093610763549805,0.012214379385113716,0.01217658817768097,0.008943948894739151,0.005309607833623886,2.0,0.012210115046202792,0,0.6389034986495972,0.9976888888886672,0.9999777777775556,0.01530181895941496
"vgg19_bn-reg:5,lamb:0.01",0.0005,5,0.01,1,42516418_13,True,cifar100_vgg19_bn,1.4283872842788696,0.3343968987464905,0.00031063519418239594,0.12294724583625792,0.009999999776482582,1.437798940416507,0,0.2592042088508606,0.6793999999986412,0.878999999998242,6.348138332366943,0.4618392586708069,0.1323598325252533,5.2199698984622955e-05,0.022322896867990497,0.009999999776482582,0.4619337169360371,0,0.06846654415130615,0.8648222222220301,0.977622222222005,1.059007167816162
"repvgg_a1-reg:3,lamb:2.0",0.0005,3,2.0,1,42516418_5,True,cifar100_repvgg_a1,1.0665149688720703,1.0664565563201904,1.6899290084838867,0.10536252707242966,2.0,1.0658203089868576,0,0.2089715600013733,0.742999999998514,0.9315999999981368,4.392172336578369,0.037936948239803314,0.037828221917152405,0.01353125274181366,0.0297924280166626,2.0,0.037928005752369334,0,0.808753252029419,0.9970888888886674,0.9999999999997778,0.010021477937698364
"vgg19_bn-reg:5,lamb:0.5",0.0005,5,0.5,1,42516418_15,True,cifar100_vgg19_bn,1.632508635520935,1.620601773262024,0.501013457775116,0.16938863694667816,0.5,1.6332933238922918,0,0.4072602391242981,0.6963999999986072,0.8875999999982248,9.763422012329102,0.12199873477220537,0.11892634630203248,0.014422867447137833,0.024126555770635605,0.5,0.12202196139995622,0,0.1297344267368317,0.9639333333331191,0.9992444444442224,0.17257362604141235
"repvgg_a1-reg:3,lamb:0.5",0.0005,3,0.5,1,42516418_3,True,cifar100_repvgg_a1,1.0088692903518677,0.966360867023468,0.2212114930152893,0.0697445347905159,0.5,1.0053890074232927,0,0.13197821378707886,0.7265999999985469,0.9301999999981396,3.272543668746948,0.17509007453918457,0.16147615015506744,0.012308716773986816,0.07678365707397461,0.5,0.17508661695184535,0,0.4010794758796692,0.9616666666664532,0.9995111111108892,0.12221216410398485
"vgg19_bn-reg:5,lamb:0.001",0.0005,5,0.001,1,42516418_12,True,cifar100_vgg19_bn,1.3929492235183716,0.10578037053346634,3.4457771107554436e-06,0.12314164638519288,0.0010000000474974513,1.3974695437119706,0,0.25031906366348267,0.6823999999986352,0.8821999999982356,5.798277854919434,0.46417587995529175,0.04543444514274597,6.901973392814398e-07,0.01945377141237259,0.0010000000474974513,0.4641721251749602,0,0.05567789077758789,0.8652888888886967,0.9775999999997828,1.0919556617736816
"repvgg_a1-reg:3,lamb:1.0",0.0005,3,1.0,1,42516418_4,True,cifar100_repvgg_a1,1.0127133131027222,1.0098224878311155,0.6433142423629761,0.08621177077293396,1.0,1.0101600910142756,0,0.18968713283538816,0.7389999999985221,0.9355999999981288,3.735431432723999,0.0814724713563919,0.07985077053308487,0.012624815106391908,0.054416224360466,1.0,0.08145413659473517,0,0.4935254454612732,0.9902666666664468,0.9999333333331112,0.033576466143131256
vgg11_bn-baseline,0.0005,0,0.0,1,42516422,True,cifar100_vgg11_bn,1.545525074005127,0.01732836663722992,0.0,0.15644267201423645,0.0,1.5478666238198011,0,0.3366755247116089,0.6939999999986121,0.8821999999982356,7.662798881530762,0.006751891225576401,4.2263516661478207e-05,0.0,0.004243048839271069,0.0,0.006746753889800416,0,0.7367914319038391,0.9991111111108892,0.9999999999997778,0.003933756612241268
"repvgg_a0-reg:4,lamb:0.5",0.0005,4,0.5,1,42516418_9,True,cifar100_repvgg_a0,1.031288981437683,1.013750076293945,0.24772685766220093,0.08519695699214935,0.5,1.032635455807306,0,0.205937922000885,0.7441999999985116,0.9265999999981468,3.608508586883545,0.010039441287517548,0.008964789099991322,9.30391252040863e-05,0.009349488653242588,0.5,0.010043746875875016,0,0.21978771686553955,0.9997333333331112,0.9999999999997778,0.0008006621501408517
"repvgg_a0-reg:4,lamb:0.1",0.0005,4,0.1,1,42516418_8,True,cifar100_repvgg_a0,1.0674376487731934,0.7140393853187561,0.01678081601858139,0.08870840072631836,0.10000000149011612,1.070289566577778,0,0.2077201008796692,0.7393999999985212,0.9251999999981496,3.895198345184326,0.008546884171664715,0.005671639461070299,4.010915290564299e-06,0.007782666943967342,0.10000000149011612,0.00854838762214435,0,0.7278423309326172,0.9997555555553336,0.9999999999997778,0.00081785605289042
"vgg19_bn-reg:5,lamb:1.0",0.0005,5,1.0,1,42516418_16,True,cifar100_vgg19_bn,1.7447917461395264,1.743912935256958,1.3487412929534912,0.1805609166622162,1.0,1.7461563518853294,0,0.3487474322319031,0.6933999999986132,0.8847999999982304,11.204862594604492,0.1111861988902092,0.11007150262594224,0.0379134938120842,0.025490598753094673,1.0,0.11116925112017476,0,0.16569386422634125,0.9681777777775626,0.9995111111108892,0.15197549760341644
"vgg16_bn-reg:5,lamb:2.0",0.0005,5,2.0,1,42516418_17,True,cifar100_vgg16_bn,1.724539041519165,1.724457025527954,3.036259174346924,0.18693408370018005,2.0,1.722281121346501,0,0.4037809371948242,0.7121999999985756,0.8931999999982136,11.70129108428955,0.05247727036476135,0.05238623172044754,0.047776997089385986,0.013558209873735905,2.0,0.05248343976000992,0,0.2950911521911621,0.9855777777775588,0.9998888888886668,0.0756603479385376
"repvgg_a0-reg:5,lamb:0.1",0.0005,5,0.1,1,42516418_14,True,cifar100_repvgg_a0,1.086647868156433,0.7497302293777466,0.018961235880851746,0.10332972556352615,0.10000000149011612,1.0935312086836573,0,0.21608835458755493,0.7415999999985168,0.9285999999981428,4.528116703033447,0.0430457666516304,0.03188168257474899,8.552195504307747e-05,0.03019057586789131,0.10000000149011612,0.043089143283841565,0,0.3392604887485504,0.9955777777775566,0.9999777777775556,0.017641957849264145
"repvgg_a0-reg:4,lamb:1.0",0.0005,4,1.0,1,42516418_10,True,cifar100_repvgg_a0,1.0668271780014038,1.0657613277435305,0.6964210271835327,0.08747367560863495,1.0,1.067001848879417,0,0.17777514457702637,0.7369999999985261,0.9227999999981544,3.813979625701904,0.010964017361402512,0.010550661012530329,0.0003934912383556366,0.010145910084247587,1.0,0.010970207737579942,0,0.5461403727531433,0.9997555555553336,0.9999999999997778,0.0009131378028541804
"repvgg_a0-reg:4,lamb:2.0",0.0005,4,2.0,1,42516418_11,True,cifar100_repvgg_a0,1.0989702939987185,1.0989283323287964,1.7352244853973389,0.09979334473609924,2.0,1.1030537242142506,0,0.4051390886306762,0.7325999999985349,0.9241999999981516,4.058059215545654,0.010673519223928452,0.010599263943731785,0.0014476701617240906,0.009837200865149498,2.0,0.0106762615978917,0,0.748909592628479,0.9997555555553336,0.9999999999997778,0.0009709876030683516
"repvgg_a0-reg:5,lamb:0.01",0.0005,5,0.01,1,42516418_13,True,cifar100_repvgg_a0,1.0720361471176147,0.27173367142677307,0.00020705442875623703,0.09908841550350188,0.009999999776482582,1.0763341808897884,0,0.23229193687438965,0.7387999999985224,0.9305999999981388,4.208776950836182,0.07021555304527283,0.025321533903479576,3.112305421382189e-06,0.03826212137937546,0.009999999776482582,0.07023681888211729,0,0.27299022674560547,0.9884444444442247,0.9997333333331112,0.047388795763254166
"repvgg_a1-reg:4,lamb:0.001",0.0005,4,0.001,1,42516418_6,True,cifar100_repvgg_a1,0.9810351133346558,0.07932821661233902,1.6115373000502586e-06,0.06841248273849487,0.0010000000474974513,0.9795297409166758,0,0.15526580810546875,0.7621999999984757,0.9333999999981332,3.2534265518188477,0.006403912790119648,0.0008387998677790165,6.818677320552524e-07,0.005869074258953333,0.0010000000474974513,0.006406687623033854,0,0.4885723888874054,0.999822222222,0.9999999999997778,0.0005292079877108335
vgg13_bn-baseline,0.0005,0,0.0,1,42516422,True,cifar100_vgg13_bn,1.317176342010498,0.015066833235323427,0.0,0.13036228716373444,0.0,1.3225983315053724,0,0.33811986446380615,0.7367999999985264,0.9085999999981828,6.649524211883545,0.00567140756174922,5.657248038914986e-05,0.0,0.003950413782149553,0.0,0.005669648879128945,0,0.7433544397354126,0.9994222222220002,0.9999999999997778,0.002877037739381194
"repvgg_a0-reg:5,lamb:0.5",0.0005,5,0.5,1,42516418_15,True,cifar100_repvgg_a0,1.0659281015396118,1.0510209798812866,0.2739003300666809,0.10570686310529707,0.5,1.0705456519734629,0,0.20322459936141968,0.7421999999985156,0.9321999999981356,4.415065288543701,0.023248232901096344,0.021824194118380547,0.0005834288895130157,0.019439511001110077,0.5,0.023257446563962864,0,0.3337622582912445,0.9988444444442224,0.9999999999997778,0.005368111655116081
"repvgg_a0-reg:5,lamb:0.001",0.0005,5,0.001,1,42516418_12,True,cifar100_repvgg_a0,1.0552211999893188,0.08799781650304794,2.364744432270527e-06,0.10599977523088457,0.0010000000474974513,1.0568842972000962,0,0.2327488660812378,0.7327999999985344,0.93499999999813,4.014562606811523,0.07165898382663727,0.009308762848377228,1.334119588136673e-07,0.03969639539718628,0.0010000000474974513,0.07167880266328233,0,0.2529703974723816,0.9884222222220026,0.9997555555553336,0.04932014271616936
"repvgg_a0-reg:5,lamb:1.0",0.0005,5,1.0,1,42516418_16,True,cifar100_repvgg_a0,1.09471333026886,1.0937392711639404,0.7367020845413208,0.11062324792146684,1.0,1.0975658172841638,0,0.23562216758728027,0.7337999999985324,0.9277999999981444,4.439385890960693,0.018764516338706017,0.01832394115626812,0.0011253561824560163,0.016833338886499405,1.0,0.01877521451413633,0,0.7136223316192627,0.9995333333331112,0.9999999999997778,0.0026501466054469347
"repvgg_a2-reg:3,lamb:0.001",0.0005,3,0.001,1,42516418_0,True,cifar100_repvgg_a2,1.060060739517212,0.07226978987455368,1.482316292822361e-06,0.04445123672485352,0.0010000000474974513,1.0613044703660686,0,0.24012500047683716,0.698999999998602,0.9201999999981596,2.689513683319092,0.6024082899093628,0.04341563954949379,6.397604010999203e-07,0.06887146830558777,0.0010000000474974513,0.6023855984546028,0,0.2018411755561829,0.8264888888887053,0.9711333333331176,0.9834271669387816
"repvgg_a1-reg:4,lamb:0.01",0.0005,4,0.01,1,42516418_7,True,cifar100_repvgg_a1,1.030384540557861,0.249037966132164,0.00017105601727962494,0.06813722848892212,0.009999999776482582,1.0259665752287843,0,0.14838021993637085,0.7557999999984885,0.9317999999981365,3.463601589202881,0.006411096081137657,0.0019891830161213875,2.1478626877069473e-07,0.0059305764734745026,0.009999999776482582,0.006411781666478406,0,0.2463303804397583,0.9997777777775556,0.9999999999997778,0.000511026126332581
"vgg19_bn-reg:5,lamb:2.0",0.0005,5,2.0,1,42516418_17,True,cifar100_vgg19_bn,1.867134690284729,1.8658257722854616,3.226140260696411,0.17207753658294678,2.0,1.8696825614163857,0,0.35762059688568115,0.681999999998636,0.8715999999982568,12.926218032836914,0.17466790974140167,0.17316792905330658,0.15982165932655334,0.03817983716726303,2.0,0.17469741140600314,0,0.4215533435344696,0.9496222222220112,0.9988222222220005,0.2434016466140747
"repvgg_a2-reg:3,lamb:0.01",0.0005,3,0.01,1,42516418_1,True,cifar100_repvgg_a2,1.025238871574402,0.2200375497341156,0.00013390369713306427,0.04373353719711304,0.009999999776482582,1.0254800821183712,0,0.08246250450611115,0.70999999999858,0.9253999999981491,2.713465690612793,0.5425678491592407,0.1234235018491745,4.4094398617744446e-05,0.06538350880146027,0.009999999776482582,0.542537736590944,0,0.13136881589889526,0.8433777777775904,0.9767333333331164,0.8829059600830078
"repvgg_a2-reg:3,lamb:0.1",0.0005,3,0.1,1,42516418_2,True,cifar100_repvgg_a2,0.9797595739364624,0.5972147583961487,0.011960245668888092,0.05022113770246506,0.10000000149011612,0.9830351645799698,0,0.1260494589805603,0.7237999999985524,0.92999999999814,2.719165325164795,0.3801186680793762,0.23496569693088531,0.0022223815321922302,0.07655689120292664,0.10000000149011612,0.3801155743735172,0,0.1841176152229309,0.8916444444442464,0.9908888888886688,0.4778102040290833
"repvgg_a1-reg:4,lamb:0.1",0.0005,4,0.1,1,42516418_8,True,cifar100_repvgg_a1,1.0080182552337646,0.6710838675498962,0.014755606651306152,0.06992904841899872,0.10000000149011612,1.0019820625540474,0,0.19186633825302124,0.7555999999984888,0.928999999998142,3.366749048233032,0.006780751049518585,0.00438917800784111,3.827386535704136e-06,0.0060877674259245396,0.10000000149011612,0.0067833970212333354,0,0.19974493980407715,0.9997555555553336,0.9999999999997778,0.0006727388827130198
vgg16_bn-baseline,0.0005,0,0.0,1,42516422,True,cifar100_vgg16_bn,1.6654448509216309,0.023571914061903954,0.0,0.193309485912323,0.0,1.6663681677592688,0,0.4469866156578064,0.7297999999985404,0.9035999999981928,10.545994758605955,0.005944321397691965,3.9062713767634705e-05,0.0,0.0026907864958047867,0.0,0.005951728865917506,0,0.3916211724281311,0.998888888888667,0.9999777777775556,0.0059449379332363605
"repvgg_a1-reg:4,lamb:0.5",0.0005,4,0.5,1,42516418_9,True,cifar100_repvgg_a1,1.0105785131454468,0.9942358136177064,0.23752230405807495,0.07439269125461578,0.5,1.005457198117114,0,0.17687833309173584,0.7465999999985068,0.9303999999981392,3.3834617137908936,0.0073774103075265884,0.006530283950269222,6.378907710313797e-05,0.0068349349312484264,0.5,0.0073794372063382225,0,0.5244230031967163,0.999799999999778,0.9999999999997778,0.000556373328436166
"repvgg_a2-reg:3,lamb:2.0",0.0005,3,2.0,1,42516418_5,True,cifar100_repvgg_a2,0.994380533695221,0.994342565536499,1.567581295967102,0.0978846326470375,2.0,0.994662472108374,0,0.24433201551437375,0.752999999998494,0.9365999999981268,3.9878451824188232,0.022371718659996983,0.022305654361844063,0.006039518862962723,0.01904142275452614,2.0,0.022372303762133335,0,0.8122966885566711,0.9989333333331114,0.9999999999997778,0.004337550140917301
"repvgg_a2-reg:3,lamb:0.5",0.0005,3,0.5,1,42516418_3,True,cifar100_repvgg_a2,0.9691267609596252,0.9452721476554872,0.2243571579456329,0.08555896580219269,0.5,0.9741732145445372,0,0.16345125436782837,0.7421999999985156,0.9375999999981248,3.2711846828460693,0.08972254395484924,0.08429877460002899,0.004764989018440247,0.053356677293777466,0.5,0.08973033175378554,0,0.5827920436859131,0.9862444444442252,0.9999555555553334,0.045594073832035065
"repvgg_a2-reg:3,lamb:1.0",0.0005,3,1.0,1,42516418_4,True,cifar100_repvgg_a2,0.9555372595787048,0.95427668094635,0.6199526190757751,0.08892874419689178,1.0,0.957201158521796,0,0.16888770461082458,0.7547999999984905,0.9385999999981228,3.6514523029327393,0.04058101028203964,0.039889510720968246,0.004842065274715424,0.030710112303495407,1.0,0.04058137242663366,0,0.34198570251464844,0.996533333333112,0.9999999999997778,0.01247399765998125
"repvgg_a0-reg:5,lamb:2.0",0.0005,5,2.0,1,42516418_17,True,cifar100_repvgg_a0,1.1331344842910769,1.133099913597107,1.814913034439087,0.10948146879673004,2.0,1.136469217566645,0,0.2478771209716797,0.7353999999985292,0.9235999999981528,4.788556098937988,0.016091015189886093,0.0160283911973238,0.00336485356092453,0.01422166358679533,2.0,0.0160973501350813,0,0.7588446736335754,0.9994444444442224,0.9999999999997778,0.002379401819780469
"repvgg_a1-reg:5,lamb:0.1",0.0005,5,0.1,1,42516418_14,True,cifar100_repvgg_a1,1.029480218887329,0.7122789621353149,0.01715930551290512,0.09311037510633469,0.10000000149011612,1.0277213568317205,0,0.9112740159034728,0.7521999999984956,0.93499999999813,4.043703079223633,0.021343346685171127,0.016016760841012,2.7668196707963943e-05,0.017103321850299835,0.10000000149011612,0.021345254873956426,0,0.8334486484527588,0.9985555555553336,0.9999999999997778,0.005530781112611294
"repvgg_a1-reg:5,lamb:0.01",0.0005,5,0.01,1,42516418_13,True,cifar100_repvgg_a1,1.0304921865463257,0.2735658586025238,0.00021123327314853668,0.09879717230796814,0.009999999776482582,1.0304023648116802,0,0.247036874294281,0.7537999999984925,0.9355999999981288,4.288536548614502,0.03241436183452606,0.013022752478718758,8.480274118483067e-07,0.02210153080523014,0.009999999776482582,0.03241825253857168,0,0.39084917306900024,0.9964444444442232,0.9999777777775556,0.01575188897550106
"repvgg_a1-reg:4,lamb:2.0",0.0005,4,2.0,1,42516418_11,True,cifar100_repvgg_a1,0.9714548587799072,0.9714065194129944,1.495251178741455,0.06777074187994003,2.0,0.9673985029390378,0,0.14482098817825317,0.7555999999984888,0.932999999998134,3.2240307331085205,0.008332252502441406,0.008245078846812248,0.0008544921875,0.00783303752541542,2.0,0.008335442781842582,0,0.36123788356781006,0.9998888888886668,0.9999999999997778,0.0005736758466809988
"repvgg_a1-reg:4,lamb:1.0",0.0005,4,1.0,1,42516418_10,True,cifar100_repvgg_a1,0.9798904061317444,0.9788647294044496,0.6288915276527405,0.07306704670190811,1.0,0.9761770928985616,0,0.19102385640144348,0.753999999998492,0.9327999999981345,3.374340534210205,0.008333934471011162,0.007954883389174938,0.00026298873126506805,0.007737352978438139,1.0,0.008334428005357091,0,0.26667535305023193,0.999799999999778,0.9999999999997778,0.0006133976858109236
"repvgg_a1-reg:5,lamb:0.5",0.0005,5,0.5,1,42516418_15,True,cifar100_repvgg_a1,1.010386347770691,0.9959232807159424,0.2474483847618103,0.09572428464889526,0.5,1.0134935284553883,0,0.19108706712722776,0.7447999999985104,0.9323999999981352,3.698476791381836,0.014848140068352222,0.01373465545475483,0.0002696053124964237,0.01290583424270153,0.5,0.014852688070177738,0,0.42501455545425415,0.999399999999778,0.9999999999997778,0.002444060053676367
"repvgg_a1-reg:5,lamb:0.001",0.0005,5,0.001,1,42516418_12,True,cifar100_repvgg_a1,1.0756863355636597,0.0926893949508667,2.8025824576616287e-06,0.11197308450937273,0.0010000000474974513,1.0715058351165985,0,0.20473062992095947,0.7421999999985156,0.9303999999981392,4.430122375488281,0.03635193780064583,0.005480529740452766,1.1231895769014957e-07,0.024119701236486435,0.0010000000474974513,0.03636904116724983,0,0.3356282711029053,0.9956444444442232,0.9999777777775556,0.017903488129377365
vgg19_bn-baseline,0.0005,0,0.0,1,42516422,True,cifar100_vgg19_bn,1.8094491958618164,0.029646366834640503,0.0,0.20055389404296875,0.0,1.8122631600378536,0,0.5235334634780884,0.7395999999985208,0.9005999999981988,13.251408576965332,0.007498208433389664,0.000116635586891789,0.0,0.0031448635272681713,0.0,0.007500345215029219,0,0.3460454046726227,0.9987555555553336,0.9999777777775556,0.012796295806765556
"repvgg_a1-reg:5,lamb:1.0",0.0005,5,1.0,1,42516418_16,True,cifar100_repvgg_a1,0.9855368733406068,0.9848260879516602,0.6502860188484192,0.08594922721385956,1.0,0.9838167334644284,0,0.18081218004226685,0.7565999999984868,0.9325999999981348,3.84340763092041,0.011662475764751434,0.011362478137016296,0.0005865022540092468,0.010434686206281183,1.0,0.011665609185661894,0,0.22864818572998047,0.999599999999778,0.9999999999997778,0.0014390649739652872
"repvgg_a2-reg:4,lamb:0.001",0.0005,4,0.001,1,42516418_6,True,cifar100_repvgg_a2,0.947621762752533,0.0764642059803009,1.576961949467659e-06,0.05374434217810631,0.0010000000474974513,0.9504215235726408,0,0.12783074378967285,0.7723999999984552,0.9357999999981284,3.0263335704803467,0.005615716800093651,0.0006566905067302287,8.473448360746261e-07,0.005259986501187086,0.0010000000474974513,0.005615919439162824,0,0.5291137099266052,0.9998666666664444,0.9999999999997778,0.00033343565883114934
"repvgg_a2-reg:4,lamb:0.01",0.0005,4,0.01,1,42516418_7,True,cifar100_repvgg_a2,0.9556646347045898,0.22861824929714203,0.00014483369886875153,0.05366290360689163,0.009999999776482582,0.9561782504307624,0,0.1105813980102539,0.7615999999984768,0.9365999999981268,2.9194750785827637,0.005773663520812988,0.0016516509931534529,5.161782610230148e-07,0.0053645046427845955,0.009999999776482582,0.005775004266486034,0,0.5337945222854614,0.9998444444442224,0.9999999999997778,0.0004149236483499408
repvgg_a0-baseline,0.0005,0,0.0,1,42516422,True,cifar100_repvgg_a0,1.0657445192337036,0.009125120006501676,0.0,0.0892428383231163,0.0,1.0692307317871237,0,0.19431883096694944,0.7451999999985096,0.9251999999981496,4.004124164581299,0.007500483654439449,1.5377276213257574e-05,0.0,0.006748858839273453,0.0,0.007504651505094844,0,0.757638692855835,0.9997777777775556,0.9999999999997778,0.0008504062425345182
"repvgg_a2-reg:4,lamb:0.1",0.0005,4,0.1,1,42516418_8,True,cifar100_repvgg_a2,0.9121136665344238,0.6046023964881897,0.012199454009532928,0.05895114690065384,0.10000000149011612,0.9141580159861736,0,0.11441752314567566,0.7733999999984532,0.9421999999981155,2.7619199752807617,0.0058234091848134995,0.0034795512910932302,2.5068875402212143e-06,0.0054402886889874935,0.10000000149011612,0.005825593797370665,0,0.4916183352470398,0.999822222222,0.9999999999997778,0.0003548975510057062
"repvgg_a2-reg:4,lamb:0.5",0.0005,4,0.5,1,42516418_9,True,cifar100_repvgg_a2,0.9592219591140748,0.9440729022026062,0.21937710046768188,0.05651729926466942,0.5,0.965533846133978,0,0.13314414024353027,0.766999999998466,0.936999999998126,3.010319471359253,0.006065221503376961,0.005186006892472506,4.665646702051163e-05,0.005643795244395733,0.5,0.0060661949414953795,0,0.4926988482475281,0.9998666666664444,0.9999999999997778,0.00041250826325267553
"repvgg_a1-reg:5,lamb:2.0",0.0005,5,2.0,1,42516418_17,True,cifar100_repvgg_a1,1.0293121337890625,1.0292750597000122,1.6214494705200195,0.09780742228031158,2.0,1.028242343150048,0,0.23381632566452024,0.742999999998514,0.9315999999981368,3.815046787261963,0.011664485558867456,0.01160428300499916,0.001832198351621628,0.010594797320663927,2.0,0.011663854552764997,0,0.6494393348693848,0.9996444444442224,0.9999999999997778,0.0013977823546156287
"mobilenetv2_x0_5-reg:3,lamb:0.001",0.0005,3,0.001,1,42516418_0,True,cifar100_mobilenetv2_x0_5,1.6815446615219116,0.07386305928230286,2.1241139620542526e-06,0.011731000617146492,0.0010000000474974513,1.6820708743268111,0,0.0870649516582489,0.5343999999989312,0.8303999999983392,2.7833733558654785,1.6066259145736694,0.06583346426486969,1.5922123566269877e-06,0.05332334339618683,0.0010000000474974513,1.606766055839451,0,0.08933323621749878,0.5462888888887675,0.8498444444442557,2.2091026306152344
"mobilenetv2_x0_5-reg:3,lamb:0.01",0.0005,3,0.01,1,42516418_1,True,cifar100_mobilenetv2_x0_5,2.028858423233032,0.237730011343956,0.00014889054000377655,0.014609495177865028,0.009999999776482582,2.0344740619023796,0,0.04582463204860687,0.443999999999112,0.7713999999984572,2.9851880073547363,1.960538387298584,0.21446464955806732,0.00011991336941719057,0.0513334795832634,0.009999999776482582,1.960895501643086,0,0.07946455478668213,0.4672222222221184,0.7840222222220481,2.412971019744873
"mobilenetv2_x0_5-reg:3,lamb:0.1",0.0005,3,0.1,1,42516418_2,True,cifar100_mobilenetv2_x0_5,1.6796964406967163,0.6406694054603577,0.011958077549934387,0.028400860726833344,0.10000000149011612,1.6801434210482795,0,0.054706182330846786,0.5337999999989325,0.83499999999833,2.5704269409179688,1.6017630100250244,0.5664947032928467,0.00925065577030182,0.07687834650278091,0.10000000149011612,1.601969031356693,0,0.11007565259933472,0.5463111111109897,0.8540888888886992,1.957153558731079
"repvgg_a2-reg:5,lamb:0.1",0.0005,5,0.1,1,42516418_14,True,cifar100_repvgg_a2,0.975813090801239,0.6881381869316101,0.016278669238090515,0.093309223651886,0.10000000149011612,0.9800000841485956,0,0.21075963973999023,0.7597999999984805,0.9387999999981224,3.8500397205352783,0.012052380479872228,0.008898857049643993,1.1237803846597672e-05,0.010394608601927756,0.10000000149011612,0.012049620523258336,0,0.7055122256278992,0.9995333333331112,0.9999999999997778,0.0023239809088408947
"repvgg_a2-reg:4,lamb:2.0",0.0005,4,2.0,1,42516418_11,True,cifar100_repvgg_a2,0.9998160004615784,0.999746799468994,1.5280314683914185,0.06192914769053459,2.0,1.0036041761387084,0,0.14868026971817017,0.7455999999985088,0.9247999999981504,3.082460880279541,0.007221067789942026,0.007117025088518858,0.0007282989099621773,0.00676666758954525,2.0,0.00722140209994057,0,0.6075965166091919,0.9998444444442224,0.9999999999997778,0.0005074516520835459
"repvgg_a2-reg:5,lamb:0.01",0.0005,5,0.01,1,42516418_13,True,cifar100_repvgg_a2,0.9840097427368164,0.263893187046051,0.00019558798521757129,0.09644774347543716,0.009999999776482582,0.9842528129663164,0,0.2518818974494934,0.7625999999984748,0.9393999999981212,3.980388879776001,0.018099144101142883,0.007587871514260769,7.469934644177556e-07,0.01378094870597124,0.009999999776482582,0.018105528485694525,0,0.8526350259780884,0.998577777777556,0.9999999999997778,0.006494690664112568
"repvgg_a2-reg:4,lamb:1.0",0.0005,4,1.0,1,42516418_10,True,cifar100_repvgg_a2,0.9401777386665344,0.9387308359146118,0.5702846646308899,0.04926568642258644,1.0,0.94032354009819,0,0.13217297196388245,0.7633999999984732,0.935999999998128,2.7164011001586914,0.0068866717629134655,0.0064166211523115635,0.000163267832249403,0.006564239505678415,1.0,0.006887640711057913,0,0.3561512231826782,0.9998888888886668,0.9999999999997778,0.00037848768988624215
"repvgg_a2-reg:5,lamb:0.5",0.0005,5,0.5,1,42516418_15,True,cifar100_repvgg_a2,0.9146493673324584,0.9037675857543944,0.22023743391036987,0.0761461853981018,0.5,0.9170967693511743,0,0.24496722221374512,0.7675999999984648,0.9411999999981177,3.318119525909424,0.009174926206469536,0.008381527848541737,0.00011282321065664291,0.008331983350217342,0.5,0.009180318542488528,0,0.5168920755386353,0.9997555555553336,0.9999999999997778,0.0010098782368004322
"repvgg_a2-reg:5,lamb:0.001",0.0005,5,0.001,1,42516418_12,True,cifar100_repvgg_a2,0.9663046598434448,0.08524704724550247,2.139830030500889e-06,0.09876567870378494,0.0010000000474974513,0.9692434753101704,0,0.233492374420166,0.7603999999984792,0.9401999999981197,3.783324956893921,0.019412705674767498,0.003605291713029146,3.392196958884597e-07,0.014389781281352043,0.0010000000474974513,0.019417952718591557,0,0.3546709418296814,0.998488888888667,0.9999777777775556,0.00996234081685543
"repvgg_a2-reg:5,lamb:1.0",0.0005,5,1.0,1,42516418_16,True,cifar100_repvgg_a2,0.921353280544281,0.9207260608673096,0.5926551222801208,0.07611796259880066,1.0,0.9258382077356282,0,0.196150541305542,0.7657999999984684,0.9407999999981184,3.263167142868042,0.00836438313126564,0.008095774799585342,0.00032300129532814026,0.007639661431312561,1.0,0.008368002813871131,0,0.4799467921257019,0.9997555555553336,0.9999999999997778,0.0007726761396043003
"mobilenetv2_x0_5-reg:3,lamb:2.0",0.0005,3,2.0,1,42516418_5,True,cifar100_mobilenetv2_x0_5,1.7612228393554688,1.2903988361358645,1.295374870300293,0.17411041259765625,2.0,1.7618650308382753,0,0.3261868357658386,0.5235999999989528,0.8505999999982988,1.6334112882614136,1.625068187713623,1.1053231954574585,0.9801454544067384,0.22600987553596497,2.0,1.625186569219062,0,0.3603245615959167,0.5612444444443198,0.8949555555553568,1.061936616897583
"mobilenetv2_x0_5-reg:3,lamb:0.5",0.0005,3,0.5,1,42516418_3,True,cifar100_mobilenetv2_x0_5,1.4783962965011597,1.0599827766418457,0.18990176916122437,0.058746807277202606,0.5,1.4805345587480292,0,0.09425300359725952,0.5781999999988436,0.8733999999982532,2.1198136806488037,1.3532636165618896,0.9038342237472534,0.13797080516815186,0.1307106614112854,0.5,1.3534572753624914,0,0.1809674501419067,0.6151111111109745,0.9065111111109098,1.4248220920562744
"mobilenetv2_x0_5-reg:3,lamb:1.0",0.0005,3,1.0,1,42516418_4,True,cifar100_mobilenetv2_x0_5,1.506100296974182,1.2174863815307615,0.5418292284011841,0.0913986936211586,1.0,1.5059744290928228,0,0.15054231882095337,0.5733999999988532,0.8717999999982564,1.9326409101486208,1.3383961915969849,1.0211955308914185,0.3890906572341919,0.162968710064888,1.0,1.3385550412858844,0,0.2298218011856079,0.6218666666665286,0.9162444444442408,1.2368077039718628
repvgg_a1-baseline,0.0005,0,0.0,1,42516422,True,cifar100_repvgg_a1,0.9882320761680604,0.007537381257861853,0.0,0.07418891787528992,0.0,0.9838885034171668,0,0.2067963480949402,0.7623999999984752,0.9325999999981348,3.3486745357513428,0.0061281658709049225,2.350882277823985e-05,0.0,0.00549335265532136,0.0,0.006127850400909415,0,0.6175222992897034,0.9997555555553336,0.9999999999997778,0.000708036357536912
"mobilenetv2_x0_75-reg:3,lamb:0.001",0.0005,3,0.001,1,42516418_0,True,cifar100_mobilenetv2_x0_75,1.7540804147720337,0.07478182762861252,2.18080822378397e-06,0.015072396025061607,0.0010000000474974513,1.7576693228039504,0,0.09073963761329652,0.5081999999989836,0.8197999999983604,2.8518424034118652,1.680830001831055,0.06691421568393707,1.4096731320023537e-06,0.05222443491220474,0.0010000000474974513,1.6809091851514817,0,0.08073055744171143,0.530799999999882,0.8384444444442581,2.2806692123413086
"mobilenetv2_x0_5-reg:4,lamb:0.001",0.0005,4,0.001,1,42516418_6,True,cifar100_mobilenetv2_x0_5,1.18397319316864,0.09636568278074265,2.3707980290055275e-06,0.11709784716367722,0.0010000000474974513,1.1831512355849152,0,0.23765265941619873,0.7193999999985612,0.913999999998172,4.812424182891846,0.08588801324367523,0.009708675555884838,5.732727004215121e-08,0.0478852242231369,0.0010000000474974513,0.08591011737577843,0,0.3617115318775177,0.985911111110892,0.999799999999778,0.052004843950271606
"mobilenetv2_x0_75-reg:3,lamb:0.1",0.0005,3,0.1,1,42516418_2,True,cifar100_mobilenetv2_x0_75,1.5276488065719604,0.6175360083580017,0.011237695813179016,0.017605165019631386,0.10000000149011612,1.5301417104699755,0,0.043702661991119385,0.5625999999988748,0.857999999998284,2.4199512004852295,1.427384376525879,0.5433107614517212,0.00867663323879242,0.07478293776512146,0.10000000149011612,1.4274274191262089,0,0.12195438146591188,0.5889777777776469,0.8807999999998043,1.8441507816314695
"mobilenetv2_x0_75-reg:3,lamb:0.01",0.0005,3,0.01,1,42516418_1,True,cifar100_mobilenetv2_x0_75,1.7529643774032593,0.229302316904068,0.00013939104974269867,0.01283419504761696,0.009999999776482582,1.755050884799812,0,0.04454392194747925,0.5117999999989764,0.8203999999983592,2.797466278076172,1.6817138195037842,0.2055374979972839,0.0001116245985031128,0.0544254332780838,0.009999999776482582,1.6817970220737295,0,0.08702772855758667,0.5299777777776601,0.8359111111109254,2.240044116973877
"repvgg_a2-reg:5,lamb:2.0",0.0005,5,2.0,1,42516418_17,True,cifar100_repvgg_a2,0.9181093573570251,0.9180697202682496,1.407443881034851,0.06672987341880798,2.0,0.920416461961209,0,0.13310778141021729,0.7643999999984712,0.9381999999981236,3.0601673126220703,0.008888199925422668,0.008820035494863987,0.0011357367038726809,0.008160042576491833,2.0,0.008888460121099333,0,0.741580605506897,0.9997555555553336,0.9999999999997778,0.0007992110913619399
"mobilenetv2_x0_75-reg:3,lamb:2.0",0.0005,3,2.0,1,42516418_5,True,cifar100_mobilenetv2_x0_75,1.5350061655044556,1.2618697881698608,1.3404757976531982,0.13747411966323853,2.0,1.5388624779636315,0,0.2378426194190979,0.5777999999988445,0.8757999999982484,1.8400530815124512,1.3249590396881104,1.0220600366592407,0.908210277557373,0.2071776986122131,2.0,1.3250039239423184,0,0.2998305559158325,0.6329111111109705,0.9307333333331266,1.0110113620758057
"mobilenetv2_x0_75-reg:3,lamb:0.5",0.0005,3,0.5,1,42516418_3,True,cifar100_mobilenetv2_x0_75,1.3784551620483398,1.043212890625,0.19096803665161133,0.036855317652225494,0.5,1.3815821640736132,0,0.28712207078933716,0.601999999998796,0.887999999998224,2.205828905105591,1.1684263944625854,0.8301255702972412,0.1230267882347107,0.12267173826694489,0.5,1.1684554320180842,0,0.1759788990020752,0.6604222222220755,0.9292666666664602,1.282038331031799
"mobilenetv2_x0_75-reg:3,lamb:1.0",0.0005,3,1.0,1,42516418_4,True,cifar100_mobilenetv2_x0_75,1.3741307258605957,1.1980209350585938,0.5634908676147461,0.05326065421104431,1.0,1.3770417742996537,0,0.10012340545654295,0.6055999999987888,0.886999999998226,2.161363124847412,1.124794602394104,0.923387348651886,0.3471561670303345,0.14588701725006104,1.0,1.1248672329604892,0,0.20192569494247437,0.6742222222220724,0.9412222222220132,1.1263844966888428
"mobilenetv2_x0_5-reg:4,lamb:0.01",0.0005,4,0.01,1,42516418_7,True,cifar100_mobilenetv2_x0_5,1.1990474462509155,0.29212215542793274,0.00023643765598535535,0.1237020418047905,0.009999999776482582,1.1980337971419193,0,0.23560142517089844,0.7121999999985756,0.9151999999981696,4.811161041259766,0.08040633797645569,0.02558438666164875,2.976972609758377e-06,0.046323262155056,0.009999999776482582,0.08045137290047058,0,0.32368117570877075,0.987133333333114,0.9999111111108888,0.04414691403508186
"mobilenetv2_x0_5-reg:4,lamb:0.5",0.0005,4,0.5,1,42516418_9,True,cifar100_mobilenetv2_x0_5,1.13275146484375,1.102947473526001,0.2787942886352539,0.10393328964710236,0.5,1.1346963072110103,0,0.2155556082725525,0.7205999999985588,0.9203999999981592,4.292508602142334,0.10169804096221924,0.09439276158809662,0.005132734775543213,0.061360664665699005,0.5,0.10172865344480111,0,0.4850154519081116,0.9847555555553368,0.9999333333331112,0.04843726009130478
"mobilenetv2_x0_5-reg:4,lamb:0.1",0.0005,4,0.1,1,42516418_8,True,cifar100_mobilenetv2_x0_5,1.1735122203826904,0.778821587562561,0.019928626716136932,0.11480088531970978,0.10000000149011612,1.1710554951534553,0,0.21072638034820557,0.7177999999985644,0.921999999998156,4.7285943031311035,0.08537589013576508,0.05946209281682968,0.00021010451018810272,0.050713203847408295,0.10000000149011612,0.08537289220354666,0,0.2701500356197357,0.9867777777775586,0.9998666666664444,0.0437094047665596
"mobilenetv2_x0_75-reg:4,lamb:0.001",0.0005,4,0.001,1,42516418_6,True,cifar100_mobilenetv2_x0_75,1.1199886798858645,0.09480811655521391,2.282438799738884e-06,0.11466866731643675,0.0010000000474974513,1.1233835602150186,0,0.23918914794921875,0.7373999999985252,0.9301999999981396,4.663974285125732,0.03219623118638992,0.0041542258113622665,7.249764166772366e-07,0.02489408105611801,0.0010000000474974513,0.03219452576359519,0,0.8205893039703369,0.9975999999997784,0.9999999999997778,0.010038281790912151
repvgg_a2-baseline,0.0005,0,0.0,1,42516422,True,cifar100_repvgg_a2,0.9646359086036682,0.00671859085559845,0.0,0.059048548340797424,0.0,0.9681745405124642,0,0.12017405033111572,0.7663999999984672,0.9381999999981236,2.929177761077881,0.00580647261813283,1.8165512301493436e-05,0.0,0.005374540574848652,0.0,0.005808900432881452,0,0.25266313552856445,0.9998888888886668,0.9999999999997778,0.000449873274192214
"mobilenetv2_x0_5-reg:5,lamb:0.1",0.0005,5,0.1,1,42516418_14,True,cifar100_mobilenetv2_x0_5,1.0837247371673584,0.5997776985168457,0.011716634035110474,0.03995215892791748,0.10000000149011612,1.0813733155088892,0,0.0708916187286377,0.6861999999986276,0.9153999999981692,2.6337080001831055,0.6088911294937134,0.3250981569290161,0.003702037036418915,0.08325780183076859,0.10000000149011612,0.6089376449577636,0,0.1960233747959137,0.8187111111109292,0.978644444444227,0.7944267392158508
"mobilenetv2_x1_0-reg:3,lamb:0.001",0.0005,3,0.001,1,42516418_0,True,cifar100_mobilenetv2_x1_0,1.6087462902069092,0.07372269034385681,1.8050195649266243e-06,0.013427500613033772,0.0010000000474974513,1.608053820521275,0,0.0911903828382492,0.5533999999988932,0.843999999998312,2.7762839794158936,1.518730878829956,0.06516444683074951,1.4351680874824524e-06,0.05205544084310531,0.0010000000474974513,1.5188946066069235,0,0.07700836658477783,0.5692666666665402,0.8627333333331416,2.165675163269043
"mobilenetv2_x0_5-reg:4,lamb:2.0",0.0005,4,2.0,1,42516418_11,True,cifar100_mobilenetv2_x0_5,1.282070517539978,1.2814126014709473,1.9666049480438232,0.11189992725849152,2.0,1.2826264255786268,0,0.19053584337234497,0.6831999999986336,0.9081999999981836,4.693368434906006,0.1861897110939026,0.1851733773946762,0.12559711933135986,0.08651350438594818,2.0,0.186202288891023,0,0.3305777907371521,0.9608222222220087,0.9996888888886668,0.11523429304361343
"mobilenetv2_x0_5-reg:5,lamb:0.01",0.0005,5,0.01,1,42516418_13,True,cifar100_mobilenetv2_x0_5,1.1322908401489258,0.2229868322610855,0.00013726204633712769,0.04343898594379425,0.009999999776482582,1.1286830151398135,0,0.0886198878288269,0.677999999998644,0.918999999998162,2.7645492553710938,0.6837316751480103,0.13527782261371613,5.1924027502536774e-05,0.0709807276725769,0.009999999776482582,0.6839078549245742,0,0.31247907876968384,0.7983333333331559,0.9682444444442292,1.032881498336792
"mobilenetv2_x0_5-reg:4,lamb:1.0",0.0005,4,1.0,1,42516418_10,True,cifar100_mobilenetv2_x0_5,1.132601261138916,1.1291440725326538,0.7276558876037598,0.10819435119628906,1.0,1.1346597010184398,0,0.21576035022735596,0.710999999998578,0.9261999999981476,4.171886444091797,0.10930324345827104,0.10699128359556198,0.01958537846803665,0.06466109305620193,1.0,0.1093308440855475,0,0.33748090267181396,0.9831555555553372,0.9999777777775556,0.05337606370449066
"mobilenetv2_x1_0-reg:3,lamb:0.1",0.0005,3,0.1,1,42516418_2,True,cifar100_mobilenetv2_x1_0,1.4926620721817017,0.6268934011459351,0.011669129133224487,0.02119381912052631,0.10000000149011612,1.4918850414446092,0,0.12122802436351776,0.5791999999988416,0.8611999999982776,2.5228099822998047,1.3595904111862185,0.530647873878479,0.008352667093276978,0.07761196792125702,0.10000000149011612,1.3595778270783412,0,0.1124613881111145,0.608111111110976,0.8933777777775793,1.7781130075454712
"mobilenetv2_x0_5-reg:5,lamb:0.5",0.0005,5,0.5,1,42516418_15,True,cifar100_mobilenetv2_x0_5,1.0641324520111084,0.9766499400138856,0.208063006401062,0.047057848423719406,0.5,1.0617167527135416,0,0.09243254363536836,0.6985999999986028,0.9215999999981568,2.8259310722351074,0.4393657445907593,0.38195011019706726,0.04127901792526245,0.10263055562973022,0.5,0.43945197640029954,0,0.19184672832489016,0.8741999999998058,0.9935333333331126,0.4260247349739074
"mobilenetv2_x1_0-reg:3,lamb:0.01",0.0005,3,0.01,1,42516418_1,True,cifar100_mobilenetv2_x1_0,1.6086031198501587,0.22821401059627533,0.00013868696987628937,0.010571163147687912,0.009999999776482582,1.6072349838326891,0,0.05043607950210571,0.5513999999988972,0.842999999998314,2.7930948734283447,1.4991257190704346,0.198712095618248,0.0001053549349308014,0.056490037590265274,0.009999999776482582,1.4991639932951066,0,0.0876154899597168,0.5743555555554279,0.8661111111109187,2.1115915775299072
"mobilenetv2_x0_5-reg:5,lamb:0.001",0.0005,5,0.001,1,42516418_12,True,cifar100_mobilenetv2_x0_5,1.1412837505340576,0.07300907373428345,1.643202267587185e-06,0.04233980178833008,0.0010000000474974513,1.1410943472640398,0,0.09862466156482697,0.6745999999986508,0.9155999999981688,2.7423605918884277,0.7236114740371704,0.04660947993397713,7.264316082000732e-07,0.06966133415699005,0.0010000000474974513,0.7237971394165561,0,0.11752116680145264,0.7874666666664917,0.9646666666664524,1.1266751289367676
"mobilenetv2_x0_5-reg:5,lamb:1.0",0.0005,5,1.0,1,42516418_16,True,cifar100_mobilenetv2_x0_5,1.0858261585235596,1.0687657594680786,0.6138088703155518,0.05530857294797897,1.0,1.0834060097284155,0,0.10434025526046752,0.6987999999986024,0.9223999999981553,3.0473310947418213,0.3686114549636841,0.3528554439544678,0.10232365131378174,0.10748185217380524,1.0,0.3686071375006159,0,0.20923984050750732,0.899688888888689,0.9966222222220008,0.3115023374557495
"mobilenetv2_x0_75-reg:4,lamb:0.01",0.0005,4,0.01,1,42516418_7,True,cifar100_mobilenetv2_x0_75,1.0977624654769895,0.282360702753067,0.00022208690643310547,0.11246929317712784,0.009999999776482582,1.1021480852815215,0,0.2502198815345764,0.7407999999985184,0.9275999999981448,4.508622646331787,0.03052997589111328,0.010858247056603432,1.0776566341519356e-06,0.02379850298166275,0.009999999776482582,0.03053477912205766,0,0.8089309930801392,0.9978888888886672,0.9999999999997778,0.009431589394807816
"mobilenetv2_x1_0-reg:3,lamb:2.0",0.0005,3,2.0,1,42516418_5,True,cifar100_mobilenetv2_x1_0,1.4367718696594238,1.2551116943359375,1.3832035064697266,0.11036638915538788,2.0,1.4368383817641095,0,0.1864243745803833,0.6011999999987976,0.8867999999982265,2.014930486679077,1.146484613418579,0.9426332712173462,0.832456111907959,0.19484005868434903,2.0,1.1464880020129582,0,0.26184898614883423,0.6784888888887382,0.9494222222220112,0.9198750257492064
"mobilenetv2_x1_0-reg:3,lamb:0.5",0.0005,3,0.5,1,42516418_3,True,cifar100_mobilenetv2_x1_0,1.3391211032867432,1.0396662950515747,0.19125187397003177,0.028540635481476784,0.5,1.3428311043224046,0,0.08956742286682129,0.6103999999987793,0.8937999999982125,2.1947596073150635,1.0825252532958984,0.7874869704246521,0.11434268951416016,0.11983785778284071,0.5,1.0824796631317213,0,0.18151527643203735,0.6819555555554041,0.9409555555553464,1.2013027667999268
"mobilenetv2_x1_0-reg:3,lamb:1.0",0.0005,3,1.0,1,42516418_4,True,cifar100_mobilenetv2_x1_0,1.3097459077835083,1.1669257879257202,0.5561319589614868,0.04778704419732094,1.0,1.3126824908845676,0,0.08436864614486694,0.6237999999987525,0.89499999999821,2.208818197250366,1.008483648300171,0.8504794239997864,0.31386637687683105,0.14305441081523895,1.0,1.0085220563245083,0,0.20394432544708252,0.7072888888887318,0.9528888888886772,1.022728681564331
"mobilenetv2_x0_75-reg:4,lamb:0.5",0.0005,4,0.5,1,42516418_9,True,cifar100_mobilenetv2_x0_75,1.0824183225631714,1.0646778345108032,0.27659982442855835,0.10385210812091827,0.5,1.0890242273130777,0,0.2558469772338867,0.7403999999985192,0.9303999999981392,4.400094509124756,0.04322795569896698,0.04041585326194763,0.0013865455985069277,0.03388489782810211,0.5,0.0432356721908688,0,0.4315631091594696,0.9970888888886674,0.9999999999997778,0.012701427564024923
"mobilenetv2_x0_75-reg:4,lamb:0.1",0.0005,4,0.1,1,42516418_8,True,cifar100_mobilenetv2_x0_75,1.0908609628677368,0.7512897253036499,0.018757887184619904,0.10714738816022872,0.10000000149011612,1.0928702915210926,0,0.22890245914459229,0.7413999999985172,0.9297999999981404,4.425196170806885,0.03712224215269089,0.0269267950206995,5.774456076323986e-05,0.028362935408949852,0.10000000149011612,0.037128259944313256,0,0.81730717420578,0.9971111111108896,0.9999999999997778,0.011783826164901257
"mobilenetv2_x0_75-reg:5,lamb:0.1",0.0005,5,0.1,1,42516418_14,True,cifar100_mobilenetv2_x0_75,1.0564661026000977,0.6139346361160278,0.012513644993305206,0.0504470095038414,0.10000000149011612,1.060644423431317,0,0.0940977931022644,0.698999999998602,0.92499999999815,2.8493757247924805,0.46711090207099915,0.26589518785476685,0.0026341713964939117,0.08170850574970245,0.10000000149011612,0.46719768081931135,0,0.14923375844955444,0.8614888888886975,0.9882444444442248,0.5634952783584595
"mobilenetv2_x0_75-reg:5,lamb:0.01",0.0005,5,0.01,1,42516418_13,True,cifar100_mobilenetv2_x0_75,1.059654712677002,0.2214500606060028,0.0001356927677989006,0.051713794469833374,0.009999999776482582,1.0610153133332465,0,0.10094702243804932,0.6963999999986072,0.925999999998148,2.7484450340270996,0.5616750717163086,0.1204197108745575,4.15705144405365e-05,0.07022988051176071,0.009999999776482582,0.5616456550988864,0,0.13292008638381958,0.8337111111109259,0.978222222222005,0.8328977227210999
"mobilenetv2_x0_75-reg:4,lamb:2.0",0.0005,4,2.0,1,42516418_11,True,cifar100_mobilenetv2_x0_75,1.1042412519454956,1.104110836982727,1.7413442134857178,0.10836140066385268,2.0,1.1086132222831415,0,0.2054564356803894,0.7313999999985372,0.9283999999981432,4.460644245147705,0.06375081092119217,0.06355550140142441,0.02876867353916168,0.04465683177113533,2.0,0.06375893082276766,0,0.40560340881347656,0.992844444444224,0.9999999999997778,0.022678082808852196
"mobilenetv2_x0_75-reg:4,lamb:1.0",0.0005,4,1.0,1,42516418_10,True,cifar100_mobilenetv2_x0_75,1.07479989528656,1.0732423067092896,0.714530348777771,0.10250106453895567,1.0,1.076687639413362,0,0.20318728685379028,0.7369999999985261,0.9271999999981456,4.263791084289551,0.048117756843566895,0.047139041125774384,0.005470395088195801,0.037197601050138474,1.0,0.04811595113335938,0,0.3374794125556946,0.9962888888886676,0.9999999999997778,0.013688670471310616
"mobilenetv2_x1_0-reg:4,lamb:0.001",0.0005,4,0.001,1,42516418_6,True,cifar100_mobilenetv2_x1_0,1.060380935668945,0.091274231672287,2.7561327442526817e-06,0.10261717438697816,0.0010000000474974513,1.0679112220431397,0,0.2334883809089661,0.7483999999985033,0.9317999999981365,4.301059246063232,0.019299710169434547,0.002619462553411722,2.262240741401911e-07,0.016221381723880768,0.0010000000474974513,0.01930205912791079,0,0.7056982517242432,0.9990666666664448,0.9999999999997778,0.004169191233813763
"mobilenetv2_x0_75-reg:5,lamb:0.5",0.0005,5,0.5,1,42516418_15,True,cifar100_mobilenetv2_x0_75,1.05715811252594,0.9940149784088136,0.22101432085037231,0.07147698104381561,0.5,1.0614082062897838,0,0.11618506908416748,0.7037999999985924,0.9271999999981456,3.078779697418213,0.2975308299064636,0.2662549614906311,0.02427658438682556,0.09504768252372742,0.5,0.2975511761551822,0,0.210175096988678,0.9214888888886842,0.997977777777556,0.24240434169769287
"mobilenetv2_x0_75-reg:5,lamb:0.001",0.0005,5,0.001,1,42516418_12,True,cifar100_mobilenetv2_x0_75,1.0494920015335083,0.0728655457496643,1.403968781232834e-06,0.04242033511400223,0.0010000000474974513,1.0536183739400868,0,0.0905924141407013,0.703999999998592,0.9273999999981452,2.742067575454712,0.5767115354537964,0.04076172411441803,6.923219189047813e-07,0.07030722498893738,0.0010000000474974513,0.5766473547651194,0,0.12397998571395874,0.8300444444442601,0.9773999999997828,0.8663143515586853
"mobilenetv2_x0_5-reg:5,lamb:2.0",0.0005,5,2.0,1,42516418_17,True,cifar100_mobilenetv2_x0_5,1.2079362869262695,1.201098084449768,1.646221160888672,0.052628956735134125,2.0,1.2080707663217762,0,0.115382581949234,0.6601999999986796,0.907999999998184,3.148123025894165,0.4804443120956421,0.47153961658477783,0.4082505702972412,0.11805379390716551,2.0,0.4804510929433438,0,0.1960408091545105,0.8642222222220303,0.9930222222220016,0.436503529548645
"mobilenetv2_x0_75-reg:5,lamb:1.0",0.0005,5,1.0,1,42516418_16,True,cifar100_mobilenetv2_x0_75,1.0625417232513428,1.0536446571350098,0.6316373348236084,0.08077602088451385,1.0,1.0652515137829794,0,0.149089515209198,0.7077999999985845,0.9325999999981348,3.3786113262176514,0.2401355504989624,0.23265103995800016,0.05869042873382568,0.09464883804321288,1.0,0.24016136657775383,0,0.2287822663784027,0.9434666666664572,0.9989777777775558,0.17354026436805725
"mobilenetv2_x1_4-reg:3,lamb:0.001",0.0005,3,0.001,1,42516418_0,True,cifar100_mobilenetv2_x1_4,1.4944435358047483,0.07170958071947098,1.943204551935196e-06,0.009738369844853878,0.0010000000474974513,1.489760827273308,0,0.08524826914072037,0.5745999999988508,0.8633999999982732,2.621955394744873,1.3871747255325315,0.06278102099895477,1.486041583120823e-06,0.05757894739508629,0.0010000000474974513,1.3871039171677022,0,0.1029626727104187,0.6016222222220886,0.8840222222220259,2.006699323654175
"mobilenetv2_x1_4-reg:3,lamb:0.1",0.0005,3,0.1,1,42516418_2,True,cifar100_mobilenetv2_x1_4,1.4213778972625732,0.6138867139816284,0.011336594820022585,0.01574450172483921,0.10000000149011612,1.417992442137302,0,0.08805445581674576,0.5923999999988152,0.8711999999982576,2.462067127227783,1.2481396198272705,0.5078997015953064,0.007785722613334656,0.08286427706480026,0.10000000149011612,1.2481206688659434,0,0.11952465772628784,0.639599999999858,0.9078888888886872,1.6620923280715942
"mobilenetv2_x1_4-reg:3,lamb:0.01",0.0005,3,0.01,1,42516418_1,True,cifar100_mobilenetv2_x1_4,1.83122456073761,0.23552972078323364,0.00014665722846984863,0.019355598837137222,0.009999999776482582,1.830167542973008,0,0.08633076399564743,0.4917999999990164,0.807999999998384,2.9532546997070312,1.721611261367798,0.2081142216920853,0.00011387094855308531,0.05388137698173523,0.009999999776482582,1.7215057542754777,0,0.07814455032348633,0.5237111111109948,0.8290666666664824,2.289414167404175
"mobilenetv2_x1_0-reg:4,lamb:0.01",0.0005,4,0.01,1,42516418_7,True,cifar100_mobilenetv2_x1_0,1.03527569770813,0.2671236991882324,0.0001989863812923431,0.10383959859609604,0.009999999776482582,1.0382560843998478,0,0.27608394622802734,0.748999999998502,0.9353999999981292,4.03853178024292,0.01978282630443573,0.006986606400460005,4.176836227998138e-07,0.016830455511808395,0.009999999776482582,0.019786571886917192,0,0.7409027814865112,0.9991111111108892,0.9999999999997778,0.003928480204194784
"mobilenetv2_x1_0-reg:4,lamb:0.5",0.0005,4,0.5,1,42516418_9,True,cifar100_mobilenetv2_x1_0,1.0689055919647217,1.0545824766159058,0.27326810359954834,0.10502186417579652,0.5,1.0713022375710763,0,0.2320592999458313,0.7437999999985124,0.9305999999981388,4.276638507843018,0.029799722135066983,0.027735061943531036,0.0007416121661663055,0.024947408586740497,0.5,0.029808251418342303,0,0.729926586151123,0.9986444444442226,0.9999999999997778,0.0067069632932543755
"mobilenetv2_x1_4-reg:3,lamb:2.0",0.0005,3,2.0,1,42516418_5,True,cifar100_mobilenetv2_x1_4,1.449876308441162,1.3032662868499756,1.4616985321044922,0.0939558893442154,2.0,1.4474588148509164,0,0.15563148260116577,0.5901999999988196,0.8817999999982364,2.1365110874176025,1.1170837879180908,0.9457391500473022,0.8416323661804199,0.1900186985731125,2.0,1.1169907101218672,0,0.25489312410354614,0.6871333333331807,0.951133333333122,0.921527624130249
"mobilenetv2_x1_0-reg:4,lamb:0.1",0.0005,4,0.1,1,42516418_8,True,cifar100_mobilenetv2_x1_0,1.0461013317108154,0.7229738831520081,0.017464324831962585,0.10462352633476256,0.10000000149011612,1.0528464282255223,0,0.25026237964630127,0.7473999999985053,0.9333999999981332,4.102719306945801,0.022561032325029373,0.016316330060362816,2.641277387738228e-05,0.01866050809621811,0.10000000149011612,0.022559890776268143,0,0.3463662564754486,0.998777777777556,0.9999999999997778,0.005402548238635063
"mobilenetv2_x1_4-reg:3,lamb:0.5",0.0005,3,0.5,1,42516418_3,True,cifar100_mobilenetv2_x1_4,1.2664837837219238,1.0119940042495728,0.1876814365386963,0.02765170857310295,0.5,1.2647604459160815,0,0.08740972727537155,0.63499999999873,0.9013999999981972,2.1986193656921387,0.99405038356781,0.7416760325431824,0.105479896068573,0.12342306971549988,0.5,0.9940101916929648,0,0.17111927270889282,0.7114888888887309,0.9507555555553444,1.1124958992004397
"mobilenetv2_x1_4-reg:3,lamb:1.0",0.0005,3,1.0,1,42516418_4,True,cifar100_mobilenetv2_x1_4,1.2481433153152466,1.1447685956954956,0.5557905435562134,0.025038152933120728,1.0,1.2439086371401151,0,0.09515923261642456,0.633999999998732,0.9023999999981952,2.2530341148376465,0.8707294464111328,0.7601120471954346,0.2726716995239258,0.13767457008361816,1.0,0.870614121872571,0,0.19720542430877688,0.7471333333331673,0.9663777777775632,0.8853662610054016
mobilenetv2_x0_5-baseline,0.0005,0,0.0,1,42516422,True,cifar100_mobilenetv2_x0_5,1.1755863428115845,0.01056312583386898,0.0,0.11894616484642027,0.0,1.1774619364811618,0,0.26378920674324036,0.7205999999985588,0.921999999998156,4.704886436462402,0.07905755192041397,0.00018017555703409016,0.0,0.04575251787900925,0.0,0.07910150691248102,0,0.31143397092819214,0.9872666666664474,0.9999999999997778,0.04249313846230507
"mobilenetv2_x0_75-reg:5,lamb:2.0",0.0005,5,2.0,1,42516418_17,True,cifar100_mobilenetv2_x0_75,1.0822546482086182,1.0807709693908691,1.5712933540344238,0.06598678231239319,2.0,1.0852528328237676,0,0.12565018236637115,0.7127999999985745,0.9283999999981432,3.4286210536956787,0.26247280836105347,0.2605189085006714,0.19819581508636477,0.09847895801067352,2.0,0.2624785781434867,0,0.21589189767837524,0.9362444444442364,0.9989333333331114,0.1959824115037918
"mobilenetv2_x1_0-reg:5,lamb:0.1",0.0005,5,0.1,1,42516418_14,True,cifar100_mobilenetv2_x1_0,1.0337997674942017,0.6191679239273071,0.012706533074378967,0.059952206909656525,0.10000000149011612,1.0358358765429725,0,0.12347680330276488,0.710999999998578,0.9277999999981444,2.8916800022125244,0.3710908889770508,0.22152945399284363,0.0019480735063552856,0.08114002645015717,0.10000000149011612,0.3711539438968797,0,0.16351652145385742,0.893444444444246,0.9934888888886682,0.41620761156082153
"mobilenetv2_x1_0-reg:5,lamb:0.01",0.0005,5,0.01,1,42516418_13,True,cifar100_mobilenetv2_x1_0,1.027849197387695,0.2206982374191284,0.00013616494834423065,0.04526739567518234,0.009999999776482582,1.0292245949129009,0,0.08246666193008423,0.7135999999985728,0.9303999999981392,2.743288516998291,0.4808318614959717,0.10818986594676971,3.422517329454422e-05,0.07266998291015625,0.009999999776482582,0.48087960648242783,0,0.1440819501876831,0.8589333333331425,0.984066666666448,0.6818950176239014
"mobilenetv2_x1_0-reg:4,lamb:2.0",0.0005,4,2.0,1,42516418_11,True,cifar100_mobilenetv2_x1_0,1.0737645626068115,1.0736876726150513,1.7069487571716309,0.10403062403202055,2.0,1.0781257862422482,0,0.19873374700546265,0.7445999999985108,0.932999999998134,4.493250846862793,0.04026210308074951,0.040131352841854095,0.014521360397338867,0.03168947994709015,2.0,0.04026681508386147,0,0.728532075881958,0.9970444444442228,0.9999999999997778,0.010630536824464798
"mobilenetv2_x1_0-reg:4,lamb:1.0",0.0005,4,1.0,1,42516418_10,True,cifar100_mobilenetv2_x1_0,1.0562794208526611,1.05517315864563,0.7103865146636963,0.1029314026236534,1.0,1.058605816431032,0,0.20729970932006836,0.7457999999985084,0.9347999999981303,4.368076801300049,0.03215906023979187,0.03145362436771393,0.0027830302715301514,0.027010854333639145,1.0,0.03216463996084023,0,0.4108511805534363,0.9984444444442226,0.9999999999997778,0.006655405275523663
"mobilenetv2_x1_0-reg:5,lamb:0.5",0.0005,5,0.5,1,42516418_15,True,cifar100_mobilenetv2_x1_0,1.0211793184280396,0.974855363368988,0.22453409433364868,0.06865197420120239,0.5,1.022316666926395,0,0.13541367650032043,0.7253999999985492,0.9303999999981392,3.2554426193237305,0.2156021147966385,0.19602717459201813,0.015563584864139555,0.08522410690784454,0.5,0.21563387203752404,0,0.2394313812255859,0.948377777777567,0.9994222222220002,0.15369337797164917
"mobilenetv2_x1_0-reg:5,lamb:0.001",0.0005,5,0.001,1,42516418_12,True,cifar100_mobilenetv2_x1_0,1.041922688484192,0.07466558367013931,1.4639226719737053e-06,0.05321292951703072,0.0010000000474974513,1.0421480263029237,0,0.9078742861747742,0.7077999999985845,0.925999999998148,2.888859987258911,0.4919625520706177,0.03701341152191162,8.203205652534962e-07,0.07113698124885559,0.0010000000474974513,0.4919790997821701,0,0.2413255274295807,0.856733333333143,0.9835777777775592,0.7175412774085999
"mobilenetv2_x1_0-reg:5,lamb:1.0",0.0005,5,1.0,1,42516418_16,True,cifar100_mobilenetv2_x1_0,1.053752064704895,1.0484862327575684,0.6509972810745239,0.08407947421073914,1.0,1.0586005622815975,0,0.17399990558624268,0.7237999999985524,0.9327999999981345,3.6666088104248047,0.1668647527694702,0.16235210001468658,0.03456246852874756,0.08281259983778,1.0,0.1668969473537394,0,0.2853897511959076,0.9670444444442295,0.9996666666664444,0.09674207866191864
"mobilenetv2_x1_4-reg:4,lamb:0.001",0.0005,4,0.001,1,42516418_6,True,cifar100_mobilenetv2_x1_4,0.99375718832016,0.08590029180049896,1.935986801981926e-06,0.09200140833854677,0.0010000000474974513,0.9930685843032322,0,0.21954435110092163,0.7627999999984744,0.9347999999981303,3.828821420669556,0.012193005532026293,0.001672353595495224,7.489143172279e-07,0.01089269295334816,0.0010000000474974513,0.012190458779483111,0,0.7883949279785156,0.9996444444442224,0.9999999999997778,0.0018212362192571163
mobilenetv2_x0_75-baseline,0.0005,0,0.0,1,42516422,True,cifar100_mobilenetv2_x0_75,1.0973020792007446,0.00989097822457552,0.0,0.11033732444047928,0.0,1.1016779029821429,0,0.23261594772338867,0.7391999999985216,0.9265999999981468,4.394906044006348,0.031010320410132408,7.713811100984458e-06,0.0,0.02389435842633247,0.0,0.03101732565802815,0,0.3718127906322479,0.9976888888886672,0.9999999999997778,0.009941626340150831
"mobilenetv2_x1_4-reg:4,lamb:0.01",0.0005,4,0.01,1,42516418_7,True,cifar100_mobilenetv2_x1_4,0.9814258813858032,0.26072853803634644,0.0001897774636745453,0.09246215224266052,0.009999999776482582,0.9801216150389996,0,0.18403571844100952,0.762999999998474,0.9331999999981336,3.859999418258667,0.013191035017371178,0.004768045619130135,3.032910171896219e-07,0.01158823911100626,0.009999999776482582,0.013185795977893806,0,0.7971118688583374,0.999599999999778,0.9999999999997778,0.0024103494361042976
"mobilenetv2_x1_4-reg:4,lamb:0.5",0.0005,4,0.5,1,42516418_9,True,cifar100_mobilenetv2_x1_4,1.013081431388855,1.0011200904846191,0.2576889395713806,0.10207221657037736,0.5,1.012872004002536,0,0.22062689065933228,0.7517999999984964,0.9377999999981244,4.023951053619385,0.01921837404370308,0.017765548080205917,0.0003585461527109146,0.016822388395667076,0.5,0.01921000591878088,0,0.696526825428009,0.9992888888886668,0.9999999999997778,0.0032128430902957916
"mobilenetv2_x1_4-reg:4,lamb:0.1",0.0005,4,0.1,1,42516418_8,True,cifar100_mobilenetv2_x1_4,0.9693466424942015,0.6860545873641968,0.01628529280424118,0.08551919460296631,0.10000000149011612,0.9681473369526024,0,0.1727222204208374,0.7655999999984688,0.9365999999981268,3.864086627960205,0.014710602350533009,0.010382670909166336,1.1938507668673992e-05,0.01286004949361086,0.10000000149011612,0.014707876892390382,0,0.7014967203140259,0.9994222222220002,0.9999999999997778,0.002339495811611414
"shufflenetv2_x0_5-reg:3,lamb:0.001",0.0005,3,0.001,1,42516418_0,True,cifar100_shufflenetv2_x0_5,1.6622437238693235,0.07721393555402756,1.896871253848076e-06,0.03381124883890152,0.0010000000474974513,1.66204874432431,0,0.0938337966799736,0.533999999998932,0.8351999999983296,3.042672872543335,1.5073267221450806,0.06477484852075577,1.475098542869091e-06,0.06532927602529526,0.0010000000474974513,1.5074158479365087,0,0.09938251972198486,0.5798444444443156,0.8633111111109193,2.1380796432495117
"shufflenetv2_x0_5-reg:3,lamb:0.1",0.0005,3,0.1,1,42516418_2,True,cifar100_shufflenetv2_x0_5,1.5916305780410769,0.6553252935409546,0.012637704610824583,0.022154998034238815,0.10000000149011612,1.587468939225873,0,0.045479655265808105,0.5551999999988896,0.8481999999983036,2.7355172634124756,1.4217414855957031,0.5411326885223389,0.008593007922172546,0.08971505612134933,0.10000000149011612,1.421857017604279,0,0.13034886121749878,0.5999111111109778,0.881888888888693,1.8238292932510376
"shufflenetv2_x0_5-reg:3,lamb:0.01",0.0005,3,0.01,1,42516418_1,True,cifar100_shufflenetv2_x0_5,1.6597570180892944,0.2340579628944397,0.00014668889343738556,0.017148179933428764,0.009999999776482582,1.660259108905359,0,0.09191638231277466,0.5355999999989288,0.8401999999983196,2.9443154335021973,1.5085554122924805,0.19942748546600345,0.00010619126260280608,0.06811118870973587,0.009999999776482582,1.5088045711364475,0,0.10857832431793212,0.5801777777776489,0.8627777777775861,2.125985860824585
"mobilenetv2_x1_0-reg:5,lamb:2.0",0.0005,5,2.0,1,42516418_17,True,cifar100_mobilenetv2_x1_0,1.1136908531188965,1.1129940748214722,1.6828718185424805,0.09268876910209656,2.0,1.116052561440341,0,0.17313331365585327,0.7117999999985765,0.9281999999981436,3.9282784461975098,0.17344442009925842,0.17248639464378357,0.11521083116531372,0.0809929221868515,2.0,0.17350248237932644,0,0.2375016808509827,0.9627111111108972,0.9998444444442224,0.1032448634505272
"mobilenetv2_x1_4-reg:5,lamb:0.1",0.0005,5,0.1,1,42516418_14,True,cifar100_mobilenetv2_x1_4,1.0131211280822754,0.6314508318901062,0.013472981750965118,0.06818293035030365,0.10000000149011612,1.0119676972336171,0,0.14433109760284424,0.7225999999985548,0.9321999999981356,3.10640025138855,0.277518093585968,0.17326965928077698,0.0012825783342123032,0.07894917577505112,0.10000000149011612,0.27748401842450754,0,0.19427073001861572,0.924933333333128,0.9973333333331118,0.27249661087989807
"shufflenetv2_x0_5-reg:3,lamb:2.0",0.0005,3,2.0,1,42516418_5,True,cifar100_shufflenetv2_x0_5,1.4582821130752563,1.3440955877304075,1.5594136714935305,0.0756177082657814,2.0,1.4556971661918596,0,0.146134614944458,0.5933999999988132,0.8779999999982441,2.2448322772979736,1.1095991134643557,0.9659491181373596,0.8936586380004883,0.19597259163856504,2.0,1.109665430341874,0,0.2628461718559265,0.7024444444442884,0.9458444444442344,1.0018447637557983
"mobilenetv2_x1_4-reg:5,lamb:0.01",0.0005,5,0.01,1,42516418_13,True,cifar100_mobilenetv2_x1_4,1.0158157348632812,0.22931820154190063,0.00014648400247097015,0.061238843947649,0.009999999776482582,1.0144393468791404,0,0.1080060601234436,0.7183999999985632,0.9291999999981416,2.968100309371948,0.3689673840999603,0.09015662223100662,2.470356412231922e-05,0.07328018546104431,0.009999999776482582,0.36896515940336266,0,0.15234863758087158,0.8957555555553566,0.9912888888886686,0.48462802171707153
"mobilenetv2_x1_4-reg:4,lamb:2.0",0.0005,4,2.0,1,42516418_11,True,cifar100_mobilenetv2_x1_4,1.0578182935714722,1.057746648788452,1.6918885707855225,0.10932968556880952,2.0,1.0571347916801042,0,0.2279423475265503,0.7463999999985073,0.9335999999981328,4.482903957366943,0.026818374171853065,0.026704417541623116,0.007378775626420975,0.0228036530315876,2.0,0.026813749836250254,0,0.7153778076171875,0.9987333333331114,0.9999999999997778,0.005108647048473358
"shufflenetv2_x0_5-reg:3,lamb:0.5",0.0005,3,0.5,1,42516418_3,True,cifar100_shufflenetv2_x0_5,1.493834376335144,1.1230154037475586,0.21376031637191772,0.039199475198984146,0.5,1.492454295604252,0,0.06387925148010254,0.5851999999988297,0.8637999999982724,2.4638686180114746,1.2474517822265625,0.8618236780166626,0.12879657745361328,0.14218546450138092,0.5,1.2475868178330665,0,0.20299935340881348,0.6511111111109664,0.92024444444424,1.3324309587478638
"mobilenetv2_x1_4-reg:4,lamb:1.0",0.0005,4,1.0,1,42516418_10,True,cifar100_mobilenetv2_x1_4,1.006743550300598,1.0058095455169678,0.6738454103469849,0.09992615878582,1.0,1.0049473459464249,0,0.2199494242668152,0.7517999999984964,0.9325999999981348,4.053778648376465,0.02081698179244995,0.020285652950406075,0.0013925433158874512,0.01836380548775196,1.0,0.020809444534171967,0,0.4064091145992279,0.9993555555553336,0.9999999999997778,0.0033645802177488804
"mobilenetv2_x1_4-reg:5,lamb:0.5",0.0005,5,0.5,1,42516418_15,True,cifar100_mobilenetv2_x1_4,1.005778670310974,0.9718621969223022,0.2311827540397644,0.08202807605266571,0.5,1.003772612904295,0,0.1639903336763382,0.7341999999985316,0.928999999998142,3.4267866611480713,0.14715197682380676,0.13546796143054962,0.008971229195594788,0.07389391958713531,0.5,0.14715657500899354,0,0.2708370089530945,0.9712444444442286,0.999822222222,0.08700750768184662
"shufflenetv2_x0_5-reg:3,lamb:1.0",0.0005,3,1.0,1,42516418_4,True,cifar100_shufflenetv2_x0_5,1.5822337865829468,1.3207950592041016,0.6173166036605835,0.06246478855609894,1.0,1.5798377744404888,0,0.10642248392105104,0.5517999999988964,0.8537999999982924,2.2516777515411377,1.296553134918213,1.0088759660720823,0.38503217697143555,0.18102456629276276,1.0,1.296692290692997,0,0.24158555269241333,0.6491777777776335,0.9201111111109068,1.2209069728851318
"mobilenetv2_x1_4-reg:5,lamb:1.0",0.0005,5,1.0,1,42516418_16,True,cifar100_mobilenetv2_x1_4,1.0671803951263428,1.063638687133789,0.683647871017456,0.09827234596014024,1.0,1.0665203804405556,0,0.18082618713378903,0.7287999999985424,0.9327999999981345,3.923377275466919,0.10372068732976912,0.10123438388109209,0.01782514899969101,0.06206780672073364,1.0,0.10371956381018824,0,0.296731561422348,0.9838888888886704,0.9999555555553334,0.048285894095897675
"mobilenetv2_x1_4-reg:5,lamb:0.001",0.0005,5,0.001,1,42516418_12,True,cifar100_mobilenetv2_x1_4,1.03155255317688,0.07574708759784698,1.5844125300645828e-06,0.0625653862953186,0.0010000000474974513,1.0316134954301237,0,0.1151742935180664,0.7141999999985716,0.9291999999981416,2.971001386642456,0.389356791973114,0.03166062757372856,2.57714418694377e-07,0.07315444946289062,0.0010000000474974513,0.3892884919706692,0,0.1624922752380371,0.8891999999998025,0.99019999999978,0.5283006429672241
"shufflenetv2_x1_0-reg:3,lamb:0.001",0.0005,3,0.001,1,42516418_0,True,cifar100_shufflenetv2_x1_0,1.457869052886963,0.0759514644742012,1.6083940863609314e-06,0.02639182284474373,0.0010000000474974513,1.4567012600767792,0,0.09614311158657074,0.5921999999988156,0.8615999999982769,2.9564778804779053,1.1948292255401611,0.05927889421582222,8.291099220514297e-07,0.07409793883562088,0.0010000000474974513,1.1948788917198547,0,0.11464035511016846,0.6624888888887417,0.907755555555354,1.801911234855652
"shufflenetv2_x1_0-reg:3,lamb:0.1",0.0005,3,0.1,1,42516418_2,True,cifar100_shufflenetv2_x1_0,1.2889962196350098,0.6141846179962158,0.01160915195941925,0.014242840930819511,0.10000000149011612,1.2883313053365166,0,0.08958939462900162,0.6283999999987432,0.8905999999982188,2.548788070678711,0.9911069869995116,0.4476571381092071,0.006306737661361694,0.09417374432086945,0.10000000149011612,0.9911466450290628,0,0.1496192216873169,0.714577777777619,0.9393555555553468,1.3510491847991943
mobilenetv2_x1_0-baseline,0.0005,0,0.0,1,42516422,True,cifar100_mobilenetv2_x1_0,1.062583327293396,0.0099708903580904,0.0,0.11070623248815536,0.0,1.0659147346650637,0,0.26001352071762085,0.7435999999985128,0.9323999999981352,4.414255142211914,0.020109206438064575,5.7288300013169646e-05,0.0,0.016624324023723602,0.0,0.02011014574982093,0,0.757445752620697,0.9988666666664447,0.9999999999997778,0.004633719101548195
"shufflenetv2_x1_0-reg:3,lamb:0.01",0.0005,3,0.01,1,42516418_1,True,cifar100_shufflenetv2_x1_0,1.401310920715332,0.2289004027843475,0.00014096219092607498,0.02493839710950851,0.009999999776482582,1.4000450842532854,0,0.053013235330581665,0.6061999999987876,0.8717999999982564,2.8392021656036377,1.1348198652267456,0.17832036316394806,8.6258165538311e-05,0.07446718215942383,0.009999999776482582,1.1348486592856333,0,0.11768019199371338,0.6785999999998492,0.9157777777775744,1.7309396266937256
"shufflenetv2_x0_5-reg:4,lamb:0.001",0.0005,4,0.001,1,42516418_6,True,cifar100_shufflenetv2_x0_5,1.3450947999954224,0.09751246869564056,3.275112248957157e-06,0.12417568266391754,0.0010000000474974513,1.3434833043056753,0,0.2357576489448547,0.6703999999986592,0.900999999998198,4.90702486038208,0.1728154420852661,0.015043327584862707,2.004089765250683e-07,0.08129521459341049,0.0010000000474974513,0.1728242167427475,0,0.2580184042453766,0.9661999999997852,0.9993777777775558,0.12064143270254137
"shufflenetv2_x1_0-reg:3,lamb:2.0",0.0005,3,2.0,1,42516418_5,True,cifar100_shufflenetv2_x1_0,1.1766945123672483,1.172942876815796,1.6371381282806396,0.0547000877559185,2.0,1.179108544594581,0,0.11604072153568268,0.671999999998656,0.912999999998174,3.215458869934082,0.35565662384033203,0.3504144549369812,0.27104854583740234,0.1275275945663452,2.0,0.35573972116150526,0,0.23868727684020996,0.9141333333331304,0.9960888888886676,0.27241626381874084
"shufflenetv2_x1_0-reg:3,lamb:0.5",0.0005,3,0.5,1,42516418_3,True,cifar100_shufflenetv2_x1_0,1.1490635871887207,1.0066684484481812,0.20224499702453613,0.017025277018547058,0.5,1.1495863759730205,0,0.08983734250068665,0.672999999998654,0.9133999999981732,2.559793710708618,0.6211700439453125,0.5109241604804993,0.06107807159423828,0.12708181142807007,0.5,0.6212763078157764,0,0.19635635614395144,0.8249333333331501,0.9837111111108926,0.6345924139022827
"shufflenetv2_x1_0-reg:3,lamb:1.0",0.0005,3,1.0,1,42516418_4,True,cifar100_shufflenetv2_x1_0,1.1279126405715942,1.1032512187957764,0.6076270341873169,0.04625091701745987,1.0,1.1297574484659971,0,0.09002402424812317,0.6757999999986484,0.9137999999981724,2.8501381874084473,0.4206352233886719,0.3959388434886933,0.11361312866210938,0.1342943161725998,1.0,0.4207459069888058,0,0.24150699377059937,0.8953111111109122,0.9947555555553346,0.34456130862236023
"shufflenetv2_x0_5-reg:4,lamb:0.01",0.0005,4,0.01,1,42516418_7,True,cifar100_shufflenetv2_x0_5,1.3420076370239258,0.2956690490245819,0.00024029798805713656,0.1267533898353577,0.009999999776482582,1.3359521084304584,0,0.22398680448532104,0.6675999999986648,0.8977999999982044,4.866060733795166,0.1773029863834381,0.04468309134244919,6.825081072747707e-06,0.0841159075498581,0.009999999776482582,0.17726706500766612,0,0.26514703035354614,0.9660222222220076,0.9994222222220002,0.1224563866853714
"mobilenetv2_x1_4-reg:5,lamb:2.0",0.0005,5,2.0,1,42516418_17,True,cifar100_mobilenetv2_x1_4,1.0526822805404663,1.0524072647094729,1.634662389755249,0.1005738079547882,2.0,1.0522558385832927,0,0.20879799127578735,0.7335999999985329,0.930999999998138,4.002525806427002,0.08525203168392181,0.08488453924655914,0.04408881068229675,0.05420831963419914,2.0,0.08523215896981698,0,0.2828967571258545,0.9881111111108916,0.9999777777775556,0.037454865872859955
"shufflenetv2_x1_5-reg:3,lamb:0.001",0.0005,3,0.001,1,42516418_0,True,cifar100_shufflenetv2_x1_5,1.3545106649398804,0.07450838387012482,2.2007152438163757e-06,0.033958978950977325,0.0010000000474974513,1.353525029936183,0,0.3107733428478241,0.6165999999987668,0.8805999999982388,2.8487422466278076,1.0637857913970947,0.05677072703838349,1.392792910337448e-06,0.07459555566310883,0.0010000000474974513,1.0637450918628184,0,0.11622172594070436,0.697399999999845,0.9247111111109056,1.6541786193847656
"shufflenetv2_x1_5-reg:3,lamb:0.1",0.0005,3,0.1,1,42516418_2,True,cifar100_shufflenetv2_x1_5,1.1641591787338257,0.601984441280365,0.0115165114402771,0.020522478967905045,0.10000000149011612,1.1634079331303016,0,0.09167757630348206,0.6663999999986672,0.907999999998184,2.5580549240112305,0.7755976319313049,0.3843180239200592,0.0049002766609191895,0.09525954723358154,0.10000000149011612,0.7755508588355657,0,0.16164052486419678,0.7761777777776053,0.9610888888886754,1.0520226955413818
"shufflenetv2_x0_5-reg:4,lamb:0.5",0.0005,4,0.5,1,42516418_9,True,cifar100_shufflenetv2_x0_5,1.3040462732315063,1.240018367767334,0.3082473874092102,0.11802655458450316,0.5,1.301800965611917,0,0.1922191381454468,0.6681999999986636,0.902999999998194,4.648261070251465,0.1563512086868286,0.13953156769275665,0.008127272129058838,0.0902632251381874,0.5,0.15638893939174112,0,0.35503971576690674,0.9756444444442276,0.9999111111108888,0.07642705738544464
"shufflenetv2_x0_5-reg:4,lamb:0.1",0.0005,4,0.1,1,42516418_8,True,cifar100_shufflenetv2_x0_5,1.3505421876907349,0.8221094012260437,0.02119503915309906,0.12293502688407898,0.10000000149011612,1.3463472836438428,0,0.2156774401664734,0.6695999999986608,0.8963999999982072,4.934175491333008,0.16260695457458496,0.1005186215043068,0.00045926496386528015,0.08442796766757965,0.10000000149011612,0.16260374319577744,0,0.28969237208366394,0.9709333333331176,0.9997555555553336,0.09555757790803908
"shufflenetv2_x1_0-reg:4,lamb:0.001",0.0005,4,0.001,1,42516418_6,True,cifar100_shufflenetv2_x1_0,1.178330898284912,0.09444241970777512,2.4506589397788048e-06,0.10826583951711656,0.0010000000474974513,1.1771449619606371,0,0.2194582223892212,0.7213999999985572,0.9131999999981736,4.580226898193359,0.01518819760531187,0.0018333442276343703,8.830829756334424e-07,0.013645725324749948,0.0010000000474974513,0.015190284825337031,0,0.6344250440597534,0.999599999999778,0.9999999999997778,0.002062322339043021
"shufflenetv2_x1_5-reg:3,lamb:0.01",0.0005,3,0.01,1,42516418_1,True,cifar100_shufflenetv2_x1_5,1.2516188621520996,0.22358836233615875,0.00013558845967054367,0.02249450981616974,0.009999999776482582,1.2514724844397238,0,0.07291825115680695,0.6481999999987036,0.890999999998218,2.7405426502227783,0.9553169012069702,0.16460102796554563,7.460080087184906e-05,0.07769542932510376,0.009999999776482582,0.9551874628933134,0,0.1260526180267334,0.7289555555553936,0.9384666666664582,1.4930278062820437
"shufflenetv2_x1_5-reg:3,lamb:2.0",0.0005,3,2.0,1,42516418_5,True,cifar100_shufflenetv2_x1_5,1.120398759841919,1.1197360754013062,1.6739563941955566,0.07929113507270813,2.0,1.1191340858109011,0,0.1527552306652069,0.7093999999985812,0.9181999999981636,3.8523366451263423,0.1387651562690735,0.13786226511001587,0.07507479190826416,0.08553783595561981,2.0,0.13878953053928064,0,0.33187514543533325,0.9806444444442266,0.9998888888886668,0.06172241270542145
"shufflenetv2_x1_5-reg:3,lamb:0.5",0.0005,3,0.5,1,42516418_3,True,cifar100_shufflenetv2_x1_5,1.0628701448440552,0.9629544019699096,0.1978779435157776,0.0310287456959486,0.5,1.062392398183823,0,0.07312875986099243,0.6951999999986096,0.9181999999981636,2.6190409660339355,0.4251313805580139,0.364328533411026,0.03743770718574524,0.12216269224882126,0.5,0.4251815943991143,0,0.22188591957092285,0.8890888888886914,0.9940222222220014,0.3828051686286926
"shufflenetv2_x1_5-reg:3,lamb:1.0",0.0005,3,1.0,1,42516418_4,True,cifar100_shufflenetv2_x1_5,1.07988703250885,1.0676339864730835,0.6229797601699829,0.06554754078388214,1.0,1.0786044055790909,0,0.12168319523334505,0.7007999999985984,0.9267999999981464,3.173460006713867,0.24132931232452393,0.23119497299194336,0.05272972583770752,0.11224822700023653,1.0,0.24128852292201683,0,0.26271921396255493,0.9517999999997886,0.9993333333331114,0.14813457429409027
"shufflenetv2_x0_5-reg:5,lamb:0.1",0.0005,5,0.1,1,42516418_14,True,cifar100_shufflenetv2_x0_5,1.213295578956604,0.655460000038147,0.013667352497577667,0.04616551101207733,0.10000000149011612,1.212404906143523,0,0.10063263773918152,0.660999999998678,0.8999999999982,3.074655294418335,0.6136636137962341,0.3173665404319763,0.003494545817375183,0.1042080968618393,0.10000000149011612,0.6136805665415259,0,0.18400442600250244,0.8255777777775943,0.9789111111108936,0.7469936609268188
"shufflenetv2_x0_5-reg:5,lamb:0.01",0.0005,5,0.01,1,42516418_13,True,cifar100_shufflenetv2_x0_5,1.207948088645935,0.23510269820690155,0.00015187542885541916,0.04768037796020508,0.009999999776482582,1.207473494998871,0,0.09428709745407104,0.666999999998666,0.9037999999981924,3.058894395828247,0.6523658633232117,0.12843215465545654,4.6302564442157745e-05,0.08787154406309128,0.009999999776482582,0.6524628625642627,0,0.15803509950637817,0.8129555555553749,0.972088888888673,0.934278130531311
"shufflenetv2_x0_5-reg:4,lamb:2.0",0.0005,4,2.0,1,42516418_11,True,cifar100_shufflenetv2_x0_5,1.4673281908035278,1.4658424854278564,2.212275743484497,0.12211330235004424,2.0,1.462188725932495,0,0.186095267534256,0.6303999999987392,0.8883999999982232,5.048806667327881,0.22845503687858584,0.22592350840568545,0.13661473989486694,0.1253109574317932,2.0,0.22847977507915937,0,0.3150665760040283,0.963511111110897,0.9996888888886668,0.11427944898605348
"shufflenetv2_x0_5-reg:4,lamb:1.0",0.0005,4,1.0,1,42516418_10,True,cifar100_shufflenetv2_x0_5,1.3156708478927612,1.306875467300415,0.8320778608322144,0.11256736516952516,1.0,1.3115726166366175,0,0.19687944650650024,0.6691999999986616,0.8993999999982012,4.667393684387207,0.15635326504707336,0.14995485544204712,0.02567318081855774,0.09733165800571442,1.0,0.15634783707856087,0,0.4619171619415283,0.9792666666664492,0.9999999999997778,0.0668579712510109
"shufflenetv2_x0_5-reg:5,lamb:0.5",0.0005,5,0.5,1,42516418_15,True,cifar100_shufflenetv2_x0_5,1.225391507148743,1.1067893505096436,0.24167734384536743,0.05667707324028015,0.5,1.2230369978988422,0,0.1109316498041153,0.6651999999986696,0.9065999999981867,3.24558424949646,0.4380577206611634,0.3691073954105377,0.03640022873878479,0.13281181454658508,0.5,0.4381178473296816,0,0.23549383878707889,0.8880666666664694,0.9944444444442236,0.36412909626960754
mobilenetv2_x1_4-baseline,0.0005,0,0.0,1,42516422,True,cifar100_mobilenetv2_x1_4,0.981476902961731,0.008585507050156593,0.0,0.09066283702850342,0.0,0.9781221504089186,0,0.22338157892227173,0.7671999999984657,0.935999999998128,3.825517892837525,0.012826490215957165,2.565085560490843e-05,0.0,0.0111790020018816,0.0,0.01282194780578628,0,0.6335578560829163,0.9995555555553336,0.9999999999997778,0.0023999842815101147
"shufflenetv2_x1_0-reg:4,lamb:0.01",0.0005,4,0.01,1,42516418_7,True,cifar100_shufflenetv2_x1_0,1.1669405698776243,0.28499364852905273,0.0002253139391541481,0.11088332533836363,0.009999999776482582,1.1686319583771707,0,0.2152860164642334,0.7221999999985557,0.916999999998166,4.563220977783203,0.016036981716752052,0.005083070136606693,1.5251862350851297e-07,0.014301760122179983,0.009999999776482582,0.01604622421927848,0,0.6346059441566467,0.9995333333331112,0.9999999999997778,0.002363447565585375
"shufflenetv2_x0_5-reg:5,lamb:1.0",0.0005,5,1.0,1,42516418_16,True,cifar100_shufflenetv2_x0_5,1.2857577800750732,1.2638014554977417,0.7495982646942139,0.08094137907028198,1.0,1.2823899381901342,0,0.12888342142105105,0.657999999998684,0.8973999999982052,3.757883071899414,0.33392131328582764,0.3153756260871887,0.07942759990692139,0.13410833477973938,1.0,0.33395955489574874,0,0.2622690796852112,0.9263111111109054,0.9980444444442228,0.23025664687156677
"shufflenetv2_x0_5-reg:5,lamb:0.001",0.0005,5,0.001,1,42516418_12,True,cifar100_shufflenetv2_x0_5,1.2114028930664062,0.07660871744155884,2.1439045667648315e-06,0.05825308710336685,0.0010000000474974513,1.210088651767316,0,0.10160678625106812,0.6571999999986856,0.9037999999981924,3.027008056640625,0.6805357933044434,0.04381013289093971,5.66127710044384e-07,0.08426821976900101,0.0010000000474974513,0.6806657019277199,0,0.146406888961792,0.8035999999998215,0.9680444444442294,0.9962365627288818
"shufflenetv2_x1_0-reg:4,lamb:0.5",0.0005,4,0.5,1,42516418_9,True,cifar100_shufflenetv2_x1_0,1.152389645576477,1.1294243335723877,0.28832346200942993,0.1078021675348282,0.5,1.154203330893388,0,0.212310791015625,0.7193999999985612,0.9123999999981752,4.339878082275391,0.019827088341116905,0.01784510910511017,0.00028620194643735886,0.01801084727048874,0.5,0.019840104334961074,0,0.47952741384506226,0.9995777777775556,0.9999999999997778,0.0024986674543470144
"shufflenetv2_x1_0-reg:4,lamb:0.1",0.0005,4,0.1,1,42516418_8,True,cifar100_shufflenetv2_x1_0,1.1979060173034668,0.7865456342697144,0.019824549555778503,0.11398189514875412,0.10000000149011612,1.1964266324021604,0,0.22985321283340457,0.7167999999985664,0.9091999999981816,4.620441913604736,0.01601676642894745,0.01067185215651989,9.9940225481987e-06,0.014376429840922356,0.10000000149011612,0.016023832356535796,0,0.6338397264480591,0.9995111111108892,0.9999999999997778,0.0020345416851341724
"shufflenetv2_x2_0-reg:3,lamb:0.001",0.0005,3,0.001,1,42516418_0,True,cifar100_shufflenetv2_x2_0,1.3265255689620972,0.07545702904462814,1.871958374977112e-06,0.029413647949695587,0.0010000000474974513,1.3260357075259928,0,0.09554783254861832,0.6303999999987392,0.8857999999982284,2.9280998706817627,0.9727217555046082,0.0539785735309124,9.277136996388436e-07,0.08041976392269135,0.0010000000474974513,0.972710185374999,0,0.13198822736740112,0.7240444444442836,0.9363333333331252,1.4990780353546145
"shufflenetv2_x1_5-reg:4,lamb:0.001",0.0005,4,0.001,1,42516418_6,True,cifar100_shufflenetv2_x1_5,1.0721880197525024,0.08495353162288666,2.1654414013028145e-06,0.07973171770572662,0.0010000000474974513,1.0715056205398774,0,0.18002992868423462,0.7379999999985241,0.9211999999981576,3.7297921180725098,0.01005230937153101,0.0011519952677190304,5.155670805834234e-07,0.009420876391232014,0.0010000000474974513,0.010052425736011422,0,0.309583842754364,0.9998666666664444,0.9999999999997778,0.0008126669563353062
"shufflenetv2_x2_0-reg:3,lamb:0.1",0.0005,3,0.1,1,42516418_2,True,cifar100_shufflenetv2_x2_0,1.245245099067688,0.6264573931694031,0.012253202497959135,0.02161969617009163,0.10000000149011612,1.2486019664720276,0,0.24123269319534305,0.6479999999987041,0.8945999999982108,2.713993787765503,0.8200116753578186,0.3972565531730652,0.00517602264881134,0.10070715844631196,0.10000000149011612,0.8200011222411375,0,0.16249775886535645,0.7660666666664965,0.9575555555553428,1.110946774482727
"shufflenetv2_x2_0-reg:3,lamb:0.01",0.0005,3,0.01,1,42516418_1,True,cifar100_shufflenetv2_x2_0,1.2165908813476562,0.2215460389852524,0.00013435352593660357,0.022799037396907806,0.009999999776482582,1.2152714067581631,0,0.08834580332040787,0.6581999999986836,0.9017999999981964,2.701064348220825,0.8663498163223267,0.15509791672229767,6.612390279769897e-05,0.07826165854930878,0.009999999776482582,0.8662968558529085,0,0.1267108917236328,0.7504444444442777,0.948377777777567,1.3360729217529297
"shufflenetv2_x1_0-reg:5,lamb:0.1",0.0005,5,0.1,1,42516418_14,True,cifar100_shufflenetv2_x1_0,1.1242603063583374,0.7059157490730286,0.0163557305932045,0.09459570050239564,0.10000000149011612,1.1250453049279712,0,0.19620424509048465,0.703999999998592,0.918999999998162,3.7819747924804688,0.16276533901691437,0.10253066569566728,0.0004951320588588715,0.08017430454492569,0.10000000149011612,0.16280230408964044,0,0.30595144629478455,0.968711111110896,0.999599999999778,0.10351990163326263
"shufflenetv2_x2_0-reg:3,lamb:2.0",0.0005,3,2.0,1,42516418_5,True,cifar100_shufflenetv2_x2_0,1.098047375679016,1.0974929332733154,1.6559417247772217,0.08842679113149643,2.0,1.0970651352880687,0,0.1647384762763977,0.7151999999985696,0.925999999998148,3.813599109649658,0.11831824481487274,0.11753605306148528,0.06231150031089783,0.07460297644138336,2.0,0.11829900376842534,0,0.32427704334259033,0.984066666666448,0.9999777777775556,0.05111583694815636
"shufflenetv2_x1_0-reg:5,lamb:0.01",0.0005,5,0.01,1,42516418_13,True,cifar100_shufflenetv2_x1_0,1.137147068977356,0.2500552535057068,0.00017247255891561508,0.08491538465023041,0.009999999776482582,1.1389307076004718,0,0.16437029838562012,0.6947999999986104,0.91999999999816,3.497708797454834,0.2475440204143524,0.06229030340909958,1.2099277228116987e-05,0.08648578822612762,0.009999999776482582,0.24764340200155036,0,0.9268882870674132,0.9412222222220132,0.9970222222220008,0.2375253140926361
"shufflenetv2_x1_0-reg:4,lamb:2.0",0.0005,4,2.0,1,42516418_11,True,cifar100_shufflenetv2_x1_0,1.1412981748580933,1.1411994695663452,1.796354055404663,0.10254312306642532,2.0,1.1428933644540735,0,0.17234718799591064,0.7251999999985496,0.9227999999981544,4.309280872344971,0.020099269226193428,0.019970104098320007,0.003647062927484512,0.018347734585404396,2.0,0.02011074282813173,0,0.6486743688583374,0.999622222222,0.9999999999997778,0.002409514505416155
"shufflenetv2_x1_0-reg:4,lamb:1.0",0.0005,4,1.0,1,42516418_10,True,cifar100_shufflenetv2_x1_0,1.114982008934021,1.113206386566162,0.7313703298568726,0.09700877964496613,1.0,1.1129761451878355,0,0.19914191961288452,0.728999999998542,0.9191999999981616,4.10302734375,0.02116548642516136,0.020415250211954117,0.0010791979730129242,0.01935936138033867,1.0,0.02117410859247926,0,0.4718603491783142,0.999622222222,0.9999999999997778,0.0024842084385454655
"shufflenetv2_x2_0-reg:3,lamb:0.5",0.0005,3,0.5,1,42516418_3,True,cifar100_shufflenetv2_x2_0,1.049347996711731,0.9673093557357788,0.20646721124649048,0.036313496530056,0.5,1.0499853337521603,0,0.0975654199719429,0.70999999999858,0.9257999999981484,2.83378529548645,0.34838423132896423,0.3025255799293518,0.02813880145549774,0.12063012272119522,0.5,0.34833302922599674,0,0.24033254384994507,0.9160444444442408,0.9966666666664452,0.2837563753128052
"shufflenetv2_x1_0-reg:5,lamb:0.5",0.0005,5,0.5,1,42516418_15,True,cifar100_shufflenetv2_x1_0,1.1623833179473877,1.1271491050720217,0.2820497751235962,0.1086619347333908,0.5,1.16237706185873,0,0.2165932655334473,0.7071999999985856,0.9237999999981524,4.370452880859375,0.07369337230920792,0.06689003854990005,0.0026221759617328644,0.05514351278543472,0.5,0.0737245625943728,0,0.3168475031852722,0.9941777777775568,0.9999555555553334,0.02408089116215706
"shufflenetv2_x1_0-reg:5,lamb:1.0",0.0005,5,1.0,1,42516418_16,True,cifar100_shufflenetv2_x1_0,1.1221336126327517,1.1193037033081057,0.7276023626327515,0.10101775079965591,1.0,1.119889750516753,0,0.19823479652404785,0.718999999998562,0.9231999999981536,4.145176410675049,0.05693298950791359,0.05516687780618667,0.005769316107034683,0.04580877348780632,1.0,0.05695740412597092,0,0.332242488861084,0.9966666666664452,0.9999999999997778,0.0141198905184865
"shufflenetv2_x2_0-reg:3,lamb:1.0",0.0005,3,1.0,1,42516418_4,True,cifar100_shufflenetv2_x2_0,1.06744122505188,1.058878779411316,0.6292698383331299,0.07080002129077911,1.0,1.0670052374034709,0,0.1468057632446289,0.707999999998584,0.925999999998148,3.2452147006988525,0.1795232892036438,0.17283272743225098,0.03515416383743286,0.09627101570367812,1.0,0.1794996463845687,0,0.32696598768234253,0.9690666666664514,0.9997111111108892,0.096674844622612
"shufflenetv2_x1_0-reg:5,lamb:0.001",0.0005,5,0.001,1,42516418_12,True,cifar100_shufflenetv2_x1_0,1.1071445941925049,0.08165351301431656,1.8362188711762428e-06,0.08526728302240372,0.0010000000474974513,1.1067272597978173,0,0.15725165605545044,0.7011999999985976,0.9187999999981624,3.4487013816833496,0.25794604420661926,0.0223273653537035,4.540197551250458e-07,0.08497676253318787,0.0010000000474974513,0.25805140632347157,0,0.21703553199768064,0.9382222222220138,0.9964444444442232,0.26567116379737854
"shufflenetv2_x1_5-reg:4,lamb:0.01",0.0005,4,0.01,1,42516418_7,True,cifar100_shufflenetv2_x1_5,1.0649861097335815,0.25821006298065186,0.00018423888832330704,0.08643825352191925,0.009999999776482582,1.0607640827358762,0,0.17124903202056885,0.743999999998512,0.9231999999981536,3.725981950759888,0.010005071759223938,0.002979411045089364,8.685965440236032e-07,0.009305871091783048,0.009999999776482582,0.010005159300331674,0,0.2626608610153198,0.999799999999778,0.9999999999997778,0.0008315985323861241
"shufflenetv2_x1_5-reg:4,lamb:0.5",0.0005,4,0.5,1,42516418_9,True,cifar100_shufflenetv2_x1_5,1.0370558500289917,1.0158708095550537,0.2457074522972107,0.08213600516319275,0.5,1.0343542511059765,0,0.17037269473075867,0.7391999999985216,0.9255999999981488,3.503134250640869,0.012360621243715286,0.010884339921176434,0.00011112727224826811,0.01155667006969452,0.5,0.012361840021475142,0,0.6777244210243225,0.9997777777775556,0.9999999999997778,0.0009484464535489678
"shufflenetv2_x0_5-reg:5,lamb:2.0",0.0005,5,2.0,1,42516418_17,True,cifar100_shufflenetv2_x0_5,1.3145029544830322,1.3093054294586182,1.8264336585998535,0.0713644027709961,2.0,1.3134304278482285,0,0.11960148811340332,0.6343999999987312,0.8941999999982116,3.4892966747283936,0.4210880100727082,0.4132165312767029,0.3174005150794983,0.1555967926979065,2.0,0.42106756599428863,0,0.26453709602355957,0.90471111111091,0.9958666666664454,0.30784106254577637
"shufflenetv2_x1_5-reg:4,lamb:0.1",0.0005,4,0.1,1,42516418_8,True,cifar100_shufflenetv2_x1_5,1.053247570991516,0.6984459757804871,0.01591780036687851,0.08174362778663635,0.10000000149011612,1.0495965207335558,0,0.17393791675567627,0.7427999999985144,0.9231999999981536,3.652994394302368,0.01082427240908146,0.006823214702308178,4.775356501340866e-06,0.010241711512207983,0.10000000149011612,0.010824021223888996,0,0.6141748428344727,0.9999111111108888,0.9999999999997778,0.0008351386641152203
"shufflenetv2_x2_0-reg:4,lamb:0.001",0.0005,4,0.001,1,42516418_6,True,cifar100_shufflenetv2_x2_0,1.006277084350586,0.08099889010190964,2.0582228899002075e-06,0.06817410886287689,0.0010000000474974513,1.0070645982952195,0,0.184390127658844,0.7531999999984936,0.930999999998138,3.390622854232788,0.007995308376848698,0.000936361204367131,3.659142748801969e-07,0.007421957328915596,0.0010000000474974513,0.007995872271046894,0,0.26906007528305054,0.9997777777775556,0.9999999999997778,0.0005962811992503703
"shufflenetv2_x1_5-reg:5,lamb:0.1",0.0005,5,0.1,1,42516418_14,True,cifar100_shufflenetv2_x1_5,1.0748120546340942,0.698517918586731,0.01611444354057312,0.0957830473780632,0.10000000149011612,1.0704599404943187,0,0.1751534938812256,0.723999999998552,0.92499999999815,3.7283706665039062,0.08539921045303345,0.05571264401078224,0.000172383151948452,0.05723216384649277,0.10000000149011612,0.0854002382049751,0,0.36312931776046753,0.9901777777775578,0.9999999999997778,0.03565060347318649
"shufflenetv2_x1_5-reg:5,lamb:0.01",0.0005,5,0.01,1,42516418_13,True,cifar100_shufflenetv2_x1_5,1.0712296962738037,0.2549413740634918,0.00018087122589349747,0.08212617039680481,0.009999999776482582,1.0720085764531695,0,0.15079164505004883,0.723999999998552,0.9255999999981488,3.665781974792481,0.12150375545024872,0.03431132435798645,3.871158696711063e-06,0.0653955340385437,0.009999999776482582,0.121472463216504,0,0.26409661769866943,0.9796222222220046,0.9996444444442224,0.07731251418590546
"shufflenetv2_x1_5-reg:4,lamb:2.0",0.0005,4,2.0,1,42516418_11,True,cifar100_shufflenetv2_x1_5,1.0293742418289185,1.0292320251464844,1.591034173965454,0.08628906309604645,2.0,1.0304577434871134,0,0.4134550988674164,0.7369999999985261,0.9275999999981448,3.595656633377075,0.013347328640520573,0.013189739547669888,0.0015214700251817703,0.012639052234590054,2.0,0.013348086963876932,0,0.5782228112220764,0.9998666666664444,0.9999999999997778,0.0009264117106795312
"shufflenetv2_x1_5-reg:4,lamb:1.0",0.0005,4,1.0,1,42516418_10,True,cifar100_shufflenetv2_x1_5,1.024049162864685,1.022355318069458,0.649314284324646,0.07884187996387482,1.0,1.0210204715392028,0,0.15896016359329224,0.7387999999985224,0.9267999999981464,3.2923057079315186,0.013584520667791368,0.01291884295642376,0.0004476569592952728,0.012853173539042473,1.0,0.01358521089346259,0,0.5355132818222046,0.9998888888886668,0.9999999999997778,0.0010088328272104263
"shufflenetv2_x1_5-reg:5,lamb:0.5",0.0005,5,0.5,1,42516418_15,True,cifar100_shufflenetv2_x1_5,1.0699516534805298,1.0456541776657104,0.2611759305000305,0.08902081847190857,0.5,1.066102301541381,0,0.17843714356422424,0.7373999999985252,0.9255999999981488,3.914560556411743,0.03862269967794418,0.03495390713214874,0.0008358173072338104,0.03322182595729828,0.5,0.03861606687045616,0,0.7288951873779297,0.9986222222220004,0.9999999999997778,0.00729308370500803
"shufflenetv2_x1_5-reg:5,lamb:1.0",0.0005,5,1.0,1,42516418_16,True,cifar100_shufflenetv2_x1_5,1.0510473251342771,1.0489565134048462,0.6771936416625977,0.0968458503484726,1.0,1.049742128920205,0,0.20024621486663816,0.730999999998538,0.9285999999981428,3.7220425605773926,0.02885650470852852,0.027857646346092224,0.0018198378384113312,0.02571004442870617,1.0,0.02885687438903499,0,0.3096787929534912,0.9992444444442224,0.9999999999997778,0.004320381209254265
"shufflenetv2_x1_5-reg:5,lamb:0.001",0.0005,5,0.001,1,42516418_12,True,cifar100_shufflenetv2_x1_5,1.0811535120010376,0.08403114229440689,2.5478657335042953e-06,0.08807815611362457,0.0010000000474974513,1.0805716419777576,0,0.17208927869796753,0.720999999998558,0.9273999999981452,3.66189169883728,0.13068999350070953,0.012747204862535,3.664172254502773e-08,0.06693609058856964,0.0010000000474974513,0.1306812429133719,0,0.26523786783218384,0.976688888888672,0.999622222222,0.08788719773292542
shufflenetv2_x0_5-baseline,0.0005,0,0.0,1,42516422,True,cifar100_shufflenetv2_x0_5,1.3334248065948486,0.011279555037617683,0.0,0.12948518991470337,0.0,1.3294653647451182,0,0.23761647939682007,0.665999999998668,0.9013999999981972,4.982120990753174,0.17126701772212982,0.0004362985491752625,0.0,0.07948143035173416,0.0,0.17128161179113918,0,0.92254376411438,0.9661333333331188,0.9992444444442224,0.12282807379961014
"shufflenetv2_x1_0-reg:5,lamb:2.0",0.0005,5,2.0,1,42516418_17,True,cifar100_shufflenetv2_x1_0,1.2133077383041382,1.2131210565567017,1.8906314373016355,0.11703518778085709,2.0,1.2158360236764447,0,0.24751442670822144,0.6995999999986008,0.9193999999981612,4.556552410125732,0.05712120234966278,0.05683266744017601,0.019272655248641968,0.046566471457481384,2.0,0.05713712825877219,0,0.315334677696228,0.9969999999997784,0.9999999999997778,0.01369815319776535
"shufflenetv2_x2_0-reg:4,lamb:0.01",0.0005,4,0.01,1,42516418_7,True,cifar100_shufflenetv2_x2_0,1.0161937475204468,0.24708741903305056,0.00016933772712945938,0.06874487549066544,0.009999999776482582,1.016542753068961,0,0.16767960786819458,0.7545999999984908,0.9317999999981365,3.417675018310547,0.007935252040624619,0.002374492352828383,1.975495251826942e-07,0.007327721919864416,0.009999999776482582,0.007934559107074447,0,0.2176697850227356,0.999799999999778,0.9999999999997778,0.0006077933358028531
"shufflenetv2_x2_0-reg:4,lamb:0.5",0.0005,4,0.5,1,42516418_9,True,cifar100_shufflenetv2_x2_0,0.9836099147796632,0.9655603766441344,0.23201262950897217,0.06476641446352005,0.5,0.9838802481738694,0,0.23794147372245789,0.757999999998484,0.927999999998144,3.2911834716796875,0.009963848628103731,0.008582178503274918,8.003832772374153e-05,0.009376767091453075,0.5,0.009962060628421992,0,0.2990192174911499,0.9998444444442224,0.9999999999997778,0.0006823786534368992
"shufflenetv2_x2_0-reg:4,lamb:0.1",0.0005,4,0.1,1,42516418_8,True,cifar100_shufflenetv2_x2_0,1.0009242296218872,0.6609355211257935,0.01438286155462265,0.07335831224918365,0.10000000149011612,0.9990868682634264,0,0.16943883895874023,0.747999999998504,0.9335999999981328,3.2837986946105957,0.008413206785917282,0.005161432083696127,3.0410010367631912e-06,0.007849374786019325,0.10000000149011612,0.008411617539027626,0,0.5190235376358032,0.999822222222,0.9999999999997778,0.0005798465572297573
"shufflenetv2_x2_0-reg:5,lamb:0.1",0.0005,5,0.1,1,42516418_14,True,cifar100_shufflenetv2_x2_0,1.0363579988479614,0.6843211650848389,0.015594497323036194,0.09708403795957564,0.10000000149011612,1.035874798375991,0,0.2088465690612793,0.7313999999985372,0.92999999999814,3.611638307571411,0.05033539980649948,0.03335985168814659,7.157213985919952e-05,0.03928234055638313,0.10000000149011612,0.050336950244061936,0,0.8314396739006042,0.9965777777775564,0.9999999999997778,0.014613686129450798
"shufflenetv2_x2_0-reg:5,lamb:0.01",0.0005,5,0.01,1,42516418_13,True,cifar100_shufflenetv2_x2_0,1.0196775197982788,0.24918027222156525,0.0001736581325531006,0.08462487161159515,0.009999999776482582,1.020212813701739,0,0.16428112983703613,0.735999999998528,0.9335999999981328,3.5170366764068604,0.07468284666538239,0.021976476535201073,2.0089210011065006e-06,0.05061689764261246,0.009999999776482582,0.07467397926374314,0,0.31673046946525574,0.9919777777775574,0.9999555555553334,0.03294092416763306
"shufflenetv2_x2_0-reg:4,lamb:2.0",0.0005,4,2.0,1,42516418_11,True,cifar100_shufflenetv2_x2_0,1.0314310789108276,1.0312811136245728,1.5973165035247805,0.07612469792366028,2.0,1.0309460664601204,0,0.13848978281021118,0.7437999999985124,0.9277999999981444,3.5320780277252197,0.010644445195794106,0.010484598577022552,0.0011577792465686798,0.010006563737988472,2.0,0.010643209531213872,0,0.5168662071228027,0.9998444444442224,0.9999999999997778,0.000741254654712975
"shufflenetv2_x2_0-reg:4,lamb:1.0",0.0005,4,1.0,1,42516418_10,True,cifar100_shufflenetv2_x2_0,0.9856272339820862,0.98384827375412,0.6181984543800354,0.07136250287294388,1.0,0.9838531221000456,0,0.1889224648475647,0.7467999999985064,0.927999999998144,3.114058494567871,0.010940918698906898,0.010252445004880428,0.000315079465508461,0.010334767401218414,1.0,0.01094173314781412,0,0.33980560302734375,0.9997777777775556,0.9999999999997778,0.0007101140217855573
"shufflenetv2_x2_0-reg:5,lamb:0.5",0.0005,5,0.5,1,42516418_15,True,cifar100_shufflenetv2_x2_0,0.9825496673583984,0.9637587666511536,0.2349109649658203,0.08669766783714294,0.5,0.9810609156948484,0,0.20333999395370483,0.746999999998506,0.9357999999981284,3.507215976715088,0.02428578957915306,0.02179565653204918,0.00041079334914684296,0.021562356501817703,0.5,0.024279485487015605,0,0.3114892840385437,0.9992666666664448,0.9999999999997778,0.003639711532741785
shufflenetv2_x1_0-baseline,0.0005,0,0.0,1,42516422,True,cifar100_shufflenetv2_x1_0,1.1890060901641846,0.0102743711322546,0.0,0.1110103204846382,0.0,1.191699966192442,0,0.24142152070999143,0.7187999999985624,0.91499999999817,4.532901287078857,0.015293488278985023,3.38829995598644e-05,0.0,0.013755646534264088,0.0,0.015307591560442951,0,0.3812582790851593,0.9995777777775556,0.9999999999997778,0.0020681298337876797
"shufflenetv2_x2_0-reg:5,lamb:1.0",0.0005,5,1.0,1,42516418_16,True,cifar100_shufflenetv2_x2_0,1.0012129545211792,0.99964040517807,0.643156886100769,0.08835481107234955,1.0,1.000938131904812,0,0.17980259656906128,0.742999999998514,0.9305999999981388,3.511246681213379,0.019312625750899315,0.01860569603741169,0.0009725149720907212,0.017698146402835846,1.0,0.01931006530063068,0,0.7622347474098206,0.9996666666664444,0.9999999999997778,0.0022765519097447395
"shufflenetv2_x1_5-reg:5,lamb:2.0",0.0005,5,2.0,1,42516418_17,True,cifar100_shufflenetv2_x1_5,1.0901997089385986,1.0901023149490356,1.7088685035705566,0.09672461450099944,2.0,1.0905619854242623,0,0.1898708939552307,0.7325999999985349,0.9231999999981536,4.163652420043945,0.0263326745480299,0.026182228699326515,0.005309697240591049,0.023959442973136905,2.0,0.02633834799432658,0,0.6357640027999878,0.9995555555553336,0.9999999999997778,0.0034000470768660307
"shufflenetv2_x2_0-reg:5,lamb:0.001",0.0005,5,0.001,1,42516418_12,True,cifar100_shufflenetv2_x2_0,1.0250569581985474,0.08337728679180145,1.764507032930851e-06,0.08513551950454712,0.0010000000474974513,1.0253830368160286,0,0.1822964549064636,0.7391999999985216,0.9315999999981368,3.6089298725128174,0.07645311951637268,0.008135427720844746,1.59183400683105e-07,0.04984449595212936,0.0010000000474974513,0.07644919858049057,0,0.4338745176792145,0.9907333333331132,0.9998444444442224,0.03665537014603615
shufflenetv2_x1_5-baseline,0.0005,0,0.0,1,42516422,True,cifar100_shufflenetv2_x1_5,1.07649827003479,0.008700947277247906,0.0,0.08015747368335724,0.0,1.0731647664903188,0,0.25568658113479614,0.7455999999985088,0.9201999999981596,3.7988710403442383,0.009892630390822887,2.213758125435561e-05,0.0,0.009174666367471218,0.0,0.00989003769933694,0,0.7389547824859619,0.999822222222,0.9999999999997778,0.0009236660553142428
"shufflenetv2_x2_0-reg:5,lamb:2.0",0.0005,5,2.0,1,42516418_17,True,cifar100_shufflenetv2_x2_0,1.0768767595291138,1.0767990350723269,1.6948673725128174,0.10220004618167876,2.0,1.0768023932556583,0,0.2188308835029602,0.7341999999985316,0.9253999999981491,4.080522537231445,0.01702846772968769,0.016918478533625603,0.0028479434549808502,0.015709802508354187,2.0,0.017026146094998338,0,0.6394587755203247,0.9997333333331112,0.9999999999997778,0.0018086968921124935
shufflenetv2_x2_0-baseline,0.0005,0,0.0,1,42516422,True,cifar100_shufflenetv2_x2_0,1.0144274234771729,0.00758083863183856,0.0,0.06939288228750229,0.0,1.0157593424009796,0,0.19256216287612915,0.748999999998502,0.9315999999981368,3.3713674545288086,0.007758724503219128,1.6017549569369294e-05,0.0,0.00717106694355607,0.0,0.00775949091775789,0,0.3153878450393677,0.9997555555553336,0.9999999999997778,0.0006095473072491586
