name,wd,reg,lamb,celoss,job_id,data_aug,sweep_model,eval/L,eval/alphaD,eval/cummulant,eval/ece,eval/lambd,eval/loss,eval/lr,eval/mce,eval/top1_acc,eval/top5_acc,eval/var,train/L,train/alphaD,train/cummulant,train/ece,train/lambd,train/loss,train/lr,train/mce,train/top1_acc,train/top5_acc,train/var
"vgg11_bn-reg:3,lamb:0.001",0.0005,3,0.001,0,42297269_0,True,cifar10_vgg11_bn,0.6314168572425842,0.02889544703066349,1.0381336323916912e-06,0.16922155022621155,0.0010000000474974513,0.07082279414122673,0,0.25612908601760864,0.8305999999983388,0.991999999998016,0.4297155737876892,0.06771582365036011,0.007870192639529705,4.954927135258913e-09,0.2170562446117401,0.0010000000474974513,0.0677232457371049,0,0.2990052103996277,0.8445777777775901,0.9931777777775572,0.03329794853925705
"vgg11_bn-reg:3,lamb:0.5",0.0005,3,0.5,0,42297269_3,True,cifar10_vgg11_bn,0.5491770505905151,0.36696383357048035,0.035519540309906006,0.18661707639694217,0.5,0.05335790232881316,0,0.4886323809623718,0.8719999999982561,0.9953999999980092,0.3482351303100586,0.03966430947184563,0.039666518568992615,0.0017972197383642197,0.23403644561767575,0.5,0.03965636909798694,0,0.3265858292579651,0.8982666666664672,0.997666666666445,0.016216129064559937
"vgg11_bn-reg:3,lamb:1.0",0.0005,3,1.0,0,42297269_4,True,cifar10_vgg11_bn,0.5051011443138123,0.3831492066383362,0.1075076460838318,0.18265435099601743,1.0,0.04560122785672362,0,0.25619858503341675,0.887999999998224,0.9965999999980067,0.3213266432285309,0.02595575898885727,0.02596361003816128,0.0035787448287010193,0.24342134594917297,1.0,0.02595293664077833,0,0.34681883454322815,0.926577777777572,0.9992222222220002,0.008647137321531773
"vgg11_bn-reg:3,lamb:0.01",0.0005,3,0.01,0,42297269_1,True,cifar10_vgg11_bn,0.6474230289459229,0.08981438726186752,2.262229099869728e-05,0.17119576036930084,0.009999999776482582,0.0740142788367941,0,0.2408045530319214,0.8267999999983464,0.990999999998018,0.4445655047893524,0.07394565641880035,0.024194547906517982,2.2663152776658535e-06,0.2212962955236435,0.009999999776482582,0.07396091061054692,0,0.29389697313308716,0.8350222222220367,0.9919777777775574,0.03692428022623062
"vgg11_bn-reg:3,lamb:0.1",0.0005,3,0.1,0,42297269_2,True,cifar10_vgg11_bn,0.6190567016601562,0.24093568325042725,0.0019481703639030457,0.17726534605026245,0.10000000149011612,0.06568618655645754,0,0.2505457401275635,0.8403999999983193,0.9945999999980109,0.4062580168247223,0.06335237622261047,0.0511569045484066,0.00014493800699710846,0.2255532145500183,0.10000000149011612,0.06333970976633557,0,0.30359697341918945,0.8528888888886994,0.9941555555553347,0.029684800654649734
"vgg11_bn-reg:3,lamb:2.0",0.0005,3,2.0,0,42297269_5,True,cifar10_vgg11_bn,0.4821479320526123,0.40230053663253784,0.2882680892944336,0.1877468973398209,2.0,0.04043616203432064,0,0.3062698245048523,0.8981999999982037,0.9953999999980092,0.2919125556945801,0.015805769711732864,0.015824168920516968,0.0061284080147743225,0.2495299130678177,2.0,0.015804737159846316,0,0.48424553871154785,0.950822222222011,0.9998666666664444,0.003948396071791649
"vgg11_bn-reg:4,lamb:0.001",0.0005,4,0.001,0,42297269_6,True,cifar10_vgg11_bn,0.9798696041107178,0.016458546742796898,4.461035132408142e-07,0.5173622369766235,0.0010000000474974513,0.04675031786309659,0,0.5467875003814697,0.9255999999981488,0.995999999998008,0.14069820940494537,0.00033362797694280744,0.00017018265498336405,3.33628008775122e-07,0.5599296689033508,0.0010000000474974513,0.00033377971128483765,0,0.7124490737915039,0.9998444444442224,0.9999999999997778,3.195943281752989e-05
"vgg11_bn-reg:4,lamb:0.01",0.0005,4,0.01,0,42297269_7,True,cifar10_vgg11_bn,0.9863186478614808,0.04963163658976555,7.914379239082336e-06,0.5187028646469116,0.009999999776482582,0.04692728843056234,0,0.5618956089019775,0.9241999999981516,0.9963999999980072,0.14008013904094696,0.00032547878799960017,0.0003092523547820747,3.937648216378875e-07,0.5640262961387634,0.009999999776482582,0.00032558864469892443,0,0.8066727519035339,0.9998444444442224,0.9999999999997778,2.150831278413534e-05
"vgg13_bn-reg:3,lamb:0.001",0.0005,3,0.001,0,42297269_0,True,cifar10_vgg13_bn,2.3417305946350098,0.011336739175021648,4.6030618250370026e-07,0.059559211134910583,0.0010000000474974513,0.9061005796431943,0,0.059559211134910583,0.096999999999806,0.4917999999990164,0.06376265734434128,0.8993415832519531,0.01138225570321083,9.803916327655315e-07,0.056290045380592346,0.0010000000474974513,0.8993582938371438,0,0.056290045380592346,0.10033333333331104,0.5009111111109998,0.06430326402187347
"vgg13_bn-reg:3,lamb:0.5",0.0005,3,0.5,0,42297269_3,True,cifar10_vgg13_bn,0.4914873540401459,0.3271470367908478,0.03194133937358856,0.1734226942062378,0.5,0.04532144048779107,0,0.25599366426467896,0.885999999998228,0.9951999999980096,0.31760936975479126,0.031157372519373897,0.031160105019807816,0.001346050761640072,0.23628266155719757,0.5,0.03115467103656148,0,0.33858752250671387,0.9185333333331293,0.9985555555553336,0.011984219774603844
"vgg13_bn-reg:3,lamb:1.0",0.0005,3,1.0,0,42297269_4,True,cifar10_vgg13_bn,0.46000584959983826,0.3306048512458801,0.0903683602809906,0.18463051319122312,1.0,0.03783674042642727,0,0.26153767108917236,0.9027999999981944,0.9965999999980067,0.27368882298469543,0.02009440027177334,0.020102648064494133,0.002593522891402245,0.2471486330032349,1.0,0.02009547938774883,0,0.3593292236328125,0.942444444444235,0.999622222222,0.00610696105286479
"vgg13_bn-reg:3,lamb:0.1",0.0005,3,0.1,0,42297269_2,True,cifar10_vgg13_bn,0.5728382468223572,0.2300388067960739,0.0018572397530078888,0.17912328243255615,0.10000000149011612,0.060289973549202146,0,0.264443576335907,0.8603999999982792,0.9931999999980136,0.3887960910797119,0.05310843139886856,0.0448463074862957,0.00012190127745270728,0.2269935607910156,0.10000000149011612,0.0531072080613165,0,0.31223589181900024,0.8741999999998058,0.9958444444442232,0.02497925795614719
"vgg13_bn-reg:3,lamb:0.01",0.0005,3,0.01,0,42297269_1,True,cifar10_vgg13_bn,0.7200536131858826,0.09429270774126051,2.4137087166309357e-05,0.16068977117538452,0.009999999776482582,0.0898372210113043,0,0.21629178524017337,0.7923999999984153,0.9887999999980224,0.4848509132862091,0.09375420212745668,0.027826562523841854,2.941233105957508e-06,0.2072996199131012,0.009999999776482582,0.09377641044024274,0,0.26265949010849,0.7962444444442676,0.9894222222220024,0.04776615649461746
"vgg11_bn-reg:4,lamb:0.1",0.0005,4,0.1,0,42297269_8,True,cifar10_vgg11_bn,0.9696244597434998,0.12982171773910522,0.0006442070007324219,0.5201558470726013,0.10000000149011612,0.04242565201336788,0,0.5689226388931274,0.9301999999981396,0.9973999999980052,0.1327468901872635,0.0002696537412703037,0.00027047592448070645,2.624929038574919e-07,0.5595887303352356,0.10000000149011612,0.0002696504054557902,0,0.7171324491500854,0.9999555555553334,0.9999999999997778,1.1593425369937904e-05
"vgg13_bn-reg:3,lamb:2.0",0.0005,3,2.0,0,42297269_5,True,cifar10_vgg13_bn,0.4578922688961029,0.3546721637248993,0.24244707822799683,0.19890904426574707,2.0,0.03388100590725455,0,0.2645225524902344,0.9123999999981752,0.9971999999980056,0.2512592077255249,0.011020299047231674,0.01103911641985178,0.004110567271709442,0.2670253813266754,2.0,0.0110174690192359,0,0.39433735609054565,0.9653999999997857,0.9999111111108888,0.002627226756885648
"vgg13_bn-reg:4,lamb:0.001",0.0005,4,0.001,0,42297269_6,True,cifar10_vgg13_bn,0.9797001481056212,0.013824457302689552,2.7671921998262405e-07,0.5431304574012756,0.0010000000474974513,0.03590909939326481,0,0.5712223649024963,0.9421999999981155,0.9967999999980064,0.10036864131689072,0.0002680181642062962,0.0001292070373892784,2.6801819785760017e-07,0.5807164907455444,0.0010000000474974513,0.00026782301117410026,0,0.8103911876678467,0.9999111111108888,0.9999999999997778,1.476512807130348e-05
"vgg13_bn-reg:4,lamb:0.01",0.0005,4,0.01,0,42297269_7,True,cifar10_vgg13_bn,0.984627902507782,0.040777456015348434,5.31412661075592e-06,0.5449802279472351,0.009999999776482582,0.03538187880162569,0,0.5789362788200378,0.9413999999981172,0.996999999998006,0.09746255725622176,0.00022490086848847568,0.00021414522780105472,3.416603249206674e-07,0.5819318294525146,0.009999999776482582,0.0002247552961063547,0,0.810293436050415,0.9999333333331112,0.9999999999997778,1.0216575901722535e-05
"vgg11_bn-reg:4,lamb:0.5",0.0005,4,0.5,0,42297269_9,True,cifar10_vgg11_bn,0.9572476148605348,0.23298996686935425,0.015267789363861084,0.509400486946106,0.5,0.04438285890610156,0,0.5354321002960205,0.926999999998146,0.9965999999980067,0.1423388421535492,0.0003957773733418435,0.00040058812010101974,5.246474756859243e-06,0.5511234402656555,0.5,0.0003974754077072667,0,0.8059563636779785,0.9997555555553336,0.9999999999997778,3.913084219675511e-05
"vgg16_bn-reg:3,lamb:0.001",0.0005,3,0.001,0,42297269_0,True,cifar10_vgg16_bn,1.562970519065857,0.029413418844342232,8.51927325129509e-07,0.04816334322094917,0.0010000000474974513,0.32816293074173747,0,0.26019543409347534,0.3657999999992684,0.9411999999981177,0.4398461878299713,0.3573647737503052,0.01603112928569317,6.905756890773773e-07,0.055984705686569214,0.0010000000474974513,0.3573564285717381,0,0.07221245765686035,0.3620222222221418,0.9322666666664596,0.13380756974220276
"vgg16_bn-reg:3,lamb:1.0",0.0005,3,1.0,0,42297269_4,True,cifar10_vgg16_bn,0.5201119780540466,0.36475348472595215,0.10224717855453493,0.19780053198337555,1.0,0.04664013793222631,0,0.25705188512802124,0.888999999998222,0.9951999999980096,0.31466975808143616,0.026895474642515182,0.02690327912569046,0.00385279580950737,0.26490023732185364,1.0,0.026887743129052556,0,0.35699766874313354,0.9266888888886832,0.9991333333331114,0.009311297908425333
"vgg16_bn-reg:3,lamb:0.01",0.0005,3,0.01,0,42297269_1,True,cifar10_vgg16_bn,0.919967234134674,0.1011584997177124,2.8186477720737457e-05,0.15135355293750763,0.009999999776482582,0.13256491229760436,0,0.2392139434814453,0.708999999998582,0.9845999999980308,0.5501073002815247,0.1403273642063141,0.034314416348934174,4.233326762914658e-06,0.1927722692489624,0.009999999776482582,0.140325186385166,0,0.2378423810005188,0.7098888888887311,0.9815111111108932,0.07048671692609787
"vgg16_bn-reg:3,lamb:0.5",0.0005,3,0.5,0,42297269_3,True,cifar10_vgg16_bn,0.9317841529846193,0.5383855104446411,0.05138516426086426,0.1770448386669159,0.5,0.12785837047859705,0,0.25273245573043823,0.7077999999985845,0.9863999999980272,0.4830012619495392,0.14234024286270142,0.1242278218269348,0.006587296724319458,0.20066410303115845,0.5,0.14233032790981942,0,0.2920466363430023,0.6915555555554019,0.983755555555337,0.06109999865293503
"vgg16_bn-reg:3,lamb:0.1",0.0005,3,0.1,0,42297269_2,True,cifar10_vgg16_bn,0.7034135460853577,0.2614900469779968,0.002214677631855011,0.16337206959724426,0.10000000149011612,0.08461738373578655,0,0.2072371244430542,0.7997999999984005,0.9921999999980156,0.46110278367996216,0.0868968665599823,0.06362677365541458,0.00020293891429901123,0.215177983045578,0.10000000149011612,0.08689704892493821,0,0.2842531204223633,0.8049111111109323,0.9911111111108908,0.041631653904914856
"vgg13_bn-reg:4,lamb:0.1",0.0005,4,0.1,0,42297269_8,True,cifar10_vgg13_bn,0.980169713497162,0.10287673026323318,0.0004656314849853515,0.5421184301376343,0.10000000149011612,0.03426459672078894,0,0.569541335105896,0.9401999999981197,0.9973999999980052,0.09620261937379836,0.0002303671499248594,0.0002311757125426084,1.4853139873594048e-07,0.5818058252334595,0.10000000149011612,0.00023014037462491105,0,0.7155148386955261,0.9999777777775556,0.9999999999997778,7.2176658250100445e-06
"vgg11_bn-reg:4,lamb:1.0",0.0005,4,1.0,0,42297269_10,True,cifar10_vgg11_bn,0.944288432598114,0.2923775911331177,0.052566707134246826,0.5071907043457031,1.0,0.043261953794186854,0,0.5389416217803955,0.928999999998142,0.9971999999980056,0.14075720310211182,0.0003728311858139932,0.0003826424654107541,1.3295968528836966e-05,0.5452461838722229,1.0,0.0003726367491146686,0,0.8082342743873596,0.9998888888886668,0.9999999999997778,2.660629070305731e-05
"vgg16_bn-reg:3,lamb:2.0",0.0005,3,2.0,0,42297269_5,True,cifar10_vgg16_bn,0.4843167960643768,0.36405685544013977,0.257318913936615,0.20294585824012756,2.0,0.03847085179700155,0,0.2681140899658203,0.9047999999981904,0.9947999999980104,0.27370643615722656,0.015872910618782043,0.01589139550924301,0.006748110055923462,0.27204182744026184,2.0,0.015864912136508934,0,0.379169225692749,0.9514222222220108,0.9997333333331112,0.004515380598604679
"vgg16_bn-reg:4,lamb:0.001",0.0005,4,0.001,0,42297269_6,True,cifar10_vgg16_bn,0.9835023283958436,0.013419745489954948,2.6402994990348816e-07,0.5418669581413269,0.0010000000474974513,0.03298364447643239,0,0.5831466913223267,0.9415999999981168,0.9967999999980064,0.0953058823943138,0.0002567637711763382,0.00014373268641065806,2.5676382620076765e-07,0.5992662906646729,0.0010000000474974513,0.00025686049948374243,0,0.7135953307151794,0.999799999999778,0.9999999999997778,2.8762848160113208e-05
"vgg11_bn-reg:4,lamb:2.0",0.0005,4,2.0,0,42297269_11,True,cifar10_vgg11_bn,0.931922733783722,0.4000600576400757,0.17805349826812744,0.4973422288894654,2.0,0.04375107509690459,0,0.5309171676635742,0.9263999999981472,0.9967999999980064,0.14946502447128296,0.00034459546441212296,0.0003643973614089191,4.069239366799593e-05,0.5382411479949951,2.0,0.00034424903795625834,0,0.8017920255661011,0.999799999999778,0.9999999999997778,2.231042890343815e-05
"vgg16_bn-reg:4,lamb:0.01",0.0005,4,0.01,0,42297269_7,True,cifar10_vgg16_bn,0.9814264178276062,0.04089783877134323,4.7693029046058655e-06,0.5341814756393433,0.009999999776482582,0.03433952562656636,0,0.5759421586990356,0.936999999998126,0.996999999998006,0.10079748928546906,0.00028177513740956783,0.000268024014076218,-4.327148417360149e-08,0.5956860780715942,0.009999999776482582,0.0002819753632541653,0,0.7154054641723633,0.9997777777775556,0.9999999999997778,3.810374983004294e-05
"vgg11_bn-reg:5,lamb:0.001",0.0005,5,0.001,0,42297269_12,True,cifar10_vgg11_bn,0.5601666569709778,0.021516207605600357,3.598397597670555e-07,0.26655206084251404,0.0010000000474974513,0.03576982475891357,0,0.315939724445343,0.9113999999981772,0.9965999999980067,0.2413545846939087,0.005628122016787529,0.001561727956868708,8.597512533015106e-07,0.3228563070297241,0.0010000000474974513,0.005627711832372921,0,0.8181107044219971,0.983444444444226,0.9998888888886668,0.0015359693206846714
"vgg13_bn-reg:4,lamb:0.5",0.0005,4,0.5,0,42297269_9,True,cifar10_vgg13_bn,0.974965512752533,0.1709299087524414,0.010753363370895386,0.5392963886260986,0.5,0.035157092643086967,0,0.5730718970298767,0.9405999999981188,0.9977999999980044,0.1008121892809868,0.00025500927586108446,0.00025982275838032365,1.6196281649172306e-06,0.5766649842262268,0.5,0.0002547864278168007,0,0.716910719871521,0.9999999999997778,0.9999999999997778,9.78427669906523e-06
"vgg19_bn-reg:3,lamb:0.001",0.0005,3,0.001,0,42297269_0,True,cifar10_vgg19_bn,1.164617896080017,0.03182249888777733,1.8172431737184525e-07,0.15388336777687073,0.0010000000474974513,0.18617899110545025,0,0.2593810558319092,0.6095999999987808,0.9771999999980456,0.5135124921798706,0.20516672730445865,0.013379785232245922,1.2674718163907528e-07,0.151566743850708,0.0010000000474974513,0.20519581452878152,0,0.1932944655418396,0.5934888888887571,0.971488888888673,0.09392722696065904
"vgg19_bn-reg:3,lamb:1.0",0.0005,3,1.0,0,42297269_4,True,cifar10_vgg19_bn,0.961239457130432,0.6756471991539001,0.18143188953399655,0.17757999897003174,1.0,0.13174757578342086,0,0.2286238670349121,0.6975999999986048,0.9861999999980277,0.485127717256546,0.13965630531311035,0.1373896449804306,0.021918535232543945,0.20681965351104736,1.0,0.13964402882266166,0,0.2642814517021179,0.6891777777776247,0.9849999999997812,0.05676163733005524
"vgg19_bn-reg:3,lamb:0.01",0.0005,3,0.01,0,42297269_1,True,cifar10_vgg19_bn,2.335692882537842,0.03363455459475517,3.3508986234664917e-06,0.04292707145214081,0.009999999776482582,0.904541939044723,0,0.04292707145214081,0.0951999999998096,0.4921999999990156,0.05628670006990433,0.8995081186294556,0.033895138651132584,2.886168658733368e-06,0.03764069080352783,0.009999999776482582,0.8995215496045234,0,0.03764069080352783,0.100533333333311,0.5008666666665554,0.05724937468767166
"vgg19_bn-reg:3,lamb:0.5",0.0005,3,0.5,0,42297269_3,True,cifar10_vgg19_bn,1.0132453441619873,0.5065979957580566,0.0447162389755249,0.23260098695755005,0.5,0.13568814874361546,0,0.3474869728088379,0.7091999999985816,0.980999999998038,0.4229574203491211,0.1403573602437973,0.12542231380939484,0.00647609680891037,0.21782679855823517,0.5,0.1403640303257686,0,0.2564900517463684,0.7045777777776212,0.9829111111108928,0.05968111753463745
"vgg19_bn-reg:3,lamb:0.1",0.0005,3,0.1,0,42297269_2,True,cifar10_vgg19_bn,2.307141065597534,0.032740816473960876,2.6971101760864254e-05,0.016276806592941284,0.10000000149011612,0.901889013793135,0,0.016276806592941284,0.0951999999998096,0.4885999999990228,0.005382970906794071,0.8997942209243774,0.032694533467292786,2.694129943847656e-05,0.010947175323963164,0.10000000149011612,0.8997955941507217,0,0.010947175323963164,0.100533333333311,0.5012666666665553,0.0053973812609910965
"vgg16_bn-reg:4,lamb:0.1",0.0005,4,0.1,0,42297269_8,True,cifar10_vgg16_bn,0.9792347550392152,0.097261443734169,0.00047989189624786377,0.5385099053382874,0.10000000149011612,0.03467880210967917,0,0.5765568017959595,0.9407999999981184,0.9971999999980056,0.0997077077627182,0.000270722433924675,0.0002715165028348565,3.693603503052145e-07,0.5957694053649902,0.10000000149011612,0.00027050074417267695,0,0.7114924192428589,0.9997111111108892,0.9999999999997778,2.3902772227302194e-05
"vgg19_bn-reg:3,lamb:2.0",0.0005,3,2.0,0,42297269_5,True,cifar10_vgg19_bn,0.5646878480911255,0.4671930968761444,0.34888291358947754,0.19467686116695404,2.0,0.05456946321828592,0,0.24066025018692017,0.8705999999982588,0.993999999998012,0.362666517496109,0.031179305166006088,0.031196456402540207,0.015051595866680144,0.27108854055404663,2.0,0.031188306534499423,0,0.3699673414230346,0.9135555555553526,0.9987111111108892,0.010822396725416183
"vgg13_bn-reg:4,lamb:1.0",0.0005,4,1.0,0,42297269_10,True,cifar10_vgg13_bn,0.9602964520454408,0.20720045268535617,0.037556469440460205,0.5326869487762451,1.0,0.03446622805809237,0,0.5559449195861816,0.9401999999981197,0.9973999999980052,0.10255378484725952,0.0002524422307033092,0.0002622594474814832,5.440582754090428e-06,0.5710225105285645,1.0,0.0002523793077579422,0,0.7155761122703552,0.9999333333331112,0.9999999999997778,1.1172020094818436e-05
"vgg19_bn-reg:4,lamb:0.001",0.0005,4,0.001,0,42297269_6,True,cifar10_vgg19_bn,0.9440866112709044,0.014668515883386137,-5.093170329928398e-08,0.518653392791748,0.0010000000474974513,0.03384340059182649,0,0.568435549736023,0.9401999999981197,0.995999999998008,0.11402621865272522,0.0003134139406029135,0.00018301991804037243,3.134139774374489e-07,0.5813144445419312,0.0010000000474974513,0.0003135096131904536,0,0.7100557088851929,0.9994666666664448,0.9999999999997778,3.3168216759804636e-05
"vgg13_bn-reg:4,lamb:2.0",0.0005,4,2.0,0,42297269_11,True,cifar10_vgg13_bn,0.9540277123451232,0.29531195759773254,0.12381041049957275,0.5318117737770081,2.0,0.03552889216777456,0,0.5573664903640747,0.9425999999981148,0.9975999999980047,0.10747631639242172,0.0003091720282100141,0.00032897383789531887,2.992700319737196e-05,0.5670615434646606,2.0,0.0003091305297578622,0,0.8133093118667603,0.9998666666664444,0.9999999999997778,1.579487434355542e-05
"vgg11_bn-reg:5,lamb:0.01",0.0005,5,0.01,0,42297269_13,True,cifar10_vgg11_bn,0.5620143413543701,0.06407102942466736,1.253793016076088e-05,0.2704290449619293,0.009999999776482582,0.03560210129328656,0,0.33160877227783203,0.9121999999981756,0.996999999998006,0.2369510233402252,0.005318766459822655,0.0036284455563873057,7.355811248999089e-07,0.3249131739139557,0.009999999776482582,0.005318586551546691,0,0.4864872992038727,0.9839777777775592,0.9999333333331112,0.0012174001894891262
"vgg19_bn-reg:4,lamb:0.01",0.0005,4,0.01,0,42297269_7,True,cifar10_vgg19_bn,0.9611735939979552,0.04302462935447693,6.327405571937561e-06,0.521397590637207,0.009999999776482582,0.03371486792517776,0,0.5755714178085327,0.9363999999981272,0.9957999999980084,0.1122516542673111,0.00029428303241729736,0.00027737338677980006,8.180768418242226e-08,0.5876094102859497,0.009999999776482582,0.00029420169608528225,0,0.7114894390106201,0.9996666666664444,0.9999999999997778,3.582870704121888e-05
"vgg13_bn-reg:5,lamb:0.001",0.0005,5,0.001,0,42297269_12,True,cifar10_vgg13_bn,0.6027774214744568,0.018405349925160408,5.51808625459671e-08,0.32989925146102905,0.0010000000474974513,0.02903244219200064,0,0.38681310415267944,0.9307999999981384,0.9971999999980056,0.17849279940128326,0.0034502968192100525,0.0010816790163516998,5.892741228308296e-07,0.3757559061050415,0.0010000000474974513,0.00345025267081829,0,0.8109469413757324,0.9892222222220024,0.9999999999997778,0.000724941142834723
"vgg16_bn-reg:4,lamb:0.5",0.0005,4,0.5,0,42297269_9,True,cifar10_vgg16_bn,0.9665160775184632,0.1443469524383545,0.010274678468704224,0.5353509187698364,0.5,0.033410023881181264,0,0.5745857954025269,0.9423999999981152,0.9971999999980056,0.09966198354959488,0.0002467217273078859,0.0002515072119422257,1.2905511539429426e-06,0.5921742916107178,0.5,0.0002465873640036035,0,0.7117047309875488,0.999822222222,0.9999999999997778,1.0793193723657168e-05
"vgg19_bn-reg:4,lamb:0.1",0.0005,4,0.1,0,42297269_8,True,cifar10_vgg19_bn,0.9463787078857422,0.10179927945137024,0.0005350187420845032,0.518274188041687,0.10000000149011612,0.03331575215059681,0,0.5591907501220703,0.9383999999981232,0.9965999999980067,0.1115911230444908,0.00035179127007722855,0.00035257491981610656,8.46852344693616e-07,0.5824791193008423,0.10000000149011612,0.0003513558426004269,0,0.7120175361633301,0.9993555555553336,0.9999999999997778,4.359230661066249e-05
"repvgg_a0-reg:3,lamb:0.001",0.0005,3,0.001,0,42297269_0,True,cifar10_repvgg_a0,0.4445302188396454,0.02678709104657173,1.179578248411417e-07,0.12145326286554337,0.0010000000474974513,0.04918197316452454,0,0.20917779207229617,0.8807999999982384,0.995999999998008,0.3727687299251557,0.03382737934589386,0.004564389586448669,4.487847036216408e-07,0.1797701120376587,0.0010000000474974513,0.03381714150540748,0,0.28875142335891724,0.9083555555553536,0.998888888888667,0.011330433189868929
"repvgg_a0-reg:3,lamb:0.01",0.0005,3,0.01,0,42297269_1,True,cifar10_repvgg_a0,0.441592812538147,0.07884374260902405,1.758243888616562e-05,0.12847012281417847,0.009999999776482582,0.04651013778059749,0,0.197750985622406,0.883999999998232,0.9971999999980056,0.3530360162258148,0.031125303357839584,0.012182696722447872,1.308857463300228e-06,0.18538831174373627,0.009999999776482582,0.031108730830685934,0,0.2985321283340454,0.9128444444442416,0.9989555555553336,0.009835554286837578
"repvgg_a0-reg:3,lamb:0.1",0.0005,3,0.1,0,42297269_2,True,cifar10_repvgg_a0,0.427813857793808,0.2095509022474289,0.0016599074006080627,0.12535959482192993,0.10000000149011612,0.04544219418950696,0,0.2091813683509827,0.8881999999982236,0.9963999999980072,0.3499724864959717,0.02760349214076996,0.02497381530702114,4.142383113503456e-05,0.18575146794319153,0.10000000149011612,0.027598156962584296,0,0.3027128577232361,0.9225555555553506,0.9992444444442224,0.00833112746477127
"repvgg_a0-reg:3,lamb:1.0",0.0005,3,1.0,0,42297269_4,True,cifar10_repvgg_a0,0.3799475431442261,0.31537801027297974,0.08824145793914795,0.13738301396369934,1.0,0.0353608208531661,0,0.22273343801498413,0.90999999999818,0.9977999999980044,0.2703808546066284,0.014192400500178335,0.01420091837644577,0.0013301949948072431,0.2043282985687256,1.0,0.014190339990508574,0,0.33941012620925903,0.9555333333331212,0.9999999999997778,0.002951225033029914
"repvgg_a0-reg:3,lamb:0.5",0.0005,3,0.5,0,42297269_3,True,cifar10_repvgg_a0,0.398571640253067,0.30507132411003113,0.02992089092731476,0.13253511488437653,0.5,0.0386033423983259,0,0.1984844207763672,0.901999999998196,0.9977999999980044,0.3029884099960327,0.020115163177251816,0.02011830359697342,0.0005866419523954391,0.19319647550582889,0.5,0.02011217990648873,0,0.3172093629837036,0.9402444444442356,0.9997555555553336,0.005023838486522436
"vgg16_bn-reg:4,lamb:1.0",0.0005,4,1.0,0,42297269_10,True,cifar10_vgg16_bn,0.953526258468628,0.18010923266410828,0.0372316837310791,0.5245215892791748,1.0,0.03445893310150132,0,0.5468900799751282,0.938999999998122,0.9955999999980089,0.10698199272155762,0.00026210444048047066,0.00027189101092517376,7.473398000001907e-06,0.5843147039413452,1.0,0.00026199050156864125,0,0.7120625972747803,0.999799999999778,0.9999999999997778,1.3919285265728831e-05
"vgg16_bn-reg:4,lamb:2.0",0.0005,4,2.0,0,42297269_11,True,cifar10_vgg16_bn,0.9325026869773864,0.2243518829345703,0.1115974187850952,0.5173720121383667,2.0,0.03330438358906642,0,0.5362353324890137,0.9403999999981192,0.995999999998008,0.10750439018011092,0.00028297636890783906,0.00030276741017587483,3.284879494458437e-05,0.5751984715461731,2.0,0.00028469021949201033,0,0.7092183828353882,0.9997555555553336,0.9999999999997778,1.805920510378201e-05
"vgg13_bn-reg:5,lamb:0.01",0.0005,5,0.01,0,42297269_13,True,cifar10_vgg13_bn,0.5981218814849854,0.05354660749435425,8.357223123311996e-06,0.3346841633319855,0.009999999776482582,0.02697694244377023,0,0.3955555558204651,0.9357999999981284,0.997999999998004,0.17041806876659393,0.0034833489917218685,0.00270266504958272,5.012152541894466e-07,0.37445068359375,0.009999999776482582,0.003481633606961411,0,0.5395545959472656,0.9899111111108913,0.9999777777775556,0.0007533704629167914
"repvgg_a0-reg:3,lamb:2.0",0.0005,3,2.0,0,42297269_5,True,cifar10_repvgg_a0,0.3621298372745514,0.3243386745452881,0.24703246355056763,0.13236840069293976,2.0,0.03259159939596664,0,0.20365458726882937,0.9151999999981696,0.996999999998006,0.2658981382846832,0.008491943590342999,0.008510896936058998,0.002381226047873497,0.2177431583404541,2.0,0.008492912724925332,0,0.36106038093566895,0.9724888888886728,0.9999999999997778,0.001386480638757348
"repvgg_a0-reg:4,lamb:0.001",0.0005,4,0.001,0,42297269_6,True,cifar10_repvgg_a0,1.117261290550232,0.013957032933831217,-4.450557753443718e-07,0.5849536657333374,0.0010000000474974513,0.03166246757190799,0,0.6432823538780212,0.9415999999981168,0.997999999998004,0.10150989890098572,0.0001127357463701628,0.00010065202513942496,1.1273576205894645e-07,0.6722697615623474,0.0010000000474974513,0.0001125956284914706,0,0.7144386768341064,0.9997333333331112,0.9999999999997778,1.3074857633910142e-05
"repvgg_a0-reg:4,lamb:0.01",0.0005,4,0.01,0,42297269_7,True,cifar10_repvgg_a0,1.1247014999389648,0.04136247560381889,6.056390702724457e-06,0.5868052840232849,0.009999999776482582,0.03180227892745871,0,0.6411023139953613,0.9407999999981184,0.9983999999980032,0.09818153083324432,6.871396908536553e-05,6.878220301587135e-05,6.871397317809169e-07,0.6728183031082153,0.009999999776482582,6.865320563385792e-05,0,0.7144331932067871,0.9998666666664444,0.9999999999997778,1.0062355613627004e-05
"vgg16_bn-reg:5,lamb:0.001",0.0005,5,0.001,0,42297269_12,True,cifar10_vgg16_bn,0.6242555379867554,0.018193110823631287,5.526235327124596e-07,0.3369905352592468,0.0010000000474974513,0.030653207826933995,0,0.3613678216934204,0.926999999998146,0.996999999998006,0.1759772002696991,0.005371010396629572,0.0016030432889238,6.026384653523564e-07,0.4003342092037201,0.0010000000474974513,0.005372478248344128,0,0.5311648845672607,0.9835999999997816,0.9999111111108888,0.0015619471669197085
"vgg19_bn-reg:4,lamb:0.5",0.0005,4,0.5,0,42297269_9,True,cifar10_vgg19_bn,0.9289931654930116,0.16747967898845673,0.012356728315353394,0.5075621604919434,0.5,0.03382648442111867,0,0.5401601791381836,0.9371999999981256,0.9955999999980089,0.12132682651281355,0.00033808170701377094,0.00034287231392227113,5.962545401416719e-06,0.5732077360153198,0.5,0.00033793175884596537,0,0.7129155397415161,0.9995111111108892,0.9999999999997778,4.3371743231546134e-05
"repvgg_a0-reg:4,lamb:0.1",0.0005,4,0.1,0,42297269_8,True,cifar10_repvgg_a0,1.1047873497009275,0.11482132226228714,0.0004609525203704834,0.5808728337287903,0.10000000149011612,0.02960121830376607,0,0.640508770942688,0.9405999999981188,0.9975999999980047,0.09460572153329848,8.637931023258716e-05,8.734702714718878e-05,5.4862539400346584e-08,0.6706055998802185,0.10000000149011612,8.638066822971322e-05,0,0.7149038910865784,0.9997777777775556,0.9999999999997778,1.062713454302866e-05
"vgg16_bn-reg:5,lamb:0.01",0.0005,5,0.01,0,42297269_13,True,cifar10_vgg16_bn,0.626225471496582,0.054939303547143936,9.011942893266678e-06,0.33305230736732483,0.009999999776482582,0.03138269654768663,0,0.3460068702697754,0.9255999999981488,0.9963999999980072,0.1849201023578644,0.005067642778158188,0.0038345709908753633,1.3168755685910585e-07,0.4014969170093536,0.009999999776482582,0.005067832656717111,0,0.5147830247879028,0.983955555555337,0.9999333333331112,0.0014256895519793034
"vgg19_bn-reg:4,lamb:2.0",0.0005,4,2.0,0,42297269_11,True,cifar10_vgg19_bn,0.8976296782493591,0.231830433011055,0.12502896785736084,0.48928314447402954,2.0,0.033187045559457354,0,0.5223262310028076,0.9335999999981328,0.9957999999980084,0.12514570355415344,0.0003371568163856864,0.000356945616658777,6.77767675369978e-05,0.5593714118003845,2.0,0.0003368234229143901,0,0.7072967886924744,0.9995111111108892,0.9999999999997778,4.070742579642683e-05
"vgg19_bn-reg:4,lamb:1.0",0.0005,4,1.0,0,42297269_10,True,cifar10_vgg19_bn,0.9198864102363586,0.1970585584640503,0.039889633655548096,0.502997636795044,1.0,0.03237954115738754,0,0.5234638452529907,0.9353999999981292,0.9971999999980056,0.11645220965147018,0.0003471827949397266,0.00035696462146006525,2.484087599441409e-05,0.5701401233673096,1.0,0.0003468758702525182,0,0.7078682780265808,0.999399999999778,0.9999999999997778,5.624978803098202e-05
"vgg11_bn-reg:5,lamb:0.1",0.0005,5,0.1,0,42297269_14,True,cifar10_vgg11_bn,0.5723059177398682,0.16990076005458832,0.001151684671640396,0.27602094411849976,0.10000000149011612,0.03640052860645355,0,0.33383703231811523,0.9127999999981744,0.9965999999980067,0.24125273525714871,0.004792650230228901,0.004793043248355389,6.242597009986639e-06,0.3318486511707306,0.10000000149011612,0.004791943515532115,0,0.6088612675666809,0.9859333333331144,0.9999777777775556,0.0011295347940176723
"vgg11_bn-reg:5,lamb:0.5",0.0005,5,0.5,0,42297269_15,True,cifar10_vgg11_bn,0.6014623045921326,0.2686053216457367,0.023201435804367065,0.3013704717159271,0.5,0.037306479625377094,0,0.3577638864517212,0.9153999999981692,0.9953999999980092,0.2300495803356171,0.003293949645012617,0.0032984628342092037,6.959750317037106e-05,0.3506013751029968,0.5,0.0032903758753523413,0,0.5165154933929443,0.98979999999978,0.9999777777775556,0.0005832468159496784
"vgg11_bn-reg:5,lamb:2.0",0.0005,5,2.0,0,42297269_17,True,cifar10_vgg11_bn,0.6386232376098633,0.3970338106155395,0.2273540496826172,0.3244381844997406,2.0,0.03687648855168567,0,0.3859978914260864,0.9151999999981696,0.9955999999980089,0.21953314542770383,0.0018099626759067176,0.0018296019406989217,0.0004298847634345293,0.3790152668952942,2.0,0.0018107083809276688,0,0.8169305324554443,0.994999999999779,0.9999999999997778,0.00024704242241568863
"vgg11_bn-reg:5,lamb:1.0",0.0005,5,1.0,0,42297269_16,True,cifar10_vgg11_bn,0.6229071021080017,0.32410454750061035,0.07468312978744507,0.3146882951259613,1.0,0.035914762672705956,0,0.389123022556305,0.9145999999981708,0.9965999999980067,0.21797949075698853,0.002372157061472535,0.0023817557375878096,0.00017393776215612888,0.364552766084671,1.0,0.0023713734714602076,0,0.5472931861877441,0.9932222222220016,0.9999999999997778,0.0003800598788075149
vgg11_bn-baseline,0.0005,0,0.0,0,42297321,True,cifar10_vgg11_bn,0.9785869121551514,0.0004229369515087455,0.0,0.5155307650566101,0.0,0.046511499746729926,0,0.552238404750824,0.9241999999981516,0.9961999999980076,0.14073064923286438,0.0003063561161980033,2.6432639970153105e-06,0.0,0.5602242350578308,0.0,0.0003061124373399493,0,0.8260577321052551,0.9998888888886668,0.9999999999997778,2.1032543372712095e-05
"vgg19_bn-reg:5,lamb:0.001",0.0005,5,0.001,0,42297269_12,True,cifar10_vgg19_bn,0.5887829065322876,0.020176326856017113,3.658933565020561e-07,0.2972507178783417,0.0010000000474974513,0.03452646060051746,0,0.32755154371261597,0.9185999999981628,0.9957999999980084,0.21530380845069885,0.007525062654167414,0.0019918386824429035,8.493429959344212e-07,0.3690768778324127,0.0010000000474974513,0.0075249661864480065,0,0.4873236417770386,0.9769555555553384,0.999799999999778,0.002385262167081237
"repvgg_a1-reg:3,lamb:0.01",0.0005,3,0.01,0,42297269_1,True,cifar10_repvgg_a1,0.4077554643154144,0.07409346103668213,1.5855301171541214e-05,0.1316508650779724,0.009999999776482582,0.04063547670672088,0,0.20497983694076535,0.8983999999982032,0.9961999999980076,0.31407392024993896,0.023634660989046097,0.010194897651672363,7.890630513429642e-07,0.19155213236808777,0.009999999776482582,0.023631098599481433,0,0.3134487271308899,0.933444444444237,0.9992888888886668,0.007291954476386309
"repvgg_a1-reg:3,lamb:0.001",0.0005,3,0.001,0,42297269_0,True,cifar10_repvgg_a1,0.4009537994861603,0.02458103932440281,4.106550477445126e-07,0.12971246242523193,0.0010000000474974513,0.04110679009736605,0,0.24712690711021423,0.9003999999981992,0.9963999999980072,0.3146574795246124,0.025552570819854736,0.003805306740105152,7.570379239041358e-07,0.18227989971637729,0.0010000000474974513,0.025548223335833956,0,0.3124504089355469,0.9286666666664604,0.999088888888667,0.008004743605852127
"repvgg_a1-reg:3,lamb:0.1",0.0005,3,0.1,0,42297269_2,True,cifar10_repvgg_a1,0.4094673097133637,0.19983676075935364,0.0015475787222385406,0.12858834862709043,0.10000000149011612,0.041591769715464286,0,0.49789613485336304,0.8967999999982064,0.9971999999980056,0.32627758383750916,0.021934499964118004,0.020528020337224007,3.051687963306904e-05,0.19067944586277008,0.10000000149011612,0.02193051530981967,0,0.3191335201263428,0.9363555555553476,0.999599999999778,0.0061678760685026646
"repvgg_a1-reg:3,lamb:1.0",0.0005,3,1.0,0,42297269_4,True,cifar10_repvgg_a1,0.37064099311828613,0.3024989366531372,0.08436036109924316,0.1389838457107544,1.0,0.031962950325422006,0,0.2126203775405884,0.9153999999981692,0.9987999999980024,0.2611025273799896,0.011341137811541556,0.011349868029356005,0.0010166596621274948,0.20962628722190857,1.0,0.01134337357509014,0,0.35355979204177856,0.9647111111108968,0.9999555555553334,0.002258261200040579
"repvgg_a1-reg:3,lamb:0.5",0.0005,3,0.5,0,42297269_3,True,cifar10_repvgg_a1,0.3793488144874573,0.2848530411720276,0.02769377827644348,0.13276714086532593,0.5,0.0350773175071627,0,0.20486479997634888,0.908999999998182,0.997999999998004,0.28167539834976196,0.015606789849698544,0.015610245056450369,0.0004057432524859905,0.2000935971736908,0.5,0.015607219728262432,0,0.3354661464691162,0.9518888888886774,0.9999555555553334,0.0034316619858145714
"repvgg_a0-reg:4,lamb:0.5",0.0005,4,0.5,0,42297269_9,True,cifar10_repvgg_a0,1.0558881759643557,0.2546887993812561,0.012319087982177734,0.5651610493659973,0.5,0.02995397270090746,0,0.6383382081985474,0.94499999999811,0.9971999999980056,0.11338067054748537,7.369550439761952e-05,7.866157102398574e-05,1.5618024917785078e-06,0.6605147123336792,0.5,7.36980624721103e-05,0,0.713516116142273,0.9998888888886668,0.9999999999997778,7.757543244224507e-06
"vgg19_bn-reg:5,lamb:0.01",0.0005,5,0.01,0,42297269_13,True,cifar10_vgg19_bn,0.5941116809844971,0.05851020663976669,1.0215677320957184e-05,0.30721205472946167,0.009999999776482582,0.03373167354789604,0,0.33564162254333496,0.9217999999981564,0.9953999999980092,0.20818598568439484,0.006823808886110783,0.004895591177046299,5.27215888723731e-07,0.3775242865085602,0.009999999776482582,0.006820699511189877,0,0.4976625144481659,0.9794888888886712,0.9997777777775556,0.002306173555552959
"repvgg_a1-reg:4,lamb:0.001",0.0005,4,0.001,0,42297269_6,True,cifar10_repvgg_a1,1.168114423751831,0.012488340027630327,-1.3655517250299456e-07,0.608879566192627,0.0010000000474974513,0.030566970709328987,0,0.6688411235809326,0.943999999998112,0.9973999999980052,0.08161652833223343,7.532612653449178e-05,6.845891039120033e-05,7.532612755767333e-08,0.6893866062164307,0.0010000000474974513,7.526410387136822e-05,0,0.7167164087295532,0.9998666666664444,0.9999999999997778,9.683531970949844e-06
"repvgg_a1-reg:3,lamb:2.0",0.0005,3,2.0,0,42297269_5,True,cifar10_repvgg_a1,0.34904778003692627,0.31151607632637024,0.22895073890686035,0.13946110010147095,2.0,0.028873106636571576,0,0.23904824256896973,0.92499999999815,0.9977999999980044,0.2453000247478485,0.006991546135395765,0.0070106214843690395,0.0018866872414946556,0.21848399937152865,2.0,0.006991553520756946,0,0.38698482513427734,0.9783777777775604,0.9999999999997778,0.0010978375794366002
"repvgg_a0-reg:4,lamb:2.0",0.0005,4,2.0,0,42297269_11,True,cifar10_repvgg_a0,0.9623646140098572,0.46565380692481995,0.16163814067840576,0.5241267085075378,2.0,0.030655050588345337,0,0.6050618886947632,0.9413999999981172,0.9977999999980044,0.12776651978492737,7.725266186753288e-05,9.72146008280106e-05,7.639479008503258e-06,0.6232314109802246,2.0,7.715664264552155e-05,0,0.7134819030761719,0.9999555555553334,0.9999999999997778,3.9307851693592966e-06
"vgg13_bn-reg:5,lamb:1.0",0.0005,5,1.0,0,42297269_16,True,cifar10_vgg13_bn,0.6599080562591553,0.26157647371292114,0.05265212059020996,0.3768758475780487,1.0,0.027126368121650667,0,0.41608405113220215,0.938999999998122,0.9981999999980036,0.15347932279109955,0.001607436686754227,0.0016171073075383902,0.00010921433568000792,0.41536787152290344,1.0,0.0016066616185440009,0,0.6011887788772583,0.995622222222001,0.9999999999997778,0.00023634961689822376
"vgg13_bn-reg:5,lamb:0.5",0.0005,5,0.5,0,42297269_15,True,cifar10_vgg13_bn,0.6481179594993591,0.21406638622283936,0.016749829053878784,0.36094754934310913,0.5,0.02858218512000055,0,0.4054401516914368,0.932999999998134,0.9977999999980044,0.16522514820098877,0.002084690146148205,0.0020893262699246407,4.384806379675865e-05,0.40359804034233093,0.5,0.002082568768820062,0,0.5887972116470337,0.9939999999997792,0.9999999999997778,0.00036390460445545614
"vgg13_bn-reg:5,lamb:0.1",0.0005,5,0.1,0,42297269_14,True,cifar10_vgg13_bn,0.6007590889930725,0.1364634782075882,0.0008269846439361572,0.3368712067604065,0.10000000149011612,0.027828360614422485,0,0.38421690464019775,0.9361999999981276,0.9973999999980052,0.1733454018831253,0.0032424512319266796,0.0032429909333586693,3.810564521700144e-06,0.37727048993110657,0.10000000149011612,0.003240355155187092,0,0.5455472469329834,0.9903555555553356,0.9999777777775556,0.0006882415618747473
"vgg13_bn-reg:5,lamb:2.0",0.0005,5,2.0,0,42297269_17,True,cifar10_vgg13_bn,0.6922105550765991,0.3460219204425812,0.16533446311950684,0.38754674792289734,2.0,0.02899235676455763,0,0.4280559122562408,0.9331999999981336,0.9983999999980032,0.15732359886169434,0.0012002765433862803,0.0012200004421174526,0.0003005622420459986,0.4335441589355469,2.0,0.0012006334061363082,0,0.8172945380210876,0.9971777777775562,0.9999999999997778,0.00017793846200220287
vgg13_bn-baseline,0.0005,0,0.0,0,42297321,True,cifar10_vgg13_bn,0.9849705100059508,0.0002685706422198564,0.0,0.546423077583313,0.0,0.0354384135277701,0,0.5714508295059204,0.9433999999981132,0.9965999999980067,0.0995473712682724,0.00024703622329980135,3.468120212346548e-06,0.0,0.5820017457008362,0.0,0.0002468321455691118,0,0.8194722533226013,0.9999777777775556,0.9999999999997778,1.1208583600819113e-05
"repvgg_a0-reg:4,lamb:1.0",0.0005,4,1.0,0,42297269_10,True,cifar10_repvgg_a0,1.0002886056900024,0.34373119473457336,0.04627382755279541,0.5384679436683655,1.0,0.029969427905893214,0,0.6174889802932739,0.9401999999981197,0.9987999999980024,0.12030944228172302,7.197709055617452e-05,8.194847760023549e-05,3.3125397749245167e-06,0.6369479298591614,1.0,7.215559324930423e-05,0,0.7130146026611328,0.999822222222,0.9999999999997778,6.007592673995532e-06
"repvgg_a1-reg:4,lamb:0.01",0.0005,4,0.01,0,42297269_7,True,cifar10_repvgg_a1,1.1565734148025513,0.03640114888548851,4.340894520282745e-06,0.6094664931297302,0.009999999776482582,0.02824773582148795,0,0.8057835102081299,0.946999999998106,0.9977999999980044,0.07746091485023499,5.1862982218153775e-05,5.192446769797243e-05,5.186298039916437e-07,0.6883576512336731,0.009999999776482582,5.1798521347698215e-05,0,0.7158172726631165,0.9999111111108888,0.9999999999997778,6.960601240280084e-06
"repvgg_a0-reg:5,lamb:0.001",0.0005,5,0.001,0,42297269_12,True,cifar10_repvgg_a0,0.4935859739780426,0.020273476839065552,5.363835953176022e-07,0.2549276053905487,0.0010000000474974513,0.026755215586755338,0,0.36747312545776367,0.9331999999981336,0.9985999999980028,0.2166806608438492,0.0023646997287869453,0.0007653055363334715,4.5735123421764e-07,0.3724674880504608,0.0010000000474974513,0.0023662050860840987,0,0.5636970400810242,0.992555555555335,0.9999999999997778,0.0003593503497540951
"repvgg_a1-reg:4,lamb:0.1",0.0005,4,0.1,0,42297269_8,True,cifar10_repvgg_a1,1.1576350927352903,0.1017679199576378,0.0004003867506980896,0.6103371381759644,0.10000000149011612,0.030506516418999003,0,0.6510272026062012,0.9475999999981048,0.9975999999980047,0.08247790485620499,5.922230411670171e-05,6.018534259055741e-05,2.0018433133373037e-07,0.6883024573326111,0.10000000149011612,5.914869375367471e-05,0,0.8094092607498169,0.9998888888886668,0.9999999999997778,5.07066124555422e-06
"repvgg_a0-reg:5,lamb:0.01",0.0005,5,0.01,0,42297269_13,True,cifar10_repvgg_a0,0.4834154546260834,0.06123020127415657,1.1424068361520767e-05,0.24525800347328183,0.009999999776482582,0.027552995816997806,0,0.35754305124282837,0.9315999999981368,0.9981999999980036,0.22252331674098969,0.0026036910712718964,0.0020438279025256634,2.877040969906375e-07,0.3623179793357849,0.009999999776482582,0.002603220965218752,0,0.5597469806671143,0.9923111111108908,0.9999777777775556,0.00043412542436271906
"vgg16_bn-reg:5,lamb:1.0",0.0005,5,1.0,0,42297269_16,True,cifar10_vgg16_bn,0.6857665777206421,0.1902502328157425,0.05177152156829834,0.37526193261146545,1.0,0.030377860678072095,0,0.41072750091552734,0.9293999999981412,0.9965999999980067,0.16405750811100006,0.002277670195326209,0.002287290757521987,0.00021296530030667785,0.4449615478515625,1.0,0.0022777797949306844,0,0.8044881224632263,0.992844444444224,0.9999999999997778,0.0004701879224739969
"vgg16_bn-reg:5,lamb:0.5",0.0005,5,0.5,0,42297269_15,True,cifar10_vgg16_bn,0.6943842172622681,0.1633812040090561,0.01594763994216919,0.3819860517978668,0.5,0.030959240052270593,0,0.4098887443542481,0.9315999999981368,0.995999999998008,0.16435982286930084,0.002768233185634017,0.002772829495370388,6.80460361763835e-05,0.4438035488128662,0.5,0.002769387922778969,0,0.5860013961791992,0.9907555555553356,0.9999999999997778,0.0005675478605553508
"vgg16_bn-reg:5,lamb:0.1",0.0005,5,0.1,0,42297269_14,True,cifar10_vgg16_bn,0.6464636325836182,0.12456680834293364,0.0008665323257446289,0.350007027387619,0.10000000149011612,0.03260223463410214,0,0.3845285177230835,0.9281999999981436,0.9951999999980096,0.18324759602546692,0.004545297008007765,0.004545763600617647,6.302783731371164e-06,0.41325533390045166,0.10000000149011612,0.004543633861255382,0,0.5496870279312134,0.985599999999781,0.9999111111108888,0.0012385612353682518
"vgg16_bn-reg:5,lamb:2.0",0.0005,5,2.0,0,42297269_17,True,cifar10_vgg16_bn,0.7146087884902954,0.2368872761726379,0.14382147789001465,0.39592599868774414,2.0,0.02985567323302045,0,0.8117418885231018,0.932999999998134,0.9967999999980064,0.15629270672798157,0.001557167386636138,0.001576854265294969,0.0004669348709285259,0.4614614248275757,2.0,0.0015561651074702085,0,0.6441231966018677,0.9949333333331124,0.9999999999997778,0.0002750492421910167
vgg16_bn-baseline,0.0005,0,0.0,0,42297321,True,cifar10_vgg16_bn,0.9920835494995116,0.00042190717067569494,0.0,0.5364102125167847,0.0,0.03575242057517689,0,0.5695202350616455,0.9347999999981303,0.9965999999980067,0.1012648195028305,0.00021428841864690185,3.5355437830730807e-06,0.0,0.6004588603973389,0.0,0.00021450989739182577,0,0.7134320735931396,0.9998666666664444,0.9999999999997778,8.672328476677649e-06
"repvgg_a1-reg:4,lamb:0.5",0.0005,4,0.5,0,42297269_9,True,cifar10_repvgg_a1,1.1396654844284058,0.21033604443073273,0.008722245693206787,0.6004500985145569,0.5,0.028290225271891616,0,0.6389041543006897,0.9441999999981115,0.9981999999980036,0.07946112751960754,5.6446049711667e-05,6.140799087006599e-05,5.664696800522506e-07,0.6835120320320129,0.5,5.6375893685816e-05,0,0.7158550024032593,0.9999333333331112,0.9999999999997778,3.095342890446773e-06
"repvgg_a2-reg:3,lamb:0.01",0.0005,3,0.01,0,42297269_1,True,cifar10_repvgg_a2,0.3949983417987823,0.07356618344783783,1.607649028301239e-05,0.12862485647201538,0.009999999776482582,0.039286916962739074,0,0.22125595808029175,0.9021999999981956,0.996999999998006,0.312094122171402,0.022033505141735077,0.009601736441254616,9.89966792985797e-07,0.19203521311283112,0.009999999776482582,0.02204213642114839,0,0.32856714725494385,0.9379111111109028,0.9994444444442224,0.0063483333215117455
"repvgg_a2-reg:3,lamb:0.1",0.0005,3,0.1,0,42297269_2,True,cifar10_repvgg_a2,0.3763510286808014,0.18447010219097135,0.0013744942843914032,0.13025382161140442,0.10000000149011612,0.03507019866367041,0,0.23640280961990356,0.90999999999818,0.9975999999980047,0.2907666265964508,0.017215389758348465,0.01654827408492565,2.2091204300522804e-05,0.19511617720127103,0.10000000149011612,0.01722307706852374,0,0.33187437057495117,0.9490666666664558,0.9997111111108892,0.004480480216443539
"repvgg_a2-reg:3,lamb:1.0",0.0005,3,1.0,0,42297269_4,True,cifar10_repvgg_a2,0.3513779938220978,0.28735414147377014,0.07777932286262512,0.1424698680639267,1.0,0.02913200239125627,0,0.23561841249465945,0.9251999999981496,0.9975999999980047,0.24191732704639435,0.008474370464682579,0.008483313955366611,0.0006723608821630478,0.21574252843856812,1.0,0.008476626581231845,0,0.47039955854415894,0.9735333333331172,0.9999777777775556,0.0014738313620910048
"repvgg_a2-reg:3,lamb:0.001",0.0005,3,0.001,0,42297269_0,True,cifar10_repvgg_a2,0.3883388638496399,0.024327930063009266,1.147127477452159e-06,0.12770088016986847,0.0010000000474974513,0.03852497905429179,0,0.22741055488586423,0.9045999999981909,0.9973999999980052,0.3087281286716461,0.022178081795573235,0.003417108440771699,2.4357359507121146e-07,0.1853540539741516,0.0010000000474974513,0.022185849760118136,0,0.34838563203811646,0.9365555555553476,0.999399999999778,0.006461054552346468
"repvgg_a2-reg:3,lamb:0.5",0.0005,3,0.5,0,42297269_3,True,cifar10_repvgg_a2,0.36123862862586975,0.26280540227890015,0.02496059238910675,0.14391177892684937,0.5,0.030853469654392143,0,0.23245269060134888,0.9225999999981548,0.9971999999980056,0.25818684697151184,0.01152975670993328,0.011533488519489763,0.00027934368699789047,0.2122133821249008,0.5,0.011533061465101172,0,0.3621852993965149,0.9641333333331192,0.9999333333331112,0.002365344436839223
"repvgg_a1-reg:4,lamb:2.0",0.0005,4,2.0,0,42297269_11,True,cifar10_repvgg_a1,1.0663628578186035,0.4203726649284363,0.12424707412719728,0.5762538313865662,2.0,0.028402485125466743,0,0.6334998607635498,0.946999999998106,0.9985999999980028,0.0942288339138031,5.3112467867322266e-05,7.307645864784718e-05,5.135458195582032e-06,0.6611449718475342,2.0,5.304645337701752e-05,0,0.8016022443771362,0.9999777777775556,0.9999999999997778,2.63495849139872e-06
"vgg19_bn-reg:5,lamb:1.0",0.0005,5,1.0,0,42297269_16,True,cifar10_vgg19_bn,0.6520277857780457,0.19375742971897125,0.054502665996551514,0.35256117582321167,1.0,0.03043747384441924,0,0.37951797246932983,0.9273999999981452,0.9965999999980067,0.17190061509609222,0.0027895185630768538,0.0027991023380309343,0.0002784940879791975,0.42149093747138977,1.0,0.002789273450788991,0,0.8072764277458191,0.99079999999978,0.9999999999997778,0.0006151917623355985
"vgg19_bn-reg:5,lamb:0.5",0.0005,5,0.5,0,42297269_15,True,cifar10_vgg19_bn,0.6164702773094177,0.189590185880661,0.018436402082443237,0.32749512791633606,0.5,0.031663503016345934,0,0.3576291799545288,0.9257999999981484,0.9961999999980076,0.19050414860248568,0.004229484125971794,0.004233934450894594,0.00012728478759527206,0.39766576886177063,0.5,0.004231146449215585,0,0.5274641513824463,0.9862888888886696,0.9999555555553334,0.001096217194572091
"vgg19_bn-reg:5,lamb:0.1",0.0005,5,0.1,0,42297269_14,True,cifar10_vgg19_bn,0.5864887237548828,0.141081303358078,0.0010211989283561709,0.3011082708835602,0.10000000149011612,0.034761245903873535,0,0.3337199091911316,0.9211999999981576,0.9957999999980084,0.21621215343475345,0.005843956954777241,0.005844311323016882,8.37643165141344e-06,0.3747621476650238,0.10000000149011612,0.005838872623411883,0,0.4998011887073517,0.9817555555553374,0.9998888888886668,0.0016922084614634514
vgg19_bn-baseline,0.0005,0,0.0,0,42297321,True,cifar10_vgg19_bn,0.9572124481201172,0.00034961552591994405,0.0,0.5205084085464478,0.0,0.03339650945930778,0,0.5716872215270996,0.936999999998126,0.996999999998006,0.11129816621541976,0.00034652667818591,3.748439439732465e-06,0.0,0.5858210325241089,0.0,0.0003461709811574245,0,0.7088127136230469,0.9993555555553336,0.9999999999997778,4.997439100407064e-05
"vgg19_bn-reg:5,lamb:2.0",0.0005,5,2.0,0,42297269_17,True,cifar10_vgg19_bn,0.6569081544876099,0.2645890414714813,0.16415047645568848,0.3534654974937439,2.0,0.031562452840670045,0,0.38049042224884033,0.9275999999981448,0.9955999999980089,0.1832151561975479,0.0018229708075523376,0.001842646743170917,0.000600859522819519,0.4254190027713776,2.0,0.0018212512285446995,0,0.5961958169937134,0.994288888888668,0.9999777777775556,0.0003624360542744398
"repvgg_a1-reg:4,lamb:1.0",0.0005,4,1.0,0,42297269_10,True,cifar10_repvgg_a1,1.1034563779830933,0.2999664545059204,0.035843729972839355,0.5893760919570923,1.0,0.030648853800767588,0,0.6384219527244568,0.946999999998106,0.9975999999980047,0.0930122286081314,5.621458331006579e-05,6.617450708290562e-05,1.855147274909541e-06,0.6746231913566589,1.0,5.614471342116025e-05,0,0.8061152100563049,0.9999777777775556,0.9999999999997778,3.008821067851386e-06
"repvgg_a2-reg:4,lamb:0.001",0.0005,4,0.001,0,42297269_6,True,cifar10_repvgg_a2,1.21879243850708,0.01149511057883501,-3.259629011154175e-09,0.632082462310791,0.0010000000474974513,0.03232673488803647,0,0.6850109100341797,0.947999999998104,0.9987999999980024,0.06956543773412704,4.52472195320297e-05,4.0008446376305073e-05,4.5247226410083385e-08,0.707356870174408,0.0010000000474974513,4.5395781322459295e-05,0,0.720083475112915,0.9999777777775556,0.9999999999997778,5.923914613958914e-06
"repvgg_a1-reg:5,lamb:0.001",0.0005,5,0.001,0,42297269_12,True,cifar10_repvgg_a1,0.5159429907798767,0.020310595631599423,9.58913005888462e-07,0.27425092458724976,0.0010000000474974513,0.02641156472807787,0,0.3841351866722107,0.9371999999981256,0.9983999999980032,0.21761031448841095,0.001708107185550034,0.0006614726153202355,7.544330173914204e-07,0.3935071229934693,0.0010000000474974513,0.001706474100693935,0,0.5956834554672241,0.9948444444442236,0.9999999999997778,0.0003067471261601895
"repvgg_a2-reg:3,lamb:2.0",0.0005,3,2.0,0,42297269_5,True,cifar10_repvgg_a2,0.3631983995437622,0.31221941113471985,0.20941472053527832,0.1662081629037857,2.0,0.026613953882559892,0,0.254158079624176,0.9335999999981328,0.9981999999980036,0.22857975959777832,0.004833337850868702,0.004852627404034138,0.0011885110288858414,0.24661315977573395,2.0,0.004835643237102553,0,0.41370689868927,0.9849333333331144,0.9999999999997778,0.0006767799495719373
"repvgg_a2-reg:4,lamb:0.01",0.0005,4,0.01,0,42297269_7,True,cifar10_repvgg_a2,1.2094534635543823,0.0341782383620739,3.851018846035004e-06,0.6289949417114258,0.009999999776482582,0.03051910100841446,0,0.6863768100738525,0.9475999999981048,0.9983999999980032,0.06844168156385422,2.9771708796033636e-05,2.9827353500877507e-05,2.977170652229688e-07,0.7062145471572876,0.009999999776482582,3.0125423938446092e-05,0,0.7197186946868896,0.9999777777775556,0.9999999999997778,1.3413546184892766e-06
"repvgg_a1-reg:5,lamb:0.01",0.0005,5,0.01,0,42297269_13,True,cifar10_repvgg_a1,0.5116523504257202,0.058518603444099426,1.0551419109106064e-05,0.27798861265182495,0.009999999776482582,0.02487216283254964,0,0.40189480781555176,0.9403999999981192,0.9975999999980047,0.20440798997879028,0.001778573263436556,0.0015334152849391105,6.195950845722109e-07,0.3895605802536011,0.009999999776482582,0.0017798745932663515,0,0.597514271736145,0.9948222222220012,0.9999999999997778,0.00026930239982903004
"repvgg_a2-reg:4,lamb:0.1",0.0005,4,0.1,0,42297269_8,True,cifar10_repvgg_a2,1.2084038257598877,0.08952144533395767,0.0003121793270111084,0.6317484378814697,0.10000000149011612,0.029392638694699803,0,0.6823807954788208,0.948999999998102,0.997999999998004,0.06407865136861801,3.294061025371775e-05,3.3898020774358884e-05,4.330381671024952e-07,0.7040125727653503,0.10000000149011612,3.29296370277396e-05,0,0.7190995216369629,0.9999999999997778,0.9999999999997778,1.1359895779605722e-06
"repvgg_a0-reg:5,lamb:0.5",0.0005,5,0.5,0,42297269_15,True,cifar10_repvgg_a0,0.5246900916099548,0.25333237648010254,0.01942893862724304,0.2871440649032593,0.5,0.025378249526373256,0,0.3918333351612091,0.9391999999981216,0.9975999999980047,0.19678646326065063,0.001500311424024403,0.0015050502261146903,2.4409557227045298e-05,0.3985635340213776,0.5,0.0014995705360780782,0,0.8206583857536316,0.9955555555553344,0.9999999999997778,0.00019701279234141111
"repvgg_a0-reg:5,lamb:1.0",0.0005,5,1.0,0,42297269_16,True,cifar10_repvgg_a0,0.5228241086006165,0.3286212980747223,0.07360059022903442,0.27704018354415894,1.0,0.028387381122223696,0,0.39370816946029663,0.9377999999981244,0.9971999999980056,0.23105961084365845,0.0011519535910338163,0.0011617285199463367,6.571854464709759e-05,0.389720618724823,1.0,0.0011516263609757853,0,0.6096005439758301,0.996755555555334,0.9999999999997778,0.0001387759402859956
"repvgg_a0-reg:5,lamb:0.1",0.0005,5,0.1,0,42297269_14,True,cifar10_repvgg_a0,0.5031582713127136,0.1598546802997589,0.0011214874684810638,0.25960803031921387,0.10000000149011612,0.029004558068167693,0,0.378038227558136,0.9343999999981312,0.9973999999980052,0.2378765493631363,0.0022441097535192966,0.002244775416329503,2.2048770915716887e-06,0.37920865416526794,0.10000000149011612,0.0022452544296982747,0,0.5814602375030518,0.992955555555335,0.9999999999997778,0.0003384798183105886
repvgg_a0-baseline,0.0005,0,0.0,0,42297321,True,cifar10_repvgg_a0,1.1122573614120483,0.00017063709674403071,0.0,0.5795067548751831,0.0,0.03213036142545765,0,0.6408923268318176,0.9393999999981212,0.9977999999980044,0.10439922660589218,8.54489189805463e-05,3.2219347758655204e-06,0.0,0.6701062917709351,0.0,8.534271152449992e-05,0,0.7139929533004761,0.999799999999778,0.9999999999997778,1.963108661584556e-05
"repvgg_a0-reg:5,lamb:2.0",0.0005,5,2.0,0,42297269_17,True,cifar10_repvgg_a0,0.5121391415596008,0.3974197804927826,0.21989834308624268,0.26930442452430725,2.0,0.02804364937818067,0,0.3820664286613464,0.935999999998128,0.997999999998004,0.2254977226257324,0.0007943709497340024,0.0008141970029100776,0.00014201796147972345,0.3912252187728882,2.0,0.0007943309812362416,0,0.607565701007843,0.9978444444442228,0.9999999999997778,7.776320853736252e-05
"repvgg_a2-reg:4,lamb:0.5",0.0005,4,0.5,0,42297269_9,True,cifar10_repvgg_a2,1.1713674068450928,0.19104720652103424,0.007835745811462402,0.6161848306655884,0.5,0.02998823335757497,0,0.6485165357589722,0.946999999998106,0.9977999999980044,0.07159064710140228,3.646614641183987e-05,4.142545367358253e-05,1.132611942011863e-07,0.6972517967224121,0.5,3.642082060702307e-05,0,0.7178364992141724,0.9999999999997778,0.9999999999997778,1.3151375242159702e-06
"repvgg_a2-reg:4,lamb:2.0",0.0005,4,2.0,0,42297269_11,True,cifar10_repvgg_a2,1.0966074466705322,0.3800078630447388,0.10623407363891602,0.5941426753997803,2.0,0.02951572889848972,0,0.6371521949768066,0.9495999999981009,0.9981999999980036,0.08158179372549057,3.977518281317316e-05,5.97373436903581e-05,3.25642031384632e-06,0.6741586327552795,2.0,4.006573970790375e-05,0,0.7160847187042236,0.9999999999997778,0.9999999999997778,1.3082063787805964e-06
"repvgg_a2-reg:4,lamb:1.0",0.0005,4,1.0,0,42297269_10,True,cifar10_repvgg_a2,1.127803921699524,0.26756006479263306,0.029414772987365723,0.6042347550392151,1.0,0.02967642041302062,0,0.6407581567764282,0.9485999999981028,0.997999999998004,0.07638877630233765,5.496034282259643e-05,6.491285603260621e-05,1.5545811038464308e-06,0.6895618438720703,1.0,5.491160818246364e-05,0,0.7170726656913757,0.9999555555553334,0.9999999999997778,3.217608082195511e-06
"repvgg_a2-reg:5,lamb:0.001",0.0005,5,0.001,0,42297269_12,True,cifar10_repvgg_a2,0.5369170308113098,0.0186738520860672,9.521027095615864e-07,0.3056457042694092,0.0010000000474974513,0.023572078242287815,0,0.4106479287147522,0.9453999999981092,0.9977999999980044,0.18403172492980957,0.0012591829290613532,0.0005409212899394333,3.055087063330575e-07,0.41412466764450073,0.0010000000474974513,0.0012586606439886512,0,0.6087011098861694,0.9966888888886676,0.9999777777775556,0.00021161400945857167
"repvgg_a1-reg:5,lamb:0.5",0.0005,5,0.5,0,42297269_15,True,cifar10_repvgg_a1,0.5469247102737427,0.25301191210746765,0.01899629831314087,0.3037164509296417,0.5,0.02494651515652141,0,0.3987569808959961,0.9403999999981192,0.9983999999980032,0.1912434548139572,0.000989857129752636,0.000994669273495674,1.4276709407567978e-05,0.4153333902359009,0.5,0.0009895813850051675,0,0.6095116138458252,0.9970222222220008,0.9999999999997778,0.00011459336383268236
"repvgg_a1-reg:5,lamb:1.0",0.0005,5,1.0,0,42297269_16,True,cifar10_repvgg_a1,0.5603353381156921,0.33057671785354614,0.06642454862594604,0.30863112211227417,1.0,0.024962141817993062,0,0.4305516183376312,0.9397999999981204,0.9983999999980032,0.2012968957424164,0.0007259059930220246,0.0007357357535511255,3.544578794389963e-05,0.4294676184654236,1.0,0.0007262726112045385,0,0.6457801461219788,0.9984666666664448,0.9999999999997778,7.511641160817817e-05
"repvgg_a1-reg:5,lamb:0.1",0.0005,5,0.1,0,42297269_14,True,cifar10_repvgg_a1,0.5391368865966797,0.15096689760684967,0.0009971633553504944,0.2944181561470032,0.10000000149011612,0.026051776563761345,0,0.40481069684028625,0.9401999999981197,0.9975999999980047,0.21062509715557096,0.0014212564565241337,0.0014220234006643295,1.9355211406946182e-06,0.40558475255966187,0.10000000149011612,0.0014206161161154226,0,0.8148704767227173,0.9955777777775566,0.9999999999997778,0.00023463596880901605
repvgg_a1-baseline,0.0005,0,0.0,0,42297321,True,cifar10_repvgg_a1,1.1565849781036377,0.00020863654208369553,0.0,0.6036295294761658,0.0,0.03038805805489936,0,0.6415085792541504,0.941999999998116,0.9977999999980044,0.08089829981327057,5.786610199720599e-05,1.6837196881169805e-06,0.0,0.6878350377082825,0.0,5.7794184153834986e-05,0,0.7162801027297974,0.9999111111108888,0.9999999999997778,5.232355306361569e-06
"repvgg_a1-reg:5,lamb:2.0",0.0005,5,2.0,0,42297269_17,True,cifar10_repvgg_a1,0.5590924620628357,0.4085285663604736,0.20213830471038816,0.31190624833106995,2.0,0.02555965458627582,0,0.4207262396812439,0.9413999999981172,0.997999999998004,0.19386965036392212,0.0005704014329239726,0.0005902605480514467,9.748316369950771e-05,0.42791125178337097,2.0,0.0005709118491315557,0,0.8054830431938171,0.998888888888667,0.9999999999997778,5.423037146101706e-05
"repvgg_a2-reg:5,lamb:0.01",0.0005,5,0.01,0,42297269_13,True,cifar10_repvgg_a2,0.5685264468193054,0.0562283881008625,9.94885340332985e-06,0.3229765295982361,0.009999999776482582,0.02335064940849665,0,0.4561136662960053,0.945999999998108,0.9983999999980032,0.1866181492805481,0.001149425865150988,0.0010732644004747272,5.016772774979472e-08,0.43302810192108154,0.009999999776482582,0.0011504839960260632,0,0.6157461404800415,0.9967999999997784,0.9999999999997778,0.00016025648801587522
"mobilenetv2_x0_5-reg:3,lamb:0.01",0.0005,3,0.01,0,42297269_1,True,cifar10_mobilenetv2_x0_5,0.6443226337432861,0.0919182300567627,2.3090746253728867e-05,0.14158934354782104,0.009999999776482582,0.07971662074066928,0,0.20917516946792605,0.8077999999983844,0.9951999999980096,0.4601858258247375,0.07529012858867645,0.022180713713169094,1.4059478417038918e-06,0.19529758393764496,0.009999999776482582,0.07528345737263205,0,0.25858092308044434,0.8191555555553736,0.9946444444442236,0.029835199937224388
"mobilenetv2_x0_5-reg:3,lamb:0.1",0.0005,3,0.1,0,42297269_2,True,cifar10_mobilenetv2_x0_5,0.6100889444351196,0.2502768635749817,0.0020460747182369232,0.15400974452495575,0.10000000149011612,0.07140646349793667,0,0.22984933853149417,0.8287999999983424,0.9957999999980084,0.4253160059452057,0.06735280156135559,0.05085737630724907,0.00012631714344024658,0.1990567445755005,0.10000000149011612,0.06734183563637527,0,0.2681540846824646,0.8347333333331479,0.9956888888886676,0.02572852000594139
"mobilenetv2_x0_5-reg:3,lamb:1.0",0.0005,3,1.0,0,42297269_4,True,cifar10_mobilenetv2_x0_5,0.5408961176872253,0.4549474120140076,0.1290070414543152,0.150985985994339,1.0,0.05703208443651081,0,0.4053029417991638,0.8511999999982977,0.9961999999980076,0.36634406447410583,0.04551795497536659,0.04552432522177696,0.005806956440210342,0.2154175341129303,1.0,0.0455209721510088,0,0.3070868253707886,0.8775111111109162,0.999088888888667,0.013549406081438065
"mobilenetv2_x0_5-reg:3,lamb:0.5",0.0005,3,0.5,0,42297269_3,True,cifar10_mobilenetv2_x0_5,0.566980242729187,0.4072742760181427,0.039898812770843506,0.15554627776145935,0.5,0.062014766378985786,0,0.24144846200942993,0.8443999999983112,0.9951999999980096,0.386629194021225,0.05390420556068421,0.053905267268419266,0.0020774155855178833,0.2113451510667801,0.5,0.05390454558561008,0,0.28793609142303467,0.8599333333331423,0.9976444444442228,0.018223240971565247
"mobilenetv2_x0_5-reg:3,lamb:0.001",0.0005,3,0.001,0,42297269_0,True,cifar10_mobilenetv2_x0_5,0.6795133352279663,0.030424438416957855,4.972098395228386e-07,0.15001919865608215,0.0010000000474974513,0.08475870653474285,0,0.1981911063194275,0.8005999999983988,0.9943999999980112,0.4745030999183655,0.08407781273126602,0.008034918457269669,1.544831320643425e-07,0.1893097162246704,0.0010000000474974513,0.08407069583453755,0,0.2509254813194275,0.7999777777776,0.9929333333331128,0.034232329577207565
"mobilenetv2_x0_5-reg:4,lamb:0.001",0.0005,4,0.001,0,42297269_6,True,cifar10_mobilenetv2_x0_5,0.9493204951286316,0.01541861891746521,4.1443854570388794e-07,0.5110113620758057,0.0010000000474974513,0.029257623464141444,0,0.5848762392997742,0.9335999999981328,0.9963999999980072,0.12413053959608078,0.0012847506441175938,0.0005386880366131663,3.3107653507613577e-07,0.5571732521057129,0.0010000000474974513,0.001285507909440317,0,0.6945470571517944,0.9959777777775564,0.9999999999997778,0.0001844156940933317
"mobilenetv2_x0_5-reg:4,lamb:0.01",0.0005,4,0.01,0,42297269_7,True,cifar10_mobilenetv2_x0_5,0.934613823890686,0.04753940552473068,6.8051740527153015e-06,0.5050144195556641,0.009999999776482582,0.03007839502194131,0,0.5928314924240112,0.9341999999981316,0.9977999999980044,0.13026417791843414,0.0012404019944369793,0.001161145861260593,6.253685569390654e-09,0.5459009408950806,0.009999999776482582,0.001239291015210782,0,0.67276930809021,0.9958444444442232,0.9999999999997778,0.0001825380022637546
"mobilenetv2_x0_5-reg:3,lamb:2.0",0.0005,3,2.0,0,42297269_5,True,cifar10_mobilenetv2_x0_5,0.5176509022712708,0.4625912308692932,0.34820520877838135,0.1686919927597046,2.0,0.05162825972985689,0,0.2457752227783203,0.8695999999982608,0.9961999999980076,0.3286780118942261,0.03597867488861084,0.0359954759478569,0.014692068099975586,0.23096558451652527,2.0,0.03598506678622646,0,0.32497793436050415,0.8984222222220226,0.999599999999778,0.009473629295825958
"mobilenetv2_x0_5-reg:4,lamb:0.1",0.0005,4,0.1,0,42297269_8,True,cifar10_mobilenetv2_x0_5,0.9262056350708008,0.13269834220409393,0.000659652054309845,0.4988395571708679,0.10000000149011612,0.03093717450591803,0,0.5843460559844971,0.9327999999981345,0.9963999999980072,0.13644511997699738,0.001273164409212768,0.0012739383382722735,1.4314427971839905e-06,0.5413439273834229,0.10000000149011612,0.001273953704092206,0,0.8117515444755554,0.9960888888886676,0.9999999999997778,0.0001733507087919861
"mobilenetv2_x0_75-reg:3,lamb:0.01",0.0005,3,0.01,0,42297269_1,True,cifar10_mobilenetv2_x0_75,0.6053023934364319,0.08963716775178909,2.1987594664096832e-05,0.14874733984470367,0.009999999776482582,0.07220207337405235,0,0.2070993185043335,0.8285999999983428,0.9943999999980112,0.4411434829235077,0.0667879581451416,0.020627783611416817,1.2613018043339252e-06,0.19786259531974792,0.009999999776482582,0.06679082278375408,0,0.2626873254776001,0.8369555555553696,0.995733333333112,0.026288457214832302
"mobilenetv2_x0_75-reg:3,lamb:0.1",0.0005,3,0.1,0,42297269_2,True,cifar10_mobilenetv2_x0_75,0.5975264310836792,0.2502858340740204,0.002053443342447281,0.1493048369884491,0.10000000149011612,0.06927305158489319,0,0.20468801259994507,0.8319999999983361,0.9947999999980104,0.4270194172859192,0.06259187310934067,0.04801971837878227,0.00011657131835818292,0.19745899736881256,0.10000000149011612,0.06259494941241305,0,0.2717617154121399,0.8431555555553683,0.9960444444442232,0.02370350807905197
"mobilenetv2_x0_75-reg:3,lamb:1.0",0.0005,3,1.0,0,42297269_4,True,cifar10_mobilenetv2_x0_75,0.5057659149169922,0.4072471857070923,0.11197185516357422,0.17055773735046387,1.0,0.04922236108553963,0,0.24498414993286133,0.8765999999982468,0.9971999999980056,0.32238319516181946,0.0369705893099308,0.03697750344872475,0.004579994827508926,0.2233904004096985,1.0,0.036977130473099064,0,0.3121594190597534,0.8971999999998007,0.999399999999778,0.010702681727707386
"mobilenetv2_x0_75-reg:3,lamb:0.5",0.0005,3,0.5,0,42297269_3,True,cifar10_mobilenetv2_x0_75,0.5349370837211609,0.38388562202453613,0.03718289732933045,0.15883368253707886,0.5,0.05544103176354926,0,0.25111573934555054,0.8583999999982832,0.9965999999980067,0.3623879849910736,0.04636643826961517,0.046367939561605453,0.0017160102725028992,0.21279703080654144,0.5,0.04637490931253866,0,0.29762256145477295,0.8762888888886942,0.9985333333331116,0.014987519010901453
"mobilenetv2_x0_75-reg:3,lamb:0.001",0.0005,3,0.001,0,42297269_0,True,cifar10_mobilenetv2_x0_75,0.5869128704071045,0.029116688296198845,1.3568787835538387e-06,0.13856422901153564,0.0010000000474974513,0.06954246327529165,0,0.2061353325843811,0.8285999999983428,0.9941999999980116,0.4359008073806762,0.06379862129688263,0.006827410310506821,8.561182767152786e-07,0.19459892809391025,0.0010000000474974513,0.0638111491270344,0,0.2641361355781555,0.8422222222220351,0.9958666666664454,0.02488255687057972
"mobilenetv2_x0_75-reg:4,lamb:0.001",0.0005,4,0.001,0,42297269_6,True,cifar10_mobilenetv2_x0_75,1.0427230596542358,0.013682501390576364,3.57162207365036e-07,0.5598642230033875,0.0010000000474974513,0.02761114554961806,0,0.6206175088882446,0.9403999999981192,0.9977999999980044,0.09782841801643372,0.0006232890882529318,0.0003542354970704764,6.232891678337182e-07,0.6074360013008118,0.0010000000474974513,0.0006235138960753291,0,0.7085426449775696,0.9981111111108892,0.9999999999997778,9.170631528832018e-05
"mobilenetv2_x0_5-reg:4,lamb:0.5",0.0005,4,0.5,0,42297269_9,True,cifar10_mobilenetv2_x0_5,0.8898043036460876,0.26428645849227905,0.016078680753707886,0.4803378582000733,0.5,0.03145853824271897,0,0.5779498815536499,0.932999999998134,0.996999999998006,0.15082880854606628,0.0010711145587265491,0.001075902488082647,1.5804776921868324e-05,0.5231314897537231,0.5,0.001072574575193486,0,0.6718802452087402,0.996755555555334,0.9999999999997778,0.0001281686418224126
"repvgg_a2-reg:5,lamb:0.5",0.0005,5,0.5,0,42297269_15,True,cifar10_repvgg_a2,0.5828141570091248,0.26046836376190186,0.018646687269210815,0.3336966037750244,0.5,0.02369266104631135,0,0.4534099400043487,0.945999999998108,0.9981999999980036,0.18746569752693176,0.0006005708128213882,0.0006054428522475064,9.414739906787872e-06,0.4565457999706268,0.5,0.0006000300722085171,0,0.6655839681625366,0.9987333333331114,0.9999999999997778,7.328849460463971e-05
"repvgg_a2-reg:5,lamb:1.0",0.0005,5,1.0,0,42297269_16,True,cifar10_repvgg_a2,0.6350371837615967,0.3430505394935608,0.06041216850280762,0.3624747097492218,1.0,0.023259210854315017,0,0.4804940521717071,0.9435999999981128,0.9987999999980024,0.17188066244125366,0.0003987599047832191,0.0004086557601112872,2.30122241191566e-05,0.475538432598114,1.0,0.0003989737635540121,0,0.6634347438812256,0.9992888888886668,0.9999999999997778,5.1607334171421826e-05
repvgg_a2-baseline,0.0005,0,0.0,0,42297321,True,cifar10_repvgg_a2,1.2237788438796997,0.00012501716264523566,0.0,0.6365589499473572,0.0,0.031399426500445755,0,0.6891330480575562,0.9487999999981024,0.9987999999980024,0.06438332051038742,5.3381914767669514e-05,1.58712612119416e-06,0.0,0.7084326148033142,0.0,5.334228853070817e-05,0,0.8078608512878418,0.9999777777775556,0.9999999999997778,4.896230620943243e-06
"repvgg_a2-reg:5,lamb:0.1",0.0005,5,0.1,0,42297269_14,True,cifar10_repvgg_a2,0.5928720831871033,0.14899396896362305,0.0008984953165054321,0.33801496028900146,0.10000000149011612,0.02418931302336367,0,0.4720829129219055,0.9457999999981084,0.9981999999980036,0.18855571746826172,0.0009544580825604498,0.0009552862029522656,1.032050931826234e-06,0.44499343633651733,0.10000000149011612,0.000953388554780745,0,0.6213582754135132,0.9973111111108895,0.9999999999997778,0.0001392982085235417
"repvgg_a2-reg:5,lamb:2.0",0.0005,5,2.0,0,42297269_17,True,cifar10_repvgg_a2,0.6567004919052124,0.43911659717559814,0.1891000270843506,0.3818408846855163,2.0,0.023835138592127342,0,0.5670040845870972,0.9487999999981024,0.9977999999980044,0.16675007343292236,0.000354988151229918,0.0003748905437532813,6.815348751842976e-05,0.4916400313377381,2.0,0.0003546360350366199,0,0.6932566165924072,0.9993111111108892,0.9999999999997778,3.9428516174666584e-05
"mobilenetv2_x0_75-reg:4,lamb:0.01",0.0005,4,0.01,0,42297269_7,True,cifar10_mobilenetv2_x0_75,1.0582560300827026,0.04121912270784378,5.358830094337463e-06,0.5608124136924744,0.009999999776482582,0.02767115294481084,0,0.6151882410049438,0.9363999999981272,0.9981999999980036,0.0968199148774147,0.0005966294556856155,0.0005915506626479328,2.4424844013992697e-07,0.6092120409011841,0.009999999776482582,0.0005970345627811109,0,0.709647536277771,0.9982222222220004,0.9999999999997778,8.039443491725251e-05
"mobilenetv2_x0_5-reg:4,lamb:2.0",0.0005,4,2.0,0,42297269_11,True,cifar10_mobilenetv2_x0_5,0.8268263339996338,0.43476352095603943,0.1899113655090332,0.45073747634887695,2.0,0.03024911953486514,0,0.5414341688156128,0.9337999999981323,0.9965999999980067,0.1624302864074707,0.0012690231669694183,0.0012887773336842656,0.0002768845297396183,0.4924423694610596,2.0,0.0012688939762031393,0,0.8220791816711426,0.9963111111108898,0.9999999999997778,0.0001546200510347262
"mobilenetv2_x0_75-reg:3,lamb:2.0",0.0005,3,2.0,0,42297269_5,True,cifar10_mobilenetv2_x0_75,0.4832974374294281,0.4216753542423248,0.3121868968009949,0.1709040105342865,2.0,0.04431476097200875,0,0.23462378978729248,0.8833999999982333,0.9971999999980056,0.2924865186214447,0.0305438581854105,0.030561067163944244,0.011914361268281937,0.2267592251300812,2.0,0.030549446986945734,0,0.3146376609802246,0.9106666666664645,0.9997777777775556,0.007589560467749834
"mobilenetv2_x0_75-reg:4,lamb:0.1",0.0005,4,0.1,0,42297269_8,True,cifar10_mobilenetv2_x0_75,1.0587968826293943,0.1147833615541458,0.0004776939749717712,0.5651803016662598,0.10000000149011612,0.027448068545445733,0,0.6356065273284912,0.9405999999981188,0.9975999999980047,0.09817934036254884,0.0005367237608879805,0.0005375934415496886,2.6661655283533037e-07,0.6112594604492188,0.10000000149011612,0.000536204801065849,0,0.7099220752716064,0.9981999999997784,0.9999999999997778,7.280382124008611e-05
"mobilenetv2_x0_5-reg:4,lamb:1.0",0.0005,4,1.0,0,42297269_10,True,cifar10_mobilenetv2_x0_5,0.8367854356765747,0.3430367112159729,0.05771315097808838,0.45601731538772583,1.0,0.02963141667106352,0,0.5511397123336792,0.9331999999981336,0.9971999999980056,0.15606825053691864,0.0011508200550451877,0.001160592888481915,6.649235729128122e-05,0.49821755290031433,1.0,0.0011515190998111545,0,0.6460683345794678,0.9968222222220008,0.9999999999997778,0.00013973962632007897
"mobilenetv2_x0_5-reg:5,lamb:0.001",0.0005,5,0.001,0,42297269_12,True,cifar10_mobilenetv2_x0_5,0.5385149121284485,0.02299643866717815,6.426707841455936e-07,0.2267404347658157,0.0010000000474974513,0.04090234551396288,0,0.30446910858154297,0.8955999999982088,0.9971999999980056,0.2751932442188263,0.020252114161849025,0.003093813546001911,2.249544195365161e-07,0.28046301007270813,0.0010000000474974513,0.02025640156237799,0,0.37205255031585693,0.9386888888886804,0.9997555555553336,0.005277607124298811
"mobilenetv2_x0_5-reg:5,lamb:0.01",0.0005,5,0.01,0,42297269_13,True,cifar10_mobilenetv2_x0_5,0.5473074316978455,0.06884197145700455,1.4242250472307204e-05,0.2365278452634811,0.009999999776482582,0.03957060377928959,0,0.3027637004852295,0.8997999999982004,0.9965999999980067,0.27192312479019165,0.01966712437570095,0.008682742714881897,2.14320607483387e-07,0.28957223892211914,0.009999999776482582,0.01966773105715835,0,0.3784329891204834,0.94008888888868,0.999822222222,0.005079560447484255
"mobilenetv2_x1_0-reg:3,lamb:0.01",0.0005,3,0.01,0,42297269_1,True,cifar10_mobilenetv2_x1_0,0.5782185196876526,0.08777584880590439,2.1992716938257217e-05,0.14740702509880066,0.009999999776482582,0.06717147488513736,0,0.19900941848754883,0.8391999999983216,0.99499999999801,0.4238165020942688,0.05813489109277725,0.018747759982943535,1.5148543752729893e-06,0.1980854570865631,0.009999999776482582,0.05814505628487768,0,0.27708131074905396,0.8530222222220327,0.9969777777775564,0.021781906485557556
"mobilenetv2_x1_0-reg:3,lamb:0.1",0.0005,3,0.1,0,42297269_2,True,cifar10_mobilenetv2_x1_0,0.570068895816803,0.2390027791261673,0.0019045397639274595,0.15517084300518036,0.10000000149011612,0.063756836360107,0,0.21427851915359497,0.8447999999983105,0.9953999999980092,0.3964823186397553,0.0570392906665802,0.04462910071015358,0.00010109273716807364,0.2041754126548767,0.10000000149011612,0.05705289544467496,0,0.2787551283836365,0.85519999999981,0.9969999999997784,0.020584266632795337
"mobilenetv2_x1_0-reg:3,lamb:1.0",0.0005,3,1.0,0,42297269_4,True,cifar10_mobilenetv2_x1_0,0.5069435238838196,0.41531240940093994,0.1152694821357727,0.1616404354572296,1.0,0.0497921857733913,0,0.47989410161972046,0.8711999999982576,0.9977999999980044,0.33146291971206665,0.036860257387161255,0.036867137998342514,0.004397183656692505,0.22080421447753903,1.0,0.03687917336146354,0,0.31364989280700684,0.896622222222023,0.999599999999778,0.010132103227078916
"mobilenetv2_x0_75-reg:4,lamb:0.5",0.0005,4,0.5,0,42297269_9,True,cifar10_mobilenetv2_x0_75,1.03174090385437,0.21752136945724487,0.011574149131774902,0.544988751411438,0.5,0.029653758494257703,0,0.6095362901687622,0.9325999999981348,0.9981999999980036,0.10652157664299013,0.0006053639226593077,0.0006102236220613122,9.903946192935107e-06,0.5967365503311157,0.5,0.0006063334056118378,0,0.7067437171936035,0.9983111111108892,0.9999999999997778,7.952682790346444e-05
"mobilenetv2_x1_0-reg:3,lamb:0.5",0.0005,3,0.5,0,42297269_3,True,cifar10_mobilenetv2_x1_0,0.530553936958313,0.3801078796386719,0.03673273324966431,0.16424685716629028,0.5,0.05583611854354219,0,0.3066699206829071,0.8651999999982696,0.9963999999980072,0.3568268120288849,0.04511963576078415,0.045121174305677414,0.0016362033784389496,0.21357904374599457,0.5,0.04512725811491598,0,0.30012375116348267,0.8786888888886937,0.9985111111108892,0.01425553672015667
"mobilenetv2_x1_0-reg:3,lamb:0.001",0.0005,3,0.001,0,42297269_0,True,cifar10_mobilenetv2_x1_0,0.588458776473999,0.02861699275672436,4.173489287495613e-08,0.14963114261627197,0.0010000000474974513,0.0686625886365185,0,0.21890586614608765,0.83499999999833,0.9947999999980104,0.4209016561508178,0.06161675602197647,0.006640796549618244,5.816036718897521e-07,0.19945505261421204,0.0010000000474974513,0.06163272085588078,0,0.27643686532974243,0.8475555555553672,0.9957777777775566,0.023514552041888237
"mobilenetv2_x1_0-reg:4,lamb:0.001",0.0005,4,0.001,0,42297269_6,True,cifar10_mobilenetv2_x1_0,1.0849168300628662,0.01320110447704792,5.891779437661171e-07,0.5763333439826965,0.0010000000474974513,0.02927336686689777,0,0.6224693059921265,0.93999999999812,0.9967999999980064,0.0911134108901024,0.00038967173895798624,0.00026077486108988523,3.896717544193962e-07,0.6244134306907654,0.0010000000474974513,0.00039117086055581377,0,0.710232138633728,0.9988444444442224,0.9999999999997778,5.552532456931658e-05
"mobilenetv2_x0_75-reg:4,lamb:2.0",0.0005,4,2.0,0,42297269_11,True,cifar10_mobilenetv2_x0_75,0.9689965844154358,0.3742000162601471,0.14504873752593994,0.5275658965110779,2.0,0.028447016454048103,0,0.6039289236068726,0.9393999999981212,0.9967999999980064,0.1162404865026474,0.0006230612052604556,0.0006429183413274586,0.00013795285485684872,0.5676448345184326,2.0,0.0006229099187511287,0,0.7011509537696838,0.9983999999997782,0.9999999999997778,7.730011566309258e-05
"mobilenetv2_x0_75-reg:4,lamb:1.0",0.0005,4,1.0,0,42297269_10,True,cifar10_mobilenetv2_x0_75,0.9981165528297424,0.27618512511253357,0.04040724039077759,0.5414029955863953,1.0,0.028134918524786067,0,0.6081441640853882,0.9397999999981204,0.9973999999980052,0.10615895688533784,0.0006829021731391549,0.0006927446229383349,4.107935819774866e-05,0.5826517343521118,1.0,0.0006832902025992881,0,0.8225087523460388,0.9980444444442228,0.9999999999997778,8.655720739625394e-05
"mobilenetv2_x1_0-reg:4,lamb:0.01",0.0005,4,0.01,0,42297269_7,True,cifar10_mobilenetv2_x1_0,1.09855854511261,0.03915104642510414,4.979781806468964e-06,0.5860148668289185,0.009999999776482582,0.028540022051593,0,0.6447731852531433,0.9441999999981115,0.9967999999980064,0.08850876241922379,0.0003231338341720402,0.0003231382870581001,3.703153197420761e-07,0.6338475942611694,0.009999999776482582,0.00032402203187005584,0,0.8105257153511047,0.9991333333331114,0.9999999999997778,4.2030776967294514e-05
"mobilenetv2_x0_75-reg:5,lamb:0.001",0.0005,5,0.001,0,42297269_12,True,cifar10_mobilenetv2_x0_75,0.6155241131782532,0.02033538930118084,4.0425220504403114e-07,0.3034946620464325,0.0010000000474974513,0.03452207947286414,0,0.3788866698741913,0.9111999999981776,0.997999999998004,0.21618519723415375,0.013428417034447191,0.002446523867547512,7.69778125686571e-08,0.351017028093338,0.0010000000474974513,0.013436807384903516,0,0.45214009284973145,0.9571999999997872,0.9999111111108888,0.003369813784956932
"mobilenetv2_x1_0-reg:3,lamb:2.0",0.0005,3,2.0,0,42297269_5,True,cifar10_mobilenetv2_x1_0,0.4750690162181854,0.4078344404697418,0.28706496953964233,0.18549811840057373,2.0,0.04113613039060981,0,0.2710362672805786,0.89499999999821,0.9965999999980067,0.27339309453964233,0.02528856135904789,0.025306105613708496,0.009278256446123123,0.23799031972885132,2.0,0.025306046034083905,0,0.5102652311325073,0.9242666666664612,0.9998888888886668,0.005770723335444927
"mobilenetv2_x1_0-reg:4,lamb:0.1",0.0005,4,0.1,0,42297269_8,True,cifar10_mobilenetv2_x1_0,1.0772777795791626,0.10823211073875429,0.0004289299249649048,0.577689528465271,0.10000000149011612,0.02663154665911784,0,0.6455641984939575,0.943999999998112,0.9985999999980028,0.08818484842777252,0.000388561369618401,0.0003894506371580064,7.09165760781616e-07,0.6239516735076904,0.10000000149011612,0.0003885536790234586,0,0.7098652124404907,0.9990222222220004,0.9999999999997778,4.964127219864167e-05
"mobilenetv2_x0_75-reg:5,lamb:0.01",0.0005,5,0.01,0,42297269_13,True,cifar10_mobilenetv2_x0_75,0.5829777717590332,0.06184454262256622,1.1410564184188844e-05,0.28493669629096985,0.009999999776482582,0.033838277013817065,0,0.3484829068183899,0.9125999999981748,0.995999999998008,0.22059430181980133,0.014290421269834042,0.007078756578266621,8.067436283454299e-07,0.33028388023376465,0.009999999776482582,0.014298128743838408,0,0.4250208437442779,0.9552444444442322,0.9999555555553334,0.0035453259479254484
"mobilenetv2_x0_5-reg:5,lamb:0.5",0.0005,5,0.5,0,42297269_15,True,cifar10_mobilenetv2_x0_5,0.5226395130157471,0.293840229511261,0.02453005313873291,0.24354687333106995,0.5,0.03525300648163416,0,0.3382578492164612,0.9121999999981756,0.9973999999980052,0.24243539571762085,0.01389697566628456,0.013900450430810452,0.0003242660313844681,0.2922441065311432,0.5,0.013900937554059993,0,0.3942522406578064,0.9557999999997876,0.9999777777775556,0.00273177120834589
"mobilenetv2_x0_5-reg:5,lamb:1.0",0.0005,5,1.0,0,42297269_16,True,cifar10_mobilenetv2_x0_5,0.530293881893158,0.359924852848053,0.08157104253768921,0.2521536648273468,1.0,0.03403950015243625,0,0.33885759115219116,0.9145999999981708,0.9981999999980036,0.23905491828918457,0.01107645221054554,0.01108511071652174,0.0008826274424791336,0.3013991117477417,1.0,0.011075569892900514,0,0.4219794273376465,0.9639999999997858,0.9999999999997778,0.001917807967402041
mobilenetv2_x0_5-baseline,0.0005,0,0.0,0,42297321,True,cifar10_mobilenetv2_x0_5,0.9521118998527528,0.00031089523690752685,0.0,0.5139319896697998,0.0,0.0291254545416342,0,0.5955259799957275,0.9351999999981296,0.9971999999980056,0.12516076862812042,0.001375290099531412,1.758643520588521e-05,0.0,0.5573278665542603,0.0,0.0013741588294720474,0,0.692937970161438,0.9953555555553344,0.9999999999997778,0.00022531530703417957
"mobilenetv2_x1_0-reg:4,lamb:0.5",0.0005,4,0.5,0,42297269_9,True,cifar10_mobilenetv2_x1_0,1.0633859634399414,0.1989789456129074,0.00964498519897461,0.5726787447929382,0.5,0.02712243323720875,0,0.6185407042503357,0.9433999999981132,0.9983999999980032,0.08849981427192688,0.0003845430910587311,0.0003894335823133588,6.3050538301467896e-06,0.6156124472618103,0.5,0.0003854368559373043,0,0.8110783696174622,0.9990666666664448,0.9999999999997778,4.882195207756013e-05
"mobilenetv2_x0_5-reg:5,lamb:0.1",0.0005,5,0.1,0,42297269_14,True,cifar10_mobilenetv2_x0_5,0.5511844754219055,0.1844180673360825,0.0012863874435424805,0.2353181540966034,0.10000000149011612,0.04007634192563982,0,0.33460748195648193,0.8953999999982092,0.996999999998006,0.2697422504425049,0.017854193225502968,0.016978764906525612,2.1121930330991745e-05,0.2936997413635254,0.10000000149011612,0.01785085228466687,0,0.386592149734497,0.9439111111109014,0.9999111111108888,0.0041562644764781
"mobilenetv2_x0_5-reg:5,lamb:2.0",0.0005,5,2.0,0,42297269_17,True,cifar10_mobilenetv2_x0_5,0.5468472242355347,0.4175633490085602,0.23982644081115723,0.2624242901802063,2.0,0.032800908090910075,0,0.33518368005752563,0.9137999999981724,0.9973999999980052,0.23067259788513184,0.009340131655335426,0.009358949027955532,0.0026079900562763214,0.31765562295913696,2.0,0.009341956431901737,0,0.8115596175193787,0.969644444444229,0.9999999999997778,0.0015114648267626762
"mobilenetv2_x1_4-reg:3,lamb:0.01",0.0005,3,0.01,0,42297269_1,True,cifar10_mobilenetv2_x1_4,0.5613372325897217,0.08803977072238922,2.19796784222126e-05,0.14220866560935974,0.009999999776482582,0.06523822691754949,0,0.2542351484298706,0.8443999999983112,0.9947999999980104,0.4269169270992279,0.05612165853381157,0.01842888630926609,1.4097895473241806e-06,0.19652879238128665,0.009999999776482582,0.05612227716164299,0,0.26993775367736816,0.8599777777775868,0.9968222222220008,0.0210723839700222
"mobilenetv2_x1_4-reg:3,lamb:0.1",0.0005,3,0.1,0,42297269_2,True,cifar10_mobilenetv2_x1_4,0.5389961004257202,0.23272013664245603,0.0018375776708126068,0.15268459916114807,0.10000000149011612,0.05908529643740395,0,0.2275373339653015,0.8557999999982884,0.99499999999801,0.38339126110076904,0.051568061113357544,0.04125906899571419,8.99340957403183e-05,0.20225587487220764,0.10000000149011612,0.05157024537936122,0,0.28545278310775757,0.8683999999998071,0.9974666666664452,0.018207307904958725
"mobilenetv2_x1_4-reg:3,lamb:1.0",0.0005,3,1.0,0,42297269_4,True,cifar10_mobilenetv2_x1_4,0.4889073967933655,0.3923708200454712,0.10515934228897096,0.16517235338687897,1.0,0.04507821209337452,0,0.3083595335483551,0.8767999999982464,0.9973999999980052,0.3004538416862488,0.032155655324459076,0.03216283395886421,0.0037085041403770447,0.22557829320430756,1.0,0.0321574047485891,0,0.31701213121414185,0.9081111111109094,0.9996444444442224,0.008483471348881721
"mobilenetv2_x1_4-reg:3,lamb:0.5",0.0005,3,0.5,0,42297269_3,True,cifar10_mobilenetv2_x1_4,0.5134416818618774,0.365613728761673,0.034788429737091064,0.16463106870651245,0.5,0.05132317782607496,0,0.3844105899333954,0.8711999999982576,0.9971999999980056,0.3382689952850342,0.04038747027516365,0.04038924723863602,0.0013949070125818253,0.21537280082702637,0.5,0.0403918938857667,0,0.304212749004364,0.8910444444442465,0.9990222222220004,0.012089481577277184
"mobilenetv2_x1_4-reg:3,lamb:0.001",0.0005,3,0.001,0,42297269_0,True,cifar10_mobilenetv2_x1_4,0.5560680627822876,0.028162745758891106,1.0295771062374115e-06,0.1474410593509674,0.0010000000474974513,0.06325149328079271,0,0.22281134128570557,0.846999999998306,0.9945999999980109,0.4089602828025818,0.05677726864814758,0.006298921070992947,5.104884621687233e-07,0.19739633798599243,0.0010000000474974513,0.056773071660905755,0,0.2732294797897339,0.8573555555553651,0.9970888888886674,0.02125336043536663
"mobilenetv2_x1_0-reg:4,lamb:2.0",0.0005,4,2.0,0,42297269_11,True,cifar10_mobilenetv2_x1_0,1.0239609479904177,0.34453457593917847,0.12766480445861816,0.5519252419471741,2.0,0.028188720191704385,0,0.618099570274353,0.9395999999981208,0.9983999999980032,0.10019885748624802,0.000387185689760372,0.0004070876457262784,8.677219739183784e-05,0.5946414470672607,2.0,0.0003873812644236972,0,0.7050905227661133,0.9989777777775558,0.9999999999997778,4.8907564632827416e-05
"mobilenetv2_x1_4-reg:4,lamb:0.001",0.0005,4,0.001,0,42297269_6,True,cifar10_mobilenetv2_x1_4,1.1372343301773071,0.012211843393743038,4.547182470560074e-07,0.6029109358787537,0.0010000000474974513,0.02692991149196598,0,0.6617638468742371,0.9453999999981092,0.997999999998004,0.07760508358478546,0.00028719345573335886,0.00021959602599963543,2.8719347255901084e-07,0.6502689123153687,0.0010000000474974513,0.00028729271649764043,0,0.7127854824066162,0.9993777777775558,0.9999999999997778,6.055305857444182e-05
"mobilenetv2_x1_0-reg:4,lamb:1.0",0.0005,4,1.0,0,42297269_10,True,cifar10_mobilenetv2_x1_0,1.036583423614502,0.2662789821624756,0.03686380386352539,0.5620993375778198,1.0,0.02766044874223872,0,0.6197168827056885,0.9435999999981128,0.9973999999980052,0.09536586701869965,0.0003879783907905221,0.00039787485729902983,2.272112760692835e-05,0.6046384572982788,1.0,0.0003877580925716744,0,0.708469033241272,0.999088888888667,0.9999999999997778,4.852649362874217e-05
"mobilenetv2_x1_0-reg:5,lamb:0.001",0.0005,5,0.001,0,42297269_12,True,cifar10_mobilenetv2_x1_0,0.6290802359580994,0.01940921321511269,6.089103408157825e-07,0.3257189691066742,0.0010000000474974513,0.032355869638388116,0,0.3981037735939026,0.91999999999816,0.9963999999980072,0.19779984652996063,0.011914871633052826,0.0022417218424379826,4.7078174247872084e-07,0.3637039363384247,0.0010000000474974513,0.011926519955010682,0,0.8052407503128052,0.960644444444231,0.9999111111108888,0.0028125320095568895
"mobilenetv2_x1_4-reg:4,lamb:0.01",0.0005,4,0.01,0,42297269_7,True,cifar10_mobilenetv2_x1_4,1.140981912612915,0.03700970858335495,4.827976226806641e-06,0.6015114784240723,0.009999999776482582,0.026819690769166953,0,0.6682239770889282,0.9435999999981128,0.9977999999980044,0.07779033482074738,0.0002723221550695598,0.0002723251236602664,-1.3780118024442345e-07,0.6516110897064209,0.009999999776482582,0.00027261761856901747,0,0.7131233215332031,0.9992888888886668,0.9999999999997778,3.5776720324065536e-05
"mobilenetv2_x1_4-reg:4,lamb:0.1",0.0005,4,0.1,0,42297269_8,True,cifar10_mobilenetv2_x1_4,1.1431559324264526,0.10339836031198502,0.0003782212734222412,0.6034459471702576,0.10000000149011612,0.026990924948369483,0,0.6651628017425537,0.9443999999981112,0.9987999999980024,0.07745480537414551,0.0002600520965643227,0.00026096063083969057,2.5600456865504384e-07,0.6531355381011963,0.10000000149011612,0.00025987682705690026,0,0.7122858762741089,0.9993111111108892,0.9999999999997778,3.3515192626509815e-05
"mobilenetv2_x1_4-reg:3,lamb:2.0",0.0005,3,2.0,0,42297269_5,True,cifar10_mobilenetv2_x1_4,0.4559263586997986,0.3966984450817108,0.28428351879119873,0.1760620474815369,2.0,0.0387888411797354,0,0.2553238272666931,0.8983999999982032,0.9975999999980047,0.27082255482673645,0.022565867751836777,0.022583596408367157,0.007952742278575897,0.23193508386611936,2.0,0.02257140477546513,0,0.3450752794742584,0.9309555555553488,0.9999555555553334,0.004889278672635555
"mobilenetv2_x1_0-reg:5,lamb:0.01",0.0005,5,0.01,0,42297269_13,True,cifar10_mobilenetv2_x1_0,0.6312032341957092,0.057081565260887146,1.0151881724596024e-05,0.32034504413604736,0.009999999776482582,0.03218519872307843,0,0.3719293177127838,0.912999999998174,0.996999999998006,0.18907123804092407,0.012072193436324596,0.00624943757429719,5.589827196672559e-07,0.3667065501213074,0.009999999776482582,0.012080895846065526,0,0.8023204803466797,0.9594888888886758,0.9999555555553334,0.002790035679936409
"mobilenetv2_x0_75-reg:5,lamb:0.5",0.0005,5,0.5,0,42297269_15,True,cifar10_mobilenetv2_x0_75,0.6211602091789246,0.28367936611175537,0.022400707006454468,0.3121252954006195,0.5,0.034031871223570105,0,0.40260761976242065,0.916999999998166,0.9977999999980044,0.22238807380199432,0.010076581500470638,0.010080472566187382,0.0002384479157626629,0.35930174589157104,0.5,0.010078808583212188,0,0.8051425218582153,0.9668666666664518,0.9999999999997778,0.0020011402666568756
mobilenetv2_x0_75-baseline,0.0005,0,0.0,0,42297321,True,cifar10_mobilenetv2_x0_75,1.0343502759933472,0.0005083069554530084,0.0,0.5520128011703491,0.0,0.027698927172580035,0,0.6160839796066284,0.9365999999981268,0.9977999999980044,0.10064314305782318,0.0005963826552033424,8.750406777835451e-06,0.0,0.6017953157424927,0.0,0.0005960188120827478,0,0.7065039277076721,0.998177777777556,0.9999999999997778,8.405231346841902e-05
"mobilenetv2_x0_75-reg:5,lamb:1.0",0.0005,5,1.0,0,42297269_16,True,cifar10_mobilenetv2_x0_75,0.5923335552215576,0.34513595700263977,0.07324671745300293,0.29975882172584534,1.0,0.03068797000080768,0,0.3719101548194885,0.9181999999981636,0.9981999999980036,0.21363815665245056,0.007527234964072704,0.007536303251981735,0.0005911616608500481,0.35249608755111694,1.0,0.007529345483472329,0,0.476676732301712,0.9743333333331168,0.9999999999997778,0.001287068473175168
"mobilenetv2_x0_75-reg:5,lamb:0.1",0.0005,5,0.1,0,42297269_14,True,cifar10_mobilenetv2_x0_75,0.5998722910881042,0.15719930827617645,0.0009595565497875214,0.3036940097808838,0.10000000149011612,0.03184005989032425,0,0.3698621988296509,0.9165999999981668,0.9981999999980036,0.20014233887195587,0.012889420613646507,0.01274143997579813,1.4833174645900726e-05,0.34386754035949707,0.10000000149011612,0.012894519215076877,0,0.4353654980659485,0.958177777777565,0.9999555555553334,0.002874023513868451
"mobilenetv2_x0_75-reg:5,lamb:2.0",0.0005,5,2.0,0,42297269_17,True,cifar10_mobilenetv2_x0_75,0.5889096260070801,0.41572579741477966,0.22672557830810547,0.30207473039627075,2.0,0.03170927854532023,0,0.3888682723045349,0.9233999999981533,0.9961999999980076,0.22210180759429932,0.005851704627275467,0.005870908498764038,0.0015706196427345276,0.35937508940696716,2.0,0.005850831196517351,0,0.4871127903461456,0.9803555555553376,0.9999999999997778,0.000906311790458858
"mobilenetv2_x1_4-reg:4,lamb:0.5",0.0005,4,0.5,0,42297269_9,True,cifar10_mobilenetv2_x1_4,1.124551773071289,0.1938496530056,0.00833749771118164,0.5987865924835205,0.5,0.026046298431247936,0,0.6491641998291016,0.9451999999981096,0.9977999999980044,0.07521568983793259,0.00023686075292062017,0.0002417777868686244,4.943132807966322e-06,0.6432088613510132,0.5,0.0002385034453744539,0,0.7118268013000488,0.9995333333331112,0.9999999999997778,4.324492329033092e-05
"mobilenetv2_x1_4-reg:4,lamb:2.0",0.0005,4,2.0,0,42297269_11,True,cifar10_mobilenetv2_x1_4,1.0738017559051514,0.32051968574523926,0.11397171020507812,0.574791431427002,2.0,0.027839562189815332,0,0.6184556484222412,0.940999999998118,0.9977999999980044,0.08745034039020538,0.00023026338021736592,0.000250172772211954,3.995638689957559e-05,0.61986243724823,2.0,0.00023191150386969175,0,0.7107710838317871,0.999599999999778,0.9999999999997778,2.231208600278478e-05
"mobilenetv2_x1_4-reg:4,lamb:1.0",0.0005,4,1.0,0,42297269_10,True,cifar10_mobilenetv2_x1_4,1.0989859104156494,0.2519657611846924,0.03189253807067871,0.5868543982505798,1.0,0.02652837236948096,0,0.6288763284683228,0.9433999999981132,0.998999999998002,0.08080125600099564,0.00022304222511593252,0.0002329528797417879,1.7048572772182524e-05,0.6343441605567932,1.0,0.00022278262632718265,0,0.7107219696044922,0.9995777777775556,0.9999999999997778,3.903973993146792e-05
"mobilenetv2_x1_4-reg:5,lamb:0.001",0.0005,5,0.001,0,42297269_12,True,cifar10_mobilenetv2_x1_4,0.6745083928108215,0.018830128014087677,2.6065390557050705e-07,0.3551843762397766,0.0010000000474974513,0.03081805629977461,0,0.43472200632095337,0.9217999999981564,0.997999999998004,0.18540038168430328,0.010089771822094916,0.002027296926826238,5.530291673494503e-07,0.3943445682525635,0.0010000000474974513,0.010095280027025475,0,0.4877643287181854,0.9667999999997852,0.9999999999997778,0.002307981252670288
"shufflenetv2_x0_5-reg:3,lamb:0.01",0.0005,3,0.01,0,42297269_1,True,cifar10_shufflenetv2_x0_5,0.6472203135490417,0.09375771135091782,2.4409964680671692e-05,0.13546431064605713,0.009999999776482582,0.08153184629625447,0,0.20755648612976071,0.8045999999983908,0.993999999998012,0.47851112484931946,0.08235056698322296,0.0233988743275404,2.392043825238943e-06,0.18889710307121277,0.009999999776482582,0.08235544480169464,0,0.2514565587043762,0.8073333333331539,0.9930888888886684,0.03303941339254379
"shufflenetv2_x0_5-reg:3,lamb:0.1",0.0005,3,0.1,0,42297269_2,True,cifar10_shufflenetv2_x0_5,0.6145512461662292,0.2613811194896698,0.002209063619375229,0.1317879557609558,0.10000000149011612,0.07504110742333588,0,0.20443123579025269,0.815999999998368,0.9953999999980092,0.4595946669578552,0.0708838552236557,0.05253669247031212,0.00013323919847607613,0.19200772047042847,0.10000000149011612,0.0708909709474263,0,0.27055662870407104,0.8285333333331493,0.994799999999779,0.027099089697003365
"shufflenetv2_x0_5-reg:3,lamb:1.0",0.0005,3,1.0,0,42297269_4,True,cifar10_shufflenetv2_x0_5,0.5874580144882202,0.4976569712162018,0.1440681219100952,0.15516310930252075,1.0,0.06748851571582945,0,0.25512927770614624,0.8395999999983208,0.99499999999801,0.4126375019550323,0.05573858320713043,0.05574427545070648,0.007451191544532776,0.21336443722248075,1.0,0.05575120294234512,0,0.2892220616340637,0.8561999999998098,0.997955555555334,0.01759193278849125
"shufflenetv2_x0_5-reg:3,lamb:0.5",0.0005,3,0.5,0,42297269_3,True,cifar10_shufflenetv2_x0_5,0.6092597246170044,0.4411731958389282,0.04328685998916626,0.15076956152915957,0.5,0.06998122126090257,0,0.3653247356414795,0.8243999999983512,0.9947999999980104,0.4161140024662018,0.0642409697175026,0.06424137949943542,0.0025699324905872345,0.2060537189245224,0.5,0.06424444185374188,0,0.279352605342865,0.8400888888887023,0.9963777777775564,0.022666703909635544
"shufflenetv2_x0_5-reg:3,lamb:0.001",0.0005,3,0.001,0,42297269_0,True,cifar10_shufflenetv2_x0_5,0.6521627902984619,0.030949268490076065,8.032657206058502e-07,0.13646626472473145,0.0010000000474974513,0.082541552331006,0,0.18784946203231812,0.8065999999983868,0.9933999999980132,0.4911180436611175,0.07634337246417999,0.007485460955649614,4.9432856030762196e-08,0.19091728329658508,0.0010000000474974513,0.07634974086477359,0,0.2505677342414856,0.8181111111109294,0.9940222222220014,0.029741421341896057
"mobilenetv2_x1_0-reg:5,lamb:0.5",0.0005,5,0.5,0,42297269_15,True,cifar10_mobilenetv2_x1_0,0.6480712890625,0.2577223777770996,0.019515037536621097,0.3399478793144226,0.5,0.03150475759346598,0,0.4035417437553406,0.921999999998156,0.9971999999980056,0.19384238123893735,0.008125879801809788,0.008129945024847984,0.00017862441018223765,0.3861214518547058,0.5,0.008128918975457868,0,0.48832428455352783,0.9718222222220064,0.9999999999997778,0.0014891824685037136
mobilenetv2_x1_0-baseline,0.0005,0,0.0,0,42297321,True,cifar10_mobilenetv2_x1_0,1.0800310373306274,0.0002123438025591895,0.0,0.5764518976211548,0.0,0.027052824139107135,0,0.6270483732223511,0.9417999999981164,0.9975999999980047,0.08862052112817764,0.0003901334712281823,2.7900966870220145e-06,0.0,0.6234868764877319,0.0,0.00039041741873815315,0,0.7094272375106812,0.9989555555553336,0.9999999999997778,5.256339500192553e-05
"mobilenetv2_x1_4-reg:5,lamb:0.01",0.0005,5,0.01,0,42297269_13,True,cifar10_mobilenetv2_x1_4,0.6270752549171448,0.0563836395740509,9.880401194095612e-06,0.33159974217414856,0.009999999776482582,0.029462686585432236,0,0.3936876356601715,0.9237999999981524,0.9975999999980047,0.18545609712600708,0.00931752473115921,0.00520878192037344,6.688351277261972e-07,0.37629806995391846,0.009999999776482582,0.009324174490227504,0,0.4792382717132568,0.9695111111108956,0.9999777777775556,0.0019960678182542324
"mobilenetv2_x1_0-reg:5,lamb:1.0",0.0005,5,1.0,0,42297269_16,True,cifar10_mobilenetv2_x1_0,0.6451439261436462,0.32413211464881897,0.06283992528915405,0.3451330363750458,1.0,0.029401343673668125,0,0.4172509610652923,0.9257999999981484,0.9971999999980056,0.18168549239635468,0.005939835216850042,0.005949091166257858,0.00046002259477972984,0.3927510380744934,1.0,0.005943762762557648,0,0.4988006055355072,0.9796222222220046,0.9999999999997778,0.000991484499536455
"shufflenetv2_x0_5-reg:4,lamb:0.001",0.0005,4,0.001,0,42297269_6,True,cifar10_shufflenetv2_x0_5,0.6830493807792664,0.02261943183839321,2.1868618205189705e-07,0.3266555964946747,0.0010000000474974513,0.039568599107448726,0,0.42407917976379395,0.9081999999981836,0.9957999999980084,0.2662423253059387,0.004671821370720863,0.001086000120267272,-9.655013855081053e-08,0.4164712429046631,0.0010000000474974513,0.004674776631276763,0,0.8038833141326904,0.9853999999997812,0.9999999999997778,0.0006679693469777703
"mobilenetv2_x1_0-reg:5,lamb:2.0",0.0005,5,2.0,0,42297269_17,True,cifar10_mobilenetv2_x1_0,0.6384255290031433,0.4147879183292389,0.2088087797164917,0.33959513902664185,2.0,0.02946577438542683,0,0.439078152179718,0.9271999999981456,0.996999999998006,0.19711829721927643,0.00436440110206604,0.004383754916489124,0.001110851764678955,0.3917273879051209,2.0,0.004364837089765843,0,0.5246912240982056,0.9856666666664476,0.9999999999997778,0.0006308197625912726
"mobilenetv2_x1_0-reg:5,lamb:0.1",0.0005,5,0.1,0,42297269_14,True,cifar10_mobilenetv2_x1_0,0.628402054309845,0.1527266949415207,0.0009076446294784546,0.3248037099838257,0.10000000149011612,0.030949426892571293,0,0.3879566788673401,0.9185999999981628,0.996999999998006,0.18921507894992828,0.010760399512946606,0.01073980238288641,1.173955388367176e-05,0.3656781017780304,0.10000000149011612,0.010770261586052977,0,0.8133522272109985,0.9644444444442302,0.9999555555553334,0.002331581199541688
"shufflenetv2_x0_5-reg:4,lamb:0.01",0.0005,4,0.01,0,42297269_7,True,cifar10_shufflenetv2_x0_5,0.6853368282318115,0.06890861690044403,1.3615470379590988e-05,0.3250856399536133,0.009999999776482582,0.03900548320175995,0,0.4454364478588104,0.9081999999981836,0.9963999999980072,0.2701694667339325,0.004355395678430796,0.0028245248831808567,6.386180757544935e-07,0.4179076254367829,0.009999999776482582,0.004359155771371199,0,0.5767726898193359,0.9861555555553364,0.9999999999997778,0.0006390293128788471
"shufflenetv2_x0_5-reg:4,lamb:0.1",0.0005,4,0.1,0,42297269_8,True,cifar10_shufflenetv2_x0_5,0.6423413157463074,0.1858453005552292,0.0012859031558036804,0.3048519790172577,0.10000000149011612,0.03864813808281993,0,0.4200398325920105,0.9101999999981796,0.995999999998008,0.2693462371826172,0.005142030771821737,0.005142281297594309,3.987341187894344e-06,0.3953324556350708,0.10000000149011612,0.005152061828701461,0,0.5473675727844238,0.98448888888867,0.9999999999997778,0.0007634138455614448
"shufflenetv2_x0_5-reg:3,lamb:2.0",0.0005,3,2.0,0,42297269_5,True,cifar10_shufflenetv2_x0_5,0.5383351445198059,0.4964955747127533,0.38859665393829346,0.15566971898078918,2.0,0.057499903225460995,0,0.2357276082038879,0.8525999999982948,0.9957999999980084,0.35946542024612427,0.04567921161651611,0.04569532722234726,0.0192873477935791,0.21898096799850464,2.0,0.04568461645981649,0,0.30610358715057373,0.8763555555553608,0.998999999999778,0.01260736770927906
"shufflenetv2_x1_0-reg:3,lamb:0.01",0.0005,3,0.01,0,42297269_1,True,cifar10_shufflenetv2_x1_0,0.5411720275878906,0.08599411696195602,2.059945836663246e-05,0.1349087655544281,0.009999999776482582,0.06295730300825095,0,0.31091001629829407,0.8445999999983108,0.9951999999980096,0.4087709486484528,0.056560467928647995,0.018213970586657524,1.0294606909155846e-06,0.1926734000444412,0.009999999776482582,0.05657208498923236,0,0.2721114754676819,0.8583777777775871,0.9970222222220008,0.020683713257312775
"shufflenetv2_x1_0-reg:3,lamb:0.1",0.0005,3,0.1,0,42297269_2,True,cifar10_shufflenetv2_x1_0,0.5370425581932068,0.23721665143966675,0.001935962587594986,0.14586040377616882,0.10000000149011612,0.05964736171809683,0,0.31595689058303833,0.8557999999982884,0.9953999999980092,0.40544766187667847,0.05162244290113449,0.04107646644115448,8.869683369994164e-05,0.1987597644329071,0.10000000149011612,0.05162696954924221,0,0.2828432321548462,0.8672222222220296,0.9977111111108896,0.018041212111711506
"shufflenetv2_x1_0-reg:3,lamb:1.0",0.0005,3,1.0,0,42297269_4,True,cifar10_shufflenetv2_x1_0,0.47951751947402954,0.41425764560699463,0.116887629032135,0.14248035848140717,1.0,0.0489846976229004,0,0.2333657145500183,0.8711999999982576,0.996999999998006,0.33970075845718384,0.034182216972112656,0.03418922424316406,0.003926899284124374,0.21242183446884155,1.0,0.03419640140455988,0,0.31078946590423584,0.9043333333331324,0.9995777777775556,0.00897345319390297
"shufflenetv2_x1_0-reg:3,lamb:0.5",0.0005,3,0.5,0,42297269_3,True,cifar10_shufflenetv2_x1_0,0.5063055753707886,0.3841369748115539,0.03788274526596069,0.14412949979305267,0.5,0.05529453919298385,0,0.21887624263763428,0.8637999999982724,0.995999999998008,0.37221693992614746,0.04212071746587753,0.042122382670640945,0.0014528147876262665,0.20669624209403992,0.5,0.04213766678293336,0,0.2962748408317566,0.8862666666664698,0.998999999999778,0.012610344216227531
"shufflenetv2_x1_0-reg:3,lamb:0.001",0.0005,3,0.001,0,42297269_0,True,cifar10_shufflenetv2_x1_0,0.5658318400382996,0.028553852811455727,3.0297087505459785e-07,0.13251321017742157,0.0010000000474974513,0.06546126880203909,0,0.1927226185798645,0.8335999999983328,0.9965999999980067,0.4191709756851196,0.06004948914051056,0.00640488788485527,-3.198510967195034e-08,0.1903948485851288,0.0010000000474974513,0.06004329078320292,0,0.2662293314933777,0.8496666666664779,0.9964222222220008,0.021884609013795853
"shufflenetv2_x1_0-reg:4,lamb:0.001",0.0005,4,0.001,0,42297269_6,True,cifar10_shufflenetv2_x1_0,1.0866916179656982,0.015339578501880167,4.5658089220523834e-07,0.5624476075172424,0.0010000000474974513,0.0335579288489965,0,0.6323896050453186,0.9345999999981308,0.9967999999980064,0.121871680021286,0.00033753307070583105,0.00023547656019218263,3.375330663857312e-07,0.6414079666137695,0.0010000000474974513,0.0003374931090054992,0,0.7148019671440125,0.9991555555553336,0.9999999999997778,5.3674171795137227e-05
"shufflenetv2_x1_0-reg:4,lamb:0.01",0.0005,4,0.01,0,42297269_7,True,cifar10_shufflenetv2_x1_0,1.1167210340499878,0.043610330671072006,5.406327545642853e-06,0.5766641497612,0.009999999776482582,0.031693960547432704,0,0.6680245399475098,0.9347999999981303,0.996999999998006,0.10697375237941742,0.0003487595822662115,0.00034876441350206733,6.265727279242128e-07,0.6467259526252747,0.009999999776482582,0.00034861553414701577,0,0.7155849933624268,0.998777777777556,0.9999999999997778,4.7726738557685167e-05
"shufflenetv2_x0_5-reg:4,lamb:0.5",0.0005,4,0.5,0,42297269_9,True,cifar10_shufflenetv2_x0_5,0.6264780163764954,0.329063355922699,0.02717962861061096,0.29768839478492737,0.5,0.03745611708601089,0,0.42283058166503906,0.910999999998178,0.9961999999980076,0.2709360420703888,0.004642559681087732,0.004646841902285814,7.633049972355366e-05,0.38850313425064087,0.5,0.004645580706711088,0,0.8125147819519043,0.98588888888867,0.9999999999997778,0.0006304667331278324
"shufflenetv2_x1_0-reg:4,lamb:0.1",0.0005,4,0.1,0,42297269_8,True,cifar10_shufflenetv2_x1_0,1.072012424468994,0.13077084720134735,0.0005776062607765198,0.5596427917480469,0.10000000149011612,0.03164534353000162,0,0.6297072172164917,0.93499999999813,0.9971999999980056,0.11855555325746536,0.00036848007584922016,0.0003693735343404114,6.083864718675613e-07,0.6315863132476807,0.10000000149011612,0.0003685246548322039,0,0.7155375480651855,0.9989333333331114,0.9999999999997778,4.908988921670243e-05
"shufflenetv2_x0_5-reg:4,lamb:2.0",0.0005,4,2.0,0,42297269_11,True,cifar10_shufflenetv2_x0_5,0.5215978622436523,0.4451384246349334,0.28787755966186523,0.22577624022960663,2.0,0.03866357261244455,0,0.3260442614555359,0.9047999999981904,0.9971999999980056,0.2829563319683075,0.006196081172674894,0.006215123925358057,0.0014039268717169762,0.3137208819389343,2.0,0.006203714294789761,0,0.4647621810436249,0.9821777777775595,0.9999999999997778,0.0007899926276877522
"shufflenetv2_x1_0-reg:3,lamb:2.0",0.0005,3,2.0,0,42297269_5,True,cifar10_shufflenetv2_x1_0,0.4553937315940857,0.4139547049999237,0.3100637197494507,0.16027358174324036,2.0,0.04214541993790618,0,0.2500288486480713,0.8901999999982196,0.9971999999980056,0.2947026193141937,0.02401432767510414,0.02403191849589348,0.008481688797473907,0.22386488318443296,2.0,0.02402044476444919,0,0.33199596405029297,0.9280888888886828,0.9999111111108888,0.005218019243329763
"shufflenetv2_x1_5-reg:3,lamb:0.01",0.0005,3,0.01,0,42297269_1,True,cifar10_shufflenetv2_x1_5,0.499224990606308,0.08222737163305283,1.8837396055459976e-05,0.14657975733280182,0.009999999776482582,0.05551131066884621,0,0.31817924976348877,0.8707999999982584,0.9955999999980089,0.37677016854286194,0.04634279012680054,0.015919256955385208,8.958741091191769e-07,0.19327501952648163,0.009999999776482582,0.04634025865182802,0,0.28985095024108887,0.8796666666664712,0.9978888888886672,0.016117297112941742
"shufflenetv2_x1_5-reg:3,lamb:0.1",0.0005,3,0.1,0,42297269_2,True,cifar10_shufflenetv2_x1_5,0.502496063709259,0.2249077260494232,0.001741915941238403,0.1471677124500275,0.10000000149011612,0.054573382596206976,0,0.23523205518722537,0.8681999999982636,0.9963999999980072,0.3634008467197418,0.04497032612562179,0.036778319627046585,7.484527304768562e-05,0.19937849044799805,0.10000000149011612,0.044975204824623874,0,0.2900956869125366,0.8832444444442482,0.9981111111108892,0.015113960020244122
mobilenetv2_x1_4-baseline,0.0005,0,0.0,0,42297321,True,cifar10_mobilenetv2_x1_4,1.1331664323806765,0.00020029519509989768,0.0,0.604973316192627,0.0,0.02668969750932518,0,0.6618372201919556,0.947999999998104,0.9977999999980044,0.07616811990737915,0.000269443669822067,7.03758860254311e-06,0.0,0.6484835147857666,0.0,0.00026937832011843406,0,0.712515115737915,0.9993777777775558,0.9999999999997778,3.495420241961256e-05
"mobilenetv2_x1_4-reg:5,lamb:0.5",0.0005,5,0.5,0,42297269_15,True,cifar10_mobilenetv2_x1_4,0.6902422904968262,0.24112170934677124,0.016882658004760742,0.37368372082710266,0.5,0.028032090174919352,0,0.45090171694755554,0.9267999999981464,0.9977999999980044,0.16561222076416016,0.006186493672430515,0.006190755404531956,0.00013685645535588264,0.4220643937587738,0.5,0.006190237908970886,0,0.5126698017120361,0.9781777777775604,0.9999777777775556,0.001138314139097929
"mobilenetv2_x1_4-reg:5,lamb:1.0",0.0005,5,1.0,0,42297269_16,True,cifar10_mobilenetv2_x1_4,0.6719475388526917,0.3382548689842224,0.06323391199111938,0.3635799586772918,1.0,0.02706327371808748,0,0.45712581276893616,0.9285999999981428,0.9985999999980028,0.17615726590156555,0.004698754288256168,0.004708139691501856,0.0003490457311272621,0.41211676597595215,1.0,0.004698092956027432,0,0.5389763712882996,0.9839999999997814,0.9999999999997778,0.0007488397532142699
"shufflenetv2_x1_5-reg:3,lamb:1.0",0.0005,3,1.0,0,42297269_4,True,cifar10_shufflenetv2_x1_5,0.444411426782608,0.3694576919078827,0.10113731026649476,0.15869125723838806,1.0,0.04256291834372022,0,0.2256898283958435,0.8955999999982088,0.996999999998006,0.3000687062740326,0.02687094174325466,0.026878448203206062,0.002904152497649193,0.2191809117794037,1.0,0.02687002427257664,0,0.32759255170822144,0.922088888888684,0.9997555555553336,0.006608772091567516
"shufflenetv2_x0_5-reg:4,lamb:1.0",0.0005,4,1.0,0,42297269_10,True,cifar10_shufflenetv2_x0_5,0.5829935073852539,0.4089401066303253,0.10056114196777344,0.2589154839515686,1.0,0.041815777102066506,0,0.36679357290267944,0.905999999998188,0.99499999999801,0.30577293038368225,0.0049347341991961,0.004943943116813898,0.00030369171872735023,0.35411298274993896,1.0,0.004938307524886148,0,0.5099815726280212,0.9857333333331144,0.9999999999997778,0.0006489321822300553
"shufflenetv2_x1_5-reg:3,lamb:0.5",0.0005,3,0.5,0,42297269_3,True,cifar10_shufflenetv2_x1_5,0.4774731695652008,0.3582191467285156,0.034095242619514465,0.1473784297704697,0.5,0.04831987561104676,0,0.24047136306762695,0.8755999999982488,0.9977999999980044,0.33162856101989746,0.033581335097551346,0.033583469688892365,0.0011074934154748917,0.21122293174266815,0.5,0.03358319860861575,0,0.3159451484680176,0.9074222222220206,0.9991555555553336,0.009590495377779009
"shufflenetv2_x1_5-reg:3,lamb:0.001",0.0005,3,0.001,0,42297269_0,True,cifar10_shufflenetv2_x1_5,0.5223376750946045,0.028113549575209618,6.778864189982414e-07,0.1366407871246338,0.0010000000474974513,0.06009712141727619,0,0.20295536518096924,0.8561999999982877,0.9963999999980072,0.4082835912704468,0.04879864677786827,0.0056269289925694466,1.612606865819544e-07,0.1956768184900284,0.0010000000474974513,0.04879955470877371,0,0.28802257776260376,0.8748222222220279,0.9979333333331116,0.017005667090415955
"shufflenetv2_x0_5-reg:5,lamb:0.001",0.0005,5,0.001,0,42297269_12,True,cifar10_shufflenetv2_x0_5,0.5212268233299255,0.02595872618257999,5.20667526870966e-07,0.1764393001794815,0.0010000000474974513,0.051224154673981705,0,0.25366729497909546,0.8773999999982453,0.99499999999801,0.3497296869754791,0.03013530746102333,0.003965612035244703,5.714064172934741e-07,0.23842723667621613,0.0010000000474974513,0.030135697852801215,0,0.3302578330039978,0.9145555555553524,0.9996444444442224,0.00851866789162159
"mobilenetv2_x1_4-reg:5,lamb:2.0",0.0005,5,2.0,0,42297269_17,True,cifar10_mobilenetv2_x1_4,0.6980562210083008,0.4063738286495209,0.1919422149658203,0.38254883885383606,2.0,0.02846074782751524,0,0.4747435748577118,0.931999999998136,0.996999999998006,0.17749127745628357,0.003161734901368618,0.003181260544806719,0.0008083712309598923,0.4327757954597473,2.0,0.0031636097140543065,0,0.5601516962051392,0.9893555555553356,0.9999999999997778,0.00046072338591329753
"mobilenetv2_x1_4-reg:5,lamb:0.1",0.0005,5,0.1,0,42297269_14,True,cifar10_mobilenetv2_x1_4,0.6589515209197998,0.14450044929981232,0.0008354932069778442,0.3529484272003174,0.10000000149011612,0.02907453047520549,0,0.4174564778804779,0.9247999999981504,0.9981999999980036,0.174468532204628,0.008661117404699326,0.008661169558763504,9.712239261716604e-06,0.3912740647792816,0.10000000149011612,0.008665434389930534,0,0.4891287088394165,0.9716444444442286,0.9999999999997778,0.001815842348150909
"shufflenetv2_x1_5-reg:4,lamb:0.001",0.0005,4,0.001,0,42297269_6,True,cifar10_shufflenetv2_x1_5,1.184224247932434,0.013047040440142156,-2.3923348635435104e-07,0.6076393127441406,0.0010000000474974513,0.03393164424391751,0,0.680742621421814,0.9385999999981228,0.9977999999980044,0.08820917457342148,0.0002705006336327642,0.0002056043449556455,2.705006636460894e-07,0.6752073168754578,0.0010000000474974513,0.00027146980246207307,0,0.7200735807418823,0.9991777777775558,0.9999999999997778,3.8515230698976666e-05
"shufflenetv2_x0_5-reg:5,lamb:0.01",0.0005,5,0.01,0,42297269_13,True,cifar10_shufflenetv2_x0_5,0.5262697339057922,0.07912655919790268,1.7488375306129456e-05,0.17291542887687683,0.009999999776482582,0.05053652131265812,0,0.2535550594329834,0.8731999999982536,0.9973999999980052,0.3512610197067261,0.03109628334641457,0.011756416410207748,1.018692273646593e-06,0.23230329155921936,0.009999999776482582,0.031103919618265745,0,0.3293924927711487,0.911133333333131,0.9993555555553336,0.008949846029281616
"shufflenetv2_x1_0-reg:4,lamb:0.5",0.0005,4,0.5,0,42297269_9,True,cifar10_shufflenetv2_x1_0,1.0651754140853882,0.27412480115890503,0.013918578624725342,0.5538188219070435,0.5,0.03354177594370432,0,0.6230286955833435,0.9331999999981336,0.997999999998004,0.12562419474124908,0.00032961665419861674,0.000334518204908818,4.5910419430583715e-06,0.6257637739181519,0.5,0.000329462888741987,0,0.7152012586593628,0.9993111111108892,0.9999999999997778,3.251242742408067e-05
"shufflenetv2_x1_5-reg:4,lamb:0.01",0.0005,4,0.01,0,42297269_7,True,cifar10_shufflenetv2_x1_5,1.1670126914978027,0.04053044691681862,5.736015737056732e-06,0.5998777151107788,0.009999999776482582,0.03262384234227725,0,0.6787586212158203,0.937999999998124,0.997999999998004,0.0919031873345375,0.00028019395540468395,0.0002801945083774626,-5.9083276937599294e-08,0.6694120168685913,0.009999999776482582,0.000283039433505329,0,0.810623288154602,0.9991111111108892,0.9999999999997778,4.2811436287593096e-05
"shufflenetv2_x1_5-reg:4,lamb:0.1",0.0005,4,0.1,0,42297269_8,True,cifar10_shufflenetv2_x1_5,1.1841046810150146,0.1127929985523224,0.00043904781341552734,0.6011399626731873,0.10000000149011612,0.03381664518438729,0,0.674640417098999,0.9341999999981316,0.9975999999980047,0.08996022492647171,0.0001811105612432584,0.00018201948842033744,-8.754795999266207e-09,0.6782082915306091,0.10000000149011612,0.0001815321199898161,0,0.7190784215927124,0.9995555555553336,0.9999999999997778,1.9423676349106245e-05
"shufflenetv2_x1_0-reg:4,lamb:2.0",0.0005,4,2.0,0,42297269_11,True,cifar10_shufflenetv2_x1_0,1.002055287361145,0.5109490752220154,0.19055962562561035,0.5220097303390503,2.0,0.0333558756691331,0,0.6135302782058716,0.9293999999981412,0.9971999999980056,0.14325927197933197,0.0002972891670651734,0.0003171945281792432,5.0030299462378025e-05,0.5990930199623108,2.0,0.00029734870724004535,0,0.7125885486602783,0.9993777777775558,0.9999999999997778,2.7530166335054673e-05
"shufflenetv2_x1_5-reg:3,lamb:2.0",0.0005,3,2.0,0,42297269_5,True,cifar10_shufflenetv2_x1_5,0.4184745848178863,0.3833097219467163,0.28861743211746216,0.14715048670768738,2.0,0.037919011413718,0,0.23077869415283203,0.8971999999982057,0.9977999999980044,0.27863213419914246,0.018502691760659214,0.01852067932486534,0.005995709449052811,0.22318460047245023,2.0,0.018510247722528704,0,0.3464696407318115,0.9441999999997902,0.9999555555553334,0.003618118353188038
"shufflenetv2_x1_0-reg:4,lamb:1.0",0.0005,4,1.0,0,42297269_10,True,cifar10_shufflenetv2_x1_0,0.9865474104881288,0.3948653936386109,0.05678838491439819,0.5187685489654541,1.0,0.03186892800302291,0,0.6111922860145569,0.9315999999981368,0.996999999998006,0.14434929192066193,0.0003279450465925038,0.0003378382825758308,1.5139870811253786e-05,0.59456467628479,1.0,0.00032889353738956386,0,0.7127846479415894,0.999399999999778,0.9999999999997778,3.001357254106551e-05
"shufflenetv2_x1_0-reg:5,lamb:0.001",0.0005,5,0.001,0,42297269_12,True,cifar10_shufflenetv2_x1_0,0.515545666217804,0.022268014028668404,5.615293048322201e-07,0.2334531396627426,0.0010000000474974513,0.0343259015880259,0,0.34279361367225647,0.9115999999981768,0.996999999998006,0.25849831104278564,0.010643348097801208,0.0019282021094113588,1.5293153410311788e-07,0.303727924823761,0.0010000000474974513,0.010650649830220814,0,0.8215128183364868,0.9655111111108966,0.9999999999997778,0.002063779393211007
"shufflenetv2_x2_0-reg:3,lamb:0.01",0.0005,3,0.01,0,42297269_1,True,cifar10_shufflenetv2_x2_0,0.4883420765399933,0.0813671424984932,1.8727965652942657e-05,0.13787950575351715,0.009999999776482582,0.05253766418601764,0,0.2464017868041992,0.867999999998264,0.9965999999980067,0.3690933585166931,0.04118616133928299,0.01455576904118061,8.279748726636171e-07,0.19921910762786865,0.009999999776482582,0.041182427389577954,0,0.2998954653739929,0.8919555555553574,0.998688888888667,0.01359923928976059
"shufflenetv2_x2_0-reg:3,lamb:0.1",0.0005,3,0.1,0,42297269_2,True,cifar10_shufflenetv2_x2_0,0.4776042699813843,0.22147196531295776,0.0017342008650302887,0.13741856813430786,0.10000000149011612,0.051204600904611625,0,0.3060995638370514,0.8717999999982564,0.9963999999980072,0.36310574412345886,0.03889309242367744,0.03253638744354248,6.126053631305695e-05,0.2006552666425705,0.10000000149011612,0.03889066578641711,0,0.30236130952835083,0.8959777777775787,0.9988444444442224,0.01232693437486887
"shufflenetv2_x2_0-reg:3,lamb:1.0",0.0005,3,1.0,0,42297269_4,True,cifar10_shufflenetv2_x2_0,0.4282519519329071,0.3642152845859528,0.10033866763114928,0.15069541335105896,1.0,0.03985228871796696,0,0.25121164321899414,0.8983999999982032,0.996999999998006,0.29545581340789795,0.022417886182665825,0.02242564596235752,0.0021904539316892624,0.21708256006240845,1.0,0.022416798465415864,0,0.3417776823043823,0.9325777777775706,0.9998666666664444,0.004892891738563776
"shufflenetv2_x2_0-reg:3,lamb:0.5",0.0005,3,0.5,0,42297269_3,True,cifar10_shufflenetv2_x2_0,0.4462378919124603,0.3377775549888611,0.032022640109062195,0.15335071086883545,0.5,0.043387330208631794,0,0.25310009717941284,0.8933999999982132,0.996999999998006,0.3179708421230316,0.028821947053074837,0.028824351727962497,0.0008831033483147621,0.2135501503944397,0.5,0.02881238827402825,0,0.332602322101593,0.9198888888886844,0.9995111111108892,0.007602816447615624
"shufflenetv2_x2_0-reg:3,lamb:0.001",0.0005,3,0.001,0,42297269_0,True,cifar10_shufflenetv2_x2_0,0.4905560314655304,0.026747042313218117,1.3211392797529695e-06,0.13822075724601746,0.0010000000474974513,0.053327562260786054,0,0.2596358060836792,0.8675999999982649,0.9963999999980072,0.36974480748176575,0.042816806584596634,0.0050911614671349525,8.551360224373639e-07,0.1985785067081451,0.0010000000474974513,0.04282874297318964,0,0.29722845554351807,0.8872222222220251,0.998599999999778,0.013958299532532692
"shufflenetv2_x1_0-reg:5,lamb:0.01",0.0005,5,0.01,0,42297269_13,True,cifar10_shufflenetv2_x1_0,0.5418959856033325,0.06618057191371918,1.2580305337905884e-05,0.2504698932170868,0.009999999776482582,0.03531988252050968,0,0.35164088010787964,0.9095999999981808,0.9973999999980052,0.25312942266464233,0.010351473465561868,0.005322583485394716,5.179099389351904e-07,0.3148338198661804,0.009999999776482582,0.010357189581627822,0,0.4354373216629028,0.9678444444442296,0.9999999999997778,0.0020405040122568607
"shufflenetv2_x2_0-reg:4,lamb:0.001",0.0005,4,0.001,0,42297269_6,True,cifar10_shufflenetv2_x2_0,1.2367219924926758,0.012122252024710178,-1.935986801981926e-07,0.6272338032722473,0.0010000000474974513,0.03137328697662483,0,0.6987411975860596,0.9407999999981184,0.9981999999980036,0.07628852874040604,0.0001498141064075753,0.000127169128973037,1.4981412732595345e-07,0.6978418231010437,0.0010000000474974513,0.0001496279106837429,0,0.7240368127822876,0.999622222222,0.9999999999997778,2.297394530614838e-05
"shufflenetv2_x1_5-reg:4,lamb:0.5",0.0005,4,0.5,0,42297269_9,True,cifar10_shufflenetv2_x1_5,1.154657006263733,0.2361954301595688,0.010556519031524658,0.5920233130455017,0.5,0.03298514791046384,0,0.6615869998931885,0.93499999999813,0.9971999999980056,0.09478621184825896,0.00019322099979035556,0.00019814165716525167,2.1967425709590316e-06,0.6643146872520447,0.5,0.00019359564562388513,0,0.716486930847168,0.9996444444442224,0.9999999999997778,1.8168057067668997e-05
"shufflenetv2_x2_0-reg:4,lamb:0.01",0.0005,4,0.01,0,42297269_7,True,cifar10_shufflenetv2_x2_0,1.2269461154937744,0.03718939051032066,4.254281520843506e-06,0.6232160329818726,0.009999999776482582,0.032234156208759565,0,0.6937798261642456,0.9395999999981208,0.9977999999980044,0.07808631658554077,0.000156473892275244,0.000156504160258919,6.110645927037694e-07,0.6952381730079651,0.009999999776482582,0.000156279413108092,0,0.7235698699951172,0.9995555555553336,0.9999999999997778,2.104314808093477e-05
"shufflenetv2_x1_5-reg:4,lamb:2.0",0.0005,4,2.0,0,42297269_11,True,cifar10_shufflenetv2_x1_5,1.1320134401321411,0.4051039814949035,0.1295788288116455,0.5882906913757324,2.0,0.031155038981953417,0,0.6582640409469604,0.9375999999981248,0.9975999999980047,0.0937649980187416,0.00021850518533028665,0.00023841149231884629,5.6494318414479494e-05,0.6549617648124695,2.0,0.00021977668606006984,0,0.7163482308387756,0.999622222222,0.9999999999997778,3.351960185682401e-05
"shufflenetv2_x2_0-reg:4,lamb:0.1",0.0005,4,0.1,0,42297269_8,True,cifar10_shufflenetv2_x2_0,1.225433588027954,0.1058136746287346,0.0003948435187339782,0.6202062964439392,0.10000000149011612,0.03362157860021065,0,0.6968666315078735,0.9373999999981252,0.9973999999980052,0.08087902516126633,0.00014064949937164783,0.0001415810256730765,7.135095074772835e-07,0.6925222873687744,0.10000000149011612,0.00014051177901286394,0,0.7232241630554199,0.9997111111108892,0.9999999999997778,1.7126212696894072e-05
"shufflenetv2_x1_5-reg:4,lamb:1.0",0.0005,4,1.0,0,42297269_10,True,cifar10_shufflenetv2_x1_5,1.16424298286438,0.3208622634410858,0.03896784782409668,0.594561755657196,1.0,0.03471917862199273,0,0.6774729490280151,0.9353999999981292,0.9971999999980056,0.09630189836025238,0.00019518898625392467,0.0002051096671493724,1.1129843187518418e-05,0.6713235378265381,1.0,0.00019630292852841665,0,0.7171570658683777,0.9994888888886668,0.9999999999997778,2.29491779464297e-05
"shufflenetv2_x1_5-reg:5,lamb:0.001",0.0005,5,0.001,0,42297269_12,True,cifar10_shufflenetv2_x1_5,0.5307300090789795,0.02160162851214409,4.870234988629818e-07,0.25995975732803345,0.0010000000474974513,0.03182463467392538,0,0.3706510663032532,0.922999999998154,0.997999999998004,0.24388280510902405,0.0061692665331065655,0.001371592748910189,4.4722128222929314e-07,0.3382757008075714,0.0010000000474974513,0.0061707710923126526,0,0.4899313747882843,0.9803333333331156,0.9999999999997778,0.0010677491081878545
shufflenetv2_x0_5-baseline,0.0005,0,0.0,0,42297321,True,cifar10_shufflenetv2_x0_5,0.6423338651657104,0.0005587669438682497,0.0,0.3102783262729645,0.0,0.03746254060406932,0,0.42132046818733215,0.9133999999981732,0.9961999999980076,0.26768603920936584,0.004559267312288284,2.7712032533599995e-05,0.0,0.4011718034744262,0.0,0.004563276275378578,0,0.567550778388977,0.9869777777775584,0.9999999999997778,0.0006513393600471318
"shufflenetv2_x2_0-reg:3,lamb:2.0",0.0005,3,2.0,0,42297269_5,True,cifar10_shufflenetv2_x2_0,0.40228021144866943,0.3694247901439667,0.2765991687774658,0.14988896250724792,2.0,0.03542237671183679,0,0.2481142282485962,0.9075999999981847,0.9981999999980036,0.2787446081638336,0.014144599437713625,0.0141628822311759,0.004076361656188965,0.22784340381622312,2.0,0.01414106790933166,0,0.8130796551704407,0.956644444444232,0.9999999999997778,0.0023912417236715555
"shufflenetv2_x0_5-reg:5,lamb:0.5",0.0005,5,0.5,0,42297269_15,True,cifar10_shufflenetv2_x0_5,0.4800369143486023,0.34702733159065247,0.03270682692527771,0.15887385606765747,0.5,0.04518149073770584,0,0.23715698719024655,0.8811999999982376,0.9975999999980047,0.32232430577278137,0.025985945016145703,0.025988467037677765,0.0007115546613931656,0.22906716167926788,0.5,0.025991376080470453,0,0.3349933624267578,0.923711111110906,0.9997777777775556,0.00604583602398634
"shufflenetv2_x0_5-reg:5,lamb:1.0",0.0005,5,1.0,0,42297269_16,True,cifar10_shufflenetv2_x0_5,0.4741235375404358,0.386364072561264,0.10689979791641235,0.16569584608078003,1.0,0.04413766113696971,0,0.32550981640815735,0.8893999999982212,0.996999999998006,0.32384175062179565,0.020111817866563797,0.020119683817029,0.001824159175157547,0.24091851711273193,1.0,0.020111716996836327,0,0.3552860617637634,0.937422222222014,0.9999999999997778,0.004036382772028446
"shufflenetv2_x0_5-reg:5,lamb:2.0",0.0005,5,2.0,0,42297269_17,True,cifar10_shufflenetv2_x0_5,0.4778270423412323,0.42580586671829224,0.30815833806991577,0.17635151743888855,2.0,0.04359645105581203,0,0.2534993290901184,0.8931999999982136,0.9965999999980067,0.30986782908439636,0.01851007342338562,0.01852797158062458,0.0057176947593688965,0.2539994716644287,2.0,0.01851673670198376,0,0.359086811542511,0.9422888888886796,0.9999555555553334,0.0034041195176541805
"shufflenetv2_x1_5-reg:5,lamb:0.01",0.0005,5,0.01,0,42297269_13,True,cifar10_shufflenetv2_x1_5,0.6317000985145569,0.059890154749155045,1.0352116078138351e-05,0.3237046003341675,0.009999999776482582,0.0321388349707663,0,0.4826468825340271,0.918999999998162,0.9963999999980072,0.2072332501411438,0.006104081869125366,0.003797463374212384,5.660695023834705e-09,0.39666205644607544,0.009999999776482582,0.006105372763886773,0,0.5533768534660339,0.9793999999997824,0.9999777777775556,0.001122760935686529
"shufflenetv2_x0_5-reg:5,lamb:0.1",0.0005,5,0.1,0,42297269_14,True,cifar10_shufflenetv2_x0_5,0.5016920566558838,0.2082233726978302,0.0015699677169322968,0.17032000422477722,0.10000000149011612,0.0468892756615081,0,0.25932228565216064,0.8795999999982408,0.9977999999980044,0.32878851890563965,0.02766912430524826,0.024406781420111656,3.654300235211849e-05,0.2374485433101654,0.10000000149011612,0.02767563354998041,0,0.3327728509902954,0.9180666666664627,0.9996888888886668,0.007316271774470806
"shufflenetv2_x2_0-reg:4,lamb:0.5",0.0005,4,0.5,0,42297269_9,True,cifar10_shufflenetv2_x2_0,1.2238610982894895,0.2295629233121872,0.009466350078582764,0.6220952868461609,0.5,0.03272964310127162,0,0.6981781721115112,0.9397999999981204,0.9973999999980052,0.08397409319877625,0.0001461018982809037,0.00015103720943443477,2.4790497263893485e-06,0.6918028593063354,0.5,0.0001461398751768075,0,0.7231510877609253,0.9995555555553336,0.9999999999997778,2.091427995765116e-05
"shufflenetv2_x2_0-reg:4,lamb:2.0",0.0005,4,2.0,0,42297269_11,True,cifar10_shufflenetv2_x2_0,1.1830655336380005,0.3956383466720581,0.11279988288879396,0.60838383436203,2.0,0.02921309907391326,0,0.6799758672714233,0.9387999999981224,0.9973999999980052,0.07887666672468185,0.00012730078015010804,0.0001472331496188417,2.285870141349733e-05,0.6813673377037048,2.0,0.00012714256058760843,0,0.7189593315124512,0.999822222222,0.9999999999997778,1.2478513781388756e-05
shufflenetv2_x1_0-baseline,0.0005,0,0.0,0,42297321,True,cifar10_shufflenetv2_x1_0,1.0977548360824585,0.00022037621238268912,0.0,0.566137969493866,0.0,0.03182296129680721,0,0.6362779140472412,0.9321999999981356,0.9967999999980064,0.11165152490139008,0.00046498136362060905,3.843492322630482e-06,0.0,0.6365890502929688,0.0,0.0004678393165283774,0,0.7164270877838135,0.9987111111108892,0.9999999999997778,6.883166497573256e-05
"shufflenetv2_x1_0-reg:5,lamb:0.5",0.0005,5,0.5,0,42297269_15,True,cifar10_shufflenetv2_x1_0,0.5280700922012329,0.30021345615386963,0.025306522846221924,0.24955090880393985,0.5,0.03377911702903451,0,0.3502890467643738,0.9165999999981668,0.9973999999980052,0.25229763984680176,0.006513590924441814,0.006517700385302305,0.00012206798419356346,0.3271756172180176,0.5,0.006517429202054307,0,0.8157713413238525,0.9794222222220046,0.9999999999997778,0.001011890941299498
"shufflenetv2_x1_0-reg:5,lamb:1.0",0.0005,5,1.0,0,42297269_16,True,cifar10_shufflenetv2_x1_0,0.5392686724662781,0.36236488819122314,0.08467119932174683,0.2559080123901367,1.0,0.03344512580153,0,0.3641679883003235,0.917999999998164,0.997999999998004,0.25590449571609497,0.0052332342602312565,0.005242486950010061,0.0003694952465593815,0.3429284393787384,1.0,0.005233751559353831,0,0.49903833866119385,0.9832888888886704,0.9999999999997778,0.0007959947688505054
"shufflenetv2_x2_0-reg:4,lamb:1.0",0.0005,4,1.0,0,42297269_10,True,cifar10_shufflenetv2_x2_0,1.2026758193969729,0.30331024527549744,0.034735679626464844,0.6147271394729614,1.0,0.033065519837893624,0,0.6893288493156433,0.9395999999981208,0.9977999999980044,0.08505792170763016,0.00013934075832366943,0.0001492799783591181,1.1548399925231934e-05,0.687506914138794,1.0,0.0001392126074128601,0,0.7202520370483398,0.9996444444442224,0.9999999999997778,2.4177395971491933e-05
"shufflenetv2_x2_0-reg:5,lamb:0.001",0.0005,5,0.001,0,42297269_12,True,cifar10_shufflenetv2_x2_0,0.6434361338615417,0.01910668238997459,6.596674211323261e-07,0.34207385778427124,0.0010000000474974513,0.029132597878910187,0,0.4347400963306427,0.9257999999981484,0.9973999999980052,0.19169344007968905,0.004627558868378401,0.0011679489398375154,-1.4081251720199361e-07,0.4183959662914276,0.0010000000474974513,0.004628660178226314,0,0.8059866428375244,0.9850444444442256,0.9999999999997778,0.0007896794704720378
"shufflenetv2_x1_0-reg:5,lamb:2.0",0.0005,5,2.0,0,42297269_17,True,cifar10_shufflenetv2_x1_0,0.568981409072876,0.4396739304065704,0.26518821716308594,0.2688833177089691,2.0,0.03619997606665388,0,0.372017502784729,0.9127999999981744,0.9967999999980064,0.2658037841320038,0.004087544046342373,0.004106894135475159,0.0009519588202238084,0.35472166538238525,2.0,0.0040906451326661415,0,0.5265540480613708,0.9879777777775582,0.9999999999997778,0.0005415290361270308
"shufflenetv2_x1_0-reg:5,lamb:0.1",0.0005,5,0.1,0,42297269_14,True,cifar10_shufflenetv2_x1_0,0.5443849563598633,0.17461180686950684,0.0011929534375667572,0.2539501488208771,0.10000000149011612,0.03385477222672138,0,0.3407735228538513,0.9107999999981784,0.9985999999980028,0.25058475136756897,0.008629119955003262,0.008621570654213428,7.466180250048637e-06,0.3359394669532776,0.10000000149011612,0.0086295569935059,0,0.4563762843608856,0.972511111110895,0.9999999999997778,0.0015005443710833788
"shufflenetv2_x2_0-reg:5,lamb:0.01",0.0005,5,0.01,0,42297269_13,True,cifar10_shufflenetv2_x2_0,0.5982738137245178,0.06154622137546539,1.0829884558916092e-05,0.31261423230171204,0.009999999776482582,0.03005878905194095,0,0.4222332835197449,0.9283999999981432,0.9963999999980072,0.2215896397829056,0.004102911334484816,0.002832501428201794,2.1114828996360305e-08,0.4002908170223236,0.009999999776482582,0.00410243863512905,0,0.8122830390930176,0.987555555555336,0.9999999999997778,0.0006900331936776638
shufflenetv2_x1_5-baseline,0.0005,0,0.0,0,42297321,True,cifar10_shufflenetv2_x1_5,1.1823511123657229,0.0002449883322697133,0.0,0.6059632897377014,0.0,0.03166882450040237,0,0.6857022047042847,0.938999999998122,0.997999999998004,0.0909375622868538,0.00026061301468871534,8.457589501631446e-06,0.0,0.6754710674285889,0.0,0.00026222816130843485,0,0.7201441526412964,0.9992222222220002,0.9999999999997778,3.812209615716711e-05
"shufflenetv2_x1_5-reg:5,lamb:0.5",0.0005,5,0.5,0,42297269_15,True,cifar10_shufflenetv2_x1_5,0.5990805625915527,0.2761545777320862,0.020534276962280273,0.31577268242836,0.5,0.03038379352883233,0,0.4080350399017334,0.926999999998146,0.9977999999980044,0.2029188722372055,0.003916134592145681,0.003920561634004116,6.979214958846569e-05,0.3952808380126953,0.5,0.003919484764604315,0,0.5459679365158081,0.987133333333114,0.9999999999997778,0.0005751122371293604
"shufflenetv2_x1_5-reg:5,lamb:1.0",0.0005,5,1.0,0,42297269_16,True,cifar10_shufflenetv2_x1_5,0.622356116771698,0.3698602020740509,0.07602185010910034,0.31974413990974426,1.0,0.03130468035414203,0,0.4284243881702423,0.9233999999981533,0.9975999999980047,0.22176039218902588,0.00281089567579329,0.0028204431291669607,0.00017875456251204014,0.399824321269989,1.0,0.0028155069159654387,0,0.5829818248748779,0.9914666666664465,0.9999999999997778,0.00038284866604954
"shufflenetv2_x1_5-reg:5,lamb:2.0",0.0005,5,2.0,0,42297269_17,True,cifar10_shufflenetv2_x1_5,0.6483917236328125,0.4463757574558258,0.23097467422485352,0.345337450504303,2.0,0.030390508737120982,0,0.4595310091972351,0.9307999999981384,0.9973999999980052,0.2111387699842453,0.0018023218726739287,0.0018219714984297752,0.0003669194411486387,0.42393505573272705,2.0,0.001803153776264884,0,0.636192798614502,0.9949777777775568,0.9999999999997778,0.00020408976706676185
"shufflenetv2_x1_5-reg:5,lamb:0.1",0.0005,5,0.1,0,42297269_14,True,cifar10_shufflenetv2_x1_5,0.5947017669677734,0.16663561761379242,0.00106048583984375,0.3052736222743988,0.10000000149011612,0.03133180046750127,0,0.400513231754303,0.9241999999981516,0.9975999999980047,0.2221321761608124,0.005393706262111664,0.00539399916306138,4.3593463487923145e-06,0.38039299845695496,0.10000000149011612,0.005394359687777566,0,0.5390875339508057,0.9821777777775595,0.9999999999997778,0.0009051071247085928
shufflenetv2_x2_0-baseline,0.0005,0,0.0,0,42297321,True,cifar10_shufflenetv2_x2_0,1.2105792760849,0.00031769185443408787,0.0,0.6228154897689819,0.0,0.030219735841989427,0,0.6921350955963135,0.9433999999981132,0.9973999999980052,0.07847552001476288,0.0001924196258187294,5.668131507263752e-06,0.0,0.6908782720565796,0.0,0.0001921804686056468,0,0.8160679340362549,0.9994222222220002,0.9999999999997778,3.015293987118639e-05
"shufflenetv2_x2_0-reg:5,lamb:0.5",0.0005,5,0.5,0,42297269_15,True,cifar10_shufflenetv2_x2_0,0.6535767912864685,0.27298703789711,0.01909777522087097,0.3587934970855713,0.5,0.027158757565002193,0,0.47014757990837097,0.9343999999981312,0.9977999999980044,0.1887970864772797,0.002413802780210972,0.002418422605842352,4.341872408986091e-05,0.4431825280189514,0.5,0.002414668604725991,0,0.5957880020141602,0.9923999999997796,0.9999999999997778,0.0003569824039004743
"shufflenetv2_x2_0-reg:5,lamb:1.0",0.0005,5,1.0,0,42297269_16,True,cifar10_shufflenetv2_x2_0,0.6674625873565674,0.3276899755001068,0.06073927879333496,0.3726216554641723,1.0,0.026486157892067312,0,0.46650832891464233,0.9375999999981248,0.9975999999980047,0.17544502019882202,0.0017085836734622717,0.001718265120871365,9.973510168492794e-05,0.4533035159111023,1.0,0.001706975257285688,0,0.6104831695556641,0.99511111111089,0.9999999999997778,0.0002108645858243108
"shufflenetv2_x2_0-reg:5,lamb:2.0",0.0005,5,2.0,0,42297269_17,True,cifar10_shufflenetv2_x2_0,0.6816965937614441,0.44778475165367126,0.21628272533416748,0.3682697713375091,2.0,0.02775579745424792,0,0.4653308093547821,0.9293999999981412,0.9977999999980044,0.1867789477109909,0.0011599421268329024,0.0011797138722613454,0.0002361058723181486,0.4649297595024109,2.0,0.00115920227643073,0,0.6269090175628662,0.9968666666664452,0.9999999999997778,0.00013090007996652275
"shufflenetv2_x2_0-reg:5,lamb:0.1",0.0005,5,0.1,0,42297269_14,True,cifar10_shufflenetv2_x2_0,0.6190024018287659,0.15671178698539734,0.000976666808128357,0.3260171115398407,0.10000000149011612,0.029573534414286565,0,0.39490756392478943,0.9263999999981472,0.9967999999980064,0.20449790358543396,0.0037853512912988663,0.003785808803513646,3.741122782230377e-06,0.41789373755455017,0.10000000149011612,0.003782544438631344,0,0.5823709964752197,0.9877111111108916,0.9999999999997778,0.000606167537625879
"vgg11_bn-reg:5,lamb:2.0",0.0005,5,2.0,1,42305016_17,True,cifar10_vgg11_bn,0.3234829008579254,0.3234923779964447,0.5537222027778625,0.05036987364292145,2.0,0.3182532130080639,0,0.711797297000885,0.9281999999981436,0.9957999999980084,1.7397807836532593,0.004090187605470419,0.004096635151654482,0.0030944300815463066,0.0017394529422745109,2.0,0.00408745958712487,0,0.3501410484313965,0.9992888888886668,0.9999999999997778,0.006368487142026424
"vgg11_bn-reg:5,lamb:1.0",0.0005,5,1.0,1,42305016_16,True,cifar10_vgg11_bn,0.32997792959213257,0.3299780488014221,0.2485827803611755,0.051566217094659805,1.0,0.3266177369511206,0,0.37128594517707825,0.9255999999981488,0.9973999999980052,1.7930034399032593,0.004400615114718676,0.004397606942802668,0.001014117617160082,0.0019368852954357865,1.0,0.004397714702130866,0,0.2326519787311554,0.9990444444442224,0.9999999999997778,0.0035972825717180967
"vgg11_bn-reg:4,lamb:0.01",0.0005,4,0.01,1,42305016_7,True,cifar10_vgg11_bn,0.333853155374527,0.16704007983207703,8.840975351631641e-05,0.049610696732997894,0.009999999776482582,0.3277380338162621,0,0.34865251183509827,0.9283999999981432,0.9945999999980109,1.79913067817688,0.001837966381572187,0.0012863066513091326,2.5985173124354333e-07,0.0009196551982313396,0.009999999776482582,0.0018393547411701136,0,0.08247160911560059,0.999622222222,0.9999999999997778,0.0009353896602988244
"vgg11_bn-reg:4,lamb:0.001",0.0005,4,0.001,1,42305016_6,True,cifar10_vgg11_bn,0.3312327563762665,0.05786396563053131,1.2614764273166656e-06,0.04903546720743179,0.0010000000474974513,0.32707701607085937,0,0.37252408266067505,0.9285999999981428,0.9971999999980056,1.7984917163848877,0.0018884096061810851,0.0009095462155528368,9.347353397970436e-07,0.0009677150519564748,0.0010000000474974513,0.001888111629812928,0,0.2139054834842682,0.9996888888886668,0.9999999999997778,0.0012986476067453625
"vgg11_bn-reg:3,lamb:2.0",0.0005,3,2.0,1,42305016_5,True,cifar10_vgg11_bn,2.3026278018951416,0.006192964967340231,3.528594970703125e-05,0.003618001937866211,2.0,2.3026327836921285,0,0.003618001937866211,0.096999999999806,0.4965999999990069,1.745999361446593e-05,2.3025903701782227,0.006161866243928671,3.528594970703125e-05,0.00026313215494155884,2.0,2.3025896466637503,0,0.00026313215494155884,0.10033333333331104,0.5003777777776666,1.756347410264425e-05
"vgg11_bn-reg:4,lamb:2.0",0.0005,4,2.0,1,42305016_11,True,cifar10_vgg11_bn,0.3459872901439667,0.34599417448043823,0.597902238368988,0.05423923581838608,2.0,0.34202622456138587,0,0.31480705738067627,0.9253999999981491,0.9967999999980064,1.916197657585144,0.0021373643539845943,0.0021413397043943405,0.0012573031708598137,0.001058582914993167,2.0,0.0021436068040307315,0,0.6767576932907104,0.9996444444442224,0.9999999999997778,0.0017401702934876084
"vgg11_bn-reg:4,lamb:0.1",0.0005,4,0.1,1,42305016_8,True,cifar10_vgg11_bn,0.3438807427883148,0.34118613600730896,0.007655628025531769,0.05437561869621277,0.10000000149011612,0.3421785233694076,0,0.30978554487228394,0.9245999999981508,0.9961999999980076,1.8789846897125244,0.0018147190567106009,0.0016271515050902965,4.088476998731494e-06,0.0010425748769193888,0.10000000149011612,0.00181401485040404,0,0.14488190412521362,0.9996888888886668,0.9999999999997778,0.0007015506271272898
"vgg11_bn-reg:5,lamb:0.5",0.0005,5,0.5,1,42305016_15,True,cifar10_vgg11_bn,0.33659645915031433,0.33658358454704285,0.10053680837154388,0.05277727544307709,0.5,0.3316579675506265,0,0.2984467148780823,0.92499999999815,0.9965999999980067,1.8031076192855835,0.007198920473456383,0.007173316087573767,0.0007603717967867851,0.002164378995075822,0.5,0.007196457616295499,0,0.16155028343200684,0.9982222222220004,0.9999999999997778,0.009565591812133787
"vgg11_bn-reg:3,lamb:0.5",0.0005,3,0.5,1,42305016_3,True,cifar10_vgg11_bn,0.3151809871196747,0.31457915902137756,0.06724320352077484,0.03643957898020744,0.5,0.3141122056463382,0,0.1836870312690735,0.898999999998202,0.9957999999980084,0.9567855000495912,0.13101863861083984,0.129825621843338,0.017864704132080078,0.015909459441900253,0.5,0.13101466439597287,0,0.1859314739704132,0.9586666666664536,0.9991555555553336,0.2202903777360916
"vgg11_bn-reg:4,lamb:1.0",0.0005,4,1.0,1,42305016_10,True,cifar10_vgg11_bn,0.3352053761482239,0.33520278334617615,0.25373393297195435,0.05295416712760925,1.0,0.33187615035271767,0,0.30235156416893005,0.9253999999981491,0.996999999998006,1.8382747173309328,0.0020286121871322393,0.002022950677201152,0.00033297925256192684,0.001146873226389289,1.0,0.002029020975450845,0,0.7091511487960815,0.999622222222,0.9999999999997778,0.0010022508213296533
"vgg11_bn-reg:5,lamb:0.1",0.0005,5,0.1,1,42305016_14,True,cifar10_vgg11_bn,0.3278350234031677,0.32228636741638184,0.006592746824026108,0.05342034995555878,0.10000000149011612,0.32373736186529956,0,0.27859699726104736,0.9205999999981588,0.996999999998006,1.600216269493103,0.016853416338562965,0.016237135976552963,0.00011750112753361464,0.0028624855913221836,0.10000000149011612,0.01683863102288661,0,0.13112199306488037,0.994799999999779,0.9999555555553334,0.025838777422904968
"vgg11_bn-reg:4,lamb:0.5",0.0005,4,0.5,1,42305016_9,True,cifar10_vgg11_bn,0.35452258586883545,0.35450369119644165,0.1063956618309021,0.05837085098028183,0.5,0.35019009244813876,0,0.7080596685409546,0.9191999999981616,0.9963999999980072,1.9047142267227173,0.0020219767466187477,0.001994283637031913,0.0001173955388367176,0.0011847305577248337,0.5,0.0020228897707064773,0,0.4961383640766144,0.9996888888886668,0.9999999999997778,0.0013295764802023768
"vgg11_bn-reg:5,lamb:0.001",0.0005,5,0.001,1,42305016_12,True,cifar10_vgg11_bn,0.31149545311927795,0.05086181312799454,5.976180545985699e-07,0.049867287278175354,0.0010000000474974513,0.3083573272772617,0,0.30662810802459717,0.9187999999981624,0.9965999999980067,1.3940619230270386,0.03616556525230408,0.011589519679546356,8.796196198090911e-07,0.0028804331086575985,0.0010000000474974513,0.03615193770442656,0,0.07376696169376373,0.989577777777558,0.9996888888886668,0.08496837317943573
"vgg11_bn-reg:3,lamb:1.0",0.0005,3,1.0,1,42305016_4,True,cifar10_vgg11_bn,0.31931692361831665,0.3193117678165436,0.2102060914039612,0.04659731313586235,1.0,0.31821564420048076,0,0.2343350052833557,0.9091999999981816,0.9955999999980089,1.2170637845993042,0.0729781836271286,0.0729532465338707,0.02914254367351532,0.010953597724437714,1.0,0.07296690719041572,0,0.8061997294425964,0.9781111111108938,0.9994444444442224,0.12453765422105788
"vgg11_bn-reg:3,lamb:0.01",0.0005,3,0.01,1,42305016_1,True,cifar10_vgg11_bn,2.3028271198272705,0.001501652062870562,8.512288331985474e-07,0.0048909857869148254,0.009999999776482582,2.3028431165625065,0,0.0048909857869148254,0.096999999999806,0.4921999999990156,0.00011285312211839482,2.302620649337769,0.0014981565764173863,6.92903995513916e-07,0.0015427619218826294,0.009999999776482582,2.3026195275558954,0,0.0015427619218826294,0.10033333333331104,0.5008666666665554,0.00011239000014029445
"vgg11_bn-reg:3,lamb:0.1",0.0005,3,0.1,1,42305016_2,True,cifar10_vgg11_bn,2.3028030395507812,0.004379054065793753,3.725290298461914e-07,0.004751831293106079,0.10000000149011612,2.3028192389418214,0,0.004751831293106079,0.096999999999806,0.4921999999990156,9.731246245792136e-05,2.302614688873291,0.004367344547063112,6.258487701416016e-07,0.00143451988697052,0.10000000149011612,2.302613657853036,0,0.00143451988697052,0.10033333333331104,0.5008666666665554,9.689146827440708e-05
"vgg11_bn-reg:5,lamb:0.01",0.0005,5,0.01,1,42305016_13,True,cifar10_vgg11_bn,0.3116626739501953,0.1471112221479416,6.868364289402962e-05,0.049997396767139435,0.009999999776482582,0.308143484438366,0,0.3150450587272644,0.9203999999981592,0.9957999999980084,1.3965247869491575,0.032921478152275085,0.024354493245482445,4.011846613138914e-06,0.002496933564543724,0.009999999776482582,0.032896172607946104,0,0.8017922639846802,0.989777777777558,0.9997555555553336,0.07140710204839706
"vgg11_bn-reg:3,lamb:0.001",0.0005,3,0.001,1,42305016_0,True,cifar10_vgg11_bn,2.3028297424316406,0.0004788290825672448,-2.938322722911835e-07,0.0048983097076416016,0.0010000000474974513,2.302845631878515,0,0.0048983097076416016,0.096999999999806,0.4921999999990156,0.00011461567919468509,2.302621603012085,0.0004776193236466497,4.516914486885071e-07,0.0015503987669944763,0.0010000000474974513,2.302620217073263,0,0.0015503987669944763,0.10033333333331104,0.5008666666665554,0.00011414894834160803
vgg11_bn-baseline,0.0005,0,0.0,1,42305041,True,cifar10_vgg11_bn,0.3435607850551605,0.004430205561220646,0.0,0.05261054262518883,0.0,0.3409906005644538,0,0.2504427433013916,0.9263999999981472,0.9965999999980067,1.9056425094604492,0.0019336285768076775,4.306657865527086e-05,0.0,0.0010397578589618206,0.0,0.00193383146909095,0,0.48120567202568054,0.9996666666664444,0.9999999999997778,0.0012097583385184407
"vgg13_bn-reg:4,lamb:0.5",0.0005,4,0.5,1,42305016_9,True,cifar10_vgg13_bn,0.27645736932754517,0.276429146528244,0.08543422818183899,0.040727648884058,0.5,0.27656029039204383,0,0.30347323417663574,0.9415999999981168,0.9983999999980032,1.5684280395507812,0.001504033338278532,0.0014631072990596294,4.3436652049422264e-05,0.00100942375138402,0.5,0.001503312725697381,0,0.47088250517845154,0.999799999999778,0.9999999999997778,0.00040282870759256184
"vgg13_bn-reg:3,lamb:0.01",0.0005,3,0.01,1,42305016_1,True,cifar10_vgg13_bn,2.3028857707977295,0.0013975425390526652,4.842877388000488e-07,0.006203770637512207,0.009999999776482582,2.302873157303458,0,0.006203770637512207,0.0951999999998096,0.491999999999016,0.00010005196963902564,2.3026065826416016,0.001389172044582665,5.569308996200562e-07,0.0008537620306015015,0.009999999776482582,2.3026074264583554,0,0.0008537620306015015,0.100533333333311,0.5008888888887776,9.890252840705216e-05
"vgg13_bn-reg:5,lamb:1.0",0.0005,5,1.0,1,42305016_16,True,cifar10_vgg13_bn,0.28054091334342957,0.28053998947143555,0.2143854796886444,0.045105669647455215,1.0,0.28078629658487997,0,0.28255948424339294,0.9395999999981208,0.9975999999980047,1.589145302772522,0.003023098921403289,0.003018134273588658,0.0006665696855634451,0.0013727881014347076,1.0,0.0030207519182298506,0,0.19444388151168823,0.999399999999778,0.9999999999997778,0.00227972655557096
"vgg13_bn-reg:5,lamb:2.0",0.0005,5,2.0,1,42305016_17,True,cifar10_vgg13_bn,0.26889878511428833,0.2689073383808136,0.46284449100494385,0.04090461879968643,2.0,0.26769271256056015,0,0.3612253665924072,0.9421999999981155,0.9973999999980052,1.5019069910049438,0.002682111691683531,0.002687026048079133,0.0017660101875662804,0.0012564911739900708,2.0,0.0026823973710929064,0,0.4428153932094574,0.9994444444442224,0.9999999999997778,0.0026105884462594986
"vgg13_bn-reg:5,lamb:0.001",0.0005,5,0.001,1,42305016_12,True,cifar10_vgg13_bn,0.26487722992897034,0.04815216362476349,7.094931788742542e-07,0.0418357327580452,0.0010000000474974513,0.26359628239505256,0,0.3100065588951111,0.93499999999813,0.9973999999980052,1.260557770729065,0.021396348252892498,0.008119555190205574,4.155153874307871e-07,0.002579347463324666,0.0010000000474974513,0.02137943782817424,0,0.3386653959751129,0.9939777777775568,0.9998666666664444,0.04487012326717377
"vgg13_bn-reg:3,lamb:0.1",0.0005,3,0.1,1,42305016_2,True,cifar10_vgg13_bn,2.302867889404297,0.004013301804661751,1.1473894119262695e-06,0.006051056087017059,0.10000000149011612,2.3028584111143484,0,0.006051056087017059,0.0951999999998096,0.491999999999016,8.928476745495573e-05,2.3026022911071777,0.003979140426963568,1.3113021850585938e-06,0.0007184520363807678,0.10000000149011612,2.302603136278583,0,0.0007184520363807678,0.100533333333311,0.5008888888887776,8.799656643532217e-05
"vgg13_bn-reg:4,lamb:0.1",0.0005,4,0.1,1,42305016_8,True,cifar10_vgg13_bn,0.25578388571739197,0.2549101412296295,0.005613217130303383,0.0394059419631958,0.10000000149011612,0.25617664145535435,0,0.2612628936767578,0.9417999999981164,0.9977999999980044,1.3814647197723389,0.0013528994750231504,0.0011322135105729103,1.775537384673953e-06,0.0009285538690164684,0.10000000149011612,0.0013520959211639444,0,0.2428746223449707,0.9998444444442224,0.9999999999997778,0.00029661462758667767
"vgg13_bn-reg:4,lamb:0.01",0.0005,4,0.01,1,42305016_7,True,cifar10_vgg13_bn,0.2859662175178528,0.15497468411922455,7.874774746596813e-05,0.04550747200846672,0.009999999776482582,0.28573434189576424,0,0.32125285267829895,0.9373999999981252,0.9973999999980052,1.594619870185852,0.0014173627132549882,0.0008844214607961476,8.221868483815342e-07,0.0009674642933532596,0.009999999776482582,0.0014163332928320911,0,0.4685248136520386,0.9998666666664444,0.9999999999997778,0.0007511128205806017
"vgg13_bn-reg:5,lamb:0.01",0.0005,5,0.01,1,42305016_13,True,cifar10_vgg13_bn,0.26866966485977173,0.13994671404361725,6.409245543181896e-05,0.04236298054456711,0.009999999776482582,0.2678870199771405,0,0.7213767766952515,0.9365999999981268,0.9977999999980044,1.2923868894577026,0.023515082895755768,0.018743116408586506,3.4080003388226032e-06,0.0021749516017735004,0.009999999776482582,0.023491929783950205,0,0.7162607908248901,0.9934444444442238,0.9998444444442224,0.05680814012885094
"vgg13_bn-reg:3,lamb:2.0",0.0005,3,2.0,1,42305016_5,True,cifar10_vgg13_bn,0.2793455123901367,0.2793559432029724,0.4644947052001953,0.045979324728250504,2.0,0.28059764341391186,0,0.2722039222717285,0.9293999999981412,0.9967999999980064,1.355326771736145,0.01820656657218933,0.018212826922535896,0.01713460683822632,0.004594634287059307,2.0,0.018194476190439245,0,0.6508727669715881,0.9951777777775568,0.9999333333331112,0.028266314417123795
"vgg13_bn-reg:5,lamb:0.1",0.0005,5,0.1,1,42305016_14,True,cifar10_vgg13_bn,0.2787396013736725,0.27695155143737793,0.005862204357981682,0.04569375887513161,0.10000000149011612,0.2786939597226468,0,0.3389601707458496,0.9347999999981303,0.9963999999980072,1.4341593980789185,0.008843519724905491,0.008461377583444118,5.1794282626360655e-05,0.0027269560378044844,0.10000000149011612,0.008834844817095946,0,0.20244070887565613,0.997866666666445,0.9999999999997778,0.011261415667831898
"vgg13_bn-reg:3,lamb:0.5",0.0005,3,0.5,1,42305016_3,True,cifar10_vgg13_bn,0.27764084935188293,0.27750441431999207,0.06653477251529694,0.033967431634664536,0.5,0.27692104713183746,0,0.1911662220954895,0.9197999999981604,0.9957999999980084,1.0717577934265137,0.08925442397594452,0.08885029703378677,0.011991523206233978,0.012740585021674631,0.5,0.08924794693986349,0,0.13343900442123413,0.9722222222220064,0.9993555555553336,0.14751435816287994
"vgg13_bn-reg:4,lamb:1.0",0.0005,4,1.0,1,42305016_10,True,cifar10_vgg13_bn,0.2453511655330658,0.24534444510936737,0.18671640753746033,0.03767503798007965,1.0,0.24435831854940496,0,0.3668544292449951,0.9465999999981068,0.9981999999980036,1.379211664199829,0.0014379501808434725,0.001426702248863876,0.00017719273455440998,0.0009561956976540388,1.0,0.0014370786009098122,0,0.5984734296798706,0.999799999999778,0.9999999999997778,0.0005130809731781483
"vgg13_bn-reg:4,lamb:0.001",0.0005,4,0.001,1,42305016_6,True,cifar10_vgg13_bn,0.2721478343009949,0.054042164236307144,1.3043463695794344e-06,0.04011623933911323,0.0010000000474974513,0.2703849165279774,0,0.3408752977848053,0.942999999998114,0.9971999999980056,1.588930606842041,0.0014836469199508429,0.0006086314097046852,5.299725671648048e-07,0.0008972466457635164,0.0010000000474974513,0.0014826495160527578,0,0.5127531290054321,0.9997777777775556,0.9999999999997778,0.0005398184875957668
"vgg13_bn-reg:3,lamb:1.0",0.0005,3,1.0,1,42305016_4,True,cifar10_vgg13_bn,0.2790040969848633,0.2790023386478424,0.19104766845703125,0.042846452444791794,1.0,0.27942996458148783,0,0.7054876089096069,0.9245999999981508,0.9971999999980056,1.245142102241516,0.04005435109138489,0.040044449269771576,0.014936476945877075,0.008253605104982853,1.0,0.04003756012095573,0,0.10479798913002014,0.988555555555336,0.999799999999778,0.0633612871170044
"vgg13_bn-reg:5,lamb:0.5",0.0005,5,0.5,1,42305016_15,True,cifar10_vgg13_bn,0.2717898488044739,0.27177947759628296,0.08050265908241272,0.04537828639149666,0.5,0.26990488754128655,0,0.3854868710041046,0.9357999999981284,0.9963999999980072,1.4358948469161987,0.004412287846207619,0.004386381711810827,0.0004218192771077156,0.0015942230820655825,0.5,0.0044086506615523165,0,0.3621523082256317,0.9988666666664447,0.9999999999997778,0.005197527818381786
"vgg13_bn-reg:4,lamb:2.0",0.0005,4,2.0,1,42305016_11,True,cifar10_vgg13_bn,0.2763935923576355,0.2763979136943817,0.479117751121521,0.043374836444854736,2.0,0.27605557651426066,0,0.3799271285533905,0.9407999999981184,0.9977999999980044,1.5729650259017944,0.0013575076591223478,0.0013589736772701144,0.0004948615096509457,0.000975112954620272,2.0,0.001356751387081257,0,0.477117657661438,0.9999333333331112,0.9999999999997778,0.0005811424925923347
"vgg13_bn-reg:3,lamb:0.001",0.0005,3,0.001,1,42305016_0,True,cifar10_vgg13_bn,2.302887439727783,0.0004482317599467933,-2.3585744202136993e-07,0.0062117502093315125,0.0010000000474974513,2.3028744566847137,0,0.0062117502093315125,0.0951999999998096,0.491999999999016,0.00010123221727553756,2.30260705947876,0.0004458836338017136,4.372559487819672e-07,0.0008615106344223022,0.0010000000474974513,2.302607788150177,0,0.0008615106344223022,0.100533333333311,0.5008888888887776,0.00010010333789978176
vgg13_bn-baseline,0.0005,0,0.0,1,42305041,True,cifar10_vgg13_bn,0.2768397033214569,0.0035105724819004536,0.0,0.04248525947332382,0.0,0.27758164466449475,0,0.28094783425331116,0.9411999999981177,0.9973999999980052,1.5787599086761477,0.0012969684321433306,1.7199583453475498e-05,0.0,0.000894790340680629,0.0,0.0012961298364486211,0,0.5613704919815063,0.9998666666664444,0.9999999999997778,0.0003029748040717095
"vgg16_bn-reg:3,lamb:0.01",0.0005,3,0.01,1,42305016_1,True,cifar10_vgg16_bn,2.3028147220611572,0.0013623578706756234,7.264316082000732e-07,0.0006405264139175415,0.009999999776482582,2.3028419602323984,0,0.0006405264139175415,0.1007999999997984,0.4923999999990152,9.310327004641294e-05,2.3026111125946045,0.001357385073788464,5.997717380523682e-07,0.0015966296195983889,0.009999999776482582,2.302610767027765,0,0.0015966296195983889,0.09991111111108893,0.5008444444443332,9.25004278542474e-05
"vgg16_bn-reg:4,lamb:0.1",0.0005,4,0.1,1,42305016_8,True,cifar10_vgg16_bn,0.33597245812416077,0.3356667459011078,0.008688222616910934,0.04887643828988075,0.10000000149011612,0.3365765353844518,0,0.4103288948535919,0.9393999999981212,0.9961999999980076,2.1779181957244873,0.0013819499872624874,0.001078579341992736,3.726934664882719e-06,0.0007421941263601184,0.10000000149011612,0.0013823018111535012,0,0.4040760695934296,0.9997333333331112,0.9999999999997778,0.0007990177255123854
"vgg16_bn-reg:4,lamb:0.5",0.0005,4,0.5,1,42305016_9,True,cifar10_vgg16_bn,0.32344046235084534,0.32338955998420715,0.10569663345813753,0.050091054290533066,0.5,0.32513944937423067,0,0.3602009415626526,0.9367999999981264,0.9965999999980067,2.0210299491882324,0.0013737301342189312,0.001285524107515812,7.365248166024685e-05,0.0007523487438447773,0.5,0.001378661274847515,0,0.5019034743309021,0.999822222222,0.9999999999997778,0.000877822283655405
"vgg16_bn-reg:3,lamb:0.1",0.0005,3,0.1,1,42305016_2,True,cifar10_vgg16_bn,1.278587818145752,0.2976154088973999,0.0026499032974243164,0.06962937116622925,0.10000000149011612,1.279250633076958,0,0.28605103492736816,0.4755999999990488,0.966999999998066,0.5499430298805237,1.3134571313858032,0.3276829719543457,0.003350228071212769,0.06342104077339172,0.10000000149011612,1.3134289281543152,0,0.09811815619468688,0.4758888888887832,0.9601555555553424,0.7110124826431274
"vgg16_bn-reg:5,lamb:1.0",0.0005,5,1.0,1,42305016_16,True,cifar10_vgg16_bn,0.2911730110645294,0.2911679744720459,0.22654440999031067,0.04368036612868309,1.0,0.29545987680682556,0,0.2710403800010681,0.9417999999981164,0.9965999999980067,1.7173126935958862,0.0030930419452488422,0.003079915652051568,0.0007622619159519672,0.0013722358271479609,1.0,0.003091625247996278,0,0.5151143074035645,0.9993555555553336,0.9999999999997778,0.003176815574988723
"vgg16_bn-reg:5,lamb:0.001",0.0005,5,0.001,1,42305016_12,True,cifar10_vgg16_bn,0.2811707556247711,0.05031821504235267,7.904891390353441e-07,0.043807025998830795,0.0010000000474974513,0.2825872546511582,0,0.3327060341835022,0.9337999999981323,0.9975999999980047,1.3704653978347778,0.024513505399227142,0.009297264739871023,6.716509233228862e-07,0.002519789384678006,0.0010000000474974513,0.024504849287633027,0,0.13328120112419128,0.9929777777775572,0.9997333333331112,0.05865282192826271
"vgg16_bn-reg:5,lamb:2.0",0.0005,5,2.0,1,42305016_17,True,cifar10_vgg16_bn,0.30773577094078064,0.3077404201030731,0.5406205058097839,0.04645101726055145,2.0,0.3126997104213765,0,0.367061585187912,0.9393999999981212,0.9971999999980056,1.8721741437911987,0.002460574498400092,0.0024612569250166416,0.0016118991188704967,0.0011752367718145251,2.0,0.0024620095945802876,0,0.28609609603881836,0.9995555555553336,0.9999999999997778,0.0022212625481188297
"vgg16_bn-reg:5,lamb:0.01",0.0005,5,0.01,1,42305016_13,True,cifar10_vgg16_bn,0.2932295799255371,0.14795374870300293,6.936537101864815e-05,0.047202423214912415,0.009999999776482582,0.2939441970011125,0,0.2999074161052704,0.930999999998138,0.9971999999980056,1.4151227474212646,0.02239154651761055,0.018082749098539352,2.66302959062159e-06,0.002166671911254525,0.009999999776482582,0.02237721771901244,0,0.2789050340652466,0.9939111111108904,0.9997777777775556,0.053377650678157806
"vgg16_bn-reg:4,lamb:0.01",0.0005,4,0.01,1,42305016_7,True,cifar10_vgg16_bn,0.32716265320777893,0.18074533343315125,0.00010542781092226504,0.048069216310977936,0.009999999776482582,0.32659358887435996,0,0.4056004285812378,0.9417999999981164,0.997999999998004,2.14113187789917,0.0013747592456638813,0.0007508143316954374,3.961522452300415e-07,0.0007794302073307335,0.009999999776482582,0.001374440503411154,0,0.5670928955078125,0.999822222222,0.9999999999997778,0.0009917747229337692
"vgg16_bn-reg:5,lamb:0.1",0.0005,5,0.1,1,42305016_14,True,cifar10_vgg16_bn,0.29047104716300964,0.28878846764564514,0.0063401199877262115,0.045405276119709015,0.10000000149011612,0.2909933502262217,0,0.3222588300704956,0.9357999999981284,0.9961999999980076,1.563197374343872,0.010514369234442713,0.010112118907272816,8.345756214112043e-05,0.001979109598323703,0.10000000149011612,0.010506620900558277,0,0.29896822571754456,0.9970888888886674,0.9999555555553334,0.018618151545524597
"vgg16_bn-reg:4,lamb:1.0",0.0005,4,1.0,1,42305016_10,True,cifar10_vgg16_bn,0.3033429682254791,0.3033129870891571,0.24034038186073303,0.046287354081869125,1.0,0.3086205600149097,0,0.3266066312789917,0.9405999999981188,0.9963999999980072,1.8789273500442505,0.0014211705420166254,0.0013816861901432276,0.0002138188574463129,0.0008215770358219743,1.0,0.0014203469624031095,0,0.45396965742111206,0.9998444444442224,0.9999999999997778,0.0007168831652961671
"vgg16_bn-reg:3,lamb:0.5",0.0005,3,0.5,1,42305016_3,True,cifar10_vgg16_bn,2.3027539253234863,0.007191196084022522,6.9141387939453125e-06,0.006087467074394226,0.5,2.3027773845602812,0,0.006087467074394226,0.0951999999998096,0.4911999999990176,5.355007670004852e-05,2.302596092224121,0.007189877796918154,7.152557373046875e-06,0.0007499083876609802,0.5,2.3025957439479803,0,0.0007499083876609802,0.100533333333311,0.5009777777776665,5.38973617949523e-05
"vgg16_bn-reg:4,lamb:0.001",0.0005,4,0.001,1,42305016_6,True,cifar10_vgg16_bn,0.3155304491519928,0.06003783270716667,1.7716374713927507e-06,0.04945260286331177,0.0010000000474974513,0.31906160323760013,0,0.39787399768829346,0.9377999999981244,0.9967999999980064,1.9494550228118896,0.001310986466705799,0.0004924769746139646,3.573121603039908e-07,0.0007770981173962355,0.0010000000474974513,0.0013105564548905346,0,0.6921626329421997,0.999799999999778,0.9999999999997778,0.0008203012403100729
"vgg16_bn-reg:3,lamb:2.0",0.0005,3,2.0,1,42305016_5,True,cifar10_vgg16_bn,2.302699565887451,0.01022898405790329,4.76837158203125e-05,0.005845263600349426,2.0,2.3027160633017667,0,0.005845263600349426,0.0951999999998096,0.4923999999990152,2.370963011344429e-05,2.302586078643799,0.010181978344917296,4.9591064453125e-05,0.0005376189947128296,2.0,2.302585569164187,0,0.0005376189947128296,0.100533333333311,0.5008444444443332,2.4326804123120382e-05
"vgg16_bn-reg:3,lamb:1.0",0.0005,3,1.0,1,42305016_4,True,cifar10_vgg16_bn,0.3026652932167053,0.30265793204307556,0.20630508661270144,0.04466710239648819,1.0,0.3029799795125973,0,0.21603667736053467,0.9173999999981652,0.995999999998008,1.3049896955490112,0.05758409947156906,0.05755137652158737,0.022838883101940155,0.009178215637803078,1.0,0.05757346700295832,0,0.26803645491600037,0.9823111111108928,0.999622222222,0.10112665593624116
"vgg16_bn-reg:5,lamb:0.5",0.0005,5,0.5,1,42305016_15,True,cifar10_vgg16_bn,0.3040461540222168,0.30402928590774536,0.0934884548187256,0.04874921217560768,0.5,0.3081825262257324,0,0.3892999291419983,0.9345999999981308,0.996999999998006,1.680585861206055,0.0033926519099622965,0.0033471849747002125,0.0002667681546881795,0.0015645549865439534,0.5,0.0033939402678836317,0,0.6357147693634033,0.9993555555553336,0.9999999999997778,0.003109229728579521
"vgg16_bn-reg:4,lamb:2.0",0.0005,4,2.0,1,42305016_11,True,cifar10_vgg16_bn,0.30241212248802185,0.3024000823497772,0.5336171984672546,0.04584192857146263,2.0,0.30495675265442357,0,0.34147143363952637,0.9413999999981172,0.9973999999980052,1.873257398605347,0.0012915891129523516,0.0012812195345759392,0.0004993998445570469,0.0007718089618720114,2.0,0.0012908574204227269,0,0.5221744775772095,0.999822222222,0.9999999999997778,0.000511390739120543
"vgg16_bn-reg:3,lamb:0.001",0.0005,3,0.001,1,42305016_0,True,cifar10_vgg16_bn,2.302816390991211,0.00043376596295274794,6.46570697426796e-07,0.0006480440497398376,0.0010000000474974513,2.3028436410833804,0,0.0006480440497398376,0.1007999999997984,0.4923999999990152,9.423181472811848e-05,2.3026113510131836,0.00043265626300126314,4.419125616550446e-07,0.001597471535205841,0.0010000000474974513,2.302611017638203,0,0.001597471535205841,0.09991111111108893,0.5008444444443332,9.359810792375356e-05
vgg16_bn-baseline,0.0005,0,0.0,1,42305041,True,cifar10_vgg16_bn,0.31192782521247864,0.004432573914527893,0.0,0.04630535840988159,0.0,0.313661674998332,0,0.29916033148765564,0.9411999999981177,0.996999999998006,1.9870198965072632,0.0012346080038696527,9.495269296166953e-06,0.0,0.0007713268860243261,0.0,0.0012344774694819348,0,0.49355238676071167,0.9998444444442224,0.9999999999997778,0.00042241683695465326
"vgg19_bn-reg:3,lamb:0.01",0.0005,3,0.01,1,42305016_1,True,cifar10_vgg19_bn,2.302724599838257,0.0011840590741485355,-1.73225998878479e-07,0.0061492398381233215,0.009999999776482582,2.302701996605607,0,0.0061492398381233215,0.0951999999998096,0.49499999999901,6.866587500553578e-05,2.302608013153076,0.0011889591114595532,5.699694156646729e-07,0.0008201822638511658,0.009999999776482582,2.302608407225692,0,0.0008201822638511658,0.100533333333311,0.5005555555554444,6.92683897796087e-05
"vgg19_bn-reg:3,lamb:0.1",0.0005,3,0.1,1,42305016_2,True,cifar10_vgg19_bn,2.30271315574646,0.0036005170550197363,9.5367431640625e-07,0.003851063549518585,0.10000000149011612,2.3026905167510288,0,0.003851063549518585,0.0973999999998052,0.49499999999901,6.230430153664201e-05,2.3026061058044434,0.0036119529977440834,6.556510925292969e-07,0.0009628981351852416,0.10000000149011612,2.3026062573945274,0,0.0009628981351852416,0.1002888888888666,0.5005555555554444,6.279838271439075e-05
"vgg19_bn-reg:4,lamb:0.5",0.0005,4,0.5,1,42305016_9,True,cifar10_vgg19_bn,0.3385404646396637,0.33848655223846436,0.112439826130867,0.04900951683521271,0.5,0.3370531937284823,0,0.29377281665802,0.9391999999981216,0.9963999999980072,2.1896910667419434,0.0013399804010987282,0.0012554661370813849,7.680477574467659e-05,0.0007038541371002793,0.5,0.0013391541092112626,0,0.5190381407737732,0.999799999999778,0.9999999999997778,0.0008634648402221501
"vgg19_bn-reg:4,lamb:0.1",0.0005,4,0.1,1,42305016_8,True,cifar10_vgg19_bn,0.34815019369125366,0.34772929549217224,0.00868815928697586,0.05291767045855522,0.10000000149011612,0.34476030451702716,0,0.7255792617797852,0.9353999999981292,0.9955999999980089,2.159550428390503,0.0011825015535578132,0.0008830068400129676,3.8092402974143624e-06,0.0008193438989110291,0.10000000149011612,0.0011822332131973016,0,0.46982210874557495,0.9999111111108888,0.9999999999997778,0.0007837628945708275
"vgg19_bn-reg:5,lamb:1.0",0.0005,5,1.0,1,42305016_16,True,cifar10_vgg19_bn,0.3043808341026306,0.3043723404407501,0.23529189825057983,0.048344314098358154,1.0,0.30250200614109213,0,0.3635661602020264,0.9355999999981288,0.9963999999980072,1.7710763216018677,0.0026664044708013535,0.0026501708198338747,0.0005873944610357285,0.0012478153221309185,1.0,0.002664280932150022,0,0.37295401096343994,0.9994444444442224,0.9999999999997778,0.0020512321498245
"vgg19_bn-reg:5,lamb:2.0",0.0005,5,2.0,1,42305016_17,True,cifar10_vgg19_bn,0.3040555715560913,0.30405285954475403,0.5296876430511475,0.047868259251117706,2.0,0.30574832990379314,0,0.34351933002471924,0.9361999999981276,0.9971999999980056,1.8304483890533447,0.0027345623821020126,0.0027316093910485506,0.0019195489585399628,0.0011572735384106636,2.0,0.0027330462317895466,0,0.3959766626358032,0.9994444444442224,0.9999999999997778,0.003242896404117346
"vgg19_bn-reg:5,lamb:0.001",0.0005,5,0.001,1,42305016_12,True,cifar10_vgg19_bn,0.283516526222229,0.050648391246795654,1.2289383448660374e-06,0.044209688901901245,0.0010000000474974513,0.28376327738878854,0,0.28632742166519165,0.9311999999981376,0.9965999999980067,1.392899990081787,0.028380289673805237,0.010257326997816564,7.237358659040183e-07,0.002136797644197941,0.0010000000474974513,0.02836952276567772,0,0.04927259683609009,0.991933333333113,0.9996444444442224,0.06799246370792389
"vgg19_bn-reg:4,lamb:0.01",0.0005,4,0.01,1,42305016_7,True,cifar10_vgg19_bn,0.3285066485404968,0.18262879550457,0.00010742363519966602,0.04775465279817581,0.009999999776482582,0.3262548951663479,0,0.35778334736824036,0.9413999999981172,0.9963999999980072,2.189286470413208,0.0013108132407069206,0.0007151704630814493,7.103662937879562e-07,0.0007485845126211643,0.009999999776482582,0.001310376518474394,0,0.5606437921524048,0.999799999999778,0.9999999999997778,0.0009656496695242822
"vgg19_bn-reg:5,lamb:0.1",0.0005,5,0.1,1,42305016_14,True,cifar10_vgg19_bn,0.3098483681678772,0.3076329529285431,0.006528813391923904,0.05027516186237335,0.10000000149011612,0.3074443875206095,0,0.28770649433135986,0.9285999999981428,0.9975999999980047,1.586536526679993,0.013787224888801576,0.013309424743056296,0.0001255945535376668,0.001885469537228346,0.10000000149011612,0.013785873017739371,0,0.28862717747688293,0.9961777777775565,0.9998444444442224,0.028465885668992996
"vgg19_bn-reg:5,lamb:0.01",0.0005,5,0.01,1,42305016_13,True,cifar10_vgg19_bn,0.29940348863601685,0.1478634923696518,7.00692180544138e-05,0.04793228954076767,0.009999999776482582,0.2971983811263394,0,0.71280837059021,0.9267999999981464,0.995999999998008,1.4273275136947632,0.026897523552179337,0.02143120765686035,3.853754606097937e-06,0.00195629196241498,0.009999999776482582,0.02689994147042725,0,0.28524050116539,0.9923111111108908,0.9997777777775556,0.06746350973844528
"vgg19_bn-reg:3,lamb:0.5",0.0005,3,0.5,1,42305016_3,True,cifar10_vgg19_bn,0.4216972589492798,0.4156128764152527,0.08068162202835083,0.020133599638938904,0.5,0.4196247724580725,0,0.18926680088043213,0.8655999999982689,0.9881999999980235,1.171642184257507,0.3049450218677521,0.2931542694568634,0.04078580439090729,0.03647539019584656,0.5,0.30499319984453327,0,0.2010403424501419,0.90571111111091,0.9945777777775568,0.48514556884765625
"vgg19_bn-reg:4,lamb:1.0",0.0005,4,1.0,1,42305016_10,True,cifar10_vgg19_bn,0.3205859661102295,0.32055532932281494,0.25366950035095215,0.05009637773036957,1.0,0.3187432376936786,0,0.4918476939201355,0.9367999999981264,0.9965999999980067,1.940584659576416,0.001314542954787612,0.0012810007901862264,0.0002187711652368307,0.0007173128542490304,1.0,0.00131383534600711,0,0.2502737045288086,0.999799999999778,0.9999999999997778,0.0008382410742342472
"vgg19_bn-reg:4,lamb:0.001",0.0005,4,0.001,1,42305016_6,True,cifar10_vgg19_bn,0.33661967515945435,0.0649937093257904,1.8799910321831703e-06,0.04766957461833954,0.0010000000474974513,0.3368308691486393,0,0.3905861973762512,0.93999999999812,0.9965999999980067,2.273162364959717,0.0014018781948834658,0.0006027297349646688,4.4820387756772107e-07,0.0007513303426094353,0.0010000000474974513,0.0014020862885144687,0,0.49323850870132446,0.9998444444442224,0.9999777777775556,0.0013814293779432774
"vgg19_bn-reg:3,lamb:2.0",0.0005,3,2.0,1,42305016_5,True,cifar10_vgg19_bn,0.31364744901657104,0.3136511445045471,0.5173028707504272,0.043975479900836945,2.0,0.3123018293011321,0,0.25039905309677124,0.9241999999981516,0.9951999999980096,1.5000739097595217,0.03785504400730133,0.03785455971956253,0.03949430584907532,0.00746788689866662,2.0,0.037897221837156166,0,0.28824424743652344,0.9898222222220024,0.999799999999778,0.06751009076833725
"vgg19_bn-reg:3,lamb:1.0",0.0005,3,1.0,1,42305016_4,True,cifar10_vgg19_bn,0.34567028284072876,0.34562817215919495,0.2215161919593811,0.036156635731458664,1.0,0.3435819192002908,0,0.14383798837661743,0.9027999999981944,0.9933999999980132,1.4885421991348269,0.12732958793640137,0.12716668844223022,0.05167746543884277,0.01760796457529068,1.0,0.12733715949703223,0,0.18904739618301392,0.9608666666664532,0.9988222222220005,0.21360737085342407
"vgg19_bn-reg:4,lamb:2.0",0.0005,4,2.0,1,42305016_11,True,cifar10_vgg19_bn,0.33594489097595215,0.3359364867210388,0.5968852043151855,0.04801329970359802,2.0,0.3335164746464646,0,0.3637122809886933,0.9383999999981232,0.9947999999980104,2.165595293045044,0.001594817964360118,0.0015882484149187803,0.001168800052255392,0.0007022955105639994,2.0,0.0015955151098175412,0,0.507189154624939,0.9997777777775556,0.9999777777775556,0.0040314700454473495
"vgg19_bn-reg:5,lamb:0.5",0.0005,5,0.5,1,42305016_15,True,cifar10_vgg19_bn,0.30648523569107056,0.3064650893211365,0.09637978672981262,0.04705192893743515,0.5,0.3032321101401034,0,0.3619411587715149,0.936999999998126,0.995999999998008,1.8142739534378052,0.003722101217135787,0.00367319886572659,0.00035710621159523726,0.0014432747848331928,0.5,0.0037193561598413225,0,0.18536528944969177,0.9992444444442224,0.9999777777775556,0.0044869836419820786
"vgg19_bn-reg:3,lamb:0.001",0.0005,3,0.001,1,42305016_0,True,cifar10_vgg19_bn,2.302726030349731,0.0003738964442163706,5.562324076890945e-07,0.006171688437461853,0.0010000000474974513,2.3027034032752227,0,0.006171688437461853,0.0951999999998096,0.49499999999901,6.936684076208621e-05,2.3026084899902344,0.00037529380642808974,4.386529326438904e-07,0.000822708010673523,0.0010000000474974513,2.302608778400071,0,0.000822708010673523,0.100533333333311,0.5005555555554444,6.998292519710958e-05
vgg19_bn-baseline,0.0005,0,0.0,1,42305041,True,cifar10_vgg19_bn,0.33878058195114136,0.0049225762486457825,0.0,0.05105125531554222,0.0,0.3375083973806366,0,0.47117242217063904,0.9365999999981268,0.9955999999980089,2.1427290439605713,0.0012306811986491084,2.13467501453124e-05,0.0,0.0006927544600330293,0.0,0.001230025026263546,0,0.41062819957733154,0.9998666666664444,0.9999999999997778,0.0007517071790061891
"repvgg_a0-reg:3,lamb:0.1",0.0005,3,0.1,1,42305016_2,True,cifar10_repvgg_a0,0.25662532448768616,0.22562603652477264,0.0029326584190130234,0.02119935117661953,0.10000000149011612,0.25754442798135047,0,0.1470072865486145,0.9137999999981724,0.9975999999980047,0.6705036163330078,0.1374092996120453,0.11754482984542848,0.0009483424946665764,0.015150723978877068,0.10000000149011612,0.1373689467094003,0,0.08566468954086304,0.9539555555553436,0.9992666666664448,0.20681551098823547
"repvgg_a0-reg:3,lamb:0.01",0.0005,3,0.01,1,42305016_1,True,cifar10_repvgg_a0,0.2959243655204773,0.10913313925266266,3.718538209795952e-05,0.025358375161886215,0.009999999776482582,0.297955594062839,0,0.16228610277175903,0.8985999999982028,0.9973999999980052,0.7511268258094788,0.19262167811393735,0.07055868953466415,1.6007223166525364e-05,0.014230486005544662,0.009999999776482582,0.19255053801214672,0,0.3101162910461426,0.935999999999792,0.998777777777556,0.32442182302474976
"repvgg_a0-reg:4,lamb:0.1",0.0005,4,0.1,1,42305016_8,True,cifar10_repvgg_a0,0.27433139085769653,0.2733280658721924,0.006562933325767517,0.04094310104846954,0.10000000149011612,0.2780263422529546,0,0.8015860319137573,0.9425999999981148,0.9973999999980052,1.6601417064666748,0.0012565071228891611,0.0009456772240810096,1.6730482457205651e-06,0.0009307950967922808,0.10000000149011612,0.0012564518357923895,0,0.41501933336257935,0.9999333333331112,0.9999999999997778,0.00023474400222767144
"repvgg_a0-reg:5,lamb:1.0",0.0005,5,1.0,1,42305016_16,True,cifar10_repvgg_a0,0.25671684741973877,0.2567111551761627,0.1895362138748169,0.03764555603265762,1.0,0.2632043099577476,0,0.3694268763065338,0.9411999999981177,0.9981999999980036,1.4042786359786987,0.0032359566539525986,0.0032140344846993685,0.00035776756703853607,0.00232435530051589,1.0,0.003234155392236021,0,0.5282784700393677,0.9996666666664444,0.9999999999997778,0.0009861781727522612
"repvgg_a0-reg:5,lamb:2.0",0.0005,5,2.0,1,42305016_17,True,cifar10_repvgg_a0,0.27385950088500977,0.2738645672798157,0.4598503112792969,0.04190588742494583,2.0,0.27731634811602246,0,0.3405419886112213,0.9343999999981312,0.9975999999980047,1.5147148370742798,0.002843237016350031,0.0028399054426699877,0.0007807733491063118,0.0022355527617037296,2.0,0.002842563308153546,0,0.6318908333778381,0.9997777777775556,0.9999999999997778,0.0006155889132060111
"repvgg_a0-reg:4,lamb:0.5",0.0005,4,0.5,1,42305016_9,True,cifar10_repvgg_a0,0.2583760619163513,0.2583419978618622,0.07856413722038269,0.04040859639644623,0.5,0.25914181010879045,0,0.34510737657546997,0.9415999999981168,0.996999999998006,1.5108007192611694,0.00132190459407866,0.001231156289577484,2.6758876629173756e-05,0.000979185220785439,0.5,0.0013227938794022757,0,0.434086799621582,0.9999333333331112,0.9999999999997778,0.00025518814800307155
"repvgg_a0-reg:5,lamb:0.001",0.0005,5,0.001,1,42305016_12,True,cifar10_repvgg_a0,0.2645813524723053,0.04798521474003792,1.367239747196436e-06,0.0369790717959404,0.0010000000474974513,0.26915723667992025,0,0.23551592230796817,0.93499999999813,0.9973999999980052,1.2542660236358645,0.015706514939665794,0.00511658750474453,4.477260517887771e-07,0.005391067825257778,0.0010000000474974513,0.015696319254461622,0,0.37941473722457886,0.9962666666664454,0.9999777777775556,0.01865072175860405
"repvgg_a0-reg:4,lamb:0.01",0.0005,4,0.01,1,42305016_7,True,cifar10_repvgg_a0,0.24647954106330872,0.14365048706531525,7.011881098151207e-05,0.03551459684967995,0.009999999776482582,0.25165256398254543,0,0.33712437748908997,0.947999999998104,0.9977999999980044,1.4322047233581543,0.001060380018316209,0.0004592202021740377,1.1338306649122388e-07,0.0008455172646790743,0.009999999776482582,0.0010619548863831723,0,0.5051182508468628,0.9999999999997778,0.9999999999997778,6.24508029432036e-05
"repvgg_a0-reg:5,lamb:0.01",0.0005,5,0.01,1,42305016_13,True,cifar10_repvgg_a0,0.24012655019760132,0.12991438806056976,5.8087753131985664e-05,0.03388901427388191,0.009999999776482582,0.2444968647032387,0,0.23171257972717285,0.9393999999981212,0.9965999999980067,1.1727838516235352,0.012036998756229876,0.008356289006769657,1.1606898624449968e-06,0.004691540263593197,0.009999999776482582,0.012059427826212978,0,0.15466523170471191,0.9970666666664452,0.9999999999997778,0.010286378674209118
"repvgg_a0-reg:5,lamb:0.1",0.0005,5,0.1,1,42305016_14,True,cifar10_repvgg_a0,0.25544866919517517,0.25199466943740845,0.005239233374595642,0.03870490938425064,0.10000000149011612,0.2599446250688688,0,0.2167929410934448,0.9357999999981284,0.997999999998004,1.2943103313446045,0.008893091231584549,0.008406859822571278,3.5770703107118607e-05,0.004066720139235258,0.10000000149011612,0.008906161197780645,0,0.6135820746421814,0.9980888888886672,0.9999999999997778,0.008057981729507446
"repvgg_a0-reg:3,lamb:2.0",0.0005,3,2.0,1,42305016_5,True,cifar10_repvgg_a0,0.2621602416038513,0.2621646821498871,0.431146502494812,0.03733108192682266,2.0,0.26587844403205213,0,0.2541777491569519,0.9357999999981284,0.9977999999980044,1.3179292678833008,0.00981131847947836,0.009807649068534374,0.005463434383273125,0.005521796178072691,2.0,0.009806076331374765,0,0.18796300888061523,0.9982666666664448,0.9999999999997778,0.005428598262369633
"repvgg_a0-reg:4,lamb:0.001",0.0005,4,0.001,1,42305016_6,True,cifar10_repvgg_a0,0.25333210825920105,0.050199780613183975,6.084737833589315e-07,0.040031734853982925,0.0010000000474974513,0.2560901927412605,0,0.741352379322052,0.941999999998116,0.9977999999980044,1.378251552581787,0.0011477803345769644,0.0003084495256189257,1.941061782417819e-07,0.000839073327369988,0.0010000000474974513,0.001147343008449219,0,0.4687721729278565,0.9999555555553334,0.9999999999997778,0.0001356688153464347
"repvgg_a0-reg:3,lamb:0.5",0.0005,3,0.5,1,42305016_3,True,cifar10_repvgg_a0,0.2409645915031433,0.2408224791288376,0.056445926427841187,0.0326918363571167,0.5,0.24376013266773175,0,0.2808741629123688,0.92499999999815,0.9975999999980047,0.8852282166481018,0.040813833475112915,0.04058276116847992,0.0035039931535720825,0.012928233481943607,0.5,0.040789666498640936,0,0.25191494822502136,0.9882888888886692,0.9999777777775556,0.03646235540509224
"repvgg_a0-reg:4,lamb:1.0",0.0005,4,1.0,1,42305016_10,True,cifar10_repvgg_a0,0.2625519931316376,0.26253944635391235,0.19541046023368835,0.0380999930202961,1.0,0.26506475718477224,0,0.374349445104599,0.9403999999981192,0.9977999999980044,1.506291151046753,0.0014771982096135616,0.0014300685143098235,0.00010295351967215538,0.001148466719314456,1.0,0.0014785092167076052,0,0.5563708543777466,0.9999333333331112,0.9999999999997778,0.00034917070297524333
"repvgg_a0-reg:3,lamb:1.0",0.0005,3,1.0,1,42305016_4,True,cifar10_repvgg_a0,0.2509162425994873,0.25090834498405457,0.17029738426208496,0.035936061292886734,1.0,0.25380320238297843,0,0.22526997327804563,0.9307999999981384,0.9973999999980052,1.1167179346084597,0.018300414085388184,0.018275272101163864,0.004017233848571777,0.008444992825388908,1.0,0.01831334462253547,0,0.29933962225914,0.9957999999997788,0.9999999999997778,0.012372641824185848
"repvgg_a0-reg:3,lamb:0.001",0.0005,3,0.001,1,42305016_0,True,cifar10_repvgg_a0,0.3200686275959015,0.03883453831076622,5.877518560737371e-07,0.02347307465970516,0.0010000000474974513,0.32111935748495196,0,0.13137289881706238,0.8915999999982168,0.9963999999980072,0.8072789907455444,0.22145910561084747,0.02625596895813942,2.066663000732661e-07,0.0136776901781559,0.0010000000474974513,0.22140575461524936,0,0.8190925121307373,0.924644444444239,0.9983555555553336,0.37097030878067017
"repvgg_a0-reg:4,lamb:2.0",0.0005,4,2.0,1,42305016_11,True,cifar10_repvgg_a0,0.2644501030445099,0.2644517719745636,0.4509192109107971,0.039912234991788864,2.0,0.2680577209741693,0,0.2622185945510864,0.9423999999981152,0.9973999999980052,1.4587420225143433,0.0015536148566752672,0.001542076002806425,0.0004064240492880344,0.0011292638955637813,2.0,0.0015536513861936442,0,0.5997182726860046,0.9998666666664444,0.9999999999997778,0.000399224110879004
"repvgg_a0-reg:5,lamb:0.5",0.0005,5,0.5,1,42305016_15,True,cifar10_repvgg_a0,0.2498084455728531,0.24978472292423248,0.07248742133378983,0.03618792071938515,0.5,0.25412185216654964,0,0.3538142144680023,0.9397999999981204,0.9965999999980067,1.3410886526107788,0.0037840581499040127,0.003724378999322653,0.00014299037866294384,0.002573926467448473,0.5,0.0037854358979032745,0,0.5565181374549866,0.9995333333331112,0.9999999999997778,0.0014020961243659258
repvgg_a0-baseline,0.0005,0,0.0,1,42305041,True,cifar10_repvgg_a0,0.26045364141464233,0.003574883099645376,0.0,0.036557599902153015,0.0,0.26404212625533663,0,0.1976775228977203,0.946999999998106,0.9977999999980044,1.5754717588424685,0.0011750755365937948,1.2242328921274748e-05,0.0,0.0008777573239058256,0.0,0.0011749768431228785,0,0.532561719417572,0.9999555555553334,0.9999999999997778,0.00011624881153693424
"repvgg_a1-reg:3,lamb:0.1",0.0005,3,0.1,1,42305016_2,True,cifar10_repvgg_a1,0.25544288754463196,0.2267873138189316,0.0030413903295993805,0.022760163992643356,0.10000000149011612,0.2577217056058689,0,0.2895714044570923,0.9145999999981708,0.9977999999980044,0.6988064050674438,0.11545151472091676,0.1005464717745781,0.0007581422105431557,0.015703756362199783,0.10000000149011612,0.11548498030942436,0,0.07843124866485596,0.9624666666664528,0.9994444444442224,0.16463997960090637
"repvgg_a1-reg:4,lamb:0.1",0.0005,4,0.1,1,42305016_8,True,cifar10_repvgg_a1,0.2427146881818771,0.24205340445041656,0.005441170185804367,0.038995906710624695,0.10000000149011612,0.2453588357831109,0,0.3764369487762451,0.9455999999981088,0.997999999998004,1.352075219154358,0.001176315126940608,0.0008014548220671713,1.2832460924983025e-06,0.0008067179587669671,0.10000000149011612,0.0011763622264624831,0,0.4608358144760132,0.9999333333331112,0.9999999999997778,0.00020774142467416823
"repvgg_a1-reg:3,lamb:0.01",0.0005,3,0.01,1,42305016_1,True,cifar10_repvgg_a1,0.2691332995891571,0.1035107970237732,3.439607098698616e-05,0.02424343302845955,0.009999999776482582,0.27076623500756314,0,0.143386572599411,0.905999999998188,0.9981999999980036,0.6846691370010376,0.1652102917432785,0.06431486457586288,1.3690441846847534e-05,0.012611743994057178,0.009999999776482582,0.16525047707533144,0,0.06121969223022461,0.9451333333331232,0.9989333333331114,0.2736067473888397
"repvgg_a1-reg:5,lamb:1.0",0.0005,5,1.0,1,42305016_16,True,cifar10_repvgg_a1,0.2258796393871307,0.22587205469608307,0.1634797751903534,0.03384498879313469,1.0,0.226816127335866,0,0.2546047270298004,0.943999999998112,0.9983999999980032,1.1750380992889404,0.002513726241886616,0.0024832389317452908,0.00017722416669130325,0.0020583071745932102,1.0,0.0025212695719485216,0,0.6003072261810303,0.9998666666664444,0.9999999999997778,0.0004230564227327704
"repvgg_a1-reg:5,lamb:2.0",0.0005,5,2.0,1,42305016_17,True,cifar10_repvgg_a1,0.22197817265987396,0.22197961807250977,0.3660688102245331,0.0313534289598465,2.0,0.22239218268599745,0,0.2239159345626831,0.9457999999981084,0.9983999999980032,1.1222527027130127,0.001962801441550255,0.00195318553596735,0.00042752549052238464,0.001564056146889925,2.0,0.0019626225722732833,0,0.4976470172405243,0.9998666666664444,0.9999999999997778,0.00031631288584321737
"repvgg_a1-reg:4,lamb:0.5",0.0005,4,0.5,1,42305016_9,True,cifar10_repvgg_a1,0.25238919258117676,0.2523532807826996,0.0761953592300415,0.03720645606517792,0.5,0.25654006438541327,0,0.2587847113609314,0.9443999999981112,0.997999999998004,1.40794575214386,0.001282650511711836,0.0011632752139121294,1.380755566060543e-05,0.0010236304951831698,0.5,0.001281911252517526,0,0.24906736612319944,0.9999333333331112,0.9999999999997778,0.00011668830120470376
"repvgg_a1-reg:4,lamb:0.01",0.0005,4,0.01,1,42305016_7,True,cifar10_repvgg_a1,0.2563987970352173,0.1481502503156662,7.299031130969524e-05,0.038863468915224075,0.009999999776482582,0.2585861472982658,0,0.2755833566188812,0.9455999999981088,0.997999999998004,1.495830535888672,0.0009837562683969736,0.0003328972961753607,3.008190105902031e-07,0.000747323443647474,0.009999999776482582,0.0009843383518954123,0,0.35676008462905884,0.9999999999997778,0.9999999999997778,3.305998325231485e-05
"repvgg_a1-reg:5,lamb:0.001",0.0005,5,0.001,1,42305016_12,True,cifar10_repvgg_a1,0.22419555485248568,0.04331788048148155,1.0358053259551523e-06,0.03404922038316727,0.0010000000474974513,0.22834295917061093,0,0.7050045728683472,0.942999999998114,0.9983999999980032,1.0266242027282717,0.009114418178796768,0.0035310531966388226,5.31349542143289e-07,0.0037481882609426975,0.0010000000474974513,0.009108005186279366,0,0.7011658549308777,0.9981333333331116,0.9999999999997778,0.010437848046422005
"repvgg_a1-reg:5,lamb:0.01",0.0005,5,0.01,1,42305016_13,True,cifar10_repvgg_a1,0.2155156135559082,0.12133163958787918,5.13510312885046e-05,0.02989325486123562,0.009999999776482582,0.21762375224676367,0,0.2437571883201599,0.94499999999811,0.997999999998004,1.0510947704315186,0.008608002215623856,0.006096521858125925,1.2030141078867018e-06,0.0038366010412573814,0.009999999776482582,0.00860790825407959,0,0.1748884916305542,0.9982222222220004,0.9999777777775556,0.008727125823497772
"repvgg_a1-reg:3,lamb:2.0",0.0005,3,2.0,1,42305016_5,True,cifar10_repvgg_a1,0.22947396337985992,0.22948040068149567,0.3722074329853058,0.031138530001044273,2.0,0.23151433754312495,0,0.20146644115448,0.941999999998116,0.997999999998004,1.0934524536132812,0.00720821600407362,0.007207994814962149,0.0033986326307058334,0.004655925091356039,2.0,0.007207198540365859,0,0.27541083097457886,0.9989111111108891,0.9999999999997778,0.00313171255402267
"repvgg_a1-reg:4,lamb:0.001",0.0005,4,0.001,1,42305016_6,True,cifar10_repvgg_a1,0.24778886139392853,0.051495958119630814,7.8722951002419e-07,0.03567862510681152,0.0010000000474974513,0.2492523706203174,0,0.3536193370819092,0.9473999999981052,0.9981999999980036,1.451144099235535,0.001101384754292667,0.0002817854401655495,1.477105797675904e-07,0.0007848034729249775,0.0010000000474974513,0.0011008746467635472,0,0.5338046550750732,0.9999333333331112,0.9999999999997778,0.0001601345575181767
"repvgg_a1-reg:5,lamb:0.1",0.0005,5,0.1,1,42305016_14,True,cifar10_repvgg_a1,0.2233101725578308,0.220926433801651,0.0043666549026966095,0.03293854743242264,0.10000000149011612,0.2255795790617288,0,0.2160070240497589,0.942999999998114,0.9981999999980036,1.0697814226150513,0.005972407758235931,0.005564078688621521,2.312881406396627e-05,0.0030119684524834156,0.10000000149011612,0.005970588805534386,0,0.3750175535678863,0.9989111111108891,0.9999999999997778,0.0049089970998466015
"repvgg_a1-reg:3,lamb:0.5",0.0005,3,0.5,1,42305016_3,True,cifar10_repvgg_a1,0.2371407151222229,0.23704364895820615,0.05822184681892395,0.03108779527246952,0.5,0.2394687331015581,0,0.1916370987892151,0.9301999999981396,0.9977999999980044,0.9615985155105592,0.029236964881420135,0.02907171845436096,0.0023837946355342865,0.01087702251970768,0.5,0.0292317198562252,0,0.3824385702610016,0.9923999999997796,0.9999777777775556,0.02559363842010498
"repvgg_a1-reg:3,lamb:0.001",0.0005,3,0.001,1,42305016_0,True,cifar10_repvgg_a1,0.271089106798172,0.035359736531972885,2.456072252243757e-07,0.02361057698726654,0.0010000000474974513,0.27303706021366114,0,0.38166382908821106,0.9061999999981876,0.9973999999980052,0.6722010374069214,0.17122948169708252,0.023263689130544662,5.217880243435502e-07,0.010516667738556862,0.0010000000474974513,0.1712435746298832,0,0.047696590423583984,0.9416888888886796,0.998888888888667,0.29470735788345337
"repvgg_a1-reg:4,lamb:1.0",0.0005,4,1.0,1,42305016_10,True,cifar10_repvgg_a1,0.2383473515510559,0.23833176493644712,0.17731505632400513,0.03589453548192978,1.0,0.24054694089187065,0,0.2428656965494156,0.9447999999981104,0.9981999999980036,1.3141491413116455,0.0013064069207757711,0.0012453490635380149,4.755682311952114e-05,0.0010661305859684944,1.0,0.0013061001527688075,0,0.460654616355896,0.9999555555553334,0.9999999999997778,0.00011716691369656472
"repvgg_a1-reg:3,lamb:1.0",0.0005,3,1.0,1,42305016_4,True,cifar10_repvgg_a1,0.2416362017393112,0.24163003265857697,0.1656159609556198,0.03609352186322212,1.0,0.24418207916329215,0,0.27087700366973877,0.933999999998132,0.9985999999980028,1.0980136394500732,0.01236647553741932,0.01234658993780613,0.0024806875735521317,0.006650574505329132,1.0,0.01238491056702342,0,0.6293259859085083,0.9977333333331116,0.9999999999997778,0.008057722821831703
"repvgg_a1-reg:5,lamb:0.5",0.0005,5,0.5,1,42305016_15,True,cifar10_repvgg_a1,0.21794191002845764,0.21791470050811768,0.06132824718952179,0.0314173586666584,0.5,0.2199894263240453,0,0.2302767038345337,0.9451999999981096,0.9977999999980044,1.0954012870788574,0.003429993521422148,0.0033561515156179667,0.00019579357467591765,0.0023132057394832373,0.5,0.0034285810680180803,0,0.500198245048523,0.9997111111108892,0.9999999999997778,0.0026322556659579277
"repvgg_a1-reg:4,lamb:2.0",0.0005,4,2.0,1,42305016_11,True,cifar10_repvgg_a1,0.2481157183647156,0.2481117993593216,0.4246305227279663,0.035428568720817566,2.0,0.24851037698479556,0,0.3833681643009186,0.945999999998108,0.9973999999980052,1.4335105419158936,0.0012833212967962029,0.0012624416267499328,0.00014240248128771782,0.0010625096037983894,2.0,0.0012835905531258193,0,0.32711952924728394,0.9999777777775556,0.9999999999997778,8.746980893192813e-05
repvgg_a1-baseline,0.0005,0,0.0,1,42305041,True,cifar10_repvgg_a1,0.24785028398036957,0.0032038220670074224,0.0,0.03645775839686394,0.0,0.24821793983386736,0,0.30080896615982056,0.945999999998108,0.9977999999980044,1.425627827644348,0.001133616198785603,1.810122194001451e-05,0.0,0.0007749593933112919,0.0,0.0011330179135936051,0,0.4971886873245239,0.9999333333331112,0.9999999999997778,0.00026772782439365983
"repvgg_a2-reg:3,lamb:0.1",0.0005,3,0.1,1,42305016_2,True,cifar10_repvgg_a2,0.24268461763858795,0.2255827933549881,0.003384903073310852,0.025957394391298298,0.10000000149011612,0.24371217700574363,0,0.21564531326293945,0.9245999999981508,0.997999999998004,0.789597749710083,0.0808023139834404,0.07284711301326752,0.0005214093253016472,0.0126406978815794,0.10000000149011612,0.08080828951381913,0,0.19439025223255155,0.9734666666664504,0.9997555555553336,0.11392802000045776
"repvgg_a2-reg:5,lamb:1.0",0.0005,5,1.0,1,42305016_16,True,cifar10_repvgg_a2,0.2070218026638031,0.20701152086257937,0.14829930663108826,0.028614237904548645,1.0,0.2075239016568162,0,0.363732635974884,0.9493999999981012,0.9975999999980047,1.0539928674697876,0.0020364471711218357,0.0019991325680166483,0.0001233764924108982,0.0016848740633577108,1.0,0.0020355844951073,0,0.4221053123474121,0.9998888888886668,0.9999999999997778,0.0003066626377403736
"repvgg_a2-reg:4,lamb:0.1",0.0005,4,0.1,1,42305016_8,True,cifar10_repvgg_a2,0.2233538031578064,0.22205857932567596,0.00449499674141407,0.03600836917757988,0.10000000149011612,0.2274411781485131,0,0.3481505513191223,0.9443999999981112,0.9981999999980036,1.0899018049240112,0.001102520152926445,0.0006636708276346326,5.79457264393568e-07,0.0008821088122203946,0.10000000149011612,0.0011021800977557084,0,0.31901925802230835,0.9999999999997778,0.9999999999997778,3.107488009845838e-05
"repvgg_a2-reg:3,lamb:0.01",0.0005,3,0.01,1,42305016_1,True,cifar10_repvgg_a2,0.2645688056945801,0.10957659035921095,3.929599188268185e-05,0.022429104894399643,0.009999999776482582,0.2677249534579611,0,0.26765206456184387,0.9145999999981708,0.9965999999980067,0.7951971888542175,0.14266330003738403,0.0592273622751236,1.2334203347563744e-05,0.01186220906674862,0.009999999776482582,0.14269463949957348,0,0.06075245141983032,0.952577777777566,0.9991555555553336,0.24261417984962463
"repvgg_a2-reg:5,lamb:2.0",0.0005,5,2.0,1,42305016_17,True,cifar10_repvgg_a2,0.2353428602218628,0.2353437542915344,0.3900449275970459,0.035048190504312515,2.0,0.23737648005835665,0,0.35398945212364197,0.9411999999981177,0.9985999999980028,1.2012988328933716,0.001989696640521288,0.001977260690182447,0.0005957568064332008,0.0014864066615700722,2.0,0.001988930560453414,0,0.6431734561920166,0.9998444444442224,0.9999999999997778,0.0007451498531736434
"repvgg_a2-reg:4,lamb:0.5",0.0005,4,0.5,1,42305016_9,True,cifar10_repvgg_a2,0.2311400771141052,0.23107890784740448,0.06906315684318542,0.03224601596593857,0.5,0.23341767701756655,0,0.18736618757247925,0.9499999999981,0.9971999999980056,1.260383367538452,0.0012072561075910926,0.0010353612015023828,6.627931725233793e-06,0.0010016924934461713,0.5,0.0012069303681917355,0,0.4857508242130279,0.9999777777775556,0.9999999999997778,5.433438127511181e-05
"repvgg_a2-reg:4,lamb:0.01",0.0005,4,0.01,1,42305016_7,True,cifar10_repvgg_a2,0.21500353515148163,0.12850183248519895,5.767401307821274e-05,0.031679049134254456,0.009999999776482582,0.2190322010614052,0,0.7656726837158203,0.950999999998098,0.9977999999980044,1.1631618738174438,0.0010672772768884895,0.00035523189580999315,1.8235550669487568e-07,0.0008274075225926936,0.009999999776482582,0.001066988792715146,0,0.45090705156326294,0.9999999999997778,0.9999999999997778,3.855555405607447e-05
"repvgg_a2-reg:5,lamb:0.01",0.0005,5,0.01,1,42305016_13,True,cifar10_repvgg_a2,0.2116992175579071,0.12121859937906264,5.228724330663681e-05,0.03095993399620056,0.009999999776482582,0.216713733117704,0,0.3901077806949615,0.9461999999981076,0.997999999998004,1.073556900024414,0.006449543870985508,0.004636741243302822,5.992624210193753e-07,0.0029289950616657734,0.009999999776482582,0.0064474790404983095,0,0.6453280448913574,0.998688888888667,0.9999999999997778,0.005148535594344139
"repvgg_a2-reg:5,lamb:0.001",0.0005,5,0.001,1,42305016_12,True,cifar10_repvgg_a2,0.2184499949216843,0.04335159435868263,1.0122457752004266e-06,0.033239174634218216,0.0010000000474974513,0.2220647453151456,0,0.20218783617019653,0.9443999999981112,0.9983999999980032,1.034353494644165,0.006573852151632309,0.002541945083066821,8.518068170815241e-07,0.002958547556772828,0.0010000000474974513,0.0065693747247170375,0,0.1665801852941513,0.9985555555553336,0.9999999999997778,0.005646265111863613
"repvgg_a2-reg:3,lamb:2.0",0.0005,3,2.0,1,42305016_5,True,cifar10_repvgg_a2,0.21175287663936615,0.2117570787668228,0.34602925181388855,0.03204432874917984,2.0,0.2137203960542192,0,0.7548189759254456,0.9451999999981096,0.9977999999980044,1.0496187210083008,0.004427164793014526,0.00442220875993371,0.0017961859703063965,0.0029896311461925507,2.0,0.004423831068045478,0,0.19837486743927,0.999399999999778,0.9999999999997778,0.0016203208360821009
"repvgg_a2-reg:4,lamb:0.001",0.0005,4,0.001,1,42305016_6,True,cifar10_repvgg_a2,0.2254062443971634,0.045885924249887466,1.2928212527185678e-06,0.035165298730134964,0.0010000000474974513,0.22973909143047383,0,0.36057692766189575,0.945999999998108,0.9977999999980044,1.1557238101959229,0.0010688812471926212,0.00019061833154410124,1.152071718024672e-07,0.0008256258442997932,0.0010000000474974513,0.0010688028291758057,0,0.5223081111907959,0.9999777777775556,0.9999999999997778,4.682140934164636e-05
"repvgg_a2-reg:5,lamb:0.1",0.0005,5,0.1,1,42305016_14,True,cifar10_repvgg_a2,0.21024061739444733,0.20818106830120087,0.0041192322969436646,0.02984626218676567,0.10000000149011612,0.2164152986219273,0,0.28615260124206543,0.9453999999981092,0.998999999998002,1.0136067867279053,0.00393450353294611,0.0035698707215487957,8.165952749550343e-06,0.002383803017437458,0.10000000149011612,0.003935824875067598,0,0.2020477056503296,0.9993555555553336,0.9999999999997778,0.0017028842121362686
"repvgg_a2-reg:3,lamb:0.001",0.0005,3,0.001,1,42305016_0,True,cifar10_repvgg_a2,0.2680891156196594,0.03595372289419174,1.0603107511997225e-06,0.022395651787519455,0.0010000000474974513,0.2701769872148985,0,0.23212724924087524,0.9081999999981836,0.9961999999980076,0.6965159773826599,0.16301007568836212,0.022496912628412247,8.854549378156662e-07,0.012781312689185144,0.0010000000474974513,0.16305346925747805,0,0.19112153351306915,0.9455333333331232,0.9989333333331114,0.2768779993057251
"repvgg_a2-reg:3,lamb:0.5",0.0005,3,0.5,1,42305016_3,True,cifar10_repvgg_a2,0.20856750011444092,0.20850616693496704,0.05228656530380249,0.02830062434077263,0.5,0.2125603305975744,0,0.26629638671875,0.9395999999981208,0.9975999999980047,0.876587450504303,0.017878197133541107,0.017761480063199997,0.0012534372508525848,0.007813144475221634,0.5,0.017876324547095174,0,0.29423046112060547,0.995733333333112,0.9999777777775556,0.01287574041634798
"repvgg_a2-reg:4,lamb:1.0",0.0005,4,1.0,1,42305016_10,True,cifar10_repvgg_a2,0.22497357428073883,0.2249351590871811,0.1620577722787857,0.03156816214323044,1.0,0.22753283891626097,0,0.25280120968818665,0.9467999999981064,0.9965999999980067,1.1191587448120115,0.00124431517906487,0.001155979698523879,3.219512291252613e-05,0.0010327210184186697,1.0,0.0012440471819937554,0,0.5546789169311523,0.9999999999997778,0.9999999999997778,7.173334597609937e-05
repvgg_a2-baseline,0.0005,0,0.0,1,42305041,True,cifar10_repvgg_a2,0.21400241553783417,0.002678497694432735,0.0,0.0319305881857872,0.0,0.21923761729365,0,0.29242274165153503,0.9515999999980967,0.997999999998004,1.1547894477844238,0.0010322766611352565,6.01122337684501e-06,0.0,0.0007931279833428562,0.0,0.0010320639759059693,0,0.40334904193878174,0.9999999999997778,0.9999999999997778,3.1319250410888344e-05
"repvgg_a2-reg:3,lamb:1.0",0.0005,3,1.0,1,42305016_4,True,cifar10_repvgg_a2,0.21668392419815063,0.2166774570941925,0.14811855554580688,0.029670042917132378,1.0,0.21896602127928613,0,0.1779186725616455,0.9427999999981144,0.9985999999980028,0.99915212392807,0.009207730181515217,0.009183000773191452,0.0016756104305386543,0.0055116754956543446,1.0,0.009201614348361769,0,0.6356426477432251,0.9986444444442226,0.9999999999997778,0.00523106474429369
"repvgg_a2-reg:5,lamb:0.5",0.0005,5,0.5,1,42305016_15,True,cifar10_repvgg_a2,0.2092684954404831,0.20923298597335815,0.05832286924123764,0.028922490775585175,0.5,0.21357506428411024,0,0.16958880424499512,0.9481999999981036,0.9981999999980036,1.0384304523468018,0.0025633254554122686,0.002479523653164506,7.335736881941557e-05,0.001863484620116651,0.5,0.0025628098230331777,0,0.5003065466880798,0.9997555555553336,0.9999999999997778,0.000690571847371757
"repvgg_a2-reg:4,lamb:2.0",0.0005,4,2.0,1,42305016_11,True,cifar10_repvgg_a2,0.22568097710609436,0.22567278146743777,0.3778823018074035,0.0319000706076622,2.0,0.22767966378272084,0,0.33772996068000793,0.9475999999981048,0.9973999999980052,1.197307825088501,0.0012701740488409996,0.0012388199102133512,0.0002000313252210617,0.000979454955086112,2.0,0.0012696026172164432,0,0.48891985416412354,0.9999777777775556,0.9999999999997778,0.00030094399699009955
"mobilenetv2_x0_5-reg:5,lamb:1.0",0.0005,5,1.0,1,42305016_16,True,cifar10_mobilenetv2_x0_5,0.24732114374637604,0.247276172041893,0.15163899958133698,0.030018314719200134,1.0,0.24711195143622605,0,0.14224377274513245,0.9231999999981536,0.9965999999980067,0.8612706661224365,0.059550970792770386,0.05942570790648461,0.016758650541305542,0.018220670521259308,1.0,0.05957770521879688,0,0.17065197229385376,0.9825777777775596,0.9999555555553334,0.05393623560667038
"mobilenetv2_x0_5-reg:4,lamb:0.1",0.0005,4,0.1,1,42305016_8,True,cifar10_mobilenetv2_x0_5,0.2725493013858795,0.26693037152290344,0.005641810595989227,0.036143675446510315,0.10000000149011612,0.2699647879740817,0,0.762955904006958,0.9331999999981336,0.9965999999980067,1.4020843505859375,0.012307418510317802,0.011449997313320637,3.674172330647707e-05,0.0065685175359249115,0.10000000149011612,0.012317281289765612,0,0.29647767543792725,0.997666666666445,0.9999999999997778,0.007639326620846987
"mobilenetv2_x0_5-reg:3,lamb:0.1",0.0005,3,0.1,1,42305016_2,True,cifar10_mobilenetv2_x0_5,0.4259152114391327,0.29647374153137207,0.0035776644945144653,0.01470606867223978,0.10000000149011612,0.4264157307996133,0,0.06517404317855835,0.8537999999982924,0.9947999999980104,0.7844921946525574,0.39258915185928345,0.25777605175971985,0.002663571387529373,0.022416437044739723,0.10000000149011612,0.3926117353934221,0,0.14220477640628815,0.8657777777775855,0.99551111111089,0.5752037763595581
"mobilenetv2_x0_5-reg:3,lamb:0.01",0.0005,3,0.01,1,42305016_1,True,cifar10_mobilenetv2_x0_5,0.4709736704826355,0.12364820390939713,4.436168819665909e-05,0.018119901418685913,0.009999999776482582,0.4708583024770113,0,0.0927588939666748,0.8345999999983308,0.9935999999980129,0.8943235874176025,0.44174981117248535,0.1099168062210083,3.536418080329895e-05,0.011743659153580666,0.009999999776482582,0.4417594362815283,0,0.05758771300315857,0.8480222222220338,0.9941777777775568,0.703871488571167
"mobilenetv2_x0_5-reg:4,lamb:0.5",0.0005,4,0.5,1,42305016_9,True,cifar10_mobilenetv2_x0_5,0.28606361150741577,0.28599032759666443,0.07566043734550476,0.04110302031040192,0.5,0.2858140757740985,0,0.2794788181781769,0.923999999998152,0.9975999999980047,1.280311107635498,0.016743425279855728,0.016615279018878937,0.0009416360408067704,0.009058265015482904,0.5,0.016762485261054106,0,0.2623298764228821,0.996733333333112,0.9999999999997778,0.009236961603164673
"mobilenetv2_x0_5-reg:4,lamb:0.01",0.0005,4,0.01,1,42305016_7,True,cifar10_mobilenetv2_x0_5,0.25296851992607117,0.13233187794685364,5.966890603303909e-05,0.038284964859485626,0.009999999776482582,0.2512624389166986,0,0.3663239777088166,0.932999999998134,0.9977999999980044,1.2085707187652588,0.010324827395379543,0.006644591689109802,1.2051314115524292e-06,0.005232909694314003,0.009999999776482582,0.010330727967555731,0,0.15083569288253784,0.9976888888886672,0.9999999999997778,0.005973096936941147
"mobilenetv2_x0_5-reg:5,lamb:2.0",0.0005,5,2.0,1,42305016_17,True,cifar10_mobilenetv2_x0_5,0.2677299678325653,0.26772311329841614,0.4070505499839782,0.033494263887405396,2.0,0.26717405454866777,0,0.27333003282546997,0.921999999998156,0.9961999999980076,0.9894517064094543,0.04644045978784561,0.04642155393958092,0.03687353432178497,0.015879249200224876,2.0,0.04647303576613458,0,0.7260737419128418,0.987222222222003,0.9999999999997778,0.0402105450630188
"mobilenetv2_x0_5-reg:3,lamb:2.0",0.0005,3,2.0,1,42305016_5,True,cifar10_mobilenetv2_x0_5,0.32113271951675415,0.3209555745124817,0.40733253955841064,0.01131987851113081,2.0,0.3199469132611806,0,0.14434769749641418,0.8897999999982205,0.995999999998008,0.6754785776138306,0.2232281118631363,0.22285224497318268,0.22317245602607727,0.03058057650923729,2.0,0.22325614211997655,0,0.0860641598701477,0.9241999999997946,0.9990666666664448,0.27755144238471985
"mobilenetv2_x0_5-reg:5,lamb:0.01",0.0005,5,0.01,1,42305016_13,True,cifar10_mobilenetv2_x0_5,0.27908000349998474,0.10727590322494508,3.658863715827465e-05,0.023340482264757156,0.009999999776482582,0.27818166674175515,0,0.19182144105434415,0.905999999998188,0.9965999999980067,0.7321221828460693,0.15295439958572388,0.05912819504737854,1.2248288840055466e-05,0.014622986316680908,0.009999999776482582,0.15296251795824858,0,0.19805948436260223,0.9479333333331228,0.9991777777775558,0.2335679829120636
"mobilenetv2_x0_5-reg:5,lamb:0.001",0.0005,5,0.001,1,42305016_12,True,cifar10_mobilenetv2_x0_5,0.2729363739490509,0.03584099933505058,1.1392112355679274e-06,0.023677054792642593,0.0010000000474974513,0.27313906834773677,0,0.22873154282569885,0.9067999999981864,0.9975999999980047,0.6906330585479736,0.16139012575149536,0.021723661571741104,2.191663952544332e-07,0.013362019322812555,0.0010000000474974513,0.16141629700732463,0,0.05294787883758545,0.94479999999979,0.9990666666664448,0.2568734884262085
"mobilenetv2_x0_5-reg:4,lamb:0.001",0.0005,4,0.001,1,42305016_6,True,cifar10_mobilenetv2_x0_5,0.2775227427482605,0.050724051892757416,9.571958798915148e-07,0.03913756459951401,0.0010000000474974513,0.27629503966464214,0,0.7568519115447998,0.930999999998138,0.9965999999980067,1.407602071762085,0.010851962491869926,0.003051754320040345,3.615459718275815e-07,0.00585709884762764,0.0010000000474974513,0.010848320956487531,0,0.2023274302482605,0.997955555555334,0.9999999999997778,0.006443940103054047
"mobilenetv2_x0_5-reg:3,lamb:0.001",0.0005,3,0.001,1,42305016_0,True,cifar10_mobilenetv2_x0_5,0.5133297443389893,0.04175649955868721,1.2066448107361794e-06,0.015062795951962473,0.0010000000474974513,0.514228321354767,0,0.14656105637550354,0.8243999999983512,0.9927999999980144,0.9079983234405518,0.4979971647262573,0.03838995099067688,1.1328374966979029e-06,0.009629137814044952,0.0010000000474974513,0.49805212644570274,0,0.05590960383415222,0.8266444444442608,0.992644444444224,0.7684133052825928
mobilenetv2_x0_5-baseline,0.0005,0,0.0,1,42305041,True,cifar10_mobilenetv2_x0_5,0.2813364863395691,0.0029457297641783953,0.0,0.04440712928771973,0.0,0.28065941468749395,0,0.26581934094429016,0.9263999999981472,0.9971999999980056,1.3176835775375366,0.012645704671740532,5.6473378208465874e-05,0.0,0.006119484547525644,0.0,0.012667673915719772,0,0.6744046211242676,0.9971999999997784,0.9999999999997778,0.007790449075400829
"mobilenetv2_x0_5-reg:5,lamb:0.1",0.0005,5,0.1,1,42305016_14,True,cifar10_mobilenetv2_x0_5,0.2717684805393219,0.23853382468223572,0.003207199275493622,0.02438164129853249,0.10000000149011612,0.2702604180713231,0,0.08812659978866577,0.9095999999981808,0.9971999999980056,0.7303200364112854,0.13144448399543762,0.1111355796456337,0.0008277464658021927,0.01712152734398842,0.10000000149011612,0.13146769855779117,0,0.08744895458221436,0.9557555555553432,0.9996888888886668,0.17890608310699463
"mobilenetv2_x0_5-reg:3,lamb:0.5",0.0005,3,0.5,1,42305016_3,True,cifar10_mobilenetv2_x0_5,0.3929415047168732,0.3788326680660248,0.057455554604530334,0.006424412596970797,0.5,0.39333103875520825,0,0.13204722106456757,0.8595999999982809,0.9955999999980089,0.6906192302703857,0.3369925618171692,0.3178353011608124,0.03937545418739319,0.034432537853717804,0.5,0.3369855288732672,0,0.0960354059934616,0.8844666666664702,0.997555555555334,0.4321865439414978
"mobilenetv2_x0_5-reg:4,lamb:1.0",0.0005,4,1.0,1,42305016_10,True,cifar10_mobilenetv2_x0_5,0.2611946761608124,0.2611866295337677,0.17343184351921082,0.036857809871435165,1.0,0.2604847698101339,0,0.1458459496498108,0.9263999999981472,0.9977999999980044,1.1120169162750244,0.022647295147180557,0.022621866315603256,0.0047763921320438385,0.01125791110098362,1.0,0.022653824071679034,0,0.22575309872627256,0.9952222222220012,0.9999999999997778,0.014473936520516872
"mobilenetv2_x0_5-reg:3,lamb:1.0",0.0005,3,1.0,1,42305016_4,True,cifar10_mobilenetv2_x0_5,0.3394899070262909,0.337733656167984,0.14873501658439636,0.012136682868003843,1.0,0.3401318861333589,0,0.0788145661354065,0.8807999999982384,0.995999999998008,0.6117523312568665,0.2661380469799042,0.26317840814590454,0.0940389335155487,0.03570965677499771,1.0,0.26616804054695925,0,0.08928215503692627,0.909711111110909,0.9986444444442226,0.32612618803977966
"mobilenetv2_x0_5-reg:5,lamb:0.5",0.0005,5,0.5,1,42305016_15,True,cifar10_mobilenetv2_x0_5,0.2593317925930023,0.2588673532009125,0.0542321652173996,0.02927420288324356,0.5,0.2598585425508111,0,0.14958837628364563,0.91499999999817,0.996999999998006,0.7749153971672058,0.07773292064666748,0.07701486349105835,0.007251203060150147,0.019441790878772736,0.5,0.07773853336357854,0,0.17841103672981262,0.97546666666645,0.9999333333331112,0.0763184204697609
"mobilenetv2_x0_5-reg:4,lamb:2.0",0.0005,4,2.0,1,42305016_11,True,cifar10_mobilenetv2_x0_5,0.26844048500061035,0.26843953132629395,0.4228701591491699,0.03808809071779251,2.0,0.26864286126175285,0,0.2517679035663605,0.9251999999981496,0.9963999999980072,1.1261975765228271,0.018107328563928604,0.01810046099126339,0.011381931602954865,0.00931051466614008,2.0,0.018110688073611065,0,0.7113292813301086,0.9963777777775564,0.9999999999997778,0.01182292029261589
"mobilenetv2_x0_75-reg:5,lamb:1.0",0.0005,5,1.0,1,42305016_16,True,cifar10_mobilenetv2_x0_75,0.23852546513080597,0.23849773406982425,0.15366561710834503,0.032176196575164795,1.0,0.23825844067343135,0,0.1874609887599945,0.9297999999981404,0.9975999999980047,0.9249823093414308,0.030255261808633804,0.0301856379956007,0.007121983915567398,0.0126639436930418,1.0,0.03027661133449031,0,0.7051354050636292,0.9923777777775572,0.9999999999997778,0.021584395319223404
"mobilenetv2_x0_75-reg:4,lamb:0.1",0.0005,4,0.1,1,42305016_8,True,cifar10_mobilenetv2_x0_75,0.23833675682544708,0.23585067689418793,0.004805965349078178,0.035071514546871185,0.10000000149011612,0.2341145016945067,0,0.2571614980697632,0.940999999998118,0.9973999999980052,1.1777347326278689,0.0059128813445568085,0.005415296647697687,1.7176149412989616e-05,0.0035448106937110424,0.10000000149011612,0.005917406104835588,0,0.27147674560546875,0.9991111111108892,0.9999999999997778,0.0035736721474677324
"mobilenetv2_x0_75-reg:3,lamb:0.1",0.0005,3,0.1,1,42305016_2,True,cifar10_mobilenetv2_x0_75,0.3955478072166443,0.2764016389846802,0.0031701959669589996,0.008824349381029606,0.10000000149011612,0.3941225258525527,0,0.03355002403259277,0.8583999999982832,0.9957999999980084,0.6936348676681519,0.35818785429000854,0.24206116795539856,0.0024192072451114655,0.020402859896421432,0.10000000149011612,0.35816029795865806,0,0.1936858892440796,0.8757999999998054,0.9961555555553344,0.5221749544143677
"mobilenetv2_x0_75-reg:3,lamb:0.01",0.0005,3,0.01,1,42305016_1,True,cifar10_mobilenetv2_x0_75,0.4178109169006348,0.11617548763751984,4.011671990156174e-05,0.01649668626487255,0.009999999776482582,0.4161210609381988,0,0.18836846947669983,0.8585999999982828,0.99499999999801,0.8011682629585266,0.3960167169570923,0.10458026081323624,3.1983014196157455e-05,0.01013905555009842,0.009999999776482582,0.3960226775683999,0,0.1896897256374359,0.8630888888886972,0.9949777777775568,0.6424800753593445
"mobilenetv2_x0_75-reg:4,lamb:0.01",0.0005,4,0.01,1,42305016_7,True,cifar10_mobilenetv2_x0_75,0.23539020121097565,0.1306525319814682,5.8407895267009735e-05,0.0331256128847599,0.009999999776482582,0.23338353733970144,0,0.2336658239364624,0.943999999998112,0.9973999999980052,1.1763478517532349,0.00451059453189373,0.003013557754456997,2.8325302992016077e-07,0.0028072225395590067,0.009999999776482582,0.0045101016371022675,0,0.3978615403175354,0.9992666666664448,0.9999999999997778,0.0019345252076163888
"mobilenetv2_x0_75-reg:4,lamb:0.5",0.0005,4,0.5,1,42305016_9,True,cifar10_mobilenetv2_x0_75,0.24626274406909943,0.24622289836406708,0.0663066878914833,0.037532322108745575,0.5,0.24492706457945124,0,0.22231976687908173,0.932999999998134,0.9963999999980072,1.1160109043121338,0.00950685515999794,0.009426350705325603,0.00039513595402240753,0.006348052062094212,0.5,0.00950732976752712,0,0.20428135991096497,0.9987333333331114,0.9999999999997778,0.003788315458223224
"mobilenetv2_x0_75-reg:5,lamb:2.0",0.0005,5,2.0,1,42305016_17,True,cifar10_mobilenetv2_x0_75,0.26089897751808167,0.2608911395072937,0.40449029207229614,0.034628793597221375,2.0,0.2584385341603792,0,0.2457138299942017,0.9261999999981476,0.9971999999980056,1.077310562133789,0.02647199109196663,0.02645527757704258,0.019053258001804352,0.01095251366496086,2.0,0.0264849878345723,0,0.23117512464523315,0.9935777777775572,0.9999999999997778,0.02069030329585075
"mobilenetv2_x0_75-reg:3,lamb:2.0",0.0005,3,2.0,1,42305016_5,True,cifar10_mobilenetv2_x0_75,0.27638134360313416,0.27634620666503906,0.3682085871696472,0.023469094187021255,2.0,0.2730836859470134,0,0.1367575079202652,0.9035999999981928,0.9967999999980064,0.6760639548301697,0.13610824942588806,0.13602910935878754,0.1336628794670105,0.02288890816271305,2.0,0.1361551741484068,0,0.09725570678710938,0.9552666666664544,0.9995111111108892,0.16935795545578003
"mobilenetv2_x0_75-reg:5,lamb:0.01",0.0005,5,0.01,1,42305016_13,True,cifar10_mobilenetv2_x0_75,0.26304781436920166,0.10923326760530472,3.839144483208656e-05,0.025574304163455963,0.009999999776482582,0.26230330677626373,0,0.26571357250213623,0.9163999999981672,0.996999999998006,0.7708250880241394,0.11651910841464996,0.05005582049489021,9.33767296373844e-06,0.013296904042363169,0.009999999776482582,0.11661041762271251,0,0.06840604543685913,0.9611777777775642,0.999599999999778,0.17646172642707825
"mobilenetv2_x0_75-reg:4,lamb:0.001",0.0005,4,0.001,1,42305016_6,True,cifar10_mobilenetv2_x0_75,0.2531268894672394,0.04999454319477081,1.3569078873842957e-06,0.03482799977064133,0.0010000000474974513,0.2504344797372343,0,0.1768764853477478,0.940999999998118,0.9977999999980044,1.3738725185394287,0.004789845086634159,0.001592133310623467,2.1474079403560612e-08,0.0029486832208931446,0.0010000000474974513,0.004795219365959859,0,0.27189597487449646,0.9992666666664448,0.9999999999997778,0.002021760912612081
"mobilenetv2_x0_75-reg:5,lamb:0.001",0.0005,5,0.001,1,42305016_12,True,cifar10_mobilenetv2_x0_75,0.26282569766044617,0.03749176114797592,5.652836989611387e-07,0.02593484148383141,0.0010000000474974513,0.26093663858241467,0,0.2729913294315338,0.9161999999981676,0.9957999999980084,0.7581980228424072,0.12175790965557098,0.018476005643606182,6.412810762412846e-07,0.01369365118443966,0.0010000000474974513,0.12175190966646555,0,0.07156068086624146,0.959711111110898,0.9994888888886668,0.1892993152141571
mobilenetv2_x0_75-baseline,0.0005,0,0.0,1,42305041,True,cifar10_mobilenetv2_x0_75,0.24848173558712008,0.0029916842468082905,0.0,0.03624531626701355,0.0,0.2480777169268711,0,0.26752713322639465,0.9405999999981188,0.9977999999980044,1.2974374294281006,0.004602563567459583,3.364058648003265e-05,0.0,0.003039428498595953,0.0,0.004604888563735216,0,0.3749504983425141,0.9993777777775558,0.9999999999997778,0.0020243015605956316
"mobilenetv2_x0_75-reg:3,lamb:0.001",0.0005,3,0.001,1,42305016_0,True,cifar10_mobilenetv2_x0_75,0.524961531162262,0.042934320867061615,4.4063199311494827e-07,0.01943141594529152,0.0010000000474974513,0.5221000594270412,0,0.0528721809387207,0.8183999999983632,0.9927999999980144,0.9622775316238404,0.4873090386390686,0.03806556388735771,9.351642802357674e-07,0.010498059913516045,0.0010000000474974513,0.48729760992873966,0,0.09190097451210022,0.8304888888887044,0.9930888888886684,0.7566121816635132
"mobilenetv2_x0_75-reg:5,lamb:0.1",0.0005,5,0.1,1,42305016_14,True,cifar10_mobilenetv2_x0_75,0.24531082808971405,0.22593240439891815,0.00330229289829731,0.02686464414000511,0.10000000149011612,0.24529444339527612,0,0.21242541074752808,0.921999999998156,0.9967999999980064,0.7709075212478638,0.08149594813585281,0.07225677371025085,0.0004591643810272217,0.0155141893774271,0.10000000149011612,0.08149777462412246,0,0.11202716827392578,0.9736444444442282,0.9998888888886668,0.09894133359193802
"mobilenetv2_x0_75-reg:3,lamb:0.5",0.0005,3,0.5,1,42305016_3,True,cifar10_mobilenetv2_x0_75,0.31036263704299927,0.3057575225830078,0.04958859086036682,0.008821534924209118,0.5,0.3086034750885514,0,0.18816080689430237,0.8951999999982097,0.9957999999980084,0.6156948804855347,0.22692352533340457,0.220218762755394,0.026365548372268677,0.02805105783045292,0.5,0.22695795233680535,0,0.08385014533996582,0.9221999999997952,0.998799999999778,0.29136160016059875
"mobilenetv2_x0_75-reg:4,lamb:1.0",0.0005,4,1.0,1,42305016_10,True,cifar10_mobilenetv2_x0_75,0.2534836530685425,0.25347527861595154,0.17644965648651123,0.03391782194375992,1.0,0.2508057362077289,0,0.7083848714828491,0.9357999999981284,0.997999999998004,1.1832741498947144,0.010873802937567234,0.010850884020328522,0.001733788289129734,0.006864320021122694,1.0,0.01088584703199139,0,0.34737882018089294,0.9983333333331116,0.9999999999997778,0.0051913452334702015
"mobilenetv2_x0_75-reg:3,lamb:1.0",0.0005,3,1.0,1,42305016_4,True,cifar10_mobilenetv2_x0_75,0.252807080745697,0.2524699568748474,0.12506526708602905,0.00991710927337408,1.0,0.25095793145268036,0,0.1439453363418579,0.9127999999981744,0.9975999999980047,0.5724643468856812,0.1501448154449463,0.1495465338230133,0.05129837989807129,0.026109982281923298,1.0,0.15015600578514282,0,0.12881428003311157,0.9499555555553444,0.999599999999778,0.17711348831653595
"mobilenetv2_x0_75-reg:5,lamb:0.5",0.0005,5,0.5,1,42305016_15,True,cifar10_mobilenetv2_x0_75,0.2439136654138565,0.24370473623275757,0.05629921704530716,0.03163670003414154,0.5,0.24214170115999983,0,0.2958139479160309,0.9245999999981508,0.997999999998004,0.8731498122215271,0.0457741841673851,0.04541001841425896,0.003745894879102707,0.016232097521424294,0.5,0.04577489935702229,0,0.17893826961517334,0.9876888888886696,0.9999777777775556,0.039230965077877045
"mobilenetv2_x0_75-reg:4,lamb:2.0",0.0005,4,2.0,1,42305016_11,True,cifar10_mobilenetv2_x0_75,0.2418438196182251,0.24184317886829376,0.3934290409088135,0.03414008766412735,2.0,0.2386134012340525,0,0.23662149906158447,0.937999999998124,0.9975999999980047,1.192152976989746,0.008276522159576416,0.00826991442590952,0.0038586854934692383,0.005423600319772959,2.0,0.008275751934170574,0,0.2099337577819824,0.998777777777556,0.9999999999997778,0.0033694077283143997
"mobilenetv2_x1_0-reg:5,lamb:1.0",0.0005,5,1.0,1,42305016_16,True,cifar10_mobilenetv2_x1_0,0.239498108625412,0.23945510387420657,0.1572093665599823,0.03288370370864868,1.0,0.23989690977261055,0,0.1869065761566162,0.9317999999981365,0.9983999999980032,0.9804666638374328,0.02373739518225193,0.023662131279706955,0.0053705815225839615,0.009963716380298138,1.0,0.02375479963134453,0,0.1525416374206543,0.9938444444442236,0.9999999999997778,0.01596454158425331
"mobilenetv2_x1_0-reg:3,lamb:0.1",0.0005,3,0.1,1,42305016_2,True,cifar10_mobilenetv2_x1_0,0.37341099977493286,0.2750840485095978,0.00326726958155632,0.01182321272790432,0.10000000149011612,0.3743244288480245,0,0.058531105518341064,0.867999999998264,0.9955999999980089,0.7209124565124512,0.32288917899131775,0.228167861700058,0.002274882048368454,0.019431404769420624,0.10000000149011612,0.32295222646330485,0,0.18974272906780243,0.8897777777775802,0.9968666666664452,0.49358314275741577
"mobilenetv2_x1_0-reg:4,lamb:0.1",0.0005,4,0.1,1,42305016_8,True,cifar10_mobilenetv2_x1_0,0.2200305163860321,0.2182455062866211,0.004443047568202019,0.032770514488220215,0.10000000149011612,0.222132461406983,0,0.22977852821350095,0.9443999999981112,0.997999999998004,1.0921889543533323,0.0033092093653976917,0.002897336846217513,6.671645678579807e-06,0.002355694305151701,0.10000000149011612,0.003308176559562661,0,0.31465083360671997,0.9996888888886668,0.9999999999997778,0.0013137629721313715
"mobilenetv2_x1_0-reg:3,lamb:0.01",0.0005,3,0.01,1,42305016_1,True,cifar10_mobilenetv2_x1_0,0.4861622452735901,0.1211382821202278,4.2706262320280075e-05,0.01878980733454227,0.009999999776482582,0.4881150943580505,0,0.16875873506069183,0.8287999999983424,0.9933999999980132,0.8497253656387329,0.4577931761741638,0.10951528698205948,3.462750464677811e-05,0.013239992782473564,0.009999999776482582,0.4578115785742321,0,0.058855682611465454,0.839755555555369,0.9937333333331124,0.6925262808799744
"mobilenetv2_x1_0-reg:4,lamb:0.5",0.0005,4,0.5,1,42305016_9,True,cifar10_mobilenetv2_x1_0,0.24171097576618197,0.24163827300071716,0.06860271841287613,0.03527604043483734,0.5,0.2424466124454862,0,0.7316836714744568,0.9413999999981172,0.9977999999980044,1.2057849168777466,0.005175760015845299,0.005062785465270281,0.00019129645079374313,0.0035030306316912174,0.5,0.00517535581097065,0,0.39799994230270386,0.9993555555553336,0.9999999999997778,0.0018008023034781218
"mobilenetv2_x1_0-reg:4,lamb:0.01",0.0005,4,0.01,1,42305016_7,True,cifar10_mobilenetv2_x1_0,0.2269507795572281,0.12973308563232422,5.889055319130421e-05,0.03261249512434006,0.009999999776482582,0.22651340056060956,0,0.22114914655685425,0.9453999999981092,0.9977999999980044,1.1875660419464111,0.002693458227440715,0.0016246538143604994,2.3170105123426765e-07,0.0019922698847949505,0.009999999776482582,0.0026964067995196225,0,0.5280346870422363,0.999799999999778,0.9999999999997778,0.0007479391060769558
"mobilenetv2_x1_0-reg:5,lamb:2.0",0.0005,5,2.0,1,42305016_17,True,cifar10_mobilenetv2_x1_0,0.25073325634002686,0.2507355213165283,0.3943030834197998,0.03524724021553993,2.0,0.25111266250273667,0,0.1762285828590393,0.92999999999814,0.9977999999980044,1.0729247331619265,0.021746806800365448,0.021742375567555428,0.013826712965965273,0.011132105253636835,2.0,0.021778707269569396,0,0.18545639514923096,0.995622222222001,0.9999777777775556,0.014232927933335304
"mobilenetv2_x1_0-reg:3,lamb:2.0",0.0005,3,2.0,1,42305016_5,True,cifar10_mobilenetv2_x1_0,0.25583410263061523,0.255813866853714,0.3571605682373047,0.023528585210442543,2.0,0.2581028929552362,0,0.2356068193912506,0.9151999999981696,0.9973999999980052,0.7279564142227173,0.09107603877782822,0.0910283774137497,0.08290700614452362,0.020727433264255524,2.0,0.09114823159667168,0,0.11162686347961426,0.97095555555534,0.9999333333331112,0.1005563735961914
mobilenetv2_x1_0-baseline,0.0005,0,0.0,1,42305041,True,cifar10_mobilenetv2_x1_0,0.2498326152563095,0.00286625511944294,0.0,0.039650000631809235,0.0,0.2498484770449471,0,0.2871955633163452,0.9393999999981212,0.997999999998004,1.281227469444275,0.0029339834582060575,2.1801155526190996e-05,0.0,0.001931292819790542,0.0,0.0029331771939628062,0,0.18852996826171875,0.9996444444442224,0.9999999999997778,0.0011623885948210957
"mobilenetv2_x1_0-reg:5,lamb:0.01",0.0005,5,0.01,1,42305016_13,True,cifar10_mobilenetv2_x1_0,0.23446567356586456,0.1008230671286583,3.3903634175658226e-05,0.02334028296172619,0.009999999776482582,0.23670985165323816,0,0.21761983633041385,0.922999999998154,0.9977999999980044,0.6756017208099365,0.09579123556613922,0.043650440871715546,7.0990645326673985e-06,0.012821465730667114,0.009999999776482582,0.09588720877533365,0,0.12507948279380798,0.9685999999997849,0.9997555555553336,0.1379125714302063
"mobilenetv2_x1_0-reg:4,lamb:0.001",0.0005,4,0.001,1,42305016_6,True,cifar10_mobilenetv2_x1_0,0.23460018634796145,0.048008594661951065,9.499926818534732e-07,0.033532559871673584,0.0010000000474974513,0.23700389291416807,0,0.26027125120162964,0.9445999999981108,0.9977999999980044,1.270156979560852,0.0030017297249287367,0.0011209807125851512,1.4070701581658798e-07,0.0019407339859753847,0.0010000000474974513,0.0030014068977948184,0,0.2486819624900818,0.9996666666664444,0.9999999999997778,0.0019435787107795477
"mobilenetv2_x1_0-reg:5,lamb:0.001",0.0005,5,0.001,1,42305016_12,True,cifar10_mobilenetv2_x1_0,0.26061636209487915,0.039213910698890686,1.2169184628874063e-06,0.02880886383354664,0.0010000000474974513,0.2628600439605099,0,0.29862111806869507,0.9177999999981644,0.9973999999980052,0.834141194820404,0.1018311157822609,0.017071453854441643,7.416383596137166e-07,0.012123072519898416,0.0010000000474974513,0.10190622804276746,0,0.08106553554534912,0.9671111111108962,0.9997111111108892,0.1639232188463211
"mobilenetv2_x1_0-reg:3,lamb:0.001",0.0005,3,0.001,1,42305016_0,True,cifar10_mobilenetv2_x1_0,0.4759123325347901,0.040534183382987976,9.825453162193298e-07,0.014105673879384996,0.0010000000474974513,0.477480916440165,0,0.19329938292503357,0.8335999999983328,0.9945999999980109,0.8595240116119385,0.45773059129714966,0.03678208589553833,9.206414688378572e-07,0.010513869114220142,0.0010000000474974513,0.45773571388396506,0,0.07236551493406296,0.8402222222220356,0.9943111111108902,0.7067619562149048
"mobilenetv2_x1_0-reg:5,lamb:0.1",0.0005,5,0.1,1,42305016_14,True,cifar10_mobilenetv2_x1_0,0.24087704718112943,0.22579370439052585,0.0034330282360315323,0.028996657580137253,0.10000000149011612,0.2423239088336968,0,0.17717522382736206,0.9255999999981488,0.9977999999980044,0.8003237843513489,0.06508215516805649,0.05882448330521584,0.0003551086410880089,0.01378019992262125,0.10000000149011612,0.06518304440753843,0,0.18592451512813568,0.9792222222220048,0.9998666666664444,0.07636938989162445
"mobilenetv2_x1_0-reg:3,lamb:0.5",0.0005,3,0.5,1,42305016_3,True,cifar10_mobilenetv2_x1_0,0.2932201027870178,0.2895682156085968,0.04677274823188782,0.008468059822916985,0.5,0.29403498754104707,0,0.13125742971897125,0.8951999999982097,0.9977999999980044,0.5756916999816895,0.20397129654884336,0.19874826073646543,0.023154929280281067,0.028740089386701584,0.5,0.2040401289800919,0,0.08508536219596863,0.9309555555553488,0.9992888888886668,0.25542116165161133
"mobilenetv2_x1_0-reg:4,lamb:1.0",0.0005,4,1.0,1,42305016_10,True,cifar10_mobilenetv2_x1_0,0.24055878818035129,0.24054010212421417,0.16997258365154266,0.03312884271144867,1.0,0.24210736571812963,0,0.21051335334777832,0.9401999999981197,0.9967999999980064,1.1560561656951904,0.00587968435138464,0.005846220999956131,0.0007822951301932335,0.003960486501455307,1.0,0.005881352008473051,0,0.1919095516204834,0.9992444444442224,0.9999999999997778,0.0022029676474630833
"mobilenetv2_x1_0-reg:3,lamb:1.0",0.0005,3,1.0,1,42305016_4,True,cifar10_mobilenetv2_x1_0,0.2514823079109192,0.25130000710487366,0.1326783299446106,0.01339033618569374,1.0,0.25200327398693817,0,0.2442036271095276,0.9175999999981648,0.9971999999980056,0.655163586139679,0.12700442969799042,0.12658707797527313,0.042041584849357605,0.02586626261472702,1.0,0.1270534639513235,0,0.10644805431365968,0.9592444444442312,0.9997555555553336,0.14597970247268677
"mobilenetv2_x1_0-reg:5,lamb:0.5",0.0005,5,0.5,1,42305016_15,True,cifar10_mobilenetv2_x1_0,0.2437867671251297,0.24366308748722076,0.0593399778008461,0.033336661756038666,0.5,0.2458449131511273,0,0.29605019092559814,0.928999999998142,0.9981999999980036,0.9448674321174622,0.03377414867281914,0.033532191067934036,0.002590542659163475,0.01340317353606224,0.5,0.03379120771708163,0,0.29794788360595703,0.9915333333331132,0.9999999999997778,0.026780474931001663
"mobilenetv2_x1_0-reg:4,lamb:2.0",0.0005,4,2.0,1,42305016_11,True,cifar10_mobilenetv2_x1_0,0.25319820642471313,0.2531997263431549,0.4136973619461059,0.036334697157144547,2.0,0.25314503485718165,0,0.22098594903945923,0.9361999999981276,0.9975999999980047,1.2676887512207031,0.006291872821748257,0.006286360323429108,0.002373708412051201,0.00464825052767992,2.0,0.006294918875910642,0,0.3009890615940094,0.9993111111108892,0.9999777777775556,0.0018773956689983609
"mobilenetv2_x1_4-reg:5,lamb:1.0",0.0005,5,1.0,1,42305016_16,True,cifar10_mobilenetv2_x1_4,0.2312166392803192,0.2311866879463196,0.15401574969291687,0.031883761286735535,1.0,0.23096744108572628,0,0.28781694173812866,0.935999999998128,0.9981999999980036,0.9703537821769714,0.014301132410764694,0.014250281266868114,0.0027435533702373505,0.007446505129337311,1.0,0.014315518978381446,0,0.16581809520721436,0.9969777777775564,0.9999999999997778,0.008164080791175365
"mobilenetv2_x1_4-reg:4,lamb:0.1",0.0005,4,0.1,1,42305016_8,True,cifar10_mobilenetv2_x1_4,0.22322970628738403,0.22133460640907288,0.00444062240421772,0.0327034555375576,0.10000000149011612,0.22502798426820805,0,0.30210673809051514,0.9461999999981076,0.9983999999980032,1.0795669555664062,0.0030105365440249443,0.002625466790050268,6.368267349898815e-06,0.0018755185883492231,0.10000000149011612,0.0030137870918083075,0,0.2213161587715149,0.9995777777775556,0.9999999999997778,0.001319941133260727
"mobilenetv2_x1_4-reg:3,lamb:0.1",0.0005,3,0.1,1,42305016_2,True,cifar10_mobilenetv2_x1_4,0.3554905652999878,0.26559409499168396,0.0031517818570137024,0.010032661259174349,0.10000000149011612,0.35501935166250953,0,0.18864068388938904,0.8751999999982496,0.9961999999980076,0.6973968744277954,0.2942458391189575,0.21209223568439484,0.0020426902920007706,0.01995941996574402,0.10000000149011612,0.29422106287379085,0,0.19146740436553955,0.8989555555553559,0.9973111111108895,0.44311290979385376
"mobilenetv2_x1_4-reg:3,lamb:0.01",0.0005,3,0.01,1,42305016_1,True,cifar10_mobilenetv2_x1_4,0.4056183993816376,0.11596626788377762,4.026154056191445e-05,0.01824285462498665,0.009999999776482582,0.4049894643785179,0,0.05415397882461548,0.8573999999982852,0.9937999999980124,0.7962836027145386,0.36665672063827515,0.10040432959794998,3.0207214877009392e-05,0.01159754954278469,0.009999999776482582,0.36665508436834454,0,0.19328704476356504,0.8740444444442502,0.9955555555553344,0.597375750541687
"mobilenetv2_x1_4-reg:4,lamb:0.5",0.0005,4,0.5,1,42305016_9,True,cifar10_mobilenetv2_x1_4,0.2249070703983307,0.2248505800962448,0.06256873905658722,0.0318790003657341,0.5,0.22449327025513732,0,0.30494487285614014,0.9417999999981164,0.9975999999980047,1.1618398427963257,0.004311786964535713,0.004227120894938707,0.0001836949959397316,0.0030207657255232334,0.5,0.0043141109990785615,0,0.24356549978256223,0.9995555555553336,0.9999999999997778,0.0021405245643109083
"mobilenetv2_x1_4-reg:3,lamb:2.0",0.0005,3,2.0,1,42305016_5,True,cifar10_mobilenetv2_x1_4,0.24003176391124725,0.2400184720754623,0.34591779112815857,0.023811399936676025,2.0,0.2375783330504327,0,0.130703866481781,0.9241999999981516,0.9977999999980044,0.7559267282485962,0.06879978626966476,0.0687716007232666,0.059898003935813904,0.0190279483795166,2.0,0.06883289869906947,0,0.17756015062332153,0.9797333333331156,0.9998888888886668,0.06996996700763702
"mobilenetv2_x1_4-reg:5,lamb:2.0",0.0005,5,2.0,1,42305016_17,True,cifar10_mobilenetv2_x1_4,0.2717795968055725,0.2717629075050354,0.4440423250198364,0.03969991207122803,2.0,0.2719324118029395,0,0.219348207116127,0.930999999998138,0.9973999999980052,1.2635421752929688,0.011944664642214777,0.011916312389075756,0.00693681463599205,0.006552140228450298,2.0,0.011951136087256209,0,0.3908621370792389,0.9978444444442228,0.9999999999997778,0.006866378244012594
"mobilenetv2_x1_4-reg:4,lamb:0.01",0.0005,4,0.01,1,42305016_7,True,cifar10_mobilenetv2_x1_4,0.22594457864761353,0.13061729073524475,5.931919440627098e-05,0.032286226749420166,0.009999999776482582,0.2276576137894553,0,0.285676509141922,0.9463999999981072,0.9981999999980036,1.2169849872589111,0.002539083594456315,0.001599836046807468,5.953043000772595e-07,0.0017000726656988263,0.009999999776482582,0.002541728623514108,0,0.2803281545639038,0.9997111111108892,0.9999999999997778,0.0010194864589720964
mobilenetv2_x1_4-baseline,0.0005,0,0.0,1,42305041,True,cifar10_mobilenetv2_x1_4,0.21666865050792697,0.002603039611130953,0.0,0.03146400675177574,0.0,0.2174120775268206,0,0.7134696245193481,0.9483999999981032,0.997999999998004,1.1171358823776243,0.002262086607515812,2.1683943487005308e-05,0.0,0.0015311817405745387,0.0,0.002264258679170202,0,0.238903284072876,0.9997111111108892,0.9999999999997778,0.0006683048559352756
"mobilenetv2_x1_4-reg:5,lamb:0.01",0.0005,5,0.01,1,42305016_13,True,cifar10_mobilenetv2_x1_4,0.2403198629617691,0.10952592641115189,3.999355249106884e-05,0.029678072780370712,0.009999999776482582,0.2400658494523872,0,0.2865273952484131,0.9231999999981536,0.9977999999980044,0.7972023487091064,0.06873886287212372,0.03461811691522598,5.511566996574402e-06,0.011002488434314728,0.009999999776482582,0.06875235885414388,0,0.18375778198242188,0.9775777777775606,0.9997555555553336,0.09438326209783554
"mobilenetv2_x1_4-reg:5,lamb:0.001",0.0005,5,0.001,1,42305016_12,True,cifar10_mobilenetv2_x1_4,0.23967072367668152,0.0384080708026886,2.984888851642609e-07,0.026551799848675728,0.0010000000474974513,0.2407126663911793,0,0.27308163046836853,0.9255999999981488,0.9967999999980064,0.8035961985588074,0.07555779814720154,0.013790839351713656,2.175365807488561e-07,0.012601643800735474,0.0010000000474974513,0.07561914986416467,0,0.09453755617141724,0.9760444444442276,0.9999111111108888,0.108952596783638
"mobilenetv2_x1_4-reg:3,lamb:0.001",0.0005,3,0.001,1,42305016_0,True,cifar10_mobilenetv2_x1_4,0.4191412031650543,0.03859734162688255,4.78263245895505e-07,0.01426928211003542,0.0010000000474974513,0.4198592616008499,0,0.0682540237903595,0.8513999999982972,0.9957999999980084,0.7824167013168335,0.3906047344207764,0.03489184379577637,5.519541446119547e-07,0.009849121794104576,0.0010000000474974513,0.3905970855309437,0,0.1877409815788269,0.8653777777775855,0.9947777777775568,0.6395977139472961
"mobilenetv2_x1_4-reg:4,lamb:0.001",0.0005,4,0.001,1,42305016_6,True,cifar10_mobilenetv2_x1_4,0.22354531288146973,0.045297931879758835,1.339198206551373e-06,0.03455248475074768,0.0010000000474974513,0.2229483759778603,0,0.26323506236076355,0.9443999999981112,0.996999999998006,1.1301857233047483,0.0023433598689734936,0.0007658997783437371,4.360113052825909e-07,0.001672619953751564,0.0010000000474974513,0.002346818629235819,0,0.34690842032432556,0.9997333333331112,0.9999999999997778,0.0006200718926265836
"mobilenetv2_x1_4-reg:5,lamb:0.1",0.0005,5,0.1,1,42305016_14,True,cifar10_mobilenetv2_x1_4,0.230889156460762,0.21790587902069092,0.003282051533460617,0.029229260981082916,0.10000000149011612,0.2312931864297254,0,0.2346689999103546,0.926999999998146,0.9973999999980052,0.7669482827186584,0.05069680139422417,0.04639925807714462,0.00026888400316238403,0.012265730649232864,0.10000000149011612,0.050730095802971886,0,0.3354291617870331,0.9845111111108924,0.9999777777775556,0.058129191398620605
"mobilenetv2_x1_4-reg:3,lamb:0.5",0.0005,3,0.5,1,42305016_3,True,cifar10_mobilenetv2_x1_4,0.28328636288642883,0.280115008354187,0.04654659330844879,0.012063177302479744,0.5,0.2831159806326062,0,0.22293215990066528,0.9007999999981984,0.9973999999980052,0.585376501083374,0.1861761212348938,0.18177659809589383,0.0207308828830719,0.028776301071047783,0.5,0.1861768061697363,0,0.30761590600013733,0.9380666666664582,0.9993777777775558,0.22640380263328552
"mobilenetv2_x1_4-reg:4,lamb:1.0",0.0005,4,1.0,1,42305016_10,True,cifar10_mobilenetv2_x1_4,0.22360795736312863,0.22358834743499756,0.1573294997215271,0.03162146732211113,1.0,0.2226665607471548,0,0.2533925771713257,0.9427999999981144,0.9975999999980047,1.1003446578979492,0.003833119524642825,0.003800348611548543,0.0003913089167326689,0.0028624581173062325,1.0,0.003832511333742606,0,0.19392865896224976,0.9996444444442224,0.9999999999997778,0.001139407861046493
"mobilenetv2_x1_4-reg:3,lamb:1.0",0.0005,3,1.0,1,42305016_4,True,cifar10_mobilenetv2_x1_4,0.2673789858818054,0.26716452836990356,0.1410190463066101,0.01786188967525959,1.0,0.26823392347990815,0,0.3375077247619629,0.9101999999981796,0.997999999998004,0.6647781133651733,0.13239985704421997,0.13196057081222534,0.044302284717559814,0.026078585535287857,1.0,0.13240370712422048,0,0.8019006848335266,0.9574444444442316,0.9996444444442224,0.15208834409713745
"mobilenetv2_x1_4-reg:5,lamb:0.5",0.0005,5,0.5,1,42305016_15,True,cifar10_mobilenetv2_x1_4,0.2333238422870636,0.23322181403636932,0.05565442144870758,0.03271286189556122,0.5,0.2335374532962409,0,0.2098409533500671,0.928999999998142,0.9985999999980028,0.878827691078186,0.02573087252676487,0.025555940344929695,0.0016921879723668098,0.012325692921876907,0.5,0.025746770111693375,0,0.2502315640449524,0.9943999999997792,0.9999999999997778,0.0172761008143425
"mobilenetv2_x1_4-reg:4,lamb:2.0",0.0005,4,2.0,1,42305016_11,True,cifar10_mobilenetv2_x1_4,0.23159030079841617,0.23158550262451172,0.3809509873390198,0.03330977261066437,2.0,0.23194810960020293,0,0.7226192951202393,0.942999999998114,0.998999999998002,1.1664211750030518,0.003992975689470768,0.0039817094802856445,0.0013121385127305984,0.003017422743141651,2.0,0.003995356244331925,0,0.5062530040740967,0.9996666666664444,0.9999999999997778,0.001134861959144473
"shufflenetv2_x0_5-reg:5,lamb:1.0",0.0005,5,1.0,1,42305016_16,True,cifar10_shufflenetv2_x0_5,0.3399260342121124,0.33979836106300354,0.18976905941963196,0.03104570135474205,1.0,0.3375117009680716,0,0.25979605317115784,0.887999999998224,0.9961999999980076,0.9678104519844056,0.14254821836948395,0.14216257631778717,0.045320168137550354,0.029644442722201347,1.0,0.1425955692140475,0,0.10924988985061646,0.9531555555553438,0.9997111111108892,0.14915263652801514
"shufflenetv2_x0_5-reg:4,lamb:0.1",0.0005,4,0.1,1,42305016_8,True,cifar10_shufflenetv2_x0_5,0.32147854566574097,0.30275702476501465,0.005582306534051895,0.0462060272693634,0.10000000149011612,0.3191769315196603,0,0.2159923017024994,0.9085999999981828,0.995999999998008,1.345250368118286,0.03720750659704208,0.03372170776128769,0.00013493536971509457,0.014380872249603271,0.10000000149011612,0.037218890828082406,0,0.16080337762832642,0.990088888888669,0.9999999999997778,0.02837078273296356
"shufflenetv2_x0_5-reg:3,lamb:0.1",0.0005,3,0.1,1,42305016_2,True,cifar10_shufflenetv2_x0_5,0.46366220712661743,0.3119383156299591,0.0038809776306152344,0.011671526357531548,0.10000000149011612,0.46163105494544254,0,0.07178106904029846,0.8425999999983148,0.993999999998012,0.8538511395454407,0.4285706877708435,0.26963892579078674,0.0028218254446983337,0.023846589028835297,0.10000000149011612,0.42867698009992183,0,0.17942681908607483,0.851311111110922,0.9943777777775568,0.6085688471794128
"shufflenetv2_x0_5-reg:3,lamb:0.01",0.0005,3,0.01,1,42305016_1,True,cifar10_shufflenetv2_x0_5,0.518404483795166,0.1296718269586563,4.946207627654075e-05,0.023165611550211903,0.009999999776482582,0.516103417913354,0,0.08384969830513,0.8143999999983712,0.9923999999980152,0.9850632548332214,0.48618972301483154,0.11263974756002426,3.6304816603660583e-05,0.01783919893205166,0.009999999776482582,0.4861971901622786,0,0.08534618467092514,0.8318666666664819,0.9926888888886684,0.7308638691902161
"shufflenetv2_x0_5-reg:3,lamb:2.0",0.0005,3,2.0,1,42305016_5,True,cifar10_shufflenetv2_x0_5,0.366928368806839,0.3667333126068115,0.4370771050453186,0.009744682349264622,2.0,0.3659644676405231,0,0.090671569108963,0.8673999999982652,0.9971999999980056,0.6605846285820007,0.26771390438079834,0.2672509551048279,0.2603785991668701,0.04043147340416908,2.0,0.2678115623427618,0,0.15014120936393738,0.909399999999798,0.9988444444442224,0.3151855170726776
"shufflenetv2_x0_5-reg:4,lamb:0.5",0.0005,4,0.5,1,42305016_9,True,cifar10_shufflenetv2_x0_5,0.3278389573097229,0.327689528465271,0.08138945698738098,0.04278149828314781,0.5,0.32307166701792944,0,0.2794184982776642,0.9071999999981856,0.9961999999980076,1.3382030725479126,0.0420256033539772,0.04177164658904075,0.002872008830308914,0.017896665260195732,0.5,0.042048682530392095,0,0.2562614679336548,0.9893333333331136,0.9999999999997778,0.028503060340881348
shufflenetv2_x0_5-baseline,0.0005,0,0.0,1,42305041,True,cifar10_shufflenetv2_x0_5,0.3627060353755951,0.003750669304281473,0.0,0.05775707960128784,0.0,0.3599672472167239,0,0.7391712665557861,0.9011999999981976,0.9953999999980092,1.6150734424591064,0.031473733484745026,4.9320762627758086e-05,0.0,0.01222290750592947,0.0,0.031474499845020286,0,0.7230197191238403,0.9922666666664464,0.9999777777775556,0.02703468501567841
"shufflenetv2_x0_5-reg:5,lamb:2.0",0.0005,5,2.0,1,42305016_17,True,cifar10_shufflenetv2_x0_5,0.35640376806259155,0.3563896715641022,0.5109032392501831,0.03639416024088859,2.0,0.35382172447633314,0,0.12679117918014526,0.8881999999982236,0.9965999999980067,1.10412335395813,0.12494642287492752,0.1249011904001236,0.11201633512973784,0.02987755462527275,2.0,0.12495763239333424,0,0.12779921293258667,0.9610222222220088,0.9998888888886668,0.1270645707845688
"shufflenetv2_x0_5-reg:5,lamb:0.01",0.0005,5,0.01,1,42305016_13,True,cifar10_shufflenetv2_x0_5,0.33213362097740173,0.1142372265458107,3.974302671849728e-05,0.02464037388563156,0.009999999776482582,0.3294050982437581,0,0.10307502746582033,0.888999999998222,0.9965999999980067,0.7990679740905762,0.2108432948589325,0.07129756361246109,1.6071368008852005e-05,0.01546304114162922,0.009999999776482582,0.21089109747573,0,0.05766761302947998,0.9270666666664608,0.9987333333331114,0.3190358281135559
"shufflenetv2_x0_5-reg:4,lamb:0.01",0.0005,4,0.01,1,42305016_7,True,cifar10_shufflenetv2_x0_5,0.30263379216194153,0.13456174731254578,5.850358866155147e-05,0.04333929717540741,0.009999999776482582,0.2993651463084664,0,0.2580859661102295,0.912999999998174,0.9963999999980072,1.1767600774765017,0.03788343071937561,0.019940033555030823,2.1329615265130997e-06,0.013443781062960625,0.009999999776482582,0.03788820244368281,0,0.7232250571250916,0.99019999999978,0.9999999999997778,0.035098448395729065
"shufflenetv2_x0_5-reg:5,lamb:0.001",0.0005,5,0.001,1,42305016_12,True,cifar10_shufflenetv2_x0_5,0.35170823335647583,0.04041581600904465,7.561175152659416e-07,0.02888372540473938,0.0010000000474974513,0.3486366188273086,0,0.1606035828590393,0.8821999999982356,0.9955999999980089,0.8680036664009094,0.2225431501865387,0.025293361395597454,3.37051460519433e-07,0.015756728127598763,0.0010000000474974513,0.22267780714165109,0,0.3088241517543793,0.9230222222220172,0.9986444444442226,0.3425230085849762
"shufflenetv2_x0_5-reg:3,lamb:0.001",0.0005,3,0.001,1,42305016_0,True,cifar10_shufflenetv2_x0_5,0.5934962034225464,0.04446529597043991,1.2644450180232525e-06,0.019186414778232574,0.0010000000474974513,0.5906619501140814,0,0.17659121751785278,0.788999999998422,0.9913999999980172,1.0297478437423706,0.5700644254684448,0.039496250450611115,7.209600880742073e-07,0.014761622995138168,0.0010000000474974513,0.5701777038941126,0,0.04446344077587128,0.7990888888887113,0.9904888888886688,0.8092536926269531
"shufflenetv2_x0_5-reg:4,lamb:0.001",0.0005,4,0.001,1,42305016_6,True,cifar10_shufflenetv2_x0_5,0.31834596395492554,0.05229966714978218,7.724156603217125e-07,0.04414296895265579,0.0010000000474974513,0.31516838877535913,0,0.7107016444206238,0.91499999999817,0.996999999998006,1.491488337516785,0.034455206245183945,0.006971678230911493,1.2293457984924316e-07,0.013156207278370856,0.0010000000474974513,0.03446564259637236,0,0.2613629996776581,0.9912666666664464,0.9999999999997778,0.028726335614919662
"shufflenetv2_x0_5-reg:5,lamb:0.1",0.0005,5,0.1,1,42305016_14,True,cifar10_shufflenetv2_x0_5,0.3287123441696167,0.2704522907733917,0.003683079034090042,0.02322951704263687,0.10000000149011612,0.32734948901855904,0,0.2563493847846985,0.8901999999982196,0.9957999999980084,0.837907612323761,0.1885589063167572,0.14843858778476715,0.0011795386672019958,0.02057128958404064,0.10000000149011612,0.18856604955019052,0,0.19842475652694705,0.9349333333331256,0.999199999999778,0.2543686628341675
"shufflenetv2_x0_5-reg:3,lamb:0.5",0.0005,3,0.5,1,42305016_3,True,cifar10_shufflenetv2_x0_5,0.3800799250602722,0.3688843548297882,0.05764994025230408,0.005441334098577499,0.5,0.3773235468169916,0,0.18911853432655337,0.8665999999982669,0.9967999999980064,0.7076054215431213,0.3115854263305664,0.2946014106273651,0.035047054290771484,0.039934009313583374,0.5,0.3116057844316828,0,0.09066641330718994,0.8949777777775789,0.9978222222220006,0.38151830434799194
"shufflenetv2_x0_5-reg:4,lamb:1.0",0.0005,4,1.0,1,42305016_10,True,cifar10_shufflenetv2_x0_5,0.29667913913726807,0.2966638207435608,0.1863762140274048,0.03371329605579376,1.0,0.29351127431022217,0,0.1780417561531067,0.9141999999981716,0.996999999998006,1.1386239528656006,0.05007310211658478,0.05002571269869805,0.012113049626350405,0.020577430725097656,1.0,0.050090112106737854,0,0.16614896059036255,0.9874666666664472,0.9999777777775556,0.03713358938694
"shufflenetv2_x0_5-reg:3,lamb:1.0",0.0005,3,1.0,1,42305016_4,True,cifar10_shufflenetv2_x0_5,0.3831199109554291,0.38055190443992615,0.1668160855770111,0.010050938464701176,1.0,0.3801650805360641,0,0.19551460444927216,0.86999999999826,0.9965999999980067,0.665021538734436,0.3146629333496094,0.3100912570953369,0.10817718505859376,0.04317343235015869,1.0,0.31470926510583286,0,0.4745311141014099,0.8931555555553571,0.9980888888886672,0.3641806244850158
"shufflenetv2_x0_5-reg:5,lamb:0.5",0.0005,5,0.5,1,42305016_15,True,cifar10_shufflenetv2_x0_5,0.3176809847354889,0.31618401408195496,0.06066925823688507,0.02890016138553619,0.5,0.31573285221168046,0,0.12016350030899048,0.8921999999982156,0.9963999999980072,0.8175269365310669,0.1441277116537094,0.14176055788993835,0.01495402306318283,0.025680748745799065,0.5,0.14414701085057316,0,0.1066022515296936,0.9512444444442332,0.9997555555553336,0.15980678796768188
"shufflenetv2_x0_5-reg:4,lamb:2.0",0.0005,4,2.0,1,42305016_11,True,cifar10_shufflenetv2_x0_5,0.3379032611846924,0.3379058241844177,0.5126557350158691,0.045842137187719345,2.0,0.3340319356142245,0,0.2611154615879059,0.8975999999982048,0.9977999999980044,1.267255187034607,0.05188107490539551,0.051877908408641815,0.03593301773071289,0.0225595198571682,2.0,0.05188197026327105,0,0.5184142589569092,0.9870444444442252,0.9999999999997778,0.033866606652736664
"shufflenetv2_x1_0-reg:5,lamb:1.0",0.0005,5,1.0,1,42305016_16,True,cifar10_shufflenetv2_x1_0,0.3031555116176605,0.3031442165374756,0.20487746596336365,0.04012352228164673,1.0,0.2994725687794591,0,0.24397170543670657,0.9187999999981624,0.9967999999980064,1.3619204759597778,0.024173777550458908,0.024140385910868645,0.005314867943525314,0.011217359453439713,1.0,0.024186494756195245,0,0.7060790061950684,0.9944666666664458,0.9999999999997778,0.016395920887589455
"shufflenetv2_x1_0-reg:4,lamb:0.1",0.0005,4,0.1,1,42305016_8,True,cifar10_shufflenetv2_x1_0,0.27539822459220886,0.2706141471862793,0.005387874320149422,0.044321924448013306,0.10000000149011612,0.2716447840017842,0,0.26005101203918457,0.9271999999981456,0.9967999999980064,1.3145315647125244,0.003893956309184432,0.003464328357949853,5.06491051055491e-06,0.0031031237449496984,0.10000000149011612,0.003900543887565665,0,0.28875458240509033,0.9997333333331112,0.9999999999997778,0.0010331047233194113
"shufflenetv2_x1_0-reg:3,lamb:0.1",0.0005,3,0.1,1,42305016_2,True,cifar10_shufflenetv2_x1_0,0.3747061491012573,0.28015798330307007,0.003454960882663727,0.01641765609383583,0.10000000149011612,0.3713526805868666,0,0.2638854384422302,0.8693999999982612,0.9963999999980072,0.7660634517669678,0.299960732460022,0.2120576649904251,0.002000965178012848,0.022384269163012505,0.10000000149011612,0.30004363539193873,0,0.1973239779472351,0.8964444444442453,0.9974888888886672,0.432584285736084
"shufflenetv2_x1_0-reg:3,lamb:0.01",0.0005,3,0.01,1,42305016_1,True,cifar10_shufflenetv2_x1_0,0.40676888823509216,0.11711850017309187,4.127621650695801e-05,0.019620973616838455,0.009999999776482582,0.4055643154143023,0,0.1842895150184631,0.856999999998286,0.9951999999980096,0.8185267448425293,0.35436558723449707,0.09751006215810776,2.841278910636902e-05,0.01415253896266222,0.009999999776482582,0.35439749957503985,0,0.19268937408924103,0.8776888888886939,0.9967777777775564,0.5674898624420166
shufflenetv2_x1_0-baseline,0.0005,0,0.0,1,42305041,True,cifar10_shufflenetv2_x1_0,0.2793775796890259,0.0035176780074834824,0.0,0.03909854590892792,0.0,0.27419230551719115,0,0.26258528232574463,0.9333999999981332,0.9965999999980067,1.4889520406723022,0.003698871936649084,2.5816421839408576e-05,0.0,0.0027032450307160616,0.0,0.0037009150339357266,0,0.5590736865997314,0.9996888888886668,0.9999999999997778,0.0011975637171417477
"shufflenetv2_x1_0-reg:3,lamb:2.0",0.0005,3,2.0,1,42305016_5,True,cifar10_shufflenetv2_x1_0,0.29380232095718384,0.2937960624694824,0.4199267625808716,0.031050093472003937,2.0,0.29156572059119756,0,0.2791289985179901,0.90499999999819,0.9965999999980067,0.902650773525238,0.08727148920297623,0.08725282549858093,0.07529027760028839,0.02357570454478264,2.0,0.08728690796289786,0,0.1393384337425232,0.9731555555553394,0.9999555555553334,0.08489051461219788
"shufflenetv2_x1_0-reg:4,lamb:0.5",0.0005,4,0.5,1,42305016_9,True,cifar10_shufflenetv2_x1_0,0.2841145396232605,0.2840557098388672,0.08135780692100525,0.03962988033890724,0.5,0.28036691383410167,0,0.24774309992790225,0.9313999999981372,0.9973999999980052,1.4831204414367676,0.005365677643567324,0.0052784765139222145,0.0001947025302797556,0.0037482716143131256,0.5,0.005367204381260778,0,0.2880226969718933,0.9993777777775558,0.9999999999997778,0.00184340076521039
"shufflenetv2_x1_0-reg:5,lamb:2.0",0.0005,5,2.0,1,42305016_17,True,cifar10_shufflenetv2_x1_0,0.27165818214416504,0.2716628909111023,0.4269232749938965,0.04141085967421532,2.0,0.2698609782896186,0,0.28689926862716675,0.9203999999981592,0.9971999999980056,1.1104480028152466,0.019267648458480835,0.01926705241203308,0.011561572551727297,0.010494370944797993,2.0,0.019270817462360618,0,0.30834832787513733,0.9964666666664452,0.9999999999997778,0.01165592111647129
"shufflenetv2_x1_0-reg:5,lamb:0.01",0.0005,5,0.01,1,42305016_13,True,cifar10_shufflenetv2_x1_0,0.2832939922809601,0.11970245093107224,4.630349576473236e-05,0.03529263287782669,0.009999999776482582,0.2810116878236951,0,0.18618425726890564,0.9095999999981808,0.9971999999980056,0.9308083653450012,0.09726037085056304,0.04327131435275078,7.485272362828255e-06,0.014924902468919754,0.009999999776482582,0.0973688066373712,0,0.08193749189376831,0.9682222222220072,0.9997555555553336,0.13627377152442932
"shufflenetv2_x1_0-reg:4,lamb:0.01",0.0005,4,0.01,1,42305016_7,True,cifar10_shufflenetv2_x1_0,0.2685368061065674,0.14213640987873075,6.753229536116123e-05,0.039089690893888474,0.009999999776482582,0.2660426622789068,0,0.34648850560188293,0.9341999999981316,0.997999999998004,1.3794931173324585,0.003985865972936153,0.0025178284849971533,7.580092642456293e-07,0.002825981006026268,0.009999999776482582,0.003992292194384516,0,0.2275856137275696,0.9995777777775556,0.9999999999997778,0.0012885616160929203
"shufflenetv2_x1_0-reg:5,lamb:0.001",0.0005,5,0.001,1,42305016_12,True,cifar10_shufflenetv2_x1_0,0.2816464304924011,0.041888121515512466,1.2662203516811132e-06,0.032523684203624725,0.0010000000474974513,0.27839267910508353,0,0.1796318292617798,0.9127999999981744,0.9977999999980044,0.950766384601593,0.09096052497625352,0.014861226081848145,3.614695742726326e-07,0.016319680958986282,0.0010000000474974513,0.09100761365644344,0,0.1896626055240631,0.9713999999997842,0.999799999999778,0.12421241402626038
"shufflenetv2_x1_0-reg:3,lamb:0.001",0.0005,3,0.001,1,42305016_0,True,cifar10_shufflenetv2_x1_0,0.4159427583217621,0.04013552889227867,1.0944204404950142e-06,0.02056652493774891,0.0010000000474974513,0.4137811375575633,0,0.06771567463874817,0.85499999999829,0.995999999998008,0.849254846572876,0.3578810691833496,0.032989293336868286,2.5323242880403996e-07,0.01375863142311573,0.0010000000474974513,0.3578942356935805,0,0.04695722460746765,0.876466666666472,0.9963999999997788,0.5732254385948181
"shufflenetv2_x1_0-reg:4,lamb:0.001",0.0005,4,0.001,1,42305016_6,True,cifar10_shufflenetv2_x1_0,0.2745431959629059,0.05107364431023598,8.386850822716951e-07,0.03781943395733833,0.0010000000474974513,0.27086644792424486,0,0.2567037343978882,0.9343999999981312,0.9963999999980072,1.426354169845581,0.0036816082429140806,0.0011930263135582209,8.205852282117121e-07,0.0025491067208349705,0.0010000000474974513,0.0036842426341262007,0,0.6004543304443359,0.9995555555553336,0.9999999999997778,0.0011882875114679337
"shufflenetv2_x1_0-reg:5,lamb:0.1",0.0005,5,0.1,1,42305016_14,True,cifar10_shufflenetv2_x1_0,0.2688928544521332,0.2502906620502472,0.004096470773220062,0.03147231414914131,0.10000000149011612,0.26713406802768214,0,0.2693745493888855,0.918999999998162,0.9971999999980056,0.9692236185073853,0.057330645620822906,0.05152149125933647,0.0002704178914427757,0.01500670611858368,0.10000000149011612,0.05737146971929299,0,0.119145929813385,0.982022222222004,0.9999333333331112,0.057740580290555954
"shufflenetv2_x1_0-reg:3,lamb:0.5",0.0005,3,0.5,1,42305016_3,True,cifar10_shufflenetv2_x1_0,0.28441521525382996,0.2820468246936798,0.04891060292720795,0.011462483555078506,0.5,0.28193973139732587,0,0.27743297815322876,0.9015999999981968,0.997999999998004,0.6478449106216431,0.1799663007259369,0.17606113851070404,0.01985470950603485,0.028553633019328117,0.5,0.1800158014418721,0,0.09068828821182252,0.9396444444442356,0.9993111111108892,0.2175951898097992
"shufflenetv2_x1_0-reg:3,lamb:1.0",0.0005,3,1.0,1,42305016_4,True,cifar10_shufflenetv2_x1_0,0.27382704615592957,0.2736909091472626,0.14928767085075378,0.02189263701438904,1.0,0.2694330717021126,0,0.26321738958358765,0.908999999998182,0.9965999999980067,0.7464842796325684,0.1224602684378624,0.1221463605761528,0.03929700702428818,0.026714717969298363,1.0,0.12247800644299238,0,0.11201703548431396,0.9610222222220088,0.9997555555553336,0.13222186267375946
"shufflenetv2_x1_0-reg:4,lamb:1.0",0.0005,4,1.0,1,42305016_10,True,cifar10_shufflenetv2_x1_0,0.2720409035682678,0.2720251679420471,0.19140106439590457,0.03749644756317139,1.0,0.26744746105411576,0,0.28274276852607727,0.9315999999981368,0.9967999999980064,1.3450545072555542,0.006093766540288925,0.006061431020498276,0.0008723996579647064,0.003901466727256775,1.0,0.00609603983550938,0,0.17910724878311157,0.9991111111108892,0.9999999999997778,0.002502458170056343
"shufflenetv2_x1_0-reg:5,lamb:0.5",0.0005,5,0.5,1,42305016_15,True,cifar10_shufflenetv2_x1_0,0.28388044238090515,0.28376343846321106,0.07139597833156586,0.04149938002228737,0.5,0.2802333435505171,0,0.28686240315437317,0.9185999999981628,0.9971999999980056,1.1589698791503906,0.030488882213830948,0.030290311202406883,0.0020789671689271927,0.01316082663834095,0.5,0.03051262030691445,0,0.4021092057228088,0.9924888888886684,0.9999999999997778,0.020619917660951614
"shufflenetv2_x1_0-reg:4,lamb:2.0",0.0005,4,2.0,1,42305016_11,True,cifar10_shufflenetv2_x1_0,0.2712480127811432,0.2712523937225342,0.4408600926399231,0.04050060734152794,2.0,0.2692334456885759,0,0.2713591754436493,0.9293999999981412,0.9967999999980064,1.2815617322921753,0.0072024669498205185,0.0072001381777226925,0.003231685608625412,0.004797390662133694,2.0,0.007202391555938493,0,0.2088707685470581,0.999088888888667,0.9999999999997778,0.0030819308012723923
"shufflenetv2_x1_5-reg:5,lamb:1.0",0.0005,5,1.0,1,42305016_16,True,cifar10_shufflenetv2_x1_5,0.26158028841018677,0.2615719139575958,0.17703324556350708,0.03770730644464493,1.0,0.2653071074351336,0,0.7024481296539307,0.9293999999981412,0.9977999999980044,1.1534359455108645,0.01231477688997984,0.012290158309042454,0.0021028323099017143,0.007357174996286631,1.0,0.012314766430421792,0,0.7271016836166382,0.9979111111108894,0.9999999999997778,0.006065630819648504
"shufflenetv2_x1_5-reg:4,lamb:0.1",0.0005,4,0.1,1,42305016_8,True,cifar10_shufflenetv2_x1_5,0.2356218695640564,0.2329544723033905,0.004807228222489357,0.032820891588926315,0.10000000149011612,0.2369588232345727,0,0.25664740800857544,0.9407999999981184,0.9963999999980072,1.1918762922286987,0.002110270317643881,0.001727195456624031,2.1723390091210604e-06,0.0017480835085734725,0.10000000149011612,0.002113712016460296,0,0.45204055309295654,0.9999555555553334,0.9999999999997778,0.000334998476319015
shufflenetv2_x1_5-baseline,0.0005,0,0.0,1,42305041,True,cifar10_shufflenetv2_x1_5,0.245288610458374,0.00296210334636271,0.0,0.034208931028842926,0.0,0.25085460866365905,0,0.25521713495254517,0.9415999999981168,0.9967999999980064,1.2747883796691897,0.00211799843236804,2.1984995328239165e-05,0.0,0.001614726264961064,0.0,0.0021322664584604947,0,0.5517212152481079,0.9998666666664444,0.9999999999997778,0.0004091205482836813
"shufflenetv2_x1_5-reg:3,lamb:0.01",0.0005,3,0.01,1,42305016_1,True,cifar10_shufflenetv2_x1_5,0.3923603296279907,0.1154448390007019,4.0241051465272903e-05,0.014456244185566902,0.009999999776482582,0.3962491018579019,0,0.07062515616416931,0.8641999999982716,0.9955999999980089,0.8053390383720398,0.3430185317993164,0.09527842700481416,2.747541293501854e-05,0.017414426431059837,0.009999999776482582,0.34299414848483933,0,0.20803500711917877,0.8832444444442482,0.9962888888886676,0.5424375534057617
"shufflenetv2_x1_5-reg:3,lamb:0.1",0.0005,3,0.1,1,42305016_2,True,cifar10_shufflenetv2_x1_5,0.3409828245639801,0.2640116512775421,0.0032984167337417603,0.009444445371627808,0.10000000149011612,0.34536901397125924,0,0.07605662941932678,0.88499999999823,0.9953999999980092,0.7392531633377075,0.26890823245048523,0.1962117850780487,0.001801559701561928,0.02289134636521339,0.10000000149011612,0.2689229348860282,0,0.18596377968788147,0.9082666666664648,0.997977777777556,0.3902762234210968
"shufflenetv2_x1_5-reg:3,lamb:2.0",0.0005,3,2.0,1,42305016_5,True,cifar10_shufflenetv2_x1_5,0.26521292328834534,0.2652101516723633,0.38485223054885864,0.028222035616636276,2.0,0.26946309046385164,0,0.7145671844482422,0.9165999999981668,0.996999999998006,0.8680050373077393,0.05585017055273056,0.055839817970991135,0.04493646323680878,0.017982054501771927,2.0,0.05588312738850183,0,0.1453026533126831,0.9837999999997814,0.9999999999997778,0.050711244344711304
"shufflenetv2_x1_5-reg:4,lamb:0.5",0.0005,4,0.5,1,42305016_9,True,cifar10_shufflenetv2_x1_5,0.25338128209114075,0.2533023953437805,0.07021309435367584,0.03586165979504585,0.5,0.25567888530225813,0,0.2831366956233978,0.9355999999981288,0.9977999999980044,1.2302173376083374,0.003104256698861718,0.003002232639119029,6.058171857148409e-05,0.0025143646635115147,0.5,0.003110945206064585,0,0.6121935844421387,0.999799999999778,0.9999999999997778,0.0005338807823136449
"shufflenetv2_x1_5-reg:5,lamb:2.0",0.0005,5,2.0,1,42305016_17,True,cifar10_shufflenetv2_x1_5,0.26301145553588867,0.26301631331443787,0.4209003448486328,0.03856779262423515,2.0,0.2673868177984355,0,0.19685685634613037,0.9287999999981424,0.9983999999980032,1.1615272760391235,0.010396892204880714,0.01039501279592514,0.005469191819429398,0.006163933780044317,2.0,0.01039634370820962,0,0.23357677459716797,0.9982666666664448,0.9999999999997778,0.0054078055545687675
"shufflenetv2_x1_5-reg:5,lamb:0.01",0.0005,5,0.01,1,42305016_13,True,cifar10_shufflenetv2_x1_5,0.24708618223667145,0.11218205839395524,4.089949652552605e-05,0.029711849987506863,0.009999999776482582,0.2516049994760385,0,0.18092834949493408,0.9227999999981544,0.997999999998004,0.8339492082595825,0.06041008234024048,0.030056050047278404,4.239613190293312e-06,0.014139743521809578,0.009999999776482582,0.06041988500431627,0,0.1306368112564087,0.9819333333331152,0.9998666666664444,0.07292784750461578
"shufflenetv2_x1_5-reg:3,lamb:0.001",0.0005,3,0.001,1,42305016_0,True,cifar10_shufflenetv2_x1_5,0.4021338224411011,0.04052639380097389,6.369373295456171e-07,0.01817849650979042,0.0010000000474974513,0.40480941662813497,0,0.1491977870464325,0.8647999999982704,0.9945999999980109,0.8679165840148926,0.33949407935142517,0.031940706074237823,9.397044777870178e-07,0.016782542690634727,0.0010000000474974513,0.339558033507328,0,0.1862119436264038,0.8833111111109149,0.9962666666664454,0.538671612739563
"shufflenetv2_x1_5-reg:5,lamb:0.001",0.0005,5,0.001,1,42305016_12,True,cifar10_shufflenetv2_x1_5,0.2632548213005066,0.041039690375328064,9.944196790456772e-07,0.032329242676496506,0.0010000000474974513,0.2678602224739209,0,0.2133670449256897,0.9201999999981596,0.9973999999980052,0.910739243030548,0.06576155871152878,0.012445863336324692,9.1170659288764e-07,0.013746509328484535,0.0010000000474974513,0.06579032735736946,0,0.12029951810836792,0.9800888888886712,0.9998888888886668,0.0898381769657135
"shufflenetv2_x1_5-reg:4,lamb:0.01",0.0005,4,0.01,1,42305016_7,True,cifar10_shufflenetv2_x1_5,0.2340928614139557,0.1289752572774887,5.687866359949112e-05,0.034236665815114975,0.009999999776482582,0.2384416418820504,0,0.26631489396095276,0.9417999999981164,0.9975999999980047,1.1567838191986084,0.002103974809870124,0.0012324800482019782,5.89134288020432e-08,0.0014695225981995463,0.009999999776482582,0.002104510054327775,0,0.5272598266601562,0.999822222222,0.9999999999997778,0.0006386690074577928
"shufflenetv2_x1_5-reg:4,lamb:0.001",0.0005,4,0.001,1,42305016_6,True,cifar10_shufflenetv2_x1_5,0.2487791478633881,0.04845336079597473,8.238130249083042e-07,0.03556598722934723,0.0010000000474974513,0.25177675249504705,0,0.26409780979156494,0.93999999999812,0.9967999999980064,1.287495255470276,0.0019957246258854866,0.0006252012099139392,8.837605491862632e-08,0.001443497370928526,0.0010000000474974513,0.002000802247049586,0,0.4964914321899414,0.999822222222,0.9999999999997778,0.0005409379955381155
"shufflenetv2_x1_5-reg:5,lamb:0.1",0.0005,5,0.1,1,42305016_14,True,cifar10_shufflenetv2_x1_5,0.2479928433895111,0.23648928105831143,0.0038947444409132,0.03357793390750885,0.10000000149011612,0.2500312930585495,0,0.25343504548072815,0.9247999999981504,0.9985999999980028,0.9209483861923218,0.03618387132883072,0.03317812457680702,0.00014987378381192684,0.012568701058626177,0.10000000149011612,0.03618780169853727,0,0.13453519344329834,0.9902222222220024,0.9999777777775556,0.0317811444401741
"shufflenetv2_x1_5-reg:3,lamb:1.0",0.0005,3,1.0,1,42305016_4,True,cifar10_shufflenetv2_x1_5,0.26411494612693787,0.26405251026153564,0.146763414144516,0.0268617682158947,1.0,0.26824725852905384,0,0.29316598176956177,0.910999999998178,0.9981999999980036,0.7279438972473145,0.0917137935757637,0.09155970811843872,0.02718532830476761,0.023905161768198013,1.0,0.09170886308534368,0,0.13450878858566284,0.9713999999997842,0.9998666666664444,0.0870741680264473
"shufflenetv2_x1_5-reg:3,lamb:0.5",0.0005,3,0.5,1,42305016_3,True,cifar10_shufflenetv2_x1_5,0.3016375005245209,0.2997218370437622,0.05481044948101044,0.019689224660396576,0.5,0.3049283271993444,0,0.32430869340896606,0.8965999999982068,0.9971999999980056,0.7319023013114929,0.16126340627670288,0.15812475979328156,0.016844242811203003,0.03078523278236389,0.5,0.16126874147590708,0,0.11571520566940308,0.947755555555345,0.9995555555553336,0.18083640933036804
"shufflenetv2_x1_5-reg:4,lamb:1.0",0.0005,4,1.0,1,42305016_10,True,cifar10_shufflenetv2_x1_5,0.24087436497211456,0.24086157977581024,0.16840656101703644,0.03492550551891327,1.0,0.244620609906195,0,0.25001078844070435,0.9373999999981252,0.997999999998004,1.1598107814788818,0.004012275952845812,0.0039886487647891045,0.0004331362433731556,0.002955234609544277,1.0,0.004015475017880535,0,0.2845056354999542,0.999622222222,0.9999999999997778,0.001223406521603465
"shufflenetv2_x1_5-reg:5,lamb:0.5",0.0005,5,0.5,1,42305016_15,True,cifar10_shufflenetv2_x1_5,0.2519315779209137,0.25187188386917114,0.06644316017627716,0.035361334681510925,0.5,0.25314089941242335,0,0.24165859818458557,0.932999999998134,0.996999999998006,1.1543259620666504,0.015271080657839777,0.015164376236498356,0.0008491938933730125,0.008401350118219852,0.5,0.015312866224905112,0,0.7273163795471191,0.9971111111108896,0.9999999999997778,0.008465106599032879
"shufflenetv2_x1_5-reg:4,lamb:2.0",0.0005,4,2.0,1,42305016_11,True,cifar10_shufflenetv2_x1_5,0.2483183592557907,0.24831929802894592,0.40788397192955017,0.03369800001382828,2.0,0.25262525069003255,0,0.3654312491416931,0.9397999999981204,0.9971999999980056,1.2497295141220093,0.003943168558180332,0.003937781788408756,0.0012964475899934769,0.0029746803920716047,2.0,0.003949310951139114,0,0.36853963136672974,0.9996444444442224,0.9999999999997778,0.0010741071309894323
"shufflenetv2_x2_0-reg:5,lamb:1.0",0.0005,5,1.0,1,42305016_16,True,cifar10_shufflenetv2_x2_0,0.2597300112247467,0.25972041487693787,0.1785980761051178,0.03915062174201012,1.0,0.2590632392660868,0,0.26824328303337097,0.9293999999981412,0.9975999999980047,1.174559235572815,0.00963118951767683,0.009607196785509586,0.001607927493751049,0.005777142010629177,1.0,0.009629228278786107,0,0.3803299069404602,0.9984222222220004,0.9999999999997778,0.004606794565916061
shufflenetv2_x2_0-baseline,0.0005,0,0.0,1,42305041,True,cifar10_shufflenetv2_x2_0,0.2500070333480835,0.002829774748533964,0.0,0.03801478818058968,0.0,0.24908930572333857,0,0.2660587430000305,0.9377999999981244,0.9967999999980064,1.220658779144287,0.001695857848972082,1.417341991327703e-05,0.0,0.001367977005429566,0.0,0.0016961793724505029,0,0.4674842655658722,0.9999333333331112,0.9999999999997778,0.00018940183508675543
"shufflenetv2_x2_0-reg:4,lamb:0.1",0.0005,4,0.1,1,42305016_8,True,cifar10_shufflenetv2_x2_0,0.25197768211364746,0.2498321235179901,0.005344178527593613,0.03799871727824211,0.10000000149011612,0.25176641555953205,0,0.2725070118904114,0.938999999998122,0.997999999998004,1.3247333765029907,0.0018078703433275225,0.0014043459668755531,1.4962715795263648e-06,0.001351641840301454,0.10000000149011612,0.001807958262920079,0,0.136405348777771,0.9998666666664444,0.9999999999997778,0.0002969628549180925
"shufflenetv2_x2_0-reg:3,lamb:0.01",0.0005,3,0.01,1,42305016_1,True,cifar10_shufflenetv2_x2_0,0.3406848609447479,0.11093959212303162,3.7516700103878975e-05,0.016668666154146194,0.009999999776482582,0.33785207701718156,0,0.1002899557352066,0.883999999998232,0.9945999999980109,0.7552537322044373,0.2758297920227051,0.0846044197678566,2.2206222638487816e-05,0.018040422350168228,0.009999999776482582,0.27584403810979324,0,0.21746456623077393,0.906733333333132,0.9977999999997784,0.4408582150936126
"shufflenetv2_x2_0-reg:3,lamb:0.1",0.0005,3,0.1,1,42305016_2,True,cifar10_shufflenetv2_x2_0,0.3270037770271301,0.2572082281112671,0.0032032281160354614,0.0133792944252491,0.10000000149011612,0.32586711405315566,0,0.18526241183280945,0.8887999999982225,0.9961999999980076,0.7206857204437256,0.24091476202011108,0.17885905504226685,0.0015504304319620132,0.02529151737689972,0.10000000149011612,0.2408906874872017,0,0.1925443857908249,0.9181777777775738,0.998577777777556,0.335165411233902
"shufflenetv2_x2_0-reg:3,lamb:2.0",0.0005,3,2.0,1,42305016_5,True,cifar10_shufflenetv2_x2_0,0.25975340604782104,0.25975343585014343,0.39865338802337646,0.029532771557569504,2.0,0.25816113712396543,0,0.286953866481781,0.9273999999981452,0.9963999999980072,1.019628882408142,0.038042668253183365,0.03803563117980957,0.027909524738788605,0.015003584325313568,2.0,0.038039853291499,0,0.2893373370170593,0.9900222222220024,0.9999999999997778,0.028182264417409897
"shufflenetv2_x2_0-reg:5,lamb:2.0",0.0005,5,2.0,1,42305016_17,True,cifar10_shufflenetv2_x2_0,0.2753921449184418,0.2753966748714447,0.4521457552909851,0.03987559303641319,2.0,0.275002223115749,0,0.2134379744529724,0.9313999999981372,0.9973999999980052,1.4043539762496948,0.006815584376454353,0.006812157575041056,0.003127399832010269,0.004489500541239977,2.0,0.006821771587164478,0,0.4378204345703125,0.999088888888667,0.9999999999997778,0.002747343620285392
"shufflenetv2_x2_0-reg:4,lamb:0.5",0.0005,4,0.5,1,42305016_9,True,cifar10_shufflenetv2_x2_0,0.2421069294214249,0.2420380711555481,0.0662839487195015,0.035011157393455505,0.5,0.23954261119607512,0,0.7199411988258362,0.9375999999981248,0.9963999999980072,1.1534167528152466,0.002717990893870592,0.002627612790092826,5.723000504076481e-05,0.002216354478150606,0.5,0.0027174890401620816,0,0.23264414072036743,0.9998666666664444,0.9999999999997778,0.0005526647437363863
"shufflenetv2_x2_0-reg:5,lamb:0.01",0.0005,5,0.01,1,42305016_13,True,cifar10_shufflenetv2_x2_0,0.26474663615226746,0.12322880327701569,4.965765401721001e-05,0.03412642329931259,0.009999999776482582,0.26390387477196536,0,0.2904205620288849,0.9241999999981516,0.9973999999980052,1.001542329788208,0.05142383649945259,0.026863599196076393,3.068998921662569e-06,0.012856139801442623,0.009999999776482582,0.051466660444155786,0,0.14623287320137024,0.9848666666664478,0.9999111111108888,0.060718685388565063
"shufflenetv2_x2_0-reg:3,lamb:0.001",0.0005,3,0.001,1,42305016_0,True,cifar10_shufflenetv2_x2_0,0.3693581819534302,0.039012327790260315,2.862652763724327e-07,0.017318876460194588,0.0010000000474974513,0.36638434138456255,0,0.06616884469985962,0.8739999999982521,0.9963999999980072,0.8067408204078674,0.2979860007762909,0.02961176447570324,4.396424628794194e-07,0.01790212094783783,0.0010000000474974513,0.2979305862195165,0,0.05588260293006897,0.8977555555553561,0.9972222222220006,0.465076208114624
"shufflenetv2_x2_0-reg:5,lamb:0.001",0.0005,5,0.001,1,42305016_12,True,cifar10_shufflenetv2_x2_0,0.25073790550231934,0.04014434665441513,8.752394933253527e-07,0.03338339552283287,0.0010000000474974513,0.24795119526505677,0,0.27985653281211853,0.9213999999981572,0.9975999999980047,0.8752761483192444,0.05179775506258011,0.01030068937689066,2.993438101839274e-07,0.01258406974375248,0.0010000000474974513,0.0517952799217302,0,0.1119699776172638,0.9845999999997812,0.9999555555553334,0.06221213936805725
"shufflenetv2_x2_0-reg:4,lamb:0.01",0.0005,4,0.01,1,42305016_7,True,cifar10_shufflenetv2_x2_0,0.2507452964782715,0.13738949596881866,6.31858129054308e-05,0.03682570904493332,0.009999999776482582,0.24811364921442697,0,0.19917315244674683,0.93999999999812,0.9973999999980052,1.2886762619018557,0.002032269723713398,0.001234809053130448,2.955384843517095e-07,0.001252452144399285,0.009999999776482582,0.0020311835418565915,0,0.3015837073326111,0.999822222222,0.9999999999997778,0.001339278882369399
"shufflenetv2_x2_0-reg:4,lamb:0.001",0.0005,4,0.001,1,42305016_6,True,cifar10_shufflenetv2_x2_0,0.23707933723926544,0.0460616834461689,5.68150426261127e-07,0.036179397255182266,0.0010000000474974513,0.2336382335746348,0,0.3544463515281677,0.9437999999981124,0.9977999999980044,1.1593544483184814,0.0016498028999194505,0.0004892987781204283,6.961286089790519e-07,0.001196963246911764,0.0010000000474974513,0.0016501924512890992,0,0.5380431413650513,0.9998666666664444,0.9999999999997778,0.0003255682240705937
"shufflenetv2_x2_0-reg:5,lamb:0.1",0.0005,5,0.1,1,42305016_14,True,cifar10_shufflenetv2_x2_0,0.24140597879886627,0.23196394741535187,0.003891231492161751,0.03264584764838219,0.10000000149011612,0.23989196407721283,0,0.2479482740163803,0.9311999999981376,0.997999999998004,0.9241566061973572,0.03231855109333992,0.029796449467539787,0.0001400429755449295,0.011726785451173782,0.10000000149011612,0.03236387632815006,0,0.7075548768043518,0.9917999999997796,0.9999999999997778,0.02990521490573883
"shufflenetv2_x2_0-reg:3,lamb:1.0",0.0005,3,1.0,1,42305016_4,True,cifar10_shufflenetv2_x2_0,0.27801480889320374,0.2779826819896698,0.16446271538734436,0.031595803797245026,1.0,0.2762738874663381,0,0.1478363275527954,0.9121999999981756,0.9967999999980064,0.883115291595459,0.06339434534311295,0.06330521404743195,0.016681469976902008,0.022287745028734207,1.0,0.06342230417235992,0,0.48283153772354126,0.9825111111108928,0.9999999999997778,0.052755773067474365
"shufflenetv2_x2_0-reg:3,lamb:0.5",0.0005,3,0.5,1,42305016_3,True,cifar10_shufflenetv2_x2_0,0.28084325790405273,0.27945956587791443,0.052282094955444336,0.022185208275914192,0.5,0.27878570989736173,0,0.13748756051063538,0.9037999999981924,0.9961999999980076,0.7112354040145874,0.13570314645767212,0.13350680470466614,0.013696223497390749,0.030517861247062683,0.5,0.13571795253158642,0,0.1254703402519226,0.957977777777565,0.9995777777775556,0.14703240990638733
"shufflenetv2_x2_0-reg:5,lamb:0.5",0.0005,5,0.5,1,42305016_15,True,cifar10_shufflenetv2_x2_0,0.2787559926509857,0.2787124216556549,0.07650510966777802,0.03811933100223541,0.5,0.2778021289509312,0,0.1844909191131592,0.9303999999981392,0.9975999999980047,1.3178280591964722,0.014562083408236504,0.014458727091550829,0.0009009605273604392,0.007264459040015936,0.5,0.014574986019147971,0,0.18599474430084229,0.996955555555334,0.9999999999997778,0.009087257087230682
"shufflenetv2_x2_0-reg:4,lamb:1.0",0.0005,4,1.0,1,42305016_10,True,cifar10_shufflenetv2_x2_0,0.24083617329597473,0.24082419276237488,0.16958048939704895,0.03444204106926918,1.0,0.2384928173124419,0,0.25651490688323975,0.9377999999981244,0.9967999999980064,1.1830097436904907,0.0027813108172267675,0.0027534065302461386,0.0001615674700587988,0.002375792246311903,1.0,0.002781720371462508,0,0.2749365568161011,0.9998888888886668,0.9999999999997778,0.0003800207341555506
"shufflenetv2_x2_0-reg:4,lamb:2.0",0.0005,4,2.0,1,42305016_11,True,cifar10_shufflenetv2_x2_0,0.23399575054645536,0.23399512469768524,0.3777824938297272,0.035422638058662415,2.0,0.23211795825081188,0,0.24405086040496823,0.9373999999981252,0.9977999999980044,1.079028606414795,0.0027051903307437897,0.002698245458304882,0.0005914643406867981,0.0022343492601066828,2.0,0.002706182609153184,0,0.4955365955829621,0.9998666666664444,0.9999999999997778,0.0004857138264924288
"resnet20-reg:3,lamb:0.1",0.0005,3,0.1,1,42315700_2,True,cifar10_resnet20,0.3063097596168518,0.251785546541214,0.003204258158802986,0.019590144976973537,0.10000000149011612,0.3052148400211139,0,0.11339303851127625,0.8935999999982128,0.9967999999980064,0.723110020160675,0.19142203032970428,0.1505018174648285,0.001218847930431366,0.023012101650238037,0.10000000149011612,0.1913294238352979,0,0.19384509325027463,0.9356444444442366,0.9986222222220004,0.2633114457130432
"resnet20-reg:3,lamb:0.001",0.0005,3,0.001,1,42315700_0,True,cifar10_resnet20,0.34920012950897217,0.03983093053102493,1.1090305633842943e-06,0.023461829870939255,0.0010000000474974513,0.34665777814936777,0,0.16532950103282928,0.8811999999982376,0.9963999999980072,0.8478094339370728,0.2526506185531616,0.027813075110316277,8.805945981293917e-07,0.01724032685160637,0.0010000000474974513,0.25248038352471885,0,0.06400418281555176,0.9154222222220189,0.9974666666664452,0.41284024715423584
"resnet20-reg:3,lamb:0.5",0.0005,3,0.5,1,42315700_3,True,cifar10_resnet20,0.27011799812316895,0.26943185925483704,0.05309450626373291,0.020539995282888412,0.5,0.2695571495734924,0,0.11108678579330444,0.9127999999981744,0.997999999998004,0.7492897510528564,0.10665477812290192,0.10558219254016876,0.01024133712053299,0.02607102692127228,0.5,0.10659764846181188,0,0.12744683027267456,0.966688888888674,0.999822222222,0.10757148265838624
"resnet20-reg:3,lamb:0.01",0.0005,3,0.01,1,42315700_1,True,cifar10_resnet20,0.3164529800415039,0.10870444774627686,3.647804260253906e-05,0.017787937074899673,0.009999999776482582,0.3152771262738266,0,0.19714996218681335,0.890999999998218,0.9963999999980072,0.7389935255050659,0.22189262509346008,0.07382809370756149,1.6892096027731895e-05,0.018710054457187653,0.009999999776482582,0.221773554050378,0,0.07202708721160889,0.924933333333128,0.9981555555553338,0.3432419002056122
"resnet20-reg:3,lamb:1.0",0.0005,3,1.0,1,42315700_4,True,cifar10_resnet20,0.262960284948349,0.2629398703575134,0.1550215184688568,0.02863387390971184,1.0,0.26044965149850785,0,0.4071792662143707,0.9161999999981676,0.9971999999980056,0.8478471636772156,0.07144488394260406,0.071387879550457,0.01990737020969391,0.023540563881397247,1.0,0.07141611932117098,0,0.1842462420463562,0.9801333333331156,0.9999111111108888,0.06269118189811707
"resnet20-reg:3,lamb:2.0",0.0005,3,2.0,1,42315700_5,True,cifar10_resnet20,0.267042875289917,0.26704683899879456,0.3962235450744629,0.03275532275438309,2.0,0.26653781966949214,0,0.26998209953308105,0.916999999998166,0.996999999998006,0.9304323196411132,0.051848430186510086,0.05184796079993248,0.03910735994577408,0.02060769870877266,2.0,0.05181527180853108,0,0.15817886590957642,0.9867777777775586,0.9999333333331112,0.03890205919742584
"resnet20-reg:4,lamb:0.001",0.0005,4,0.001,1,42315700_6,True,cifar10_resnet20,0.27178648114204407,0.04672204703092575,9.429932106286288e-07,0.03975821286439896,0.0010000000474974513,0.2702270782132847,0,0.2786085605621338,0.9255999999981488,0.9975999999980047,1.1926990747451782,0.008996943011879921,0.002137562492862344,4.138746589887887e-07,0.006606839131563902,0.0010000000474974513,0.008992438868172066,0,0.23521101474761963,0.9991111111108892,0.9999999999997778,0.003061403753235936
"resnet20-reg:4,lamb:0.01",0.0005,4,0.01,1,42315700_7,True,cifar10_resnet20,0.2725796699523926,0.13417302072048187,6.027682684361935e-05,0.03984757885336876,0.009999999776482582,0.2708656719462761,0,0.2984280288219452,0.925999999998148,0.9981999999980036,1.2243696451187134,0.009243471547961237,0.0050856852903962135,8.819843060337007e-07,0.006653771735727787,0.009999999776482582,0.009242276401284204,0,0.6602120399475098,0.9989555555553336,0.9999999999997778,0.0029857303015887737
"resnet20-reg:4,lamb:0.1",0.0005,4,0.1,1,42315700_8,True,cifar10_resnet20,0.26691532135009766,0.2597087025642395,0.00505075603723526,0.03499038144946098,0.10000000149011612,0.26443232061158306,0,0.29033219814300537,0.9307999999981384,0.9975999999980047,1.2364965677261353,0.010124683380126951,0.009176435880362988,1.77859328687191e-05,0.0073798056691884995,0.10000000149011612,0.010122622291257504,0,0.3732722997665405,0.9989555555553336,0.9999999999997778,0.00358055648393929
"resnet20-reg:4,lamb:0.5",0.0005,4,0.5,1,42315700_9,True,cifar10_resnet20,0.2768942713737488,0.27686116099357605,0.07300123572349548,0.03789966553449631,0.5,0.27731628180585516,0,0.7035603523254395,0.9251999999981496,0.996999999998006,1.2315200567245483,0.010997092351317406,0.010935671627521517,0.0003925738856196403,0.007814829237759113,0.5,0.010991712605527651,0,0.3796862065792084,0.9986444444442226,0.9999999999997778,0.003628656500950456
"resnet20-reg:4,lamb:1.0",0.0005,4,1.0,1,42315700_10,True,cifar10_resnet20,0.2794334590435028,0.27943146228790283,0.18966886401176453,0.040433499962091446,1.0,0.2783484077551987,0,0.19916707277297976,0.9233999999981533,0.9967999999980064,1.2287274599075315,0.011392556130886078,0.011385217308998108,0.0014018639922142029,0.008562146686017513,1.0,0.011383815525003154,0,0.3154614269733429,0.9989555555553336,0.9999999999997778,0.0036881205160170794
"resnet32-reg:3,lamb:0.01",0.0005,3,0.01,1,42315700_1,True,cifar10_resnet32,0.3079025447368622,0.10924887657165527,3.775767982006073e-05,0.01587761379778385,0.009999999776482582,0.3087982600873478,0,0.055230021476745605,0.895999999998208,0.9955999999980089,0.7548458576202393,0.20608073472976685,0.07145999372005463,1.6129575669765472e-05,0.018664564937353138,0.009999999776482582,0.20605156417104,0,0.19593727588653564,0.9317333333331264,0.9985333333331116,0.32685497403144836
"resnet32-reg:3,lamb:0.5",0.0005,3,0.5,1,42315700_3,True,cifar10_resnet32,0.25388574600219727,0.25352761149406433,0.05392289161682129,0.026969457045197487,0.5,0.25333893137424224,0,0.2739355266094208,0.9207999999981584,0.9965999999980067,0.7871367931365967,0.0728871300816536,0.07234130054712296,0.0066278912127017975,0.02078298106789589,0.5,0.07286157877701786,0,0.30452853441238403,0.9783777777775604,0.9999777777775556,0.06879928708076477
"resnet32-reg:3,lamb:0.001",0.0005,3,0.001,1,42315700_0,True,cifar10_resnet32,0.3124794661998749,0.03812655434012413,6.279733497649431e-07,0.020948003977537155,0.0010000000474974513,0.3115487611226165,0,0.2293078601360321,0.89499999999821,0.995999999998008,0.7812495827674866,0.2073646783828735,0.025017431005835533,4.173634806647897e-07,0.01674199104309082,0.0010000000474974513,0.2073268653199132,0,0.06208217144012451,0.930577777777571,0.9983999999997782,0.3375726342201233
"resnet32-reg:3,lamb:0.1",0.0005,3,0.1,1,42315700_2,True,cifar10_resnet32,0.2767084836959839,0.23608557879924777,0.0031051523983478546,0.01952885277569294,0.10000000149011612,0.2768315939711194,0,0.1258487105369568,0.9063999999981872,0.9973999999980052,0.7121703624725342,0.1575402468442917,0.12868919968605042,0.0009806565940380096,0.02193417213857174,0.10000000149011612,0.1574828189030895,0,0.08102673292160034,0.9479111111109004,0.9991555555553336,0.2116051614284515
"resnet32-reg:4,lamb:0.001",0.0005,4,0.001,1,42315700_6,True,cifar10_resnet32,0.3091509938240051,0.05770208686590195,1.1142110452055931e-06,0.04284586012363434,0.0010000000474974513,0.3118288016250247,0,0.26630154252052307,0.9333999999981332,0.9971999999980056,1.810792565345764,0.0033406701404601336,0.0010502674849703908,4.796474968316033e-07,0.002462622709572315,0.0010000000474974513,0.003340335527578524,0,0.5142778754234314,0.9996888888886668,0.9999999999997778,0.0009791236370801926
"resnet32-reg:3,lamb:2.0",0.0005,3,2.0,1,42315700_5,True,cifar10_resnet32,0.238686665892601,0.2386913001537323,0.3584081828594208,0.029964108020067215,2.0,0.23852733063692377,0,0.28187495470046997,0.9267999999981464,0.997999999998004,0.8284242153167725,0.026594936847686768,0.0265953429043293,0.016378045082092285,0.01432821899652481,2.0,0.02658416013696143,0,0.2796786427497864,0.9947333333331124,0.9999999999997778,0.014790957793593408
"resnet32-reg:4,lamb:0.01",0.0005,4,0.01,1,42315700_7,True,cifar10_resnet32,0.2771795690059662,0.14974136650562286,7.57584348320961e-05,0.03895460441708565,0.009999999776482582,0.2790667651688467,0,0.21771830320358276,0.9353999999981292,0.9971999999980056,1.5487560033798218,0.003750597359612584,0.0024531378876417875,3.126770025119186e-07,0.0025640230160206556,0.009999999776482582,0.003753043255232687,0,0.6259173154830933,0.9996888888886668,0.9999999999997778,0.001985757611691952
"resnet32-reg:3,lamb:1.0",0.0005,3,1.0,1,42315700_4,True,cifar10_resnet32,0.27384793758392334,0.2738261818885803,0.17099225521087646,0.03352717310190201,1.0,0.27488075555528,0,0.1536870002746582,0.9177999999981644,0.9967999999980064,0.9657108187675476,0.04169639945030213,0.04164571687579155,0.010017246007919312,0.017935561016201973,1.0,0.04168106750771643,0,0.23032331466674805,0.9900666666664468,0.9999777777775556,0.03092494048178196
"resnet20-reg:4,lamb:2.0",0.0005,4,2.0,1,42315700_11,True,cifar10_resnet20,0.26642391085624695,0.26643261313438416,0.4226278662681579,0.03180663287639618,2.0,0.2635391755574508,0,0.28831276297569275,0.9305999999981388,0.996999999998006,1.1899123191833496,0.011512150056660175,0.011517333798110483,0.004708031192421913,0.008461445569992065,2.0,0.011504140673927427,0,0.36305487155914307,0.9987555555553336,0.9999999999997778,0.003631842788308859
"resnet20-reg:5,lamb:0.001",0.0005,5,0.001,1,42315700_12,True,cifar10_resnet20,0.25671523809432983,0.03999604657292366,1.1305382940918207e-06,0.026604581624269485,0.0010000000474974513,0.2555950938377328,0,0.21288567781448364,0.9223999999981553,0.9975999999980047,0.8707098364830017,0.06417578458786011,0.011431816965341568,2.7961505111306906e-07,0.016645006835460663,0.0010000000474974513,0.06415348453082714,0,0.17635402083396912,0.9814888888886708,0.9997111111108892,0.07479649037122726
"resnet32-reg:4,lamb:0.5",0.0005,4,0.5,1,42315700_9,True,cifar10_resnet32,0.24067340791225433,0.24063944816589355,0.06555288285017014,0.035571083426475525,0.5,0.2407552077162503,0,0.2817947566509247,0.9363999999981272,0.9981999999980036,1.1258875131607056,0.004388338420540094,0.0043198359198868275,0.0001189738977700472,0.00338517501950264,0.5,0.004386040852129466,0,0.23682451248168945,0.999622222222,0.9999999999997778,0.0010899703484028578
"resnet20-reg:5,lamb:0.01",0.0005,5,0.01,1,42315700_13,True,cifar10_resnet20,0.2468954473733902,0.112572580575943,4.28070779889822e-05,0.03200327977538109,0.009999999776482582,0.24662281709499223,0,0.2870527505874634,0.9203999999981592,0.9977999999980044,0.8611095547676086,0.061372242867946625,0.02964788489043713,3.3709220588207245e-06,0.016513673588633537,0.009999999776482582,0.06133503005068061,0,0.1255001425743103,0.9822666666664484,0.9997555555553336,0.06910514831542969
"resnet32-reg:4,lamb:0.1",0.0005,4,0.1,1,42315700_8,True,cifar10_resnet32,0.27374985814094543,0.2711552083492279,0.006036523729562759,0.04136727750301361,0.10000000149011612,0.27349190102254056,0,0.3253434896469116,0.9345999999981308,0.9975999999980047,1.5229191780090332,0.003877759911119938,0.003514993935823441,6.306276191025972e-06,0.0028040746692568064,0.10000000149011612,0.003874631395967743,0,0.6507397890090942,0.9996444444442224,0.9999999999997778,0.0013195351930335164
"resnet32-reg:4,lamb:1.0",0.0005,4,1.0,1,42315700_10,True,cifar10_resnet32,0.2507312297821045,0.2507261335849762,0.17482542991638184,0.035777125507593155,1.0,0.25090393560500535,0,0.32494038343429565,0.9355999999981288,0.996999999998006,1.1682566404342651,0.004746308084577322,0.0047311740927398205,0.00041185831651091576,0.003869514912366867,1.0,0.004747223616731284,0,0.3842863142490387,0.9996888888886668,0.9999999999997778,0.001120398286730051
"resnet20-reg:5,lamb:0.1",0.0005,5,0.1,1,42315700_14,True,cifar10_resnet20,0.2633030414581299,0.24787212908267975,0.004093483090400696,0.03717001900076866,0.10000000149011612,0.26156160222326885,0,0.2816879451274872,0.9201999999981596,0.9981999999980036,0.9812638163566588,0.04542269185185432,0.04073169827461243,0.00017730193212628365,0.01705932803452015,0.10000000149011612,0.045398418238685685,0,0.23206573724746704,0.9879333333331138,0.9999333333331112,0.037523478269577026
"resnet20-reg:5,lamb:0.5",0.0005,5,0.5,1,42315700_15,True,cifar10_resnet20,0.26266396045684814,0.26259300112724304,0.06379371881484985,0.032525744289159775,0.5,0.261990729588405,0,0.23561568558216095,0.92499999999815,0.9971999999980056,1.0290974378585815,0.02686077356338501,0.02672863006591797,0.0015113651752471924,0.015095608308911324,0.5,0.02685207961270923,0,0.40912294387817383,0.9951333333331124,0.9999999999997778,0.014654679223895071
"resnet20-reg:5,lamb:1.0",0.0005,5,1.0,1,42315700_16,True,cifar10_resnet20,0.2909487187862396,0.29094594717025757,0.19436153769493103,0.03992334008216858,1.0,0.2891447319134759,0,0.7081239819526672,0.9193999999981612,0.9971999999980056,1.262079119682312,0.023795051500201225,0.023783674463629723,0.0042037200182676315,0.014692859724164007,1.0,0.023790917670145476,0,0.3172241449356079,0.9964222222220008,0.9999777777775556,0.011958833783864977
"resnet20-reg:5,lamb:2.0",0.0005,5,2.0,1,42315700_17,True,cifar10_resnet20,0.2628764510154724,0.26288434863090515,0.4103459119796753,0.036802854388952255,2.0,0.2606864875741722,0,0.7085781097412109,0.92499999999815,0.9957999999980084,1.072883129119873,0.01810375973582268,0.018107911571860313,0.0090077742934227,0.011889440938830376,2.0,0.018101410918094585,0,0.2460063397884369,0.9975111111108896,0.9999999999997778,0.00766732357442379
resnet20-baseline,0.0005,0,0.0,1,42315712,True,cifar10_resnet20,0.2857164442539215,0.0028967370744794607,0.0,0.042595550417900085,0.0,0.28285728157324913,0,0.2739182412624359,0.9231999999981536,0.9977999999980044,1.2758997678756714,0.009381442330777643,2.9441849619615823e-05,0.0,0.006513975560665131,0.0,0.009378042411510535,0,0.37933349609375,0.998799999999778,0.9999999999997778,0.0033222143538296223
"resnet44-reg:3,lamb:0.01",0.0005,3,0.01,1,42315700_1,True,cifar10_resnet44,0.29155871272087097,0.10585802048444748,3.5490840673446655e-05,0.01975713111460209,0.009999999776482582,0.2916427990826084,0,0.27821409702301025,0.9015999999981968,0.9955999999980089,0.7057925462722778,0.20194318890571591,0.07247930765151978,1.6715843230485916e-05,0.01250804215669632,0.009999999776482582,0.20189369337502117,0,0.19818805158138275,0.9313999999997932,0.998488888888667,0.33736705780029297
"resnet32-reg:4,lamb:2.0",0.0005,4,2.0,1,42315700_11,True,cifar10_resnet32,0.24959471821784973,0.24959945678710935,0.3992224335670471,0.03226427361369133,2.0,0.2494298672919053,0,0.16793292760849,0.9357999999981284,0.9965999999980067,1.1905059814453125,0.004930880852043629,0.004930888302624226,0.0014312807470560074,0.003950419835746288,2.0,0.004928000218124288,0,0.3608643114566803,0.9996444444442224,0.9999999999997778,0.0011114771477878094
"resnet44-reg:3,lamb:0.5",0.0005,3,0.5,1,42315700_3,True,cifar10_resnet44,0.23845311999320984,0.23818287253379825,0.05185423791408539,0.023295775055885315,0.5,0.2391909605558825,0,0.2581726312637329,0.926999999998146,0.997999999998004,0.7552585005760193,0.061647385358810425,0.06124144420027733,0.005651459097862244,0.017610393464565277,0.5,0.061654290773535354,0,0.14114052057266235,0.9815777777775596,0.9998666666664444,0.059389837086200714
"resnet32-reg:5,lamb:0.001",0.0005,5,0.001,1,42315700_12,True,cifar10_resnet32,0.23264074325561523,0.04054870828986168,8.978968253359199e-07,0.028383150696754456,0.0010000000474974513,0.2330160653916192,0,0.7378770112991333,0.9333999999981332,0.997999999998004,0.901549994945526,0.033560533076524734,0.007626466918736696,1.8193532014265656e-07,0.01104307547211647,0.0010000000474974513,0.03353317044167324,0,0.25770115852355957,0.991222222222002,0.9999777777775556,0.03528812155127525
"resnet44-reg:3,lamb:0.001",0.0005,3,0.001,1,42315700_0,True,cifar10_resnet44,0.31035056710243225,0.03828711062669754,4.0643499232828617e-07,0.01992695778608322,0.0010000000474974513,0.3122640608179891,0,0.8057864904403687,0.8977999999982044,0.9965999999980067,0.7860216498374939,0.217366024851799,0.02630380354821682,8.819770300760865e-07,0.013740998692810535,0.0010000000474974513,0.21730075893874296,0,0.1822410225868225,0.9281999999997936,0.9982888888886672,0.371863454580307
"resnet44-reg:3,lamb:0.1",0.0005,3,0.1,1,42315700_2,True,cifar10_resnet44,0.272541880607605,0.23511286079883575,0.003037538379430771,0.025602757930755615,0.10000000149011612,0.2723387374112282,0,0.2762630879878998,0.9047999999981904,0.9977999999980044,0.6904876232147217,0.1466045379638672,0.1234610453248024,0.0009857174009084702,0.01691431552171707,0.10000000149011612,0.1466040856714289,0,0.19517181813716888,0.9510222222220108,0.9992888888886668,0.2143654227256775
"resnet32-reg:5,lamb:0.01",0.0005,5,0.01,1,42315700_13,True,cifar10_resnet32,0.26278963685035706,0.12343279272317886,5.011470057070255e-05,0.033407941460609436,0.009999999776482582,0.26371092857645945,0,0.22070997953414917,0.9261999999981476,0.9967999999980064,1.019157648086548,0.03325433284044266,0.018823107704520226,1.6183475963771343e-06,0.01081138476729393,0.009999999776482582,0.0332345418052237,0,0.14943233132362366,0.9909555555553354,0.9999333333331112,0.03352594003081322
"resnet44-reg:4,lamb:0.01",0.0005,4,0.01,1,42315700_7,True,cifar10_resnet44,0.2833290994167328,0.15463103353977203,7.907929830253124e-05,0.040716201066970825,0.009999999776482582,0.2827422326879612,0,0.30906206369400024,0.9397999999981204,0.995999999998008,1.6166963577270508,0.0023665823973715305,0.001459467108361423,7.776397978886962e-07,0.001738223247230053,0.009999999776482582,0.00236641106629443,0,0.5275908708572388,0.999822222222,0.9999999999997778,0.0007313693640753627
"resnet44-reg:4,lamb:0.001",0.0005,4,0.001,1,42315700_6,True,cifar10_resnet44,0.2772776782512665,0.05371706560254097,1.665815943852067e-06,0.04022219777107239,0.0010000000474974513,0.2753997331970799,0,0.7101328372955322,0.938999999998122,0.997999999998004,1.574364185333252,0.0021629345137625933,0.0007415205473080277,2.5558597371855285e-07,0.0015653329901397228,0.0010000000474974513,0.002164300174834741,0,0.5115479230880737,0.9998666666664444,0.9999999999997778,0.0009635915048420428
"resnet44-reg:3,lamb:2.0",0.0005,3,2.0,1,42315700_5,True,cifar10_resnet44,0.27667659521102905,0.276681512594223,0.4440535306930542,0.04287045821547508,2.0,0.27762523652142945,0,0.2913731336593628,0.9241999999981516,0.997999999998004,1.1999224424362185,0.024183331057429314,0.024181881919503212,0.018068429082632065,0.00911073200404644,2.0,0.02418195321722225,0,0.2943827509880066,0.9935555555553348,0.9999777777775556,0.0197012759745121
"resnet32-reg:5,lamb:0.1",0.0005,5,0.1,1,42315700_14,True,cifar10_resnet32,0.263092577457428,0.2535673975944519,0.004599817097187042,0.0388123095035553,0.10000000149011612,0.2661221167604688,0,0.2184614539146423,0.9241999999981516,0.9977999999980044,1.1151766777038574,0.023230597376823425,0.02151680178940296,8.478621020913124e-05,0.010377347469329834,0.10000000149011612,0.023216669737439227,0,0.2442607283592224,0.9948444444442236,0.9999777777775556,0.01791500672698021
"resnet44-reg:4,lamb:0.5",0.0005,4,0.5,1,42315700_9,True,cifar10_resnet44,0.2534421384334564,0.2534039616584778,0.0737101286649704,0.0348954051733017,0.5,0.2534162818118447,0,0.2469404339790344,0.9403999999981192,0.9973999999980052,1.382866382598877,0.0027938601560890675,0.0027067423798143864,6.941542960703373e-05,0.0022058289032429457,0.5,0.0027936943626528845,0,0.3593670129776001,0.999822222222,0.9999999999997778,0.0006621753564104438
"resnet44-reg:4,lamb:1.0",0.0005,4,1.0,1,42315700_10,True,cifar10_resnet44,0.2569500505924225,0.2569423317909241,0.18718209862709043,0.037276118993759155,1.0,0.25588436709961215,0,0.28639504313468933,0.937999999998124,0.9973999999980052,1.3830782175064087,0.0032360185869038105,0.0032076984643936157,0.0002491106279194355,0.002651023678481579,1.0,0.0032424343323387153,0,0.30563318729400635,0.999822222222,0.9999999999997778,0.0006598021136596799
"resnet44-reg:4,lamb:0.1",0.0005,4,0.1,1,42315700_8,True,cifar10_resnet44,0.25541460514068604,0.2535685896873474,0.005541957914829254,0.03908403962850571,0.10000000149011612,0.25406030478291436,0,0.31243523955345154,0.9401999999981197,0.9967999999980064,1.3859206438064575,0.0024317423813045025,0.0020681107416749,2.848304575309158e-06,0.0019507859833538532,0.10000000149011612,0.002430743066752224,0,0.27514469623565674,0.9998666666664444,0.9999999999997778,0.0004858471511397511
"resnet44-reg:3,lamb:1.0",0.0005,3,1.0,1,42315700_4,True,cifar10_resnet44,0.24859456717967987,0.24858500063419345,0.15766172111034393,0.034857288002967834,1.0,0.2464631675441573,0,0.2652391791343689,0.9235999999981528,0.9975999999980047,0.9326687455177308,0.03533622622489929,0.0353115051984787,0.00915786623954773,0.012967187911272047,1.0,0.035350646742261994,0,0.20780274271965027,0.9905111111108912,0.9999777777775556,0.028793565928936005
"resnet32-reg:5,lamb:0.5",0.0005,5,0.5,1,42315700_15,True,cifar10_resnet32,0.2561080753803253,0.2560531497001648,0.06707610189914703,0.03536719083786011,0.5,0.2587223960655736,0,0.29862862825393677,0.9307999999981384,0.996999999998006,1.14349627494812,0.012695317156612871,0.01261049322783947,0.0005388283170759678,0.008211028762161732,0.5,0.012690992173229365,0,0.7167865037918091,0.9980444444442228,0.9999999999997778,0.0050203693099319935
"resnet32-reg:5,lamb:1.0",0.0005,5,1.0,1,42315700_16,True,cifar10_resnet32,0.2542877793312073,0.254281222820282,0.1754637360572815,0.033534593880176544,1.0,0.2539168356579537,0,0.2794550955295563,0.93499999999813,0.996999999998006,1.169503092765808,0.00995265692472458,0.0099319564178586,0.001431576907634735,0.006627628579735756,1.0,0.009946043417350925,0,0.19783776998519895,0.998599999999778,0.9999999999997778,0.003915380220860243
"resnet32-reg:5,lamb:2.0",0.0005,5,2.0,1,42315700_17,True,cifar10_resnet32,0.2905029356479645,0.2905106246471405,0.4776075482368469,0.0450168140232563,2.0,0.289290228341416,0,0.2609649896621704,0.92499999999815,0.997999999998004,1.4420619010925293,0.01023492868989706,0.010235527530312538,0.0053932201117277145,0.0062262830324471,2.0,0.010234578121771584,0,0.3293167054653168,0.9983555555553336,0.9999999999997778,0.005046218633651733
resnet32-baseline,0.0005,0,0.0,1,42315712,True,cifar10_resnet32,0.2752978205680847,0.0036559279542416334,0.0,0.039528489112854,0.0,0.2770384585962315,0,0.2712751626968384,0.9395999999981208,0.9965999999980067,1.6322307586669922,0.003603312652558088,3.526458021951839e-05,0.0,0.0025292353238910437,0.0,0.003602933313027203,0,0.6596947908401489,0.9996444444442224,0.9999999999997778,0.0012319475645199418
"resnet44-reg:4,lamb:2.0",0.0005,4,2.0,1,42315700_11,True,cifar10_resnet44,0.262678861618042,0.26268038153648376,0.4322848320007324,0.0374261811375618,2.0,0.26249888526189324,0,0.20667412877082825,0.9341999999981316,0.9961999999980076,1.3650977611541748,0.0033235650043934584,0.003319767536595464,0.0007982454262673855,0.0027589602395892143,2.0,0.0033449997312594805,0,0.600590705871582,0.9998444444442224,0.9999999999997778,0.0006787680322304368
"resnet44-reg:5,lamb:0.001",0.0005,5,0.001,1,42315700_12,True,cifar10_resnet44,0.2596207559108734,0.045345745980739594,1.174979843199253e-06,0.0363665334880352,0.0010000000474974513,0.2607466033287465,0,0.7614973187446594,0.928999999998142,0.9967999999980064,1.1220721006393433,0.032510604709386826,0.007899587973952293,8.568167686462402e-08,0.008457276970148087,0.0010000000474974513,0.03248954411220962,0,0.12884843349456787,0.990622222222002,0.9999111111108888,0.03786071017384529
"resnet44-reg:5,lamb:0.01",0.0005,5,0.01,1,42315700_13,True,cifar10_resnet44,0.2565996050834656,0.12723442912101746,5.401764065027237e-05,0.03588002175092697,0.009999999776482582,0.255717668554478,0,0.27142444252967834,0.9301999999981396,0.996999999998006,1.0948034524917605,0.03138881176710129,0.019708700478076935,2.0365987438708544e-06,0.007304365281015635,0.009999999776482582,0.03138082664260477,0,0.20965170860290527,0.9905333333331132,0.9999555555553334,0.039720579981803894
"resnet44-reg:5,lamb:0.1",0.0005,5,0.1,1,42315700_14,True,cifar10_resnet44,0.24609781801700592,0.24132980406284332,0.004708506166934967,0.0339190699160099,0.10000000149011612,0.24750217708491093,0,0.3988180160522461,0.936999999998126,0.9973999999980052,1.150227427482605,0.017072506248950958,0.016025541350245476,6.693089380860329e-05,0.006362963002175093,0.10000000149011612,0.017078056417239584,0,0.2861531674861908,0.9953999999997788,0.9999999999997778,0.014240743592381476
"resnet56-reg:3,lamb:0.01",0.0005,3,0.01,1,42315700_1,True,cifar10_resnet56,0.29242271184921265,0.1061042845249176,3.55476513504982e-05,0.020000599324703217,0.009999999776482582,0.29052224442737834,0,0.09057730436325072,0.8999999999982,0.9971999999980056,0.7135955095291138,0.1950368583202362,0.06943218410015106,1.5363330021500587e-05,0.0161476768553257,0.009999999776482582,0.19497057904482204,0,0.06716036796569824,0.934666666666459,0.9987111111108892,0.3088971972465515
"resnet56-reg:3,lamb:0.5",0.0005,3,0.5,1,42315700_3,True,cifar10_resnet56,0.25365298986434937,0.2535032629966736,0.0574323832988739,0.029727116227149963,0.5,0.25099766018357744,0,0.2715126574039459,0.9231999999981536,0.9973999999980052,0.8888123631477356,0.0678296610713005,0.06755319982767105,0.006730344146490097,0.0151567030698061,0.5,0.06781378047240144,0,0.114879310131073,0.9779555555553384,0.9999555555553334,0.0718102678656578
"resnet56-reg:3,lamb:0.001",0.0005,3,0.001,1,42315700_0,True,cifar10_resnet56,0.31866908073425293,0.03796922415494919,1.0955554898828268e-06,0.027770210057497025,0.0010000000474974513,0.31678025557653033,0,0.18014419078826904,0.8881999999982236,0.995999999998008,0.7692487239837646,0.21986162662506104,0.02617315948009491,5.165347829461098e-07,0.01307496428489685,0.0010000000474974513,0.21985937704522288,0,0.30206698179244995,0.9257333333331276,0.998066666666445,0.36755335330963135
"resnet56-reg:3,lamb:0.1",0.0005,3,0.1,1,42315700_2,True,cifar10_resnet56,0.28998294472694397,0.24945732951164248,0.0033997707068920135,0.023021124303340912,0.10000000149011612,0.2883244483221387,0,0.29786065220832825,0.9027999999981944,0.9967999999980064,0.7769462466239929,0.1718645691871643,0.1424383968114853,0.0012057367712259293,0.01419901754707098,0.10000000149011612,0.17184982960067297,0,0.19041292369365692,0.9407777777775688,0.998888888888667,0.26276183128356934
"resnet56-reg:4,lamb:0.01",0.0005,4,0.01,1,42315700_7,True,cifar10_resnet56,0.2485330700874329,0.13887770473957062,6.585870869457722e-05,0.03608600050210953,0.009999999776482582,0.24745539153660495,0,0.2808486521244049,0.9437999999981124,0.9965999999980067,1.32955801486969,0.0019277369137853384,0.0011117528192698956,2.038832462858409e-07,0.0014948330353945494,0.009999999776482582,0.0019276463805888463,0,0.46480637788772583,0.9998444444442224,0.9999999999997778,0.0003337440430186689
"resnet56-reg:4,lamb:0.001",0.0005,4,0.001,1,42315700_6,True,cifar10_resnet56,0.25706547498703003,0.049901895225048065,1.4807446859776974e-06,0.04087282344698906,0.0010000000474974513,0.2569509918448054,0,0.6127471327781677,0.940999999998118,0.9977999999980044,1.3597275018692017,0.0016787158092483878,0.000495894521009177,7.250416729220888e-07,0.001339358976110816,0.0010000000474974513,0.0016783740577546128,0,0.25499433279037476,0.9999333333331112,0.9999999999997778,0.0002326185640413314
"resnet56-reg:3,lamb:2.0",0.0005,3,2.0,1,42315700_5,True,cifar10_resnet56,0.27710071206092834,0.27710744738578796,0.4449799656867981,0.038993559777736664,2.0,0.2739480196059917,0,0.22057026624679563,0.9271999999981456,0.9975999999980047,1.2597390413284302,0.022971007972955704,0.022973496466875076,0.016653724014759064,0.009410439990460873,2.0,0.022960627217403815,0,0.2637215554714203,0.9942444444442236,0.9999999999997778,0.017758116126060486
"resnet44-reg:5,lamb:1.0",0.0005,5,1.0,1,42315700_16,True,cifar10_resnet44,0.2505941092967987,0.2505897581577301,0.17780110239982605,0.03249809518456459,1.0,0.2492631203179973,0,0.3901464939117432,0.9393999999981212,0.9975999999980047,1.2364635467529297,0.007008383981883526,0.006992826238274574,0.0009716255590319632,0.004801890812814236,1.0,0.007008765702033965,0,0.3872867524623871,0.9991333333331114,0.9999999999997778,0.0027084515895694494
"resnet44-reg:5,lamb:0.5",0.0005,5,0.5,1,42315700_15,True,cifar10_resnet44,0.22581271827220917,0.22576917707920072,0.05949582904577255,0.02994845435023308,0.5,0.2256059250597644,0,0.16703444719314575,0.93999999999812,0.9975999999980047,1.0165112018585205,0.008448513224720955,0.008365168236196041,0.0003780880942940712,0.005372587591409683,0.5,0.008453232717262338,0,0.6435691118240356,0.9987333333331114,0.9999999999997778,0.0037835994735360146
"resnet56-reg:4,lamb:0.5",0.0005,4,0.5,1,42315700_9,True,cifar10_resnet56,0.2522853910923004,0.25223833322525024,0.07387180626392365,0.03644741326570511,0.5,0.25005927892937363,0,0.2452331185340881,0.9405999999981188,0.9983999999980032,1.341687798500061,0.002311356831341982,0.0022042258642613888,5.7999277487397194e-05,0.001672087935730815,0.5,0.0023129436110726565,0,0.5902848839759827,0.9997777777775556,0.9999999999997778,0.0005453283665701747
"resnet44-reg:5,lamb:2.0",0.0005,5,2.0,1,42315700_17,True,cifar10_resnet44,0.26106756925582886,0.26107266545295715,0.42675721645355225,0.03596553951501846,2.0,0.26016239510879513,0,0.2749588191509247,0.9345999999981308,0.9973999999980052,1.2798192501068115,0.005976310931146145,0.005973937455564737,0.0025131534785032272,0.004242108203470707,2.0,0.005983683144047976,0,0.2666069269180298,0.9994222222220002,0.9999999999997778,0.002491943072527647
"resnet56-reg:4,lamb:1.0",0.0005,4,1.0,1,42315700_10,True,cifar10_resnet56,0.2928512394428253,0.2928452789783478,0.22222307324409485,0.04354501888155937,1.0,0.2906271355636145,0,0.3338749408721924,0.9361999999981276,0.9967999999980064,1.6778647899627686,0.002209000289440155,0.0021839847322553396,0.00020533055067062375,0.0016851559048518538,1.0,0.0022083882698248837,0,0.24024856090545657,0.9998444444442224,0.9999999999997778,0.0006410239730030298
resnet44-baseline,0.0005,0,0.0,1,42315712,True,cifar10_resnet44,0.25331562757492065,0.003185723442584276,0.0,0.036698099225759506,0.0,0.25148254694881506,0,0.2570526599884033,0.9421999999981155,0.9975999999980047,1.3935896158218384,0.0022608833387494087,1.7149866835097782e-05,0.0,0.0017445958219468594,0.0,0.0022614052261935923,0,0.5170114040374756,0.9998444444442224,0.9999999999997778,0.0004779422306455672
"resnet56-reg:4,lamb:0.1",0.0005,4,0.1,1,42315700_8,True,cifar10_resnet56,0.28482598066329956,0.2837957739830017,0.006721656769514084,0.04293880984187126,0.10000000149011612,0.28275896520185745,0,0.3146532475948334,0.938999999998122,0.9975999999980047,1.682700753211975,0.0020110108889639378,0.0017463016556575894,3.690496669150889e-06,0.0012541449395939708,0.10000000149011612,0.002009685184898771,0,0.49979397654533386,0.9997111111108892,0.9999999999997778,0.0007515358738601208
"resnet56-reg:3,lamb:1.0",0.0005,3,1.0,1,42315700_4,True,cifar10_resnet56,0.2698637545108795,0.2698598802089691,0.17836251854896543,0.04030070081353187,1.0,0.2690789042557956,0,0.24682682752609253,0.921999999998156,0.9967999999980064,1.1161038875579834,0.035557616502046585,0.035545382648706436,0.00963198021054268,0.011352677829563618,1.0,0.03553973143422042,0,0.12933748960494995,0.9893333333331136,0.9999333333331112,0.03020923957228661
"resnet56-reg:4,lamb:2.0",0.0005,4,2.0,1,42315700_11,True,cifar10_resnet56,0.258106529712677,0.2581122815608978,0.4405943155288696,0.034239672124385834,2.0,0.25692961352138033,0,0.7270052433013916,0.9457999999981084,0.9981999999980036,1.5058010816574097,0.002321108710020781,0.002316855126991868,0.0009314706549048424,0.001576780108734965,2.0,0.0023196276682116448,0,0.6511131525039673,0.9996888888886668,0.9999999999997778,0.0009170954581350088
"resnet56-reg:5,lamb:0.001",0.0005,5,0.001,1,42315700_12,True,cifar10_resnet56,0.2483682483434677,0.0436507947742939,4.129542503505945e-07,0.038118697702884674,0.0010000000474974513,0.24587404417618863,0,0.29035428166389465,0.930999999998138,0.9973999999980052,1.0417451858520508,0.02427000179886818,0.006532102823257446,4.281464498490095e-07,0.007394974119961262,0.0010000000474974513,0.024277914972887577,0,0.1498519778251648,0.9933999999997792,0.9999111111108888,0.027024440467357635
"resnet56-reg:5,lamb:0.01",0.0005,5,0.01,1,42315700_13,True,cifar10_resnet56,0.2462158203125,0.12790018320083618,5.603767931461334e-05,0.031867802143096924,0.009999999776482582,0.24377915847033457,0,0.27800053358078003,0.9355999999981288,0.9967999999980064,1.135992407798767,0.018180765211582184,0.011226724833250046,1.563195837661624e-06,0.007755030412226915,0.009999999776482582,0.01818570725262468,0,0.26281479001045227,0.995733333333112,0.9999999999997778,0.014807664789259434
"resnet56-reg:5,lamb:0.1",0.0005,5,0.1,1,42315700_14,True,cifar10_resnet56,0.23978309333324432,0.23453263938426971,0.004509052261710167,0.0326521098613739,0.10000000149011612,0.23817454862606804,0,0.35125184059143066,0.9381999999981236,0.9977999999980044,1.0994831323623655,0.012515593320131302,0.011545042507350445,3.94392991438508e-05,0.006901149172335863,0.10000000149011612,0.012513340017523567,0,0.2797844707965851,0.9978444444442228,0.9999777777775556,0.008478195406496525
"resnet56-reg:5,lamb:1.0",0.0005,5,1.0,1,42315700_16,True,cifar10_resnet56,0.27351826429367065,0.2735167145729065,0.19879025220870972,0.040559303015470505,1.0,0.27248504408980784,0,0.20853394269943237,0.9341999999981316,0.9973999999980052,1.4782993793487549,0.005853187758475542,0.005844778846949339,0.0008311388082802296,0.0037662158720195298,1.0,0.0058509905472650505,0,0.33124351501464844,0.999088888888667,0.9999999999997778,0.0022064135409891605
"resnet56-reg:5,lamb:0.5",0.0005,5,0.5,1,42315700_15,True,cifar10_resnet56,0.2425648868083954,0.24250583350658417,0.06606088578701019,0.036057695746421814,0.5,0.24173677141798525,0,0.20679445564746857,0.9375999999981248,0.9985999999980028,1.1253668069839478,0.00668317312374711,0.006584265735000372,0.0003031801898032427,0.004274292383342981,0.5,0.0066823606581905975,0,0.7181785702705383,0.9990666666664448,0.9999999999997778,0.0030268130358308554
"resnet56-reg:5,lamb:2.0",0.0005,5,2.0,1,42315700_17,True,cifar10_resnet56,0.274385929107666,0.27439364790916443,0.46115875244140625,0.04242239147424698,2.0,0.27164278203077885,0,0.286324679851532,0.9351999999981296,0.9967999999980064,1.4825091361999512,0.00427341228350997,0.004273892845958471,0.0018072081729769709,0.002858249004930258,2.0,0.004271202289193161,0,0.2276250123977661,0.9994222222220002,0.9999999999997778,0.0017654638504609466
resnet56-baseline,0.0005,0,0.0,1,42315712,True,cifar10_resnet56,0.2941723167896271,0.00418189587071538,0.0,0.04517649486660957,0.0,0.29469970710741755,0,0.36530590057373047,0.9383999999981232,0.996999999998006,1.7921271324157717,0.0016524274833500383,1.2196685929666272e-05,0.0,0.0011737695895135405,0.0,0.0016516875286193158,0,0.2736018896102905,0.9998666666664444,0.9999999999997778,0.00038066692650318146
resnet20-baseline,0.0005,0,0.0,0,42318053,True,cifar10_resnet20,0.5319967269897461,0.0007343470933847129,0.0,0.25017228722572327,0.0,0.03607153993158996,0,0.3759671449661255,0.9181999999981636,0.9971999999980056,0.2825241982936859,0.0017992439679801464,9.683288226369768e-06,0.0,0.3636706173419952,0.0,0.0017977604837939817,0,0.8082438707351685,0.9966888888886676,0.9999999999997778,0.00017801253125071526
"resnet20-reg:3,lamb:0.001",0.0005,3,0.001,0,42318077_0,True,cifar10_resnet20,0.4600846469402313,0.026270976290106773,4.136818461120129e-07,0.13373452425003052,0.0010000000474974513,0.0492762770257378,0,0.24413001537323,0.8771999999982456,0.996999999998006,0.35712867975234985,0.03604932129383087,0.004638532642275095,7.633716450072825e-07,0.19336655735969543,0.0010000000474974513,0.03602352807495785,0,0.30892038345336914,0.9053999999997988,0.9986666666664448,0.011685864999890327
"resnet20-reg:4,lamb:0.5",0.0005,4,0.5,0,42318077_9,True,cifar10_resnet20,0.4950762689113617,0.31233131885528564,0.028218790888786316,0.2303253710269928,0.5,0.03519041173263201,0,0.33625274896621704,0.921999999998156,0.9963999999980072,0.28252387046813965,0.0018190830014646051,0.0018236440373584628,1.880968920886517e-05,0.3458015024662018,0.5,0.0018177858540557137,0,0.5983666181564331,0.996955555555334,0.9999999999997778,0.00015201480709947646
"resnet20-reg:4,lamb:0.01",0.0005,4,0.01,0,42318077_7,True,cifar10_resnet20,0.5062670111656189,0.0685923770070076,1.391815021634102e-05,0.24109023809432983,0.009999999776482582,0.03333526289286396,0,0.368491530418396,0.9227999999981544,0.9977999999980044,0.27091673016548157,0.001892480649985373,0.0014147580368444324,8.049937605392188e-07,0.3628872632980346,0.009999999776482582,0.001890801835849218,0,0.6069754362106323,0.996533333333112,0.9999999999997778,0.00018948657088913023
"resnet20-reg:5,lamb:0.01",0.0005,5,0.01,0,42318077_13,True,cifar10_resnet20,0.3933284282684326,0.07190150022506714,1.5589874237775803e-05,0.14591297507286072,0.009999999776482582,0.03548472466035679,0,0.25902605056762695,0.9131999999981736,0.9973999999980052,0.30012768507003784,0.01035693660378456,0.005151557270437479,5.725451046600938e-07,0.2372002750635147,0.009999999776482582,0.010350890068109032,0,0.4512367844581604,0.9707333333331176,0.9999555555553334,0.0018806844018399715
"resnet20-reg:4,lamb:1.0",0.0005,4,1.0,0,42318077_10,True,cifar10_resnet20,0.4861937761306762,0.3680971562862396,0.0955277681350708,0.22336286306381223,1.0,0.03555755753154883,0,0.35350900888442993,0.9223999999981553,0.9963999999980072,0.29161426424980164,0.001997607760131359,0.002007140778005123,8.64444300532341e-05,0.335604727268219,1.0,0.0019963963467264697,0,0.806350588798523,0.9966444444442232,0.9999999999997778,0.00018194779113400728
"resnet20-reg:3,lamb:0.5",0.0005,3,0.5,0,42318077_3,True,cifar10_resnet20,0.43677109479904175,0.34826499223709106,0.034186214208602905,0.13559365272521973,0.5,0.04507752002756967,0,0.2593767046928406,0.888999999998222,0.9961999999980076,0.34094905853271484,0.028211750090122223,0.028214197605848312,0.0008536167442798615,0.20116007328033447,0.5,0.028192701165825142,0,0.3262063264846802,0.9212888888886842,0.9996444444442224,0.007357752416282892
"resnet20-reg:5,lamb:0.001",0.0005,5,0.001,0,42318077_12,True,cifar10_resnet20,0.3957251310348511,0.02458524703979492,-4.9709342420101166e-08,0.1410500407218933,0.0010000000474974513,0.03661750515954674,0,0.25780612230300903,0.910999999998178,0.9963999999980072,0.3165546655654907,0.011349638924002647,0.001967562595382333,8.592214726377279e-07,0.2343592345714569,0.0010000000474974513,0.011343488749530464,0,0.39880117774009705,0.966266666666452,0.9999333333331112,0.00216039177030325
"resnet20-reg:4,lamb:0.001",0.0005,4,0.001,0,42318077_6,True,cifar10_resnet20,0.5269502997398376,0.023746149614453316,5.221227183938026e-07,0.2434611618518829,0.0010000000474974513,0.03671618139398112,0,0.3838470876216888,0.917999999998164,0.9971999999980056,0.2939530313014984,0.0017472910694777966,0.0005108726909384131,7.936168913147412e-07,0.3587830662727356,0.0010000000474974513,0.0017457243263462464,0,0.5973581075668335,0.9968444444442228,0.9999999999997778,0.00015545358473900706
"resnet20-reg:3,lamb:1.0",0.0005,3,1.0,0,42318077_4,True,cifar10_resnet20,0.4149419963359833,0.37266695499420166,0.10322019457817078,0.14003990590572357,1.0,0.039546811747149066,0,0.23845362663269043,0.8975999999982048,0.9981999999980036,0.30226385593414307,0.02348067052662373,0.023488322272896767,0.002363460138440132,0.2056137323379517,1.0,0.02346391434415105,0,0.34682369232177734,0.933844444444237,0.9997555555553336,0.005338681396096945
"resnet20-reg:3,lamb:0.01",0.0005,3,0.01,0,42318077_1,True,cifar10_resnet20,0.46303030848503113,0.0804629996418953,1.833401620388031e-05,0.13042840361595154,0.009999999776482582,0.04953919721152991,0,0.25192791223526,0.8747999999982504,0.9965999999980067,0.3638191819190979,0.03609494864940643,0.013264666311442852,1.4142424333840609e-06,0.19493591785430908,0.009999999776482582,0.0360686285718255,0,0.3055509328842163,0.9041999999997992,0.9990444444442224,0.011410459876060486
"resnet20-reg:3,lamb:2.0",0.0005,3,2.0,0,42318077_5,True,cifar10_resnet20,0.39890003204345703,0.38148847222328186,0.3013591766357422,0.1351260244846344,2.0,0.03866548396576347,0,0.24408620595932007,0.9015999999981968,0.9965999999980067,0.29969534277915955,0.018090493977069855,0.018108420073986053,0.005675807595252991,0.21082259714603424,2.0,0.01808082532638143,0,0.3592340052127838,0.9469777777775674,0.9998888888886668,0.003416863270103931
"resnet20-reg:5,lamb:0.1",0.0005,5,0.1,0,42318077_14,True,cifar10_resnet20,0.4030378460884094,0.19233059883117676,0.0014043636620044708,0.14659163355827332,0.10000000149011612,0.03622844291902148,0,0.2446977496147156,0.9091999999981816,0.9981999999980036,0.29480838775634766,0.010365067981183527,0.010239968076348305,9.39960591495037e-06,0.23559042811393735,0.10000000149011612,0.010357039253729015,0,0.4177283048629761,0.968911111110896,0.9999999999997778,0.0018068701028823853
"resnet20-reg:3,lamb:0.1",0.0005,3,0.1,0,42318077_2,True,cifar10_resnet20,0.45069876313209534,0.21698592603206637,0.0016710199415683746,0.13610804080963135,0.10000000149011612,0.04625633114498697,0,0.31509649753570557,0.8841999999982316,0.9965999999980067,0.34979456663131714,0.03319726139307022,0.02859288640320301,4.957709461450577e-05,0.19681759178638455,0.10000000149011612,0.03317816781792235,0,0.32407790422439575,0.9115555555553532,0.999088888888667,0.009930475614964962
"resnet20-reg:4,lamb:0.1",0.0005,4,0.1,0,42318077_8,True,cifar10_resnet20,0.5034236907958984,0.18256159126758575,0.0012634284794330597,0.2419317066669464,0.10000000149011612,0.03350439395942955,0,0.3840622305870056,0.9233999999981533,0.996999999998006,0.26445794105529785,0.0017621644074097276,0.001762768835760653,7.403723429888487e-07,0.3617478907108307,0.10000000149011612,0.0017611054775021476,0,0.6054631471633911,0.9966222222220008,0.9999999999997778,0.00017250978271476924
"resnet20-reg:4,lamb:2.0",0.0005,4,2.0,0,42318077_11,True,cifar10_resnet20,0.4722745418548584,0.4193281829357147,0.2896766662597656,0.21086084842681885,2.0,0.03568277375851102,0,0.32752013206481934,0.9193999999981612,0.9961999999980076,0.28496795892715454,0.001823411206714809,0.0018429510528221729,0.00027939840219914913,0.31818994879722595,2.0,0.0018227456392153,0,0.591694176197052,0.9970888888886674,0.9999999999997778,0.00015323053230531514
"resnet20-reg:5,lamb:0.5",0.0005,5,0.5,0,42318077_15,True,cifar10_resnet20,0.3912646174430847,0.299001008272171,0.029404014348983765,0.1484643965959549,0.5,0.035487797559190196,0,0.4099668264389038,0.917999999998164,0.9977999999980044,0.2980533838272095,0.008690099231898785,0.008693890646100044,0.00015841936692595482,0.23908300697803497,0.5,0.00868442028827982,0,0.43630465865135193,0.974644444444228,0.9999999999997778,0.0013148800935596228
"resnet20-reg:5,lamb:1.0",0.0005,5,1.0,0,42318077_16,True,cifar10_resnet20,0.39711081981658936,0.34147870540618896,0.09889113903045654,0.14505663514137268,1.0,0.03591653693534197,0,0.2528941035270691,0.9127999999981744,0.9973999999980052,0.309014230966568,0.007584795355796814,0.007593668065965176,0.0004923194646835327,0.2423449456691742,1.0,0.007580230770127847,0,0.4594565033912658,0.9786222222220048,0.9999999999997778,0.0010551181621849537
"resnet20-reg:5,lamb:2.0",0.0005,5,2.0,0,42318077_17,True,cifar10_resnet20,0.3900931477546692,0.3588976263999939,0.2775474786758423,0.14807185530662537,2.0,0.03447933651645579,0,0.2466293573379517,0.915999999998168,0.9975999999980047,0.28555747866630554,0.0065489900298416615,0.006567952688783407,0.0014774585142731669,0.2478044331073761,2.0,0.006544374554861095,0,0.6075578927993774,0.9821777777775595,0.9999999999997778,0.0008365834364667535
resnet32-baseline,0.0005,0,0.0,0,42318053,True,cifar10_resnet32,0.6990834474563599,0.0003648565034382045,0.0,0.3869031369686126,0.0,0.029790520560002268,0,0.4890193939208984,0.9377999999981244,0.9975999999980047,0.189360573887825,0.0005879823584109545,6.120352281868691e-06,0.0,0.5086835622787476,0.0,0.0005872515609551726,0,0.6802637577056885,0.998488888888667,0.9999999999997778,7.080426439642906e-05
"resnet32-reg:5,lamb:0.01",0.0005,5,0.01,0,42318077_13,True,cifar10_resnet32,0.38719961047172546,0.06894110143184662,1.4382880181074142e-05,0.15158843994140625,0.009999999776482582,0.03329169376020008,0,0.8254684805870056,0.9187999999981624,0.9971999999980056,0.2813621163368225,0.007408122532069683,0.004240957088768482,6.483023753389716e-07,0.2493322193622589,0.009999999776482582,0.007404199557550855,0,0.40018200874328613,0.9773777777775606,0.9999999999997778,0.0013578073121607304
"resnet32-reg:3,lamb:0.1",0.0005,3,0.1,0,42318077_2,True,cifar10_resnet32,0.4285500943660736,0.21747635304927823,0.0017449669539928436,0.11199694126844406,0.10000000149011612,0.04814454482323731,0,0.19988948106765747,0.87999999999824,0.99499999999801,0.36705225706100464,0.032674640417099,0.02874965593218803,5.262810736894607e-05,0.18050801753997803,0.10000000149011612,0.03266536026203146,0,0.29708588123321533,0.9109777777775754,0.9989777777775558,0.010569031350314615
"resnet32-reg:3,lamb:1.0",0.0005,3,1.0,0,42318077_4,True,cifar10_resnet32,0.4053741097450256,0.34495970606803894,0.09783035516738892,0.143246129155159,1.0,0.038890695552454065,0,0.23949527740478516,0.90499999999819,0.9975999999980047,0.29730963706970215,0.019468579441308975,0.0194766353815794,0.0019553042948246,0.21174106001853943,1.0,0.019467539338093212,0,0.4498057365417481,0.9423555555553462,0.9999555555553334,0.00438871281221509
"resnet32-reg:4,lamb:0.5",0.0005,4,0.5,0,42318077_9,True,cifar10_resnet32,0.6472943425178528,0.2614290714263916,0.021531730890274048,0.34566664695739746,0.5,0.032418022195432064,0,0.45985159277915955,0.9303999999981392,0.9957999999980084,0.21723566949367523,0.0006321610999293625,0.0006370145129039884,8.997420081868768e-06,0.48005467653274536,0.5,0.0006314069599245903,0,0.8014012575149536,0.9986444444442226,0.9999999999997778,6.964437488932163e-05
"resnet32-reg:4,lamb:0.01",0.0005,4,0.01,0,42318077_7,True,cifar10_resnet32,0.7045022249221802,0.05697936937212944,9.766779839992523e-06,0.38106799125671387,0.009999999776482582,0.030613317884099295,0,0.486343652009964,0.930999999998138,0.9977999999980044,0.18929702043533325,0.0006045235204510391,0.00059572170721367,3.23189397022361e-07,0.5068883895874023,0.009999999776482582,0.0006038000738321544,0,0.6764560341835022,0.9986222222220004,0.9999999999997778,7.050894782878458e-05
"resnet32-reg:3,lamb:0.001",0.0005,3,0.001,0,42318077_0,True,cifar10_resnet32,0.44679948687553406,0.02706880122423172,4.799221642315388e-07,0.11163024604320526,0.0010000000474974513,0.049607234423390885,0,0.31039857864379883,0.8715999999982568,0.9967999999980064,0.3803710341453552,0.03583257645368576,0.004749831277877092,5.466281436383724e-07,0.17915800213813782,0.0010000000474974513,0.035836450033901644,0,0.2792673707008362,0.9042666666664658,0.9985555555553336,0.012266907840967178
"resnet32-reg:5,lamb:0.001",0.0005,5,0.001,0,42318077_12,True,cifar10_resnet32,0.3894880712032318,0.023269066587090492,3.889435902237892e-07,0.15343734622001648,0.0010000000474974513,0.03300024865407788,0,0.2445405125617981,0.9197999999981604,0.9973999999980052,0.2854081094264984,0.007474529556930065,0.0015846204478293655,7.988091965671629e-07,0.2526295483112335,0.0010000000474974513,0.007468977682026835,0,0.6100485920906067,0.9769777777775608,0.9999999999997778,0.0014300760813057425
"resnet32-reg:3,lamb:0.5",0.0005,3,0.5,0,42318077_3,True,cifar10_resnet32,0.43054941296577454,0.3157285451889038,0.030532732605934143,0.14893102645874023,0.5,0.04133073089440421,0,0.32076895236968994,0.8971999999982057,0.9973999999980052,0.3067960739135742,0.023840613663196564,0.023843472823500633,0.0007184483110904694,0.2148740440607071,0.5,0.023839365250388808,0,0.32391083240509033,0.9302888888886822,0.9997555555553336,0.00616179034113884
"resnet32-reg:5,lamb:0.1",0.0005,5,0.1,0,42318077_14,True,cifar10_resnet32,0.3978264927864074,0.17766588926315308,0.0013762786984443665,0.1549578756093979,0.10000000149011612,0.03495266836251591,0,0.2806518077850342,0.915999999998168,0.9963999999980072,0.2924720346927643,0.00719893304631114,0.007199046202003956,6.544985808432102e-06,0.25742051005363464,0.10000000149011612,0.007195708706608468,0,0.398317277431488,0.9776888888886716,0.9999999999997778,0.0013087852858006954
"resnet32-reg:4,lamb:2.0",0.0005,4,2.0,0,42318077_11,True,cifar10_resnet32,0.5858142375946045,0.3928811252117157,0.22055721282958984,0.3094286024570465,2.0,0.030031019527350756,0,0.8100632429122925,0.9301999999981396,0.9981999999980036,0.21963678300380707,0.0006489645456895232,0.0006688038702122867,0.00011251191608607768,0.4340715706348419,2.0,0.0006487646468519572,0,0.6198136806488037,0.998777777777556,0.9999999999997778,6.196788308443502e-05
"resnet32-reg:3,lamb:0.01",0.0005,3,0.01,0,42318077_1,True,cifar10_resnet32,0.4482344090938568,0.07877384126186371,1.8194317817687988e-05,0.1350388526916504,0.009999999776482582,0.04663630609862723,0,0.234404981136322,0.8843999999982313,0.9971999999980056,0.35164421796798706,0.0319441556930542,0.01231573335826397,9.14325937628746e-07,0.1939786672592163,0.009999999776482582,0.03194469751989657,0,0.3026888370513916,0.9136666666664636,0.9993111111108892,0.009953033179044724
"resnet32-reg:4,lamb:0.001",0.0005,4,0.001,0,42318077_6,True,cifar10_resnet32,0.684508204460144,0.020347749814391136,7.237540557980537e-07,0.3684201240539551,0.0010000000474974513,0.0334683982488064,0,0.4845708012580872,0.9331999999981336,0.996999999998006,0.21711789071559903,0.0005583248566836119,0.0002792512532323599,5.583248707807797e-07,0.4968995153903961,0.0010000000474974513,0.0005576510845518347,0,0.8013150095939636,0.9989111111108891,0.9999999999997778,5.6932633015094325e-05
"resnet32-reg:3,lamb:2.0",0.0005,3,2.0,0,42318077_5,True,cifar10_resnet32,0.39069104194641113,0.35739296674728394,0.27700376510620117,0.1389590948820114,2.0,0.03600599205183743,0,0.2400476336479187,0.9075999999981847,0.997999999998004,0.2811904847621918,0.014329387806355951,0.014347713440656662,0.004341034218668938,0.2194729894399643,2.0,0.014326385652827244,0,0.3690328896045685,0.9561999999997876,0.9999999999997778,0.00257914699614048
"resnet32-reg:4,lamb:1.0",0.0005,4,1.0,0,42318077_10,True,cifar10_resnet32,0.6158037781715393,0.32859352231025696,0.07245880365371704,0.32797712087631226,1.0,0.03160041671528915,0,0.4369529187679291,0.9307999999981384,0.9977999999980044,0.2180079072713852,0.0006480221636593342,0.0006578561733476818,2.9087532311677933e-05,0.4530581831932068,1.0,0.0006472204765793452,0,0.6232845187187195,0.9986222222220004,0.9999999999997778,6.177871546242386e-05
"resnet32-reg:4,lamb:0.1",0.0005,4,0.1,0,42318077_8,True,cifar10_resnet32,0.6901045441627502,0.1582883894443512,0.0010220631957054138,0.3669211268424988,0.10000000149011612,0.033412626089585694,0,0.4644255340099334,0.9285999999981428,0.9977999999980044,0.21432870626449585,0.0005596918636001647,0.0005605476326309144,6.560730980709195e-07,0.49686843156814575,0.10000000149011612,0.0005603180135930872,0,0.6773432493209839,0.9988444444442224,0.9999999999997778,5.4103620641399175e-05
"resnet32-reg:5,lamb:0.5",0.0005,5,0.5,0,42318077_15,True,cifar10_resnet32,0.40357187390327454,0.2647719383239746,0.02633465826511383,0.16776612401008606,0.5,0.03192648774279244,0,0.27734678983688354,0.9213999999981572,0.997999999998004,0.2760578691959381,0.00533454492688179,0.005338822491466999,0.00010379590094089508,0.2729654312133789,0.5,0.005332693080273566,0,0.8318947553634644,0.984155555555337,0.9999999999997778,0.0008644850458949804
"resnet32-reg:5,lamb:1.0",0.0005,5,1.0,0,42318077_16,True,cifar10_resnet32,0.39594605565071106,0.29241472482681274,0.08463242650032043,0.16787505149841309,1.0,0.031952898095217924,0,0.2889630198478699,0.9257999999981484,0.9967999999980064,0.2766827940940857,0.004371256567537785,0.004380594473332167,0.0002866694703698158,0.27482810616493225,1.0,0.004369934500655869,0,0.8467774987220764,0.987733333333114,0.9999999999997778,0.0006153944414108992
"resnet32-reg:5,lamb:2.0",0.0005,5,2.0,0,42318077_17,True,cifar10_resnet32,0.4015682637691498,0.3296889066696167,0.24181097745895383,0.16738566756248474,2.0,0.0323376399303217,0,0.2494845986366272,0.920999999998158,0.9975999999980047,0.2675040364265442,0.003576715011149645,0.003596137510612607,0.0008048200979828835,0.2899262011051178,2.0,0.00357399901833758,0,0.46599408984184265,0.989688888888669,0.9999999999997778,0.00045217754086479545
resnet44-baseline,0.0005,0,0.0,0,42318053,True,cifar10_resnet44,0.7707932591438293,0.0005788480048067868,0.0,0.4222576916217804,0.0,0.02991627322876716,0,0.5042434930801392,0.9345999999981308,0.997999999998004,0.1692977100610733,0.0004490377614274621,7.956320587254595e-06,0.0,0.5432866811752319,0.0,0.00044907176514415246,0,0.704993724822998,0.9986222222220004,0.9999999999997778,6.209754064911976e-05
"resnet44-reg:5,lamb:0.01",0.0005,5,0.01,0,42318077_13,True,cifar10_resnet44,0.3822665810585022,0.06756462156772614,1.3689976185560226e-05,0.14850038290023804,0.009999999776482582,0.03100209802701685,0,0.22119468450546265,0.9183999999981632,0.9981999999980036,0.27075400948524475,0.0060409000143408775,0.0037890211679041386,3.275126800872386e-07,0.25282368063926697,0.009999999776482582,0.006043777995219546,0,0.39756619930267334,0.9807333333331154,0.9999777777775556,0.0011510178446769714
"resnet44-reg:3,lamb:0.1",0.0005,3,0.1,0,42318077_2,True,cifar10_resnet44,0.4367684423923493,0.20914719998836517,0.0016217194497585297,0.13248193264007568,0.10000000149011612,0.04536660609361155,0,0.2066446542739868,0.886999999998226,0.9977999999980044,0.3407615125179291,0.028940772637724876,0.02584260515868664,4.3544918298721313e-05,0.1992027461528778,0.10000000149011612,0.02893146086023481,0,0.31491541862487793,0.9201111111109068,0.9993333333331114,0.00874197855591774
"resnet44-reg:3,lamb:1.0",0.0005,3,1.0,0,42318077_4,True,cifar10_resnet44,0.40609070658683777,0.3381163477897644,0.09430500864982604,0.14668582379817963,1.0,0.036918893531131855,0,0.2701290249824524,0.9061999999981876,0.9973999999980052,0.2875503897666931,0.017093755304813385,0.017102016136050224,0.00164804607629776,0.21889346837997437,1.0,0.017093913062478032,0,0.34474289417266846,0.9478888888886784,0.9999555555553334,0.0036741492804139857
"resnet44-reg:4,lamb:0.5",0.0005,4,0.5,0,42318077_9,True,cifar10_resnet44,0.6999254822731018,0.262389600276947,0.019620448350906372,0.3816862106323242,0.5,0.03069281436830938,0,0.47359973192214966,0.9347999999981303,0.9977999999980044,0.19451186060905457,0.0004556136264000088,0.0004605200083460659,7.508046110160649e-06,0.4989771544933319,0.5,0.00045682010462323687,0,0.6657423973083496,0.998799999999778,0.9999999999997778,5.988120392430574e-05
"resnet44-reg:4,lamb:0.01",0.0005,4,0.01,0,42318077_7,True,cifar10_resnet44,0.7346529364585876,0.053957320749759674,8.959788829088211e-06,0.4098625779151917,0.009999999776482582,0.028311779429018708,0,0.5031572580337524,0.9395999999981208,0.9971999999980056,0.17221613228321075,0.00042181077878922224,0.0004218239919282496,4.034104676975403e-07,0.5293341875076294,0.009999999776482582,0.0004235259540574572,0,0.6929820775985718,0.9988222222220005,0.9999999999997778,5.577556657954119e-05
"resnet44-reg:3,lamb:0.001",0.0005,3,0.001,0,42318077_0,True,cifar10_resnet44,0.4211674630641937,0.02559942938387394,5.971232894808054e-07,0.1193355843424797,0.0010000000474974513,0.044449236035474106,0,0.19675344228744507,0.8865999999982268,0.996999999998006,0.3402073085308075,0.03070993721485138,0.004232943989336491,1.9236176740378141e-07,0.1828821450471878,0.0010000000474974513,0.030699954980256003,0,0.2984731197357178,0.9154222222220189,0.9990666666664448,0.00977862812578678
"resnet44-reg:3,lamb:0.5",0.0005,3,0.5,0,42318077_3,True,cifar10_resnet44,0.4128564298152923,0.30857881903648376,0.029140159487724304,0.14329786598682404,0.5,0.039051171745205816,0,0.25752854347229004,0.8983999999982032,0.996999999998006,0.2917472720146179,0.022174831479787827,0.022177765145897865,0.0006399136036634445,0.20994696021080017,0.5,0.022169965450365942,0,0.3336194157600403,0.9353555555553478,0.9996888888886668,0.005478937178850174
"resnet44-reg:5,lamb:0.1",0.0005,5,0.1,0,42318077_14,True,cifar10_resnet44,0.3849852681159973,0.1691427379846573,0.0012708976864814758,0.15988127887248993,0.10000000149011612,0.029942704442818307,0,0.23464637994766235,0.9251999999981496,0.9975999999980047,0.26994892954826355,0.004960551857948303,0.004960905760526657,4.9129012040793896e-06,0.2628714144229889,0.10000000149011612,0.00496053681230901,0,0.4217149019241333,0.9844222222220036,0.9999999999997778,0.0008387211710214615
"resnet44-reg:4,lamb:0.001",0.0005,4,0.001,0,42318077_6,True,cifar10_resnet44,0.7405461668968201,0.017922677099704742,4.949397407472134e-07,0.4148149490356446,0.0010000000474974513,0.028360616680955523,0,0.493950217962265,0.93999999999812,0.9971999999980056,0.1692856401205063,0.0004979918012395501,0.0003058206057175994,4.979917775926879e-07,0.5264021158218384,0.0010000000474974513,0.0004984521416496439,0,0.6965433359146118,0.9985111111108892,0.9999999999997778,7.149986049626023e-05
"resnet44-reg:5,lamb:0.001",0.0005,5,0.001,0,42318077_12,True,cifar10_resnet44,0.38649478554725647,0.023087356239557263,2.56724888458848e-07,0.15049970149993896,0.0010000000474974513,0.032262251696250716,0,0.20508933067321777,0.91999999999816,0.9973999999980052,0.28079867362976074,0.006723852828145027,0.0015255757607519629,4.8132733354577795e-08,0.255441278219223,0.0010000000474974513,0.006725353404063536,0,0.3922067880630493,0.9785777777775604,0.9999999999997778,0.0013380114687606692
"resnet44-reg:3,lamb:0.01",0.0005,3,0.01,0,42318077_1,True,cifar10_resnet44,0.43444743752479553,0.07837477326393127,1.7653685063123703e-05,0.12045496702194214,0.009999999776482582,0.0466873999451612,0,0.19980907440185547,0.8807999999982384,0.9965999999980067,0.34677988290786743,0.033005550503730774,0.012881996110081673,1.0378716979175806e-06,0.18462680280208588,0.009999999776482582,0.03299990303584579,0,0.29389017820358276,0.9101111111109088,0.9990666666664448,0.010982856154441832
"resnet44-reg:4,lamb:2.0",0.0005,4,2.0,0,42318077_11,True,cifar10_resnet44,0.6423726677894592,0.4124608635902405,0.21390926837921145,0.34776341915130615,2.0,0.029867877516862755,0,0.463036447763443,0.93499999999813,0.9967999999980064,0.21404750645160675,0.00037205495755188167,0.0003919574082829058,6.127910455688834e-05,0.4721060693264008,2.0,0.0003721365915931566,0,0.6921291947364807,0.999399999999778,0.9999999999997778,3.3404412533855066e-05
"resnet44-reg:4,lamb:1.0",0.0005,4,1.0,0,42318077_10,True,cifar10_resnet44,0.6855941414833069,0.3271709978580475,0.06522709131240845,0.3692234456539154,1.0,0.029155988883550275,0,0.4660932421684265,0.9295999999981408,0.9981999999980036,0.1891937255859375,0.0003831048961728811,0.0003930102102458477,1.7847632989287376e-05,0.4988578259944916,1.0,0.00038335767995226335,0,0.6883643269538879,0.9991555555553336,0.9999999999997778,3.682395617943257e-05
"resnet44-reg:3,lamb:2.0",0.0005,3,2.0,0,42318077_5,True,cifar10_resnet44,0.368391752243042,0.3301374316215515,0.2608304023742676,0.13209331035614014,2.0,0.03508966880027333,0,0.2092161774635315,0.9145999999981708,0.9971999999980056,0.2842642366886139,0.012054615654051304,0.012073189951479437,0.0035508740693330765,0.2161824256181717,2.0,0.012052721144814512,0,0.36168450117111206,0.9619111111108974,0.9999999999997778,0.002088121371343732
"resnet44-reg:5,lamb:0.5",0.0005,5,0.5,0,42318077_15,True,cifar10_resnet44,0.41244402527809143,0.2573437988758087,0.02543492615222931,0.18095821142196655,0.5,0.030835050329049637,0,0.2665938138961792,0.9245999999981508,0.9971999999980056,0.26959189772605896,0.003643159056082368,0.0036476431414484978,6.58651115372777e-05,0.2876071035861969,0.5,0.003642736482478352,0,0.4578677713871002,0.988355555555336,0.9999999999997778,0.0005392794264480472
"resnet44-reg:4,lamb:0.1",0.0005,4,0.1,0,42318077_8,True,cifar10_resnet44,0.7285231947898865,0.1437598317861557,0.0008508637547492981,0.4010469615459442,0.10000000149011612,0.02917375190587478,0,0.4952893555164337,0.935999999998128,0.9971999999980056,0.17813198268413544,0.0004577094514388591,0.0004586101276800037,9.482537279836832e-07,0.5233468413352966,0.10000000149011612,0.0004573405037716275,0,0.6928048133850098,0.9987333333331114,0.9999999999997778,5.781234358437359e-05
"resnet44-reg:5,lamb:1.0",0.0005,5,1.0,0,42318077_16,True,cifar10_resnet44,0.401406854391098,0.2956475615501404,0.08579692244529724,0.1700398325920105,1.0,0.03245869705693225,0,0.2696917653083801,0.925999999998148,0.9957999999980084,0.28856346011161804,0.0031548889819532633,0.003164410823956132,0.00019849860109388828,0.2814835011959076,1.0,0.003155956010879828,0,0.49138519167900085,0.9903777777775578,0.9999999999997778,0.0004223688156343997
"resnet44-reg:5,lamb:2.0",0.0005,5,2.0,0,42318077_17,True,cifar10_resnet44,0.41580408811569214,0.3366546630859375,0.2371906042098999,0.1871979534626007,2.0,0.031299939549710575,0,0.2730420231819153,0.9285999999981428,0.9965999999980067,0.2715655565261841,0.0022412165999412537,0.002260831417515874,0.0005189627408981323,0.2977202534675598,2.0,0.002239529009574819,0,0.5006886720657349,0.9932444444442238,0.9999999999997778,0.00029419519705697894
resnet56-baseline,0.0005,0,0.0,0,42318053,True,cifar10_resnet56,0.7686864137649536,0.0003700054658111185,0.0,0.4269140064716339,0.0,0.029126079738478226,0,0.5095281600952148,0.9381999999981236,0.9963999999980072,0.1621805876493454,0.0003949356905650347,6.971059519855771e-06,0.0,0.550591230392456,0.0,0.00039456068060048663,0,0.6924747228622437,0.9987555555553336,0.9999999999997778,6.336299702525139e-05
"resnet56-reg:5,lamb:0.01",0.0005,5,0.01,0,42318077_13,True,cifar10_resnet56,0.34569627046585083,0.06730279326438904,1.3244571164250374e-05,0.12651988863945007,0.009999999776482582,0.02965451756872176,0,0.1926976442337036,0.921999999998156,0.9977999999980044,0.2714041769504547,0.005825110711157322,0.003753521479666233,7.697963155806067e-08,0.2225416600704193,0.009999999776482582,0.005828473079004627,0,0.38225293159484863,0.981822222222004,0.9999777777775556,0.0011565369786694646
"resnet56-reg:5,lamb:0.1",0.0005,5,0.1,0,42318077_14,True,cifar10_resnet56,0.3694815933704376,0.1673123836517334,0.0013026781380176544,0.14608943462371826,0.10000000149011612,0.030703679363723924,0,0.20895206928253177,0.9247999999981504,0.9973999999980052,0.2773948609828949,0.004897503647953272,0.0048978994600474834,4.330126103013754e-06,0.25188031792640686,0.10000000149011612,0.004902861152883301,0,0.39421314001083374,0.9831777777775592,0.9999999999997778,0.0008488468010909855
"resnet56-reg:3,lamb:0.1",0.0005,3,0.1,0,42318077_2,True,cifar10_resnet56,0.440187394618988,0.2059718519449234,0.0015888139605522156,0.14103670418262482,0.10000000149011612,0.04491380767513726,0,0.3072228729724884,0.8905999999982188,0.996999999998006,0.3340187072753906,0.027956057339906693,0.025162598118185997,4.1394494473934174e-05,0.20413263142108917,0.10000000149011612,0.027950788518434435,0,0.3026386499404907,0.921266666666462,0.9993111111108892,0.008391989395022392
"resnet56-reg:3,lamb:1.0",0.0005,3,1.0,0,42318077_4,True,cifar10_resnet56,0.36480361223220825,0.32258012890815735,0.09677821397781372,0.10825417935848236,1.0,0.03685847342034034,0,0.19191241264343264,0.9017999999981964,0.9965999999980067,0.3015802204608917,0.017800400033593178,0.01780868135392666,0.0017958376556634903,0.1785622388124466,1.0,0.01780027328540016,0,0.38754647970199585,0.9448666666664568,0.9999111111108888,0.0040236590430140495
"resnet56-reg:5,lamb:0.001",0.0005,5,0.001,0,42318077_12,True,cifar10_resnet56,0.356903076171875,0.022923367097973824,2.2890162654221058e-07,0.1332382708787918,0.0010000000474974513,0.03043600347233917,0,0.23679420351982117,0.9227999999981544,0.9975999999980047,0.2775220274925232,0.006350304465740919,0.0015001236461102962,6.282593858486507e-07,0.23515212535858152,0.0010000000474974513,0.006352539582012846,0,0.3775075674057007,0.9790666666664491,0.9999999999997778,0.001294107991270721
"resnet56-reg:4,lamb:0.5",0.0005,4,0.5,0,42318077_9,True,cifar10_resnet56,0.7470511794090271,0.232973113656044,0.017244309186935425,0.4130164384841919,0.5,0.029471971219570705,0,0.4923677146434784,0.9365999999981268,0.9975999999980047,0.17255717515945437,0.0003552122216206044,0.00036014331271871924,5.944733857177198e-06,0.5361672639846802,0.5,0.0003548910955336113,0,0.7108025550842285,0.9990222222220004,0.9999999999997778,4.7530185838695616e-05
"resnet56-reg:4,lamb:0.01",0.0005,4,0.01,0,42318077_7,True,cifar10_resnet56,0.818381130695343,0.05132496356964111,7.96094536781311e-06,0.4477335214614868,0.009999999776482582,0.02893520382648849,0,0.5477160811424255,0.935999999998128,0.9977999999980044,0.15589013695716858,0.0003434692043811083,0.00034349472844041884,5.736692401114851e-07,0.5612421631813049,0.009999999776482582,0.0003430422935352505,0,0.7075775861740112,0.9989333333331114,0.9999999999997778,4.662799619836733e-05
"resnet56-reg:4,lamb:0.001",0.0005,4,0.001,0,42318077_6,True,cifar10_resnet56,0.7564922571182251,0.01752108335494995,2.2863969206810005e-07,0.42120999097824097,0.0010000000474974513,0.028015107647478117,0,0.5064322352409363,0.9381999999981236,0.9971999999980056,0.16215117275714874,0.0003903321048710495,0.00028213352197781205,3.903321328380116e-07,0.5442495942115784,0.0010000000474974513,0.0003898469507569684,0,0.6976544857025146,0.998688888888667,0.9999999999997778,6.491524254670367e-05
"resnet56-reg:3,lamb:0.001",0.0005,3,0.001,0,42318077_0,True,cifar10_resnet56,0.4351741075515747,0.025631876662373543,2.9863440431654453e-07,0.1298932284116745,0.0010000000474974513,0.04498532337681268,0,0.2085646390914917,0.8867999999982265,0.9975999999980047,0.3412872850894928,0.03219451755285263,0.004388773813843727,7.232665666379035e-07,0.18819764256477356,0.0010000000474974513,0.03219639456817316,0,0.2948843836784363,0.9129555555553528,0.998999999999778,0.010507622733712196
"resnet56-reg:3,lamb:0.5",0.0005,3,0.5,0,42318077_3,True,cifar10_resnet56,0.42803505063056946,0.31278195977211,0.031322136521339417,0.1464399695396423,0.5,0.040892371607987275,0,0.3187555968761444,0.8987999999982024,0.9963999999980072,0.32073739171028137,0.020489193499088287,0.02049223706126213,0.0005838759243488312,0.21845178306102753,0.5,0.020492745138895065,0,0.3351286053657532,0.9399333333331246,0.9997777777775556,0.00499644735828042
"resnet56-reg:3,lamb:0.01",0.0005,3,0.01,0,42318077_1,True,cifar10_resnet56,0.445574015378952,0.0789477676153183,1.733936369419098e-05,0.13270145654678345,0.009999999776482582,0.04702367556724171,0,0.23473256826400757,0.8847999999982304,0.9963999999980072,0.35283875465393066,0.02991730719804764,0.011908391490578651,6.730260793119669e-07,0.19621379673480988,0.009999999776482582,0.0299148997804086,0,0.3063196539878845,0.9180444444442404,0.9991333333331114,0.0094588752835989
"resnet56-reg:4,lamb:2.0",0.0005,4,2.0,0,42318077_11,True,cifar10_resnet56,0.6829246878623962,0.37836918234825134,0.19241082668304443,0.3716636598110199,2.0,0.03056979317552221,0,0.4703080356121063,0.932999999998134,0.9967999999980064,0.1908134818077087,0.0003032473032362759,0.0003231733862776309,6.576126907020807e-05,0.4951171278953552,2.0,0.0003028888788495689,0,0.703971803188324,0.9991555555553336,0.9999999999997778,3.713310434250161e-05
"resnet56-reg:3,lamb:2.0",0.0005,3,2.0,0,42318077_5,True,cifar10_resnet56,0.4073476791381836,0.36064866185188293,0.26285600662231445,0.15531644225120544,2.0,0.03512962784724303,0,0.25452864170074463,0.9083999999981832,0.9967999999980064,0.2774948179721832,0.011207259260118008,0.011225911788642406,0.003271413967013359,0.236767515540123,2.0,0.01120647487685503,0,0.369448721408844,0.964622222222008,0.9999999999997778,0.001915101194754243
"resnet56-reg:5,lamb:0.5",0.0005,5,0.5,0,42318077_15,True,cifar10_resnet56,0.3885841965675354,0.24051912128925323,0.023491889238357544,0.17408108711242676,0.5,0.028177881692417073,0,0.26671284437179565,0.9301999999981396,0.9973999999980052,0.2473201155662537,0.003293045796453953,0.0032975864596664906,6.246985867619514e-05,0.274321049451828,0.5,0.003293761785222204,0,0.4397698044776917,0.9895555555553356,0.9999999999997778,0.000513544655404985
"resnet56-reg:4,lamb:1.0",0.0005,4,1.0,0,42318077_10,True,cifar10_resnet56,0.7040771245956421,0.298745334148407,0.058028578758239746,0.3931730687618256,1.0,0.028368584890635432,0,0.48201459646224976,0.9381999999981236,0.9963999999980072,0.17471173405647278,0.000232529200729914,0.00024247192777693272,1.223043364007026e-05,0.5180144906044006,1.0,0.00023285107948210293,0,0.6662356853485107,0.9993555555553336,0.9999999999997778,2.588758070487529e-05
"resnet56-reg:4,lamb:0.1",0.0005,4,0.1,0,42318077_8,True,cifar10_resnet56,0.7656192779541016,0.13725656270980835,0.00080108642578125,0.4210168719291687,0.10000000149011612,0.028741893297591536,0,0.5045205354690552,0.9363999999981272,0.9971999999980056,0.16779069602489471,0.0003027388302143663,0.0003036739944946021,7.099806680344045e-07,0.5496109127998352,0.10000000149011612,0.0003023625568435399,0,0.6996503472328186,0.9990666666664448,0.9999999999997778,4.650129267247394e-05
"resnet56-reg:5,lamb:1.0",0.0005,5,1.0,0,42318077_16,True,cifar10_resnet56,0.39320632815361023,0.26381590962409973,0.07109710574150085,0.18606801331043243,1.0,0.027438494595949603,0,0.2582508325576782,0.9345999999981308,0.9981999999980036,0.23314964771270752,0.0026861869264394045,0.0026957804802805185,0.000181838171556592,0.2907903790473938,1.0,0.0026845804500767925,0,0.46151745319366455,0.9917999999997796,0.9999999999997778,0.0003897787828464061
"resnet56-reg:5,lamb:2.0",0.0005,5,2.0,0,42318077_17,True,cifar10_resnet56,0.4481484293937683,0.33451199531555176,0.21058404445648193,0.2202536314725876,2.0,0.02756260501705337,0,0.32918423414230347,0.9305999999981388,0.996999999998006,0.2293744534254074,0.001662223250605166,0.0016819251468405128,0.00035947305150330067,0.3387405574321747,2.0,0.0016622940222621664,0,0.5193321704864502,0.9952888888886676,0.9999999999997778,0.00020189295173622668
