id,name,reg,lamb,eval/lr,eval/loss,eval/ece,eval/mce,eval/top1_acc,eval/top5_acc,eval/L,eval/alphaD,eval/var,eval/lambd,eval/cummulant,test/lr,test/loss,test/mce,test/alphaD,test/lambd,test/cummulant,test/top1_acc,test/top5_acc,test/L,test/var,test/ece
0,shufflenetv2_x0_5,4,0.001,0.1,0.3589857780797589,0.0464081689715385,0.2585839629173279,0.90499999999095,0.99999999999,0.3589857816696167,0.3315622806549072,1.7035633325576782,0.1000000014901161,0.0067647881805896,0.1,0.3363708618188323,0.2015661001205444,0.3139710128307342,0.1000000014901161,0.0056629627943038,0.9858599999998028,0.9999999999998,0.0477494709193706,0.0495468191802501,0.0131067018955945
1,shufflenetv2_x0_5,5,0.5,0.1,0.3215872613219387,0.034474954009056,0.2791433334350586,0.89099999999109,0.99799999999002,0.3215873539447784,0.2648483216762543,0.7891460061073303,0.1000000014901161,0.0034922435879707,0.1,0.3292533387393451,0.2317427396774292,0.278990626335144,0.1000000014901161,0.0040757320821285,0.9535399999998092,0.9997199999998,0.1424476504325866,0.1583998203277588,0.0278185475617647
2,shufflenetv2_x0_5,3,2.0,0.1,0.376693304586491,0.0236411690711975,0.1161136031150817,0.87699999999123,0.99299999999007,0.3766933083534241,0.2943145632743835,0.9363920092582704,0.1000000014901161,0.0041209757328033,0.1,0.3465198903737042,0.2056015431880951,0.2685040235519409,0.1000000014901161,0.0034182034432888,0.9293399999998142,0.9990599999998002,0.2123051285743713,0.2553417086601257,0.0341634452342987
3,shufflenetv2_x0_5,3,0.01,0.1,0.5210782237397182,0.0285623148083686,0.1329880654811859,0.81399999999186,0.99599999999004,0.5210781693458557,0.3430808782577514,1.028622269630432,0.1000000014901161,0.0046305768191814,0.1,0.5010671179555183,0.1983314007520675,0.3361888229846954,0.1000000014901161,0.0044238045811653,0.8412599999998318,0.9938799999998011,0.4597243070602417,0.6984528303146362,0.0166685841977596
4,shufflenetv2_x0_5,5,2.0,0.1,0.3385371829988292,0.0392784290015697,0.1742966473102569,0.88599999999114,0.99999999999,0.3385372459888458,0.2842386364936828,0.9214638471603394,0.1000000014901161,0.0040347166359424,0.1,0.3352828055206198,0.1187077760696411,0.28830486536026,0.1000000014901161,0.0044326335191726,0.9629199999998076,0.9998199999998,0.1155748665332794,0.1230168119072914,0.0257684160023927
5,shufflenetv2_x0_5,4,0.01,0.1,0.3694254421008048,0.046881653368473,0.3701741993427276,0.89699999999103,0.99599999999004,0.3694254457950592,0.3358442783355713,1.6164617538452148,0.1000000014901161,0.006533209234476,0.1,0.3359737955439948,0.1953631043434143,0.3161905407905578,0.1000000014901161,0.0059217549860477,0.9884599999998024,0.9999999999998,0.0415005907416343,0.0384574458003044,0.0134698124602437
6,shufflenetv2_x0_5,3,0.1,0.1,0.544049674792505,0.0186270922422409,0.1336491703987121,0.8059999999919399,0.99499999999005,0.5440497398376465,0.3263568580150604,0.8570910692214966,0.1000000014901161,0.0039379633963108,0.1,0.5614376194331804,0.0278679728507995,0.3476587533950805,0.1000000014901161,0.0044975280761718,0.8232999999998354,0.9927999999998016,0.5108861923217773,0.6827932000160217,0.029162960126996
7,shufflenetv2_x0_5,3,0.5,0.1,0.4255618410469634,0.017810208722949,0.4678640961647033,0.84799999999152,0.99299999999007,0.4255619049072265,0.29179447889328,0.7453464269638062,0.1000000014901161,0.0034159682691097,0.1,0.4173242378896117,0.04606793820858,0.2904620170593261,0.1000000014901161,0.0035225078463554,0.8844999999998232,0.9974599999998006,0.3342962265014648,0.4122257530689239,0.037060834467411
8,shufflenetv2_x0_5,4,2.0,0.1,0.388613279748053,0.0560530126094818,0.4110396802425384,0.89299999999107,0.99599999999004,0.3886133134365082,0.3482159078121185,1.685870885848999,0.1000000014901161,0.0068054758012294,0.1,0.3478672103195558,0.1545498967170715,0.3138425946235657,0.1000000014901161,0.0055003389716148,0.9796799999998042,0.9999999999998,0.0693658515810966,0.0581357255578041,0.0224912725389003
9,shufflenetv2_x0_5,5,1.0,0.1,0.3554561698653907,0.0329617485404014,0.2002163678407669,0.88499999999115,0.99899999999001,0.35545614361763,0.2954852879047394,1.015634536743164,0.1000000014901161,0.004373338073492,0.1,0.3526046239061008,0.0859109163284301,0.2938559353351593,0.1000000014901161,0.0043747685849666,0.9523999999998096,0.9995599999998002,0.1451761573553085,0.1483756303787231,0.0314812585711479
10,shufflenetv2_x0_5,5,0.01,0.1,0.3465892041833389,0.0362818241119384,0.3949799239635467,0.87799999999122,0.99699999999003,0.3465891778469085,0.2775580883026123,0.8440625667572021,0.1000000014901161,0.0037069469690322,0.1,0.3490274809562027,0.0954555869102478,0.2853718996047973,0.1000000014901161,0.0038511157035827,0.9261999999998148,0.9984199999998004,0.2155565768480301,0.3366515040397644,0.0157263204455375
11,shufflenetv2_x0_5,3,0.001,0.1,0.6051428257509399,0.0292292758822441,0.1695593893527984,0.7809999999921899,0.99399999999006,0.6051427721977234,0.3630014657974243,1.028707504272461,0.1000000014901161,0.004714798182249,0.1,0.6060994856775692,0.3097426891326904,0.3755077421665191,0.1000000014901161,0.005179539322853,0.8057399999998389,0.990659999999802,0.5541295409202576,0.7939403653144836,0.0160701032727956
12,shufflenetv2_x0_5,4,0.5,0.1,0.3279804852589372,0.0427412651479244,0.1921775341033935,0.90099999999099,0.99699999999003,0.327980488538742,0.2954578399658203,1.2823364734649658,0.1000000014901161,0.0052144527435302,0.1,0.3325852979832321,0.2869175672531128,0.3055819571018219,0.1000000014901161,0.0053997971117496,0.9834799999998034,0.9999999999998,0.0576828196644783,0.0474989935755729,0.0194193199276924
13,shufflenetv2_x0_5,5,0.001,0.1,0.3666239344174093,0.0326647534966468,0.2138374000787735,0.88699999999113,0.99299999999007,0.3666239380836487,0.30409637093544,1.0951931476593018,0.1000000014901161,0.0046880766749382,0.1,0.3459973629444922,0.1666331589221954,0.2842614948749542,0.1000000014901161,0.0038990564644336,0.9249999999998152,0.9981599999998004,0.2185574173927307,0.3498579561710357,0.0135967805981636
14,shufflenetv2_x0_5,0,0.0,0.1,0.4038473327306307,0.0550768040120601,0.2775088250637054,0.89499999999105,0.99499999999005,0.4038474261760711,0.3723450601100921,1.919273018836975,0.1000000014901161,0.0077647902071475,0.1,0.334531538644598,0.2150551676750183,0.3117775022983551,0.1000000014901161,0.0057832524180412,0.9857799999998028,0.9999999999998,0.0479997396469116,0.0476364269852638,0.0136047508567571
15,shufflenetv2_x0_5,4,1.0,0.1,0.3627175354448614,0.052598413079977,0.3067438006401062,0.90199999999098,0.99999999999,0.3627175092697143,0.333635151386261,1.4581233263015747,0.1000000014901161,0.0061327815055847,0.1,0.3542974421750092,0.1548937559127807,0.3241831660270691,0.1000000014901161,0.0057962276041507,0.9858399999998028,0.9999999999998,0.0513915419578552,0.0405704490840435,0.0184447653591632
16,shufflenetv2_x0_5,5,0.1,0.1,0.3530104423031018,0.0406500622630119,0.1881137788295745,0.87799999999122,0.99799999999002,0.3530103862285614,0.2877212762832641,0.9127288460731506,0.1000000014901161,0.0040028765797615,0.1,0.3537449038071861,0.1054735481739044,0.2906430959701538,0.1000000014901161,0.0040768086910247,0.929879999999814,0.9990799999998002,0.2024679780006408,0.2871403098106384,0.0195550732314586
17,shufflenetv2_x0_5,3,1.0,0.1,0.3745923898907796,0.0208077989518642,0.2746879458427429,0.85899999999141,0.99899999999001,0.3745924234390259,0.2659302949905395,0.6784835457801819,0.1000000014901161,0.0030726119875907,0.1,0.3764902249762443,0.086581066250801,0.2739843726158142,0.1000000014901161,0.0033224709331989,0.9063399999998188,0.9982399999998004,0.2781164050102234,0.3326457738876343,0.0394739843904972
18,shufflenetv2_x0_5,4,0.1,0.1,0.3333830800096751,0.0475245416164398,0.7493278980255127,0.90599999999094,0.99799999999002,0.3333831429481506,0.3105589151382446,1.5209771394729614,0.1000000014901161,0.0060780085623264,0.1,0.3379919690774173,0.2112812995910644,0.3145499229431152,0.1000000014901161,0.0057096742093563,0.9869599999998028,0.9999999999998,0.0457955934107303,0.040721021592617,0.0147608369588851
19,resnet56,4,1.0,0.1,0.2898508579356131,0.0494760163128376,0.6229933500289917,0.9299999999907,0.99899999999001,0.2898508906364441,0.2870271205902099,1.5383784770965576,0.1000000014901161,0.006210871040821,0.1,0.2635697520824295,0.2665029764175415,0.261541873216629,0.1000000014901161,0.0058777779340744,0.9998399999998,0.9999999999998,0.0025001037865877,0.0005050845211371,0.0019818299915641
20,resnet56,3,0.001,0.1,0.3345780637185047,0.0324185900390148,0.3452115952968597,0.88699999999113,0.99699999999003,0.3345780670642853,0.2808044552803039,0.9792550802230836,0.1000000014901161,0.0042062327265739,0.1,0.3154761357245967,0.0890842974185943,0.2629563212394714,0.1000000014901161,0.0035000517964363,0.925179999999815,0.9982599999998004,0.2190548181533813,0.3812974989414215,0.0097296917811036
21,resnet56,0,0.0,0.1,0.2559448753034815,0.037303015589714,0.3859858810901642,0.9399999999906,0.99899999999001,0.2559449076652527,0.2541301548480987,1.430527687072754,0.1000000014901161,0.0057285018265247,0.1,0.2552351352716727,0.2792573571205139,0.2540131211280823,0.1000000014901161,0.0058082062751054,0.9997999999998,0.9999999999998,0.0020563476718962,0.0006706881104037,0.0014384036185219
22,resnet56,3,0.5,0.1,0.2536085222632617,0.0323544666171073,0.2136642932891845,0.92399999999076,0.99799999999002,0.2536084949970245,0.236686885356903,1.0784783363342283,0.1000000014901161,0.0042836964130401,0.1,0.2463256995457636,0.2893450856208801,0.2308617681264877,0.1000000014901161,0.0035773497074842,0.9824799999998036,0.9999199999998,0.058245301246643,0.0592357665300369,0.0158443786203861
23,resnet56,3,0.01,0.1,0.3019274741020784,0.0256689079105854,0.2738160192966461,0.89399999999106,0.99699999999003,0.3019274771213531,0.2527729570865631,0.8215372562408447,0.1000000014901161,0.0035013128072023,0.1,0.315289506959274,0.0912184417247772,0.264294296503067,0.1000000014901161,0.0035891532897949,0.9281599999998144,0.9982399999998004,0.2076313346624374,0.3512260317802429,0.0107648372650146
24,resnet56,3,2.0,0.1,0.2765616746902853,0.0443141832947731,0.391269326210022,0.92099999999079,0.99899999999001,0.2765616476535797,0.2677836716175079,1.2422852516174316,0.1000000014901161,0.0050850827246904,0.1,0.246770572057027,0.2847697138786316,0.2394355982542038,0.1000000014901161,0.0044429544359445,0.994999999999801,0.9999999999998,0.0209432728588581,0.0159871503710746,0.0091690514236688
25,resnet56,4,2.0,0.1,0.2610557649256056,0.0450986586511135,0.4234372079372406,0.93399999999066,0.99899999999001,0.2610557973384857,0.2584424614906311,1.3126649856567385,0.1000000014901161,0.0053178649395704,0.1,0.2683788518440292,0.2874584794044494,0.2663430273532867,0.1000000014901161,0.005991518497467,0.9998199999998,0.9999999999998,0.0025524455122649,0.0006976212607696,0.0019236921798437
26,resnet56,5,2.0,0.1,0.2983683317865193,0.0501561127603054,0.4508870244026184,0.92399999999076,0.99799999999002,0.298368364572525,0.2918612360954284,1.4831441640853882,0.1000000014901161,0.0059625562280416,0.1,0.2481972059167717,0.2508650422096252,0.2455211728811264,0.1000000014901161,0.0052245762199163,0.9993399999998002,0.9999999999998,0.0050503266975283,0.0026827894616872,0.0032149692997336
27,resnet56,4,0.01,0.1,0.2417251592543869,0.0417308509349823,0.3636889457702636,0.93899999999061,0.99799999999002,0.2417251765727996,0.2400934845209121,1.3260542154312134,0.1000000014901161,0.0052706934511661,0.1,0.2591153065795876,0.277054488658905,0.2577052712440491,0.1000000014901161,0.0057766083627939,0.9998399999998,0.9999999999998,0.0020517250522971,0.000570589560084,0.00146426318679
28,resnet56,4,0.001,0.1,0.3156903354546994,0.0414174273610115,0.1934720873832702,0.93699999999063,0.99499999999005,0.3156903982162475,0.3136342167854309,2.049400568008423,0.1000000014901161,0.0080237761139869,0.1,0.2539671755988821,0.2349804043769836,0.2526271641254425,0.1000000014901161,0.005751984193921,0.9997199999998,0.9999999999998,0.0021155201829969,0.0008675535209476,0.0012698383070528
29,resnet56,5,0.001,0.1,0.2383519089228621,0.0405403263866901,0.2938049733638763,0.92799999999072,0.99999999999,0.2383519411087036,0.2314825057983398,1.0233800411224363,0.1000000014901161,0.0041580311954021,0.1,0.2449468768894985,0.2741251587867737,0.2384621500968933,0.1000000014901161,0.0043445061892271,0.9936399999998012,0.9999799999998,0.024001931771636,0.0280533581972122,0.0077115148305892
30,resnet56,4,0.5,0.1,0.2638171884857905,0.0408892631530761,0.6338169574737549,0.93499999999065,0.99899999999001,0.2638172209262848,0.2604469358921051,1.410700440406799,0.1000000014901161,0.0055692121386528,0.1,0.2599920892475748,0.2404993176460266,0.2572805285453796,0.1000000014901161,0.0055543426424264,0.9997399999998,0.9999999999998,0.0026132632046937,0.0007012899732217,0.0019444482168182
31,resnet56,5,1.0,0.1,0.3178871540228954,0.0407299697399139,0.4890286922454834,0.93299999999067,0.99599999999004,0.3178871572017669,0.3132376074790954,2.031789541244507,0.1000000014901161,0.0078138262033462,0.1,0.2773498194314931,0.2340688705444336,0.2737221717834472,0.1000000014901161,0.0058071501553058,0.9985399999998004,0.9999999999998,0.0080214366316795,0.0048150336369872,0.0044605107977986
32,resnet56,5,0.5,0.1,0.2544970784963652,0.0382177382707595,0.6668181419372559,0.93199999999068,0.99799999999002,0.2544971108436584,0.2468463480472564,1.2287622690200806,0.1000000014901161,0.0049333162605762,0.1,0.2576236970343716,0.2253840565681457,0.2505077123641968,0.1000000014901161,0.0047204997390508,0.9986599999998004,0.9999999999998,0.0104043092578649,0.0058880979195237,0.0066469251178205
33,resnet56,5,0.01,0.1,0.2738041254319722,0.0424753539264202,0.2631443738937378,0.92199999999078,0.99799999999002,0.2738042175769806,0.2633986473083496,1.144217610359192,0.1000000014901161,0.0046796351671218,0.1,0.2541107400084024,0.2409165948629379,0.2464493364095688,0.1000000014901161,0.0044941361993551,0.9941599999998012,0.9999799999998,0.0225467681884765,0.0270669609308242,0.0073771439492702
34,resnet56,5,0.1,0.1,0.2549145792265195,0.0355730205774307,0.2494827359914779,0.93699999999063,0.99999999999,0.2549145519733429,0.2505326271057129,1.3175967931747437,0.1000000014901161,0.0052568726241588,0.1,0.2379418509541616,0.2655949592590332,0.2330441027879715,0.1000000014901161,0.0045051705092191,0.9969599999998008,0.9999799999998,0.0140257701277732,0.0122851775959134,0.0062132086604833
35,resnet56,3,0.1,0.1,0.3103376595934618,0.0336135923862457,0.736581563949585,0.90199999999098,0.99799999999002,0.3103377819061279,0.2645180821418762,0.9254916310310364,0.1000000014901161,0.003932736814022,0.1,0.2954856617611364,0.1151845455169677,0.2520601749420166,0.1000000014901161,0.0033873692154884,0.9372999999998126,0.9988999999998004,0.1826895922422409,0.2888370156288147,0.0139140430837869
36,resnet56,3,1.0,0.1,0.2728097113508061,0.0413313582539558,0.2658580243587494,0.91899999999081,0.99899999999001,0.2728097140789032,0.259269505739212,1.1184477806091309,0.1000000014901161,0.0045882929116487,0.1,0.2574787087361166,0.2451685667037964,0.2469048947095871,0.1000000014901161,0.0042921099811792,0.9892999999998022,0.9999999999998,0.0385092198848724,0.0358669906854629,0.0127763310447335
37,resnet56,4,0.1,0.1,0.2512802158500061,0.0409872867166996,0.4174462854862213,0.93799999999062,0.99699999999003,0.2512802481651306,0.2493564933538437,1.3648152351379397,0.1000000014901161,0.0054060406982898,0.1,0.2591820637816618,0.2806583940982818,0.257990300655365,0.1000000014901161,0.0060121659189462,0.9996799999998002,0.9999999999998,0.0020537758246064,0.000762800918892,0.0012238218914717
38,vgg19_bn,3,0.5,0.1,2.302794910291143,0.0086669102311134,0.0086669102311134,0.09299999999907,0.49199999999508,2.302794933319092,0.0036453758366405,6.087041401769966e-05,0.1000000014901161,5.960464477539064e-08,0.1,2.3025972287766687,0.0008937194943428,0.0037303839344531,0.1000000014901161,7.748603820800781e-07,0.09999999999998,0.4999999999999,2.302617073059082,6.384664447978139e-05,0.0016093254089355
39,vgg19_bn,5,0.5,0.1,0.3590886854979346,0.0532348342239856,0.4392618238925934,0.9299999999907,0.99599999999004,0.3590886890888214,0.3576460182666778,2.28855037689209,0.1000000014901161,0.0090534090995788,0.1,0.3013590504688709,0.3532095849514007,0.3002521693706512,0.1000000014901161,0.0070455465465784,0.9994199999998,0.9999599999998,0.0037184539251029,0.004486464895308,0.0017233153339475
40,vgg19_bn,4,0.1,0.1,0.3396267856967497,0.0466566681861877,0.2515497207641601,0.94199999999058,0.99799999999002,0.3396268188953399,0.3389772772789001,2.2893848419189453,0.1000000014901161,0.009019810706377,0.1,0.340835170234689,0.3723579049110412,0.340531438589096,0.1000000014901161,0.0090581513941288,0.9997999999998,0.9999999999998,0.001398253487423,0.0006975500145927,0.0007547609857283
41,vgg19_bn,5,1.0,0.1,0.3176213471121776,0.0472700148820877,0.3319204449653625,0.93599999999064,0.99799999999002,0.3176214098930359,0.3161071836948395,1.999897599220276,0.1000000014901161,0.007870215922594,0.1,0.3150223192052577,0.314762532711029,0.3139501214027405,0.1000000014901161,0.0075220949947834,0.9995599999998002,0.9999999999998,0.0026730438694357,0.0019352226518094,0.0014117407845333
42,vgg19_bn,4,0.5,0.1,0.4096931178131641,0.0615390725433826,0.6039736866950989,0.92699999999073,0.99799999999002,0.40969318151474,0.4092869758605957,2.666795015335083,0.1000000014901161,0.0106548741459846,0.1,0.3279133004942554,0.3029379844665527,0.3275188207626343,0.1000000014901161,0.0082790441811084,0.9998799999998,0.9999999999998,0.0012458669953048,0.0008280269685201,0.0007027864921838
43,vgg19_bn,5,0.1,0.1,0.3258371320565701,0.0501121655106544,0.4496850669384002,0.92699999999073,0.99699999999003,0.3258371651172638,0.322607547044754,1.7550373077392578,0.1000000014901161,0.0070996321737766,0.1,0.2921237743628671,0.2714937329292297,0.2897157967090606,0.1000000014901161,0.0060800556093454,0.9965599999998008,0.9999199999998,0.0130940154194831,0.0253866463899612,0.0025897370651364
44,vgg19_bn,3,0.1,0.1,2.3028526075867086,0.0090983882546424,0.0090983882546424,0.09299999999907,0.50299999999497,2.3028526306152344,0.0048995958641171,0.000111173307232,0.1000000014901161,5.662441253662109e-07,0.1,2.3026206732702543,0.0013299956917762,0.0050237234681844,0.1000000014901161,2.384185791015625e-07,0.09999999999998,0.4999999999999,2.3026435375213623,0.0001168838498415,0.0020622909069061
45,vgg19_bn,3,2.0,0.1,2.302733159879773,0.0078987032175064,0.0078987032175064,0.09299999999907,0.49199999999508,2.302733421325684,0.0020048466976732,1.884700941445772e-05,0.1000000014901161,-3.8743019104003917e-07,0.1,2.302579241419443,0.0001144111156463,0.0020179115235805,0.1000000014901161,-5.960464477539064e-08,0.09999999999998,0.4999999999999,2.3025946617126465,1.9111768779112023e-05,0.0009132996201515
46,vgg19_bn,3,0.01,0.1,2.302872157909999,0.0092186108231544,0.0092186108231544,0.09299999999907,0.50299999999497,2.3028719425201416,0.0053175101056694,0.0001313479006057,0.1000000014901161,5.960464477539062e-07,0.1,2.302630262995314,0.0014433711767196,0.0054518459364771,0.1000000014901161,1.2218952178955078e-06,0.09999999999998,0.4999999999999,2.302654266357422,0.000138013579999,0.0022073984146118
47,vgg19_bn,4,0.001,0.1,0.3713150285305783,0.0533846504986286,0.6431715488433838,0.93599999999064,0.99799999999002,0.371315062046051,0.3707178235054016,2.4555726051330566,0.1000000014901161,0.009756289422512,0.1,0.3546315957473562,0.4224531948566437,0.3543024361133575,0.1000000014901161,0.0094497874379158,0.9997599999998,0.9999799999998,0.0015099558513611,0.0013419183669611,0.0007934157038107
48,vgg19_bn,4,2.0,0.1,0.3842793962674508,0.0535153597593307,0.5432039499282837,0.93299999999067,0.99599999999004,0.3842793703079223,0.3832619488239288,2.427820444107056,0.1000000014901161,0.0097375996410846,0.1,0.3154233558117068,0.3711417913436889,0.3149706423282623,0.1000000014901161,0.0079055204987525,0.9999199999998,0.9999999999998,0.0011947937309741,0.0004843995557166,0.0008113487856462
49,vgg19_bn,5,0.01,0.1,0.3281995621286184,0.0540307946503162,0.372191458940506,0.92099999999079,0.99599999999004,0.3281995952129364,0.3238472044467926,1.6554343700408936,0.1000000014901161,0.0067531839013099,0.1,0.2904987331977314,0.3340960144996643,0.2868603467941284,0.1000000014901161,0.0057706870138645,0.9921599999998016,0.9996799999998002,0.0281417444348335,0.0749792382121086,0.0022417842410504
50,vgg19_bn,4,1.0,0.1,0.3707544468520716,0.0621562786400318,0.6957917809486389,0.92899999999071,0.99799999999002,0.3707544803619385,0.3699752986431122,2.2860360145568848,0.1000000014901161,0.0091795213520526,0.1,0.3170196791278847,0.3602642118930816,0.3166295886039734,0.1000000014901161,0.0079507119953632,0.9997599999998,0.9999999999998,0.001310313004069,0.0006474669789895,0.0007567797438241
51,vgg19_bn,5,2.0,0.1,0.2938245803537616,0.037992887198925,0.5353825688362122,0.94499999999055,0.99599999999004,0.2938246428966522,0.2927710711956024,1.990117192268372,0.1000000014901161,0.0077168904244899,0.1,0.3090328736315362,0.3064887523651123,0.3082060813903808,0.1000000014901161,0.0073799602687358,0.9993399999998002,0.9999999999998,0.0029789083637297,0.0044267084449529,0.0009602638892829
52,vgg19_bn,0,0.0,0.1,0.3712291978429601,0.0578129701316356,0.5915642976760864,0.93099999999069,0.99799999999002,0.3712291717529297,0.3707360029220581,2.463085174560547,0.1000000014901161,0.009717658162117,0.1,0.3324264218027598,0.6261031627655029,0.3321080207824707,0.1000000014901161,0.0087084174156188,0.9998799999998,0.9999999999998,0.0012357649393379,0.0005761790089309,0.0007523723179474
53,vgg19_bn,5,0.001,0.1,0.3338273730273879,0.0523589700460433,0.3246200382709503,0.92299999999077,0.99699999999003,0.3338273763656616,0.3287293016910553,1.7354004383087158,0.1000000014901161,0.0070474967360496,0.1,0.2921625405615121,0.2880995273590088,0.2882402539253235,0.1000000014901161,0.0057291630655527,0.9917799999998016,0.9996799999998002,0.0294620897620916,0.0711593478918075,0.0021829749457538
54,vgg19_bn,4,0.01,0.1,0.4157083588990993,0.0603088326752185,0.680921733379364,0.93399999999066,0.99699999999003,0.4157083630561828,0.4153238534927368,2.9580531120300293,0.1000000014901161,0.0116335749626159,0.1,0.3492155865921665,0.6648005843162537,0.3488812148571014,0.1000000014901161,0.0091876164078712,0.9997999999998,0.9999999999998,0.0014696947764605,0.0014219926670193,0.0007717604166828
55,vgg19_bn,3,0.001,0.1,2.3028738268400364,0.0092316344380378,0.0092316344380378,0.09299999999907,0.50299999999497,2.302874088287353,0.0053633209317922,0.0001336522982455,0.1000000014901161,8.046627044677734e-07,0.1,2.3026313491243955,0.0014558583498001,0.0054979873821139,0.1000000014901161,1.3262033462524414e-06,0.09999999999998,0.4999999999999,2.3026554584503174,0.0001404227077728,0.002209648489952
56,vgg19_bn,3,1.0,0.1,2.302760578016096,0.0083054676651954,0.0083054676651954,0.09299999999907,0.49199999999508,2.302760601043701,0.0028115666937083,3.614818342612125e-05,0.1000000014901161,-2.9802322387695312e-08,0.1,2.302586182049182,0.000536561012268,0.0028633701149374,0.1000000014901161,6.407499313354492e-07,0.09999999999998,0.4999999999999,2.3026037216186523,3.756034129764885e-05,0.0012708902359008
57,repvgg_a2,3,2.0,0.1,0.2394773936165786,0.0324506312608718,0.3497010469436645,0.94699999999053,0.99799999999002,0.2394774109125137,0.2367418557405471,1.4177979230880735,0.1000000014901161,0.0054378788918256,0.1,0.2262596435814428,0.2623276114463806,0.2238381206989288,0.1000000014901161,0.0045843552798032,0.9992399999998002,0.9999999999998,0.0056238211691379,0.0028293151408433,0.0035828617401421
58,repvgg_a2,3,0.1,0.1,0.2473861848411253,0.0289340019226074,0.3478650450706482,0.92899999999071,0.99799999999002,0.2473862171173095,0.2287010550498962,0.9741225838661194,0.1000000014901161,0.0038917791098356,0.1,0.2383476907015634,0.1388362050056457,0.2204734683036804,0.1000000014901161,0.003178184852004,0.9727399999998056,0.9997199999998,0.084625668823719,0.1134839355945587,0.0142378769814968
59,repvgg_a2,5,0.01,0.1,0.1954618672851884,0.0268382783979177,0.3025957345962524,0.9499999999905,0.99899999999001,0.1954618692398071,0.193316638469696,1.0262534618377686,0.1000000014901161,0.0040518417954444,0.1,0.2194969982781311,0.2968071103096008,0.2171021699905395,0.1000000014901161,0.0043410621583461,0.9989199999998004,0.9999999999998,0.0064372038468718,0.0041479282081127,0.0035329689271748
60,repvgg_a2,0,0.0,0.1,0.2231647051906094,0.0333579592406749,0.4363298416137695,0.95099999999049,0.99899999999001,0.2231647074222564,0.2222405523061752,1.212116241455078,0.1000000014901161,0.0049500614404678,0.1,0.21328508830214,0.1891630291938781,0.2124547064304351,0.1000000014901161,0.0047994293272495,0.9999199999998,0.9999999999998,0.0011012207251042,0.0001376726431772,0.0007511861040256
61,repvgg_a2,3,0.5,0.1,0.2256576694334105,0.0314460843801498,0.3046913146972656,0.93599999999064,0.99999999999,0.2256577312946319,0.2191709578037262,1.026404619216919,0.1000000014901161,0.0041045453399419,0.1,0.2090426267182063,0.2781174480915069,0.2030176669359207,0.1000000014901161,0.0034167375415563,0.9952399999998012,0.9999999999998,0.0206795334815979,0.0161106251180171,0.0089553166180849
62,repvgg_a2,3,0.001,0.1,0.2717458578591711,0.0305104963481426,0.2737248837947845,0.90299999999097,0.99699999999003,0.2717458605766296,0.2381704300642013,0.8135309219360352,0.1000000014901161,0.0034424029290676,0.1,0.265488887531614,0.116697072982788,0.2344508022069931,0.1000000014901161,0.0031914990395307,0.9519399999998096,0.9990999999998004,0.14319708943367,0.2384015023708343,0.012063130736351
63,repvgg_a2,3,1.0,0.1,0.1746581179319161,0.0271896012127399,0.3547750413417816,0.95399999999046,0.99699999999003,0.1746581345796585,0.1719531267881393,0.8243398666381836,0.1000000014901161,0.0032703708857297,0.1,0.2109563315219839,0.2669045031070709,0.2076658457517624,0.1000000014901161,0.0038312692195177,0.9984399999998004,0.9999999999998,0.0082614561542868,0.0042898571118712,0.0047427234239876
64,repvgg_a2,4,2.0,0.1,0.2029318640204479,0.0368844643235206,0.6017462015151978,0.94799999999052,0.99899999999001,0.2029318958520889,0.201761856675148,1.0198358297348022,0.1000000014901161,0.0040878802537918,0.1,0.2046891481721325,0.2857829332351684,0.2035489827394485,0.1000000014901161,0.0041830204427242,0.9999799999998,0.9999999999998,0.0012425559107214,7.590554014313966e-05,0.0010170831810683
65,repvgg_a2,4,0.01,0.1,0.2022772560157482,0.0342629551887512,0.4305580854415893,0.95099999999049,0.99899999999001,0.2022773027420044,0.2012621164321899,1.0103483200073242,0.1000000014901161,0.0041449647396802,0.1,0.2149890244929712,0.2613640427589416,0.2141335606575012,0.1000000014901161,0.0046293605118989,0.9999599999998,0.9999999999998,0.0010895254090428,6.481896707555279e-05,0.0007934657623991
66,repvgg_a2,5,2.0,0.1,0.1966131011851904,0.0269345249980688,0.3377194702625274,0.94899999999051,0.99899999999001,0.1966131031513214,0.1948343217372894,1.0179120302200315,0.1000000014901161,0.0040563363581895,0.1,0.2057639325027898,0.2648054659366607,0.2044962793588638,0.1000000014901161,0.0041989460587501,0.9998199999998,0.9999999999998,0.0019717738032341,0.0003601427888497,0.0015007843030616
67,repvgg_a2,4,1.0,0.1,0.2275155759948027,0.0314467959105968,0.1973229050636291,0.94799999999052,0.99799999999002,0.2275156080722808,0.2253511548042297,1.234150528907776,0.1000000014901161,0.0049168970435857,0.1,0.210841478338683,0.2340126633644104,0.2096071392297744,0.1000000014901161,0.0043662395328283,0.9999999999998,0.9999999999998,0.0012788025196641,7.147552241804078e-05,0.0010522634256631
68,repvgg_a2,3,0.01,0.1,0.2787756891983271,0.0402154549956321,0.2375304698944091,0.91299999999087,0.99799999999002,0.2787757217884063,0.2462533116340637,0.831278383731842,0.1000000014901161,0.0035460032522678,0.1,0.2574426760727053,0.120607852935791,0.2285626381635666,0.1000000014901161,0.0030458681285381,0.9555999999998088,0.9992199999998004,0.135199636220932,0.2255941331386566,0.0132127376273274
69,repvgg_a2,5,0.001,0.1,0.258200017016007,0.0404918752610683,0.3787285387516022,0.93799999999062,0.99999999999,0.2582000195980072,0.2548997104167938,1.436929702758789,0.1000000014901161,0.005615459755063,0.1,0.2223672152406174,0.2383421957492828,0.2201446741819381,0.1000000014901161,0.0042542405426502,0.9984599999998004,0.9999999999998,0.0071129477582871,0.0053994879126548,0.0031129319686442
70,repvgg_a2,5,0.5,0.1,0.2116778918794598,0.0319894105195999,0.60053950548172,0.94399999999056,0.99999999999,0.2116778939962387,0.2095202803611755,1.165695309638977,0.1000000014901161,0.0045833941549062,0.1,0.2102375839467047,0.2555281817913055,0.2083531618118286,0.1000000014901161,0.0040702912956476,0.9997199999998,0.9999999999998,0.0029163304716348,0.0008899276144802,0.0020840815268456
71,repvgg_a2,5,0.1,0.1,0.2332036620899986,0.0346595905721187,0.3899574875831604,0.9399999999906,0.99799999999002,0.233203649520874,0.2311284840106964,1.2641819715499878,0.1000000014901161,0.0050184037536382,0.1,0.2068905165810686,0.2636269629001617,0.205150231719017,0.1000000014901161,0.0041075181216001,0.9993599999998002,0.9999999999998,0.0041816979646682,0.0018466569017618,0.0025717969983816
72,repvgg_a2,4,0.001,0.1,0.2345672822383726,0.0338849648833274,0.3212293684482574,0.94699999999053,0.99699999999003,0.2345672994852066,0.2336051166057586,1.288389801979065,0.1000000014901161,0.0051943454891443,0.1,0.2146690717272261,0.2248391509056091,0.2138840705156326,0.1000000014901161,0.004744229838252,0.9999799999998,0.9999999999998,0.0011013690382242,5.59249529032968e-05,0.0008235111017711
73,repvgg_a2,5,1.0,0.1,0.2442149942533685,0.0352008640766143,0.3583308458328247,0.94499999999055,0.99899999999001,0.2442149817943573,0.2427050322294235,1.4044275283813477,0.1000000014901161,0.0055511463433504,0.1,0.2120010883571844,0.7383442521095276,0.210664302110672,0.1000000014901161,0.004425935447216,0.9998199999998,0.9999999999998,0.0022622090764343,0.0007262063445523,0.0016460279002785
74,repvgg_a2,4,0.5,0.1,0.2364194071492794,0.0366628356277942,0.4575621783733368,0.94199999999058,0.99799999999002,0.2364194393157959,0.2345949113368988,1.259946584701538,0.1000000014901161,0.0050996541976928,0.1,0.2052027216591616,0.712144136428833,0.2040434032678604,0.1000000014901161,0.0041924156248569,0.9999799999998,0.9999999999998,0.0012532956898212,7.011037087067962e-05,0.0009987424127757
75,repvgg_a2,4,0.1,0.1,0.2494809006538421,0.0385164320468902,0.3638323843479156,0.94599999999054,0.99699999999003,0.2494809031486511,0.2482410967350006,1.3954863548278809,0.1000000014901161,0.0056032855063676,0.1,0.2098214756435672,0.183571457862854,0.2089578658342361,0.1000000014901161,0.0045293606817722,0.9999599999998,0.9999999999998,0.0011476086219772,9.492475510342048e-05,0.0008487088489346
76,repvgg_a0,3,1.0,0.1,0.2592731986344561,0.034403271973133,0.6316705346107483,0.93499999999065,0.99799999999002,0.2592732012271881,0.2516660988330841,1.3204987049102783,0.1000000014901161,0.0052421279251575,0.1,0.254460129190211,0.3770552277565002,0.2468728274106979,0.1000000014901161,0.0044632740318775,0.9958599999998008,0.9999999999998,0.0180540867149829,0.0121232271194458,0.0083669163286685
77,repvgg_a0,4,0.1,0.1,0.2838634224161875,0.0503690764307975,0.4608356952667236,0.93199999999068,0.99899999999001,0.2838634848594665,0.2820837199687958,1.6251511573791504,0.1000000014901161,0.0064537487924098,0.1,0.2546055314096098,0.2793475985527038,0.2536102533340454,0.1000000014901161,0.0057442914694547,0.9998799999998,0.9999999999998,0.0014249951345846,0.0004307984490878,0.0009154073195531
78,repvgg_a0,5,0.1,0.1,0.2196147270890929,0.0299000144004821,0.6515222787857056,0.94399999999056,0.99899999999001,0.2196147739887237,0.2158518582582473,1.1286377906799316,0.1000000014901161,0.0044439118355512,0.1,0.2469893707736469,0.2996060848236084,0.2439095824956894,0.1000000014901161,0.0049292687326669,0.9984599999998004,0.9999999999998,0.008043747395277,0.0051487386226654,0.0041455989703536
79,repvgg_a0,4,0.001,0.1,0.2899042040921537,0.0432821847498416,0.4692369401454925,0.94299999999057,0.99799999999002,0.2899041771888733,0.2888521552085876,1.889289140701294,0.1000000014901161,0.0073486920446157,0.1,0.2598087122467579,0.2778128385543823,0.2588546276092529,0.1000000014901161,0.0058564376085996,0.9999999999998,0.9999999999998,0.0011772973230108,6.494505942100659e-05,0.0009432883816771
80,repvgg_a0,3,0.01,0.1,0.2978902131332347,0.0257691945880651,0.2424654513597488,0.90699999999093,0.99699999999003,0.2978902161121368,0.2516881227493286,0.782291054725647,0.1000000014901161,0.0034027602523565,0.1,0.3101051181420551,0.2190958857536316,0.2607688009738922,0.1000000014901161,0.0034550465643405,0.9332199999998134,0.9982799999998004,0.1959668099880218,0.3305089175701141,0.010989568196237
81,repvgg_a0,5,0.001,0.1,0.2581112955031461,0.0447622798383235,0.4461717009544372,0.9299999999907,0.99699999999003,0.258111298084259,0.2541286945343017,1.311479091644287,0.1000000014901161,0.0052165351808071,0.1,0.2435519626348466,0.2143840193748474,0.239522635936737,0.1000000014901161,0.0047466997057199,0.9958199999998008,0.9999999999998,0.0169934686273336,0.0231332201510667,0.0052889185026288
82,repvgg_a0,5,0.01,0.1,0.2505993221972233,0.0322675742208957,0.6178865432739258,0.9399999999906,0.99999999999,0.2505993843078613,0.2459481358528137,1.3389121294021606,0.1000000014901161,0.0052793025970458,0.1,0.2505233218800303,0.2095346450805664,0.2469990849494934,0.1000000014901161,0.005129124969244,0.9961799999998008,0.9999799999998,0.0146537804976105,0.0179813411086797,0.004827513359487
83,repvgg_a0,3,0.5,0.1,0.2207480199911968,0.0280348174273967,0.7016263008117676,0.93599999999064,0.99899999999001,0.220748022198677,0.2101684063673019,0.8612634539604187,0.1000000014901161,0.0035530179738998,0.1,0.2439975917939609,0.26685231924057,0.2323736399412155,0.1000000014901161,0.003837589174509,0.9876399999998026,0.9999599999998,0.043096836656332,0.0405408442020416,0.0135271213948726
84,repvgg_a0,4,0.01,0.1,0.2654464516321108,0.0427744723856449,0.5305189490318298,0.94399999999056,0.99899999999001,0.2654464244842529,0.2644998133182525,1.5015504360198977,0.1000000014901161,0.0060883276164531,0.1,0.2592679888440638,0.3712038397789001,0.2584884464740753,0.1000000014901161,0.0061752516776323,0.9999199999998,0.9999999999998,0.0012597986496984,0.0002541430294513,0.000880780396983
85,repvgg_a0,3,0.1,0.1,0.2768439324827966,0.0254777111113071,0.7119148373603821,0.90799999999092,0.99699999999003,0.2768439650535583,0.2424519062042236,0.8637775182723999,0.1000000014901161,0.0035712178796529,0.1,0.270763449897855,0.2630999088287353,0.2390969395637512,0.1000000014901161,0.0032831262797117,0.9541399999998093,0.9994199999998,0.135848730802536,0.1992164850234985,0.0150015065446496
86,repvgg_a0,4,0.5,0.1,0.2323585278401796,0.0392572842538356,0.2869904637336731,0.94499999999055,0.99999999999,0.2323585301637649,0.2309997528791427,1.2028789520263672,0.1000000014901161,0.0048866812139749,0.1,0.2485514545328086,0.2465309500694275,0.2469523549079895,0.1000000014901161,0.0054307095706462,0.9999199999998,0.9999999999998,0.0016437101876363,0.0006328058079816,0.0011916527291759
87,repvgg_a0,5,1.0,0.1,0.2641171488576231,0.0431952215731143,0.3798879981040954,0.93499999999065,0.99899999999001,0.2641172111034393,0.2619936764240265,1.454309344291687,0.1000000014901161,0.0057832691818475,0.1,0.2541387210777243,0.2714298963546753,0.252248466014862,0.1000000014901161,0.0056661404669284,0.9996399999998,0.9999999999998,0.003116545965895,0.0012071128003299,0.0021284578833729
88,repvgg_a0,3,2.0,0.1,0.2629175755911916,0.0385875292122364,0.210989773273468,0.93499999999065,0.99899999999001,0.2629176080226898,0.2557603120803833,1.3148609399795532,0.1000000014901161,0.0052565671503543,0.1,0.2488412009891627,0.2192625403404235,0.2434283941984176,0.1000000014901161,0.0046423841267824,0.9975399999998006,0.9999999999998,0.011620070785284,0.0078253634274005,0.0056967134587466
89,repvgg_a0,4,1.0,0.1,0.2635947439537132,0.0455388240516185,0.4610038697719574,0.9299999999907,0.99699999999003,0.2635948061943054,0.2613861858844757,1.4114896059036257,0.1000000014901161,0.0056103896349668,0.1,0.2507047733196862,0.3063733577728271,0.2495157569646835,0.1000000014901161,0.0054810550063848,0.9999399999998,0.9999999999998,0.0014737063320353,0.0001798148150555,0.0011629468062892
90,repvgg_a0,5,0.5,0.1,0.2815908761475617,0.0434285253286361,0.4389113783836365,0.93299999999067,0.99899999999001,0.2815909385681152,0.2792718410491943,1.5167726278305054,0.1000000014901161,0.0061106197535991,0.1,0.2629007230592606,0.2197674810886383,0.2607540786266327,0.1000000014901161,0.0059319883584976,0.9992799999998002,0.9999999999998,0.0043641719967126,0.0017663826001808,0.0027051670476794
91,repvgg_a0,0,0.0,0.1,0.3037849038263172,0.0453364253044128,0.5113135576248169,0.94399999999056,0.99799999999002,0.3037849366664886,0.3031151890754699,2.018762826919556,0.1000000014901161,0.0079156495630741,0.1,0.2370899615037633,0.2694261372089386,0.2361594587564468,0.1000000014901161,0.005314527079463,0.9999799999998,0.9999999999998,0.0011490597389638,0.0001084713730961,0.000867492868565
92,repvgg_a0,5,2.0,0.1,0.2616808388291144,0.034016765654087,0.2890805602073669,0.9499999999905,0.99799999999002,0.2616809010505676,0.2598817050457001,1.779855251312256,0.1000000014901161,0.0068018268793821,0.1,0.244477361169017,0.1941438317298889,0.2424803972244262,0.1000000014901161,0.0051758885383605,0.9995999999998,0.9999999999998,0.0028802489396184,0.0014203216414898,0.0017649272922426
93,repvgg_a0,3,0.001,0.1,0.2938307196321121,0.0277183912694454,0.2042330801486969,0.90099999999099,0.99599999999004,0.2938307523727417,0.2513057291507721,0.7522712349891663,0.1000000014901161,0.0033239237964153,0.1,0.2849332157253963,0.1637866199016571,0.2440576404333114,0.1000000014901161,0.0032457504421472,0.9375999999998126,0.9986399999998004,0.1834597885608673,0.3160576224327087,0.0107269203290343
94,repvgg_a0,4,2.0,0.1,0.2776213856591499,0.0415788553655147,0.41064453125,0.9399999999906,0.99799999999002,0.2776214480400085,0.2759061753749847,1.7532620429992676,0.1000000014901161,0.0067774932831525,0.1,0.2477287448673646,0.2662900686264038,0.2467331886291504,0.1000000014901161,0.0057918950915336,0.9998599999998,0.9999999999998,0.0016871658153831,0.0011132941581308,0.0010553016327321
95,vgg13_bn,3,0.5,0.1,0.3008078604658136,0.0339506566524505,0.2871108651161194,0.91499999999085,0.99599999999004,0.3008078038692474,0.2799232602119446,1.2916384935379028,0.1000000014901161,0.0051770135760307,0.1,0.2918237510723544,0.2250200510025024,0.2732528448104858,0.1000000014901161,0.0045031961053609,0.9724599999998056,0.9994399999998002,0.0860118418931961,0.1383813023567199,0.0111925099045038
96,vgg13_bn,3,0.1,0.1,2.302634216170435,0.0015707239508628,0.0015707239508628,0.099999999999,0.499999999995,2.302634954452514,0.0033360326196998,5.145531395100989e-05,0.1000000014901161,2.5331974029541016e-07,0.1,2.302608090067482,0.0015657767653465,0.0033254048321396,0.1000000014901161,9.08970832824707e-07,0.09999999999998,0.4999999999999,2.3026106357574463,5.1111441280227154e-05,0.0015630945563316
97,vgg13_bn,4,0.001,0.1,0.3082754581141448,0.0503873564302921,0.465636670589447,0.93399999999066,0.99899999999001,0.3082754909992218,0.3071478009223938,1.8058154582977293,0.1000000014901161,0.0072365086525678,0.1,0.2877149495928118,0.2849984765052795,0.2867283523082733,0.1000000014901161,0.0065842662006616,0.9998799999998,0.9999999999998,0.0013188329758122,0.0002475690562278,0.0009400370181538
98,vgg13_bn,4,2.0,0.1,0.2945963114842737,0.0505453385412693,0.6319229602813721,0.93899999999061,0.99799999999002,0.2945963144302368,0.2930208742618561,1.7902894020080566,0.1000000014901161,0.0069929733872413,0.1,0.27890375556686,0.3627923429012298,0.2778958678245544,0.1000000014901161,0.0061713997274637,0.9996999999998,0.9999999999998,0.0018327207071706,0.0018425222951918,0.0008325850358232
99,vgg13_bn,3,0.001,0.1,1.0747038018521442,0.0564342811703681,0.1075449585914611,0.57499999999425,0.96899999999031,1.0747041702270508,0.3430100679397583,0.8442957997322083,0.1000000014901161,0.0038908869028091,0.1,1.1119619463115515,0.1083238124847412,0.3574811816215515,0.1000000014901161,0.0040775910019874,0.5525399999998896,0.9644599999998072,1.1768633127212524,1.011568307876587,0.0552505180239677
100,vgg13_bn,5,0.1,0.1,0.3087478547215882,0.0548603236675262,0.3559408187866211,0.92499999999075,0.99699999999003,0.3087478876113891,0.3059968054294586,1.641667127609253,0.1000000014901161,0.0065985359251499,0.1,0.2793359852707068,0.317211389541626,0.2773545086383819,0.1000000014901161,0.0057063158601522,0.9972199999998006,0.9999999999998,0.0099737104028463,0.0140645299106836,0.0023310794495046
101,vgg13_bn,5,0.5,0.1,0.3177060751138786,0.0535820946097373,0.4148643314838409,0.92599999999074,0.99699999999003,0.3177061378955841,0.3156521916389465,1.6841509342193604,0.1000000014901161,0.0067724287509918,0.1,0.2723706891424376,0.2636233866214752,0.2711572051048279,0.1000000014901161,0.0059481989592313,0.9990399999998002,0.9999999999998,0.0042074504308402,0.003983368165791,0.0017156141111627
102,vgg13_bn,5,0.001,0.1,0.2777762087224057,0.0446210168302059,0.4624019563198089,0.93499999999065,0.99899999999001,0.2777762711048126,0.2744584083557129,1.4727078676223757,0.1000000014901161,0.0058931838721036,0.1,0.2698081977151082,0.2463758587837219,0.267018973827362,0.1000000014901161,0.0052732862532138,0.9932599999998014,0.9998399999998,0.0241064988076686,0.0507579743862152,0.0026241997256875
103,vgg13_bn,4,0.5,0.1,0.3321126964259586,0.056618358939886,0.6772199869155884,0.9299999999907,0.99799999999002,0.3321126997470855,0.3299727737903595,1.88459587097168,0.1000000014901161,0.0075712651014328,0.1,0.2718638625700527,0.3077689409255981,0.2709778249263763,0.1000000014901161,0.0060090962797403,0.9997199999998,0.9999999999998,0.0017926172586157,0.0011034037452191,0.0009776313090696
104,vgg13_bn,5,0.01,0.1,0.3062918453581784,0.0527596771717071,0.5335031747817993,0.92499999999075,0.99999999999,0.3062918484210968,0.3022232353687286,1.5727266073226929,0.1000000014901161,0.0063863061368465,0.1,0.275550345273616,0.2726775705814361,0.2727952897548675,0.1000000014901161,0.0054049976170063,0.9931999999998016,0.9998199999998,0.023242138326168,0.0487045086920261,0.0028276010416448
105,vgg13_bn,5,2.0,0.1,0.3106910853311232,0.0453015938401222,0.4640474021434784,0.9399999999906,0.99899999999001,0.3106911182403564,0.3094170391559601,2.047311544418335,0.1000000014901161,0.0079320203512907,0.1,0.2879321373283399,0.3534818291664123,0.2870252430438995,0.1000000014901161,0.0066555775701999,0.9993399999998002,0.9999999999998,0.0029511603061109,0.0033076382242143,0.0012862061848863
106,vgg13_bn,4,0.1,0.1,0.2665552768277791,0.0406827926635742,0.3761272132396698,0.94199999999058,0.99799999999002,0.2665552794933319,0.2654611468315124,1.5391865968704224,0.1000000014901161,0.0060957428067922,0.1,0.2847358846149792,0.2484816312789917,0.2836024761199951,0.1000000014901161,0.0064742341637611,0.9998199999998,0.9999999999998,0.0015520554734393,0.0004454726004041,0.0010230947518721
107,vgg13_bn,5,1.0,0.1,0.3020862608741722,0.0465461947023868,0.5289293527603149,0.93699999999063,0.99699999999003,0.3020862936973572,0.3004796802997589,1.781925082206726,0.1000000014901161,0.0071249436587095,0.1,0.2778327826220949,0.2891003787517547,0.2766715586185455,0.1000000014901161,0.0061167571693658,0.9992199999998004,0.9999999999998,0.0036567775532603,0.0040020230226218,0.0014132191427052
108,vgg13_bn,4,0.01,0.1,0.2722039493520114,0.0417511090636253,0.4309808015823364,0.93899999999061,0.99799999999002,0.2722039818763733,0.2711462676525116,1.7230157852172852,0.1000000014901161,0.006737383082509,0.1,0.2718936334344004,0.7585015296936035,0.2710009515285492,0.1000000014901161,0.006207576021552,0.9998199999998,0.9999999999998,0.0015509995864704,0.0005989969940856,0.000965338316746
109,vgg13_bn,3,1.0,0.1,0.3571815753027723,0.0548981726169586,0.3257763683795929,0.91599999999084,0.99599999999004,0.3571816086769104,0.3459492623806,1.842195987701416,0.1000000014901161,0.0073773488402366,0.1,0.2969722744503042,0.2949261963367462,0.2883096039295196,0.1000000014901161,0.005422405898571,0.9868199999998029,0.9998199999998,0.0444234162569046,0.0808495059609413,0.007048123050481
110,vgg13_bn,3,0.01,0.1,2.3026578196095304,0.0016921684145927,0.0016921684145927,0.099999999999,0.499999999995,2.3026583194732666,0.0035709613002836,5.8494919358054176e-05,0.1000000014901161,2.086162567138672e-07,0.1,2.3026092556694238,0.0016856342554092,0.0035561511758714,0.1000000014901161,1.0728836059570312e-06,0.09999999999998,0.4999999999999,2.302614212036133,5.804958709632047e-05,0.0017100870609283
111,vgg13_bn,4,1.0,0.1,0.3230606285214079,0.0534458346664905,0.5425422191619873,0.93099999999069,0.99799999999002,0.3230606913566589,0.3214728534221649,1.813147783279419,0.1000000014901161,0.0073307715356349,0.1,0.269967999423258,0.2493717670440673,0.2690258920192718,0.1000000014901161,0.0061180107295513,0.9998199999998,0.9999999999998,0.0016383149195462,0.0009094983106479,0.0009915607515722
112,vgg13_bn,0,0.0,0.1,0.2972444266158736,0.0479876548051834,0.4572237133979797,0.93199999999068,0.99899999999001,0.2972444891929626,0.2955573499202728,1.6246497631072998,0.1000000014901161,0.0065558869391679,0.1,0.2688132968538377,0.2522320449352264,0.2679954469203949,0.1000000014901161,0.0062600318342447,0.9998399999998,0.9999999999998,0.0014343331567943,0.0012903395108878,0.0008392108720727
113,vgg13_bn,3,2.0,0.1,0.297446277743387,0.0463118180632591,0.3876796364784241,0.92799999999072,0.99699999999003,0.2974463105201721,0.293867290019989,1.6550673246383667,0.1000000014901161,0.0064759291708469,0.1,0.2992928256577054,0.2786872386932373,0.295972615480423,0.1000000014901161,0.0062066353857517,0.9944199999998012,0.9999599999998,0.0203010402619838,0.0329010784626007,0.0040812380611896
114,mobilenetv2_x1_0,4,0.1,0.1,0.2299632109057054,0.0371337831020355,0.5783856511116028,0.94099999999059,0.99999999999,0.2299632579088211,0.2272168397903442,1.1753779649734497,0.1000000014901161,0.0046910233795642,0.1,0.2396626949958752,0.7421317100524902,0.237150564789772,0.1000000014901161,0.0049719400703907,0.9994599999998002,0.9999999999998,0.0042212302796542,0.0019556146580725,0.00270671909675
115,mobilenetv2_x1_0,5,0.5,0.1,0.2494879340018553,0.0353392660617828,0.1826888620853424,0.92699999999073,0.99899999999001,0.2494879215955734,0.2364525347948074,0.945093035697937,0.1000000014901161,0.0039412546902894,0.1,0.2432916658400325,0.2147651612758636,0.2318127453327179,0.1000000014901161,0.0038709472864866,0.989659999999802,0.9999799999998,0.0372998192906379,0.0312853530049324,0.0131880296394228
116,mobilenetv2_x1_0,4,0.001,0.1,0.2140171804484054,0.033795204013586,0.4088389277458191,0.94599999999054,0.99899999999001,0.2140171974897384,0.2123194336891174,1.1583073139190674,0.1000000014901161,0.0046189613640308,0.1,0.2427907616513733,0.2915362417697906,0.2407421618700027,0.1000000014901161,0.0049795713275671,0.9993199999998,0.9999999999998,0.0042074769735336,0.0020191329531371,0.0024835602380335
117,mobilenetv2_x1_0,3,0.01,0.1,0.4335387901821292,0.0323863290250301,0.1330273449420929,0.84299999999157,0.99099999999009,0.4335387945175171,0.3021429479122162,0.8092538714408875,0.1000000014901161,0.0036791265010833,0.1,0.4358295296753773,0.1823694705963134,0.3119995296001434,0.1000000014901161,0.0039959326386451,0.8659399999998268,0.995299999999801,0.3904859125614166,0.6298441886901855,0.0131765911355614
118,mobilenetv2_x1_0,3,0.001,0.1,0.4802357208388934,0.026923730969429,0.0866101384162902,0.83499999999165,0.99399999999006,0.4802356958389282,0.3286612033843994,0.9320232272148132,0.1000000014901161,0.0042375214397907,0.1,0.4663185306507,0.1852200776338577,0.3209455907344818,0.1000000014901161,0.0040674656629562,0.85027999999983,0.9946399999998012,0.4305767118930816,0.6886675357818604,0.0107088536024093
119,mobilenetv2_x1_0,5,0.001,0.1,0.31033706354702,0.0392638407647609,0.2740325927734375,0.90599999999094,0.99799999999002,0.3103370666503906,0.2807349562644958,1.0481995344161987,0.1000000014901161,0.0044505130499601,0.1,0.2540243480429502,0.1300312429666519,0.230693370103836,0.1000000014901161,0.0032962672412395,0.9634999999998074,0.9994199999998,0.1123841702938079,0.1774805039167404,0.0131060602143406
120,mobilenetv2_x1_0,0,0.0,0.1,0.231809613770771,0.0366412848234176,0.3663288652896881,0.9399999999906,0.99699999999003,0.2318096458911895,0.2296136766672134,1.1353856325149536,0.1000000014901161,0.004626277834177,0.1,0.2429499805585527,0.2761193513870239,0.2408768385648727,0.1000000014901161,0.004982141777873,0.9992799999998002,0.9999999999998,0.0041457242332398,0.0027768325526267,0.0023575695231556
121,mobilenetv2_x1_0,5,0.1,0.1,0.274819728964144,0.0408754870295524,0.2907077372074127,0.91399999999086,0.99799999999002,0.2748197615146637,0.2529540359973907,0.8854732513427734,0.1000000014901161,0.0037769693881273,0.1,0.2598931405703039,0.2816899120807647,0.2406620383262634,0.1000000014901161,0.003714345395565,0.975519999999805,0.9998399999998,0.0761438608169555,0.0959389507770538,0.0142354974523186
122,mobilenetv2_x1_0,5,1.0,0.1,0.2551083241224244,0.0351808629930019,0.2719905972480774,0.92399999999076,0.99999999999,0.2551083564758301,0.2421688586473465,1.051655411720276,0.1000000014901161,0.0043211467564105,0.1,0.2468994902807946,0.2210065126419067,0.2349239289760589,0.1000000014901161,0.0037949457764625,0.990879999999802,0.9999999999998,0.0339583531022071,0.0259920731186866,0.012990441173315
123,mobilenetv2_x1_0,5,2.0,0.1,0.2483908956245734,0.0378822684288024,0.1984109282493591,0.93399999999066,0.99999999999,0.2483909428119659,0.2393721044063568,1.0952086448669434,0.1000000014901161,0.0044862534850835,0.1,0.259887741382904,0.1771320700645446,0.2522518336772918,0.1000000014901161,0.00479431822896,0.9957799999998008,0.9999999999998,0.0200844071805477,0.0126919616013765,0.0100701069459319
124,mobilenetv2_x1_0,3,0.1,0.1,0.3956460019124517,0.0328202918171882,0.1457915008068084,0.85099999999149,0.99799999999002,0.3956460058689117,0.2892387211322784,0.8301294445991516,0.1000000014901161,0.0036668702960014,0.1,0.3831226424092894,0.1828798502683639,0.2799022495746612,0.1000000014901161,0.0033639185130596,0.885499999999823,0.9967399999998008,0.3331729471683502,0.5046743154525757,0.0202280133962631
125,mobilenetv2_x1_0,3,2.0,0.1,0.2930316299699217,0.0338488966226577,0.6557704210281372,0.90799999999092,0.99899999999001,0.2930316925048828,0.2574897706508636,0.8928877115249634,0.1000000014901161,0.0038124062120914,0.1,0.2796060009339776,0.2657232880592346,0.2464538812637329,0.1000000014901161,0.0034235157072544,0.9642999999998072,0.9997999999998,0.1092506498098373,0.1199028417468071,0.022615198045969
126,mobilenetv2_x1_0,4,0.5,0.1,0.2514567648060653,0.0340987108647823,0.479478657245636,0.93699999999063,0.99799999999002,0.2514567971229553,0.2471795678138733,1.2895480394363403,0.1000000014901161,0.0051681119948625,0.1,0.2490038421963591,0.2851022481918335,0.2459373921155929,0.1000000014901161,0.0051335766911506,0.9992199999998004,0.9999999999998,0.0058267777785658,0.0025536632165312,0.0037710343021899
127,mobilenetv2_x1_0,3,1.0,0.1,0.2836062581788758,0.0154801718890666,0.1121280789375305,0.89899999999101,0.99799999999002,0.2836062610149383,0.2311291396617889,0.6511179804801941,0.1000000014901161,0.0028608087450265,0.1,0.2851688030836092,0.1670976877212524,0.2353800237178802,0.1000000014901161,0.002884978428483,0.945399999999811,0.9994999999998,0.1631677597761154,0.1975727677345276,0.026505459100008
128,mobilenetv2_x1_0,4,2.0,0.1,0.2444056546089372,0.0399250462651252,0.3938527405261993,0.93599999999064,0.99699999999003,0.2444056719541549,0.240004077553749,1.1363633871078491,0.1000000014901161,0.0046461038291454,0.1,0.2439577013854893,0.2123821377754211,0.2398668825626373,0.1000000014901161,0.0047815535217523,0.9988399999998004,0.9999999999998,0.0073759043589234,0.0033140508458018,0.0045802774839103
129,mobilenetv2_x1_0,4,0.01,0.1,0.225312886369155,0.0338058918714523,0.1760139465332031,0.94399999999056,0.99799999999002,0.2253128886222839,0.2229375094175338,1.1334996223449707,0.1000000014901161,0.004614133387804,0.1,0.2384888444343421,0.2519004344940185,0.2364591062068939,0.1000000014901161,0.0049813948571681,0.9994199999998,0.9999999999998,0.003966910764575,0.0017117946408689,0.00243706186302
130,mobilenetv2_x1_0,4,1.0,0.1,0.2565151129343453,0.0329080000519752,0.3601136207580566,0.93599999999064,0.99699999999003,0.2565151453018188,0.2513393461704254,1.408698797225952,0.1000000014901161,0.0055623669177293,0.1,0.2577389177796482,0.264432430267334,0.2544943988323211,0.1000000014901161,0.0053461883217096,0.9989199999998004,0.9999999999998,0.0067018866539001,0.0033438801765441,0.0039678695611655
131,mobilenetv2_x1_0,3,0.5,0.1,0.3124273090114233,0.020468583330512,0.2883674800395965,0.89299999999107,0.99499999999005,0.312427282333374,0.2502273321151733,0.7550299167633057,0.1000000014901161,0.0032638311386108,0.1,0.2980916082858279,0.1080428659915924,0.2406015545129776,0.1000000014901161,0.0029288996011018,0.935159999999813,0.9991199999998004,0.1952578425407409,0.2463656812906265,0.0293223746120929
132,mobilenetv2_x1_0,5,0.01,0.1,0.2784739704894913,0.0316356420516967,0.3184616267681122,0.91699999999083,0.99699999999003,0.2784739434719085,0.2526424527168274,0.9000770449638367,0.1000000014901161,0.0038429349660873,0.1,0.2591419929035715,0.1708122193813324,0.2358284145593643,0.1000000014901161,0.0034980867058038,0.9640199999998073,0.9997199999998,0.1060569956898689,0.1631677150726318,0.011360534466803
133,mobilenetv2_x0_5,5,0.001,0.1,0.2910114795670733,0.0234383717179298,0.7405481338500977,0.9099999999909,0.99799999999002,0.2910114228725433,0.249805748462677,0.8512168526649475,0.1000000014901161,0.0036566369235515,0.1,0.2992361317064795,0.1632011830806732,0.2565749883651733,0.1000000014901161,0.0034753642976284,0.939379999999812,0.9989399999998004,0.1764590144157409,0.2895942330360412,0.0126356985419988
134,mobilenetv2_x0_5,3,0.1,0.1,0.4442672089019019,0.0271302964538335,0.2859162986278534,0.84199999999158,0.99399999999006,0.4442673027515411,0.3026226162910461,0.818901538848877,0.1000000014901161,0.0037062615156173,0.1,0.4332756262839397,0.0291689038276672,0.301613450050354,0.1000000014901161,0.00371765345335,0.8657199999998269,0.9957399999998008,0.3870375752449035,0.5670573711395264,0.0200303383171558
135,mobilenetv2_x0_5,5,0.01,0.1,0.2957088619702033,0.0237162169069051,0.1131717562675476,0.89699999999103,0.99499999999005,0.2957088649272918,0.2467533946037292,0.711625874042511,0.1000000014901161,0.0031336061656475,0.1,0.3004859218967413,0.1552126109600067,0.2576022148132324,0.1000000014901161,0.0034630130976438,0.9382799999998124,0.9991399999998002,0.1805619299411773,0.3038315176963806,0.0109610743820667
136,mobilenetv2_x0_5,3,0.5,0.1,0.380221512091721,0.0221545100212097,0.2131019830703735,0.87299999999127,0.99799999999002,0.3802215456962585,0.2712475955486297,0.7136753797531128,0.1000000014901161,0.0032178126275539,0.1,0.3792081073680151,0.0605542957782745,0.2701338529586792,0.1000000014901161,0.0031803622841835,0.8957399999998209,0.9975799999998004,0.3056077659130096,0.3943305015563965,0.0331983529031276
137,mobilenetv2_x0_5,5,0.5,0.1,0.2878431947057203,0.0305505581200122,0.2435535043478012,0.92099999999079,0.99799999999002,0.2878432273864746,0.2557723522186279,0.9703476428985596,0.1000000014901161,0.0040693748742341,0.1,0.2669618755924121,0.1281802654266357,0.2385879456996917,0.1000000014901161,0.0033521484583616,0.9676399999998064,0.9998399999998,0.100894495844841,0.1101358830928802,0.0217238273471593
138,mobilenetv2_x0_5,4,0.001,0.1,0.2764978083140472,0.0389601290225982,0.3438011109828949,0.92899999999071,0.99899999999001,0.2764978110790252,0.2695788145065307,1.4170706272125244,0.1000000014901161,0.0056647267192602,0.1,0.2743060883812048,0.729012668132782,0.268584132194519,0.1000000014901161,0.0054531879723072,0.9960799999998008,0.9999999999998,0.0161467120051383,0.0119527261704206,0.0067649278789758
139,mobilenetv2_x0_5,5,0.1,0.1,0.3055122762169567,0.0400930866599082,0.2868355512619018,0.89499999999105,0.99699999999003,0.3055122792720794,0.2608008682727813,0.8466327786445618,0.1000000014901161,0.0036571361124515,0.1,0.286503274917157,0.2323457896709442,0.2478727996349334,0.1000000014901161,0.0032635200768709,0.9490199999998102,0.9994399999998002,0.1485553979873657,0.2058995366096496,0.0166401602327823
140,mobilenetv2_x0_5,4,1.0,0.1,0.2864178986517817,0.0389337614178657,0.2868812978267669,0.92299999999077,0.99799999999002,0.2864179313182831,0.2721644043922424,1.1713365316390991,0.1000000014901161,0.0048595387488603,0.1,0.2832956559291871,0.2924804985523224,0.2716348469257355,0.1000000014901161,0.0049759913235902,0.9931999999998016,0.9999999999998,0.027638342231512,0.0187289845198392,0.0122994892299175
141,mobilenetv2_x0_5,3,0.01,0.1,0.5076500126618422,0.0322411321103572,0.2283802926540374,0.8309999999916899,0.99499999999005,0.5076501369476318,0.3290666341781616,0.900831699371338,0.1000000014901161,0.0041193664073944,0.1,0.5010789130524325,0.1932263821363449,0.3293384909629822,0.1000000014901161,0.0041455589234828,0.835059999999833,0.9931199999998014,0.4734353423118591,0.7342191934585571,0.0096161914989352
142,mobilenetv2_x0_5,5,2.0,0.1,0.2855938048413581,0.0367129817605018,0.2690196931362152,0.91099999999089,0.99699999999003,0.2855938374996185,0.2610269784927368,1.0347883701324463,0.1000000014901161,0.0042988602072,0.1,0.2884201867819568,0.1782019138336181,0.2682440876960754,0.1000000014901161,0.0045166499912738,0.980379999999804,0.9998999999998,0.0637401342391967,0.0626932829618454,0.0173883140087127
143,mobilenetv2_x0_5,4,0.5,0.1,0.3104102282477501,0.0446737855672836,0.3410530686378479,0.91099999999089,0.99899999999001,0.3104102313518524,0.2931396961212158,1.3298169374465942,0.1000000014901161,0.0054601412266492,0.1,0.2862717174952002,0.2641746699810028,0.2754876017570495,0.1000000014901161,0.0050170626491308,0.9947599999998012,0.9999999999998,0.0235729999840259,0.0141356475651264,0.0115088075399398
144,mobilenetv2_x0_5,3,1.0,0.1,0.3421640957948202,0.0163601078093051,0.2775620222091675,0.88599999999114,0.99799999999002,0.3421640694141388,0.2640040516853332,0.7543947696685791,0.1000000014901161,0.0033335722982883,0.1,0.3286040653445282,0.0367104411125183,0.253179132938385,0.1000000014901161,0.0030628517270088,0.920119999999816,0.9986399999998004,0.2379510998725891,0.3009589314460754,0.0324063412845134
145,mobilenetv2_x0_5,0,0.0,0.1,0.2480061327452347,0.0380398482084274,0.2949158549308777,0.93099999999069,0.99799999999002,0.2480061799287796,0.2397370338439941,1.0896021127700806,0.1000000014901161,0.0044082012027502,0.1,0.2766244557406512,0.1686176061630249,0.270512968301773,0.1000000014901161,0.0055343434214591,0.9966999999998007,0.9999999999998,0.0147988889366388,0.0124559169635176,0.0065370486117899
146,mobilenetv2_x0_5,3,0.001,0.1,0.5348541087070925,0.0275437925010919,0.1159295290708541,0.80699999999193,0.99499999999005,0.5348542928695679,0.3424062430858612,0.9566532373428344,0.1000000014901161,0.0043840706348419,0.1,0.5447476897544761,0.1923076808452606,0.355200856924057,0.1000000014901161,0.0047520957887172,0.8218599999998357,0.9920199999998016,0.5100225210189819,0.7915451526641846,0.0065612830221652
147,mobilenetv2_x0_5,4,2.0,0.1,0.2998473614271856,0.0450927093625068,0.3431293368339538,0.90899999999091,0.99599999999004,0.2998474240303039,0.2805496752262115,1.2721630334854126,0.1000000014901161,0.0051038563251495,0.1,0.2804796311785335,0.2797582149505615,0.2669852375984192,0.1000000014901161,0.0047992933541536,0.9931599999998014,0.9999799999998,0.0296512581408023,0.0190954562276601,0.0139068439602851
148,mobilenetv2_x0_5,3,2.0,0.1,0.3021669953647131,0.0278022214770317,0.1960190832614898,0.89099999999109,0.99799999999002,0.302166998386383,0.2449464797973632,0.7514140009880066,0.1000000014901161,0.0032310560345649,0.1,0.2871717112052478,0.1863321363925933,0.2369229793548584,0.1000000014901161,0.0029364954680204,0.9434999999998114,0.9993399999998002,0.1709646880626678,0.2173593342304229,0.0264414176344871
149,mobilenetv2_x0_5,5,1.0,0.1,0.285570499425484,0.0344878621399402,0.72584068775177,0.90699999999093,0.99899999999001,0.2855705618858337,0.2528475821018219,0.8855023384094238,0.1000000014901161,0.0037763081490993,0.1,0.2733831882750585,0.1087833046913147,0.2450851202011108,0.1000000014901161,0.0035632215440273,0.9710199999998058,0.9999399999998,0.0920241028070449,0.0927975624799728,0.0221675522625446
150,mobilenetv2_x0_5,4,0.01,0.1,0.3094688622999036,0.0414457917213439,0.6234179735183716,0.93099999999069,0.99899999999001,0.309468924999237,0.3017182350158691,1.6176036596298218,0.1000000014901161,0.0065347384661436,0.1,0.2735803273260648,0.2729203402996063,0.2666657269001007,0.1000000014901161,0.0052385125309228,0.9964399999998008,0.9999999999998,0.0157464370131492,0.0109744630753994,0.0071975262835621
151,mobilenetv2_x0_5,4,0.1,0.1,0.2699940475644181,0.037562221288681,0.2233683466911316,0.93199999999068,0.99899999999001,0.2699940800666809,0.2621476352214813,1.230595946311951,0.1000000014901161,0.0050749145448207,0.1,0.2850590212621624,0.250336617231369,0.2775069177150726,0.1000000014901161,0.0054336618632078,0.9955399999998008,0.9999999999998,0.0192782506346702,0.0142942238599061,0.0084996372461318
152,vgg16_bn,3,2.0,0.1,0.3384404744636483,0.049612820148468,0.3536370396614074,0.91599999999084,0.99499999999005,0.3384405076503753,0.3270149827003479,1.792255997657776,0.1000000014901161,0.0071459412574768,0.1,0.3243018616940655,0.2946807742118835,0.3143866062164306,0.1000000014901161,0.0063433833420276,0.9866399999998028,0.9995399999998,0.0457965433597564,0.0783365443348884,0.0079237604513764
153,vgg16_bn,0,0.0,0.1,0.3727319799343318,0.0537056066095829,0.3552951514720917,0.93599999999064,0.99799999999002,0.3727319836616516,0.3722985982894897,2.5527684688568115,0.1000000014901161,0.0100758373737335,0.1,0.31094939972183,0.4029374718666076,0.3105956017971039,0.1000000014901161,0.007898723706603,0.9997399999998,0.9999999999998,0.0018083296017721,0.0034839385189116,0.0006695108604617
154,vgg16_bn,5,0.001,0.1,0.3210203317488268,0.0504552088677883,0.3145085573196411,0.93099999999069,0.99799999999002,0.3210203349590301,0.315982848405838,1.6689667701721191,0.1000000014901161,0.0067347772419452,0.1,0.2777408308678389,0.2949965596199035,0.2742956876754761,0.1000000014901161,0.0054809972643852,0.9930999999998016,0.9997599999998,0.0257540289312601,0.0582364648580551,0.0030912365764379
155,vgg16_bn,3,0.001,0.1,2.3027515181101803,0.0011104345321655,0.0011104345321655,0.099999999999,0.49399999999506,2.3027515411376958,0.0033181051257997,5.745258022216149e-05,0.1000000014901161,4.76837158203125e-07,0.1,2.302599083143393,0.0011189430952072,0.0033518173731863,0.1000000014901161,9.685754776000977e-07,0.09999999999998,0.4999999999999,2.302614212036133,5.858601070940495e-05,0.0010836496949195
156,vgg16_bn,4,2.0,0.1,0.3479726279747415,0.0469018146395683,0.6457451581954956,0.94399999999056,0.99999999999,0.3479726612567901,0.347379595041275,2.3913614749908447,0.1000000014901161,0.0094257146120071,0.1,0.3196146252842582,0.3902607262134552,0.3191682696342468,0.1000000014901161,0.0079393647611141,0.9998199999998,0.9999999999998,0.0014357154723256,0.0018123086774721,0.0006975305732339
157,vgg16_bn,5,2.0,0.1,0.2941565782218406,0.0471479929983615,0.2871190309524536,0.93699999999063,0.99999999999,0.2941565811634063,0.293394923210144,1.7672263383865356,0.1000000014901161,0.0069952514022588,0.1,0.3157999760377245,0.4329458475112915,0.3149398863315582,0.1000000014901161,0.0074587166309356,0.9994799999998002,0.9999799999998,0.0026394985616207,0.0023829950951039,0.0011833587195724
158,vgg16_bn,4,0.1,0.1,0.3425612713413093,0.0555586256086826,0.7443975806236267,0.93299999999067,0.99899999999001,0.3425613641738891,0.3421174585819244,2.162070751190185,0.1000000014901161,0.0085913278162479,0.1,0.3102119197312664,0.3229115009307861,0.3098408281803131,0.1000000014901161,0.0078764744102954,0.9998399999998,0.9999999999998,0.0013072798028588,0.0008200598531402,0.0007602591649629
159,vgg16_bn,5,1.0,0.1,0.3720456920612509,0.0601492226123809,0.4923328459262848,0.92499999999075,0.99999999999,0.3720457553863525,0.3701944947242737,2.333286762237549,0.1000000014901161,0.0092237703502178,0.1,0.2995317806783444,0.332415223121643,0.2986262440681457,0.1000000014901161,0.006964860484004,0.9992599999998002,0.9999999999998,0.0031145783141255,0.0025669953320175,0.001226092223078
160,vgg16_bn,3,0.5,0.1,0.7243881749193568,0.109268419444561,0.2334017157554626,0.7559999999924399,0.98399999999016,0.7243882417678833,0.2935009598731994,0.7149350643157959,0.1000000014901161,0.0032588094472885,0.1,0.7180241669518121,0.252795398235321,0.295758843421936,0.1000000014901161,0.0034001171588897,0.765519999999847,0.989879999999802,0.6600133776664734,0.6295068264007568,0.0944706574082374
161,vgg16_bn,3,0.1,0.1,2.302757001737445,0.0011561810970306,0.0011561810970306,0.099999999999,0.49399999999506,2.3027572631835938,0.0031891497783362,5.2244355174480006e-05,0.1000000014901161,7.450580596923828e-08,0.1,2.3025955068647104,0.0011489763855934,0.0032167914323508,0.1000000014901161,6.109476089477539e-07,0.09999999999998,0.4999999999999,2.302611351013184,5.320048512658104e-05,0.0011137500405311
162,vgg16_bn,5,0.5,0.1,0.3389029170955137,0.0598622933030128,0.4704194962978363,0.92299999999077,0.99799999999002,0.33890300989151,0.3373777270317077,2.0184147357940674,0.1000000014901161,0.007974199950695,0.1,0.3038920823005528,0.3078756630420685,0.3028865456581116,0.1000000014901161,0.0069707855582237,0.9989199999998004,0.9999799999998,0.0043966094963252,0.0052055367268621,0.0013917594915255
163,vgg16_bn,4,0.001,0.1,0.3213344184213299,0.0487501882016658,0.4905841946601867,0.93699999999063,0.99799999999002,0.3213344514369964,0.3207863867282867,2.0922837257385254,0.1000000014901161,0.0083116181194782,0.1,0.3219376434616766,0.360879123210907,0.3215129375457763,0.1000000014901161,0.008067712187767,0.9998599999998,0.9999999999998,0.0013282821746543,0.0008908113231882,0.0007392187835648
164,vgg16_bn,5,0.1,0.1,0.3064042299147785,0.0498144552111625,0.4697329103946686,0.93599999999064,0.99599999999004,0.3064042925834656,0.3044638037681579,1.8779135942459104,0.1000000014901161,0.007337873801589,0.1,0.2950292093919536,0.2246206998825073,0.2931887507438659,0.1000000014901161,0.0062780920416116,0.9973399999998006,0.9999399999998,0.0103267468512058,0.0176247116178274,0.0024037801194936
165,vgg16_bn,3,0.01,0.1,2.3027519949473336,0.0011142119765281,0.0011142119765281,0.099999999999,0.49399999999506,2.302752017974853,0.0033045834861695,5.691255501005799e-05,0.1000000014901161,5.364418029785156e-07,0.1,2.3025987652519544,0.0011215060949325,0.0033377069048583,0.1000000014901161,9.387731552124024e-07,0.09999999999998,0.4999999999999,2.3026139736175537,5.8027195336762816e-05,0.0010841116309165
166,vgg16_bn,4,1.0,0.1,0.280251619397496,0.0383158177137374,0.4805598855018616,0.94699999999053,0.99799999999002,0.2802516520023346,0.2798531353473663,1.8225620985031128,0.1000000014901161,0.0071993041783571,0.1,0.3038701146776083,0.335814356803894,0.3034652173519134,0.1000000014901161,0.0076457001268863,0.9998399999998,0.9999999999998,0.001186499139294,0.0002901550033129,0.0007771519012749
167,vgg16_bn,5,0.01,0.1,0.2995850711904744,0.0523206740617752,0.4612809121608734,0.92599999999074,0.99799999999002,0.2995851337909698,0.2968238294124603,1.5751444101333618,0.1000000014901161,0.0063746254891157,0.1,0.2934828364237265,0.3872545957565307,0.2904458045959472,0.1000000014901161,0.0059517994523048,0.9940799999998012,0.9996599999998002,0.0216949991881847,0.0479767881333828,0.0027838689275085
168,vgg16_bn,4,0.01,0.1,0.3680280708226642,0.0566726364195346,0.5424197912216187,0.93499999999065,0.99799999999002,0.3680281043052673,0.3676377534866333,2.463303804397583,0.1000000014901161,0.0096850842237472,0.1,0.3134091194962042,0.3920174539089203,0.3130203187465668,0.1000000014901161,0.0078585930168628,0.9998399999998,0.9999999999998,0.0012678897473961,0.0003703172551468,0.0008125115418806
169,vgg16_bn,3,1.0,0.1,0.389468069950229,0.0519189834594726,0.2869592905044555,0.89699999999103,0.99399999999006,0.3894681632518768,0.3615330457687378,1.779774188995361,0.1000000014901161,0.0073096230626106,0.1,0.3141824698930907,0.3116122484207153,0.2939505279064178,0.1000000014901161,0.0051998347043991,0.9737399999998052,0.9993999999998002,0.0887243449687957,0.1471838057041168,0.0142028257250785
170,vgg16_bn,4,0.5,0.1,0.3662596010298631,0.0531031116843223,0.6062930226325989,0.93499999999065,0.99899999999001,0.3662596642971039,0.3655588030815124,2.334096908569336,0.1000000014901161,0.00934324786067,0.1,0.3144311636504014,0.3397921323776245,0.3140808641910553,0.1000000014901161,0.0079627037048339,0.9998399999998,0.9999799999998,0.0014004798140376,0.0025491556152701,0.0007385645294561
171,shufflenetv2_x1_0,5,0.01,0.1,0.2990422814982552,0.033592589199543,0.1384687423706054,0.90899999999091,0.99799999999002,0.2990423142910003,0.2707734704017639,1.0165929794311523,0.1000000014901161,0.0043409913778305,0.1,0.2891046103603064,0.1551268696784973,0.2631468772888183,0.1000000014901161,0.0041254237294197,0.9672199999998066,0.9997199999998,0.0974966585636138,0.1354955732822418,0.013002410531044
172,shufflenetv2_x1_0,5,0.1,0.1,0.2882434100890625,0.033537782728672,0.3113504350185394,0.91399999999086,0.99899999999001,0.2882434129714966,0.2618966400623321,1.1602237224578855,0.1000000014901161,0.0046496521681547,0.1,0.2820148067519781,0.2701307535171509,0.2573694288730621,0.1000000014901161,0.0039438251405954,0.9777999999998044,0.9999399999998,0.0721516758203506,0.0761696398258209,0.0178121645003557
173,shufflenetv2_x1_0,4,0.01,0.1,0.2737670513432926,0.0396837703883647,0.4565537869930267,0.93499999999065,0.99699999999003,0.2737670838832855,0.2703293859958648,1.620025634765625,0.1000000014901161,0.0062680803239345,0.1,0.2880909903292282,0.2679799795150757,0.2838885188102722,0.1000000014901161,0.0061002094298601,0.9994599999998002,0.9999999999998,0.0046743466518819,0.0018686319235712,0.0031434795819222
174,shufflenetv2_x1_0,4,0.1,0.1,0.253612962809253,0.0376272797584533,0.3093478083610534,0.93499999999065,0.99799999999002,0.2536129653453827,0.2490157335996627,1.3013867139816284,0.1000000014901161,0.0052268486469984,0.1,0.2845499744167621,0.2732580602169037,0.2798259854316711,0.1000000014901161,0.0058166794478893,0.9996399999998,0.9999999999998,0.0044910246506333,0.001350243226625,0.0033736480399966
175,shufflenetv2_x1_0,3,1.0,0.1,0.2869206936277566,0.0323070362210273,0.1515101790428161,0.90699999999093,0.99799999999002,0.2869207262992859,0.2399175614118576,0.7586749792098999,0.1000000014901161,0.0032804701477289,0.1,0.2883558584691545,0.1444985568523407,0.2458345293998718,0.1000000014901161,0.0032961908727884,0.9568999999998088,0.9997999999998,0.1323232650756836,0.141230821609497,0.0280671343207359
176,shufflenetv2_x1_0,4,1.0,0.1,0.3095212249798152,0.045301429927349,0.3696607053279876,0.91699999999083,0.99799999999002,0.3095212578773498,0.2986311614513397,1.5108208656311035,0.1000000014901161,0.0061604101210832,0.1,0.2928588652005886,0.219933807849884,0.2838305830955505,0.1000000014901161,0.005581360310316,0.9984999999998004,0.9999999999998,0.0103824278339743,0.004274982959032,0.0068073971197009
177,shufflenetv2_x1_0,3,0.001,0.1,0.4464334502876339,0.0403943881392478,0.230772003531456,0.84299999999157,0.99699999999003,0.446433424949646,0.3250570297241211,0.9730165600776672,0.1000000014901161,0.0043577589094638,0.1,0.4379869893293776,0.1821926832199096,0.3200415074825287,0.1000000014901161,0.0043175369501113,0.875019999999825,0.9961999999998008,0.3607829213142395,0.5702340006828308,0.0148380547761917
178,shufflenetv2_x1_0,3,0.01,0.1,0.4253482478045467,0.0356741175055503,0.1303649246692657,0.84799999999152,0.99699999999003,0.4253482818603515,0.3101755380630493,0.8901392221450806,0.1000000014901161,0.0040116347372531,0.1,0.4131810031379575,0.0715882778167724,0.3028615713119507,0.1000000014901161,0.0038892440497875,0.8789399999998243,0.9961999999998008,0.3530982434749603,0.5612356662750244,0.0153379179537296
179,shufflenetv2_x1_0,5,0.5,0.1,0.2600889775970167,0.0292460694909095,0.1291030347347259,0.93299999999067,0.99799999999002,0.2600890100002289,0.2446938902139663,1.0996469259262085,0.1000000014901161,0.0044668242335319,0.1,0.2814045760551303,0.2636976838111877,0.2667010426521301,0.1000000014901161,0.0047773458063602,0.9918799999998016,0.9999999999998,0.0329146981239318,0.02188341319561,0.0143574457615613
180,shufflenetv2_x1_0,4,0.5,0.1,0.2572200570610544,0.0421987064182758,0.4810905158519745,0.92699999999073,0.99599999999004,0.2572201192378998,0.2506158053874969,1.1793179512023926,0.1000000014901161,0.0047883801162242,0.1,0.2759505590048311,0.2709864377975464,0.268509954214096,0.1000000014901161,0.0053248554468154,0.9992799999998002,0.9999999999998,0.0069871209561824,0.0024392851628363,0.0049834782257676
181,shufflenetv2_x1_0,4,2.0,0.1,0.3701801561054036,0.055069625377655,0.3766161799430847,0.91099999999089,0.99499999999005,0.37018021941185,0.3551488220691681,2.0226545333862305,0.1000000014901161,0.0079424045979976,0.1,0.3215512861546717,0.2684285938739776,0.3126838207244873,0.1000000014901161,0.0066863037645816,0.9990199999998004,0.9999999999998,0.0085487542673945,0.0033284050878137,0.0059337643906474
182,shufflenetv2_x1_0,5,1.0,0.1,0.2972115546546087,0.0448745414614677,0.6178025007247925,0.91399999999086,0.99899999999001,0.2972115576267242,0.2807566821575165,1.400955080986023,0.1000000014901161,0.0055722165852785,0.1,0.2910518609892633,0.2953124046325683,0.2768219113349914,0.1000000014901161,0.0049791373312473,0.9938799999998011,0.9999999999998,0.0269322469830513,0.0170514844357967,0.0126399649307131
183,shufflenetv2_x1_0,0,0.0,0.1,0.2986545830901906,0.042259220033884,0.6081541776657104,0.92799999999072,0.99799999999002,0.2986545264720917,0.2903428375720978,1.6916751861572266,0.1000000014901161,0.0064818374812603,0.1,0.2847142696528492,0.2115453779697418,0.2791969180107116,0.1000000014901161,0.005752045661211,0.9993399999998002,0.9999999999998,0.0051782932132482,0.0022020498290657,0.0033949313219636
184,shufflenetv2_x1_0,4,0.001,0.1,0.2627713653990197,0.04051274061203,0.3154272139072418,0.93299999999067,0.99899999999001,0.2627713978290558,0.2586633563041687,1.3696902990341189,0.1000000014901161,0.0054717827588319,0.1,0.2816676279090776,0.2755914032459259,0.277095079421997,0.1000000014901161,0.0059232655912637,0.9995199999998,0.9999999999998,0.0046294401399791,0.0017041437095031,0.0032979939132928
185,shufflenetv2_x1_0,3,0.1,0.1,0.389292593877765,0.021655760705471,0.7497611045837402,0.86699999999133,0.99499999999005,0.3892926275730133,0.2895926535129547,0.8117581009864807,0.1000000014901161,0.003652848303318,0.1,0.3849194707832152,0.0474331229925155,0.2863600552082062,0.1000000014901161,0.0035989135503768,0.8939599999998212,0.9975199999998006,0.3096688389778137,0.4438027143478393,0.0236916355788707
186,shufflenetv2_x1_0,5,0.001,0.1,0.2711102041313205,0.029438279569149,0.3403917551040649,0.91699999999083,0.99999999999,0.2711101770401001,0.2427746355533599,0.9198058247566224,0.1000000014901161,0.003839936107397,0.1,0.2860009037919641,0.4053772091865539,0.258334070444107,0.1000000014901161,0.0038732234388589,0.9650799999998072,0.9996999999998,0.1044367551803588,0.1460686028003692,0.0137506583705544
187,shufflenetv2_x1_0,3,2.0,0.1,0.2903457552962342,0.0406104698777198,0.2192249298095703,0.89699999999103,0.99599999999004,0.2903457880020141,0.2544495761394501,0.8445149064064026,0.1000000014901161,0.0036511030048131,0.1,0.2823747194649469,0.1500931978225708,0.2514050006866455,0.1000000014901161,0.0036384016275405,0.9729799999998054,0.9998999999998,0.0882034599781036,0.090280145406723,0.0225056838244199
188,shufflenetv2_x1_0,3,0.5,0.1,0.3269040253850582,0.0208983924239873,0.2982875406742096,0.89599999999104,0.99799999999002,0.3269040286540985,0.2646754384040832,0.8697617650032043,0.1000000014901161,0.0037406682968139,0.1,0.3060865961753473,0.0969970822334289,0.2494574040174484,0.1000000014901161,0.003132352605462,0.939979999999812,0.9992999999998002,0.1777321994304657,0.2141981124877929,0.0277417208999395
189,shufflenetv2_x1_0,5,2.0,0.1,0.3031668036661774,0.0444125309586524,0.3282425999641418,0.91299999999087,0.99799999999002,0.3031668961048126,0.2881129086017608,1.4634957313537598,0.1000000014901161,0.0057886634021997,0.1,0.2770172586277075,0.2792070806026459,0.2655679881572723,0.1000000014901161,0.0048030540347099,0.9946399999998012,0.9999999999998,0.0259432643651962,0.0152105428278446,0.013434724882245
190,resnet44,4,2.0,0.1,0.2717018994340888,0.0420665964484214,0.461787611246109,0.93299999999067,0.99899999999001,0.2717019617557525,0.2689599394798279,1.5613975524902344,0.1000000014901161,0.0060987640172243,0.1,0.2739878111682499,0.306882381439209,0.2711237668991089,0.1000000014901161,0.0058981962502002,0.9996399999998,0.9999999999998,0.0034715388901531,0.0012841715943068,0.002393530216068
191,resnet44,3,2.0,0.1,0.2425821548283975,0.0396302230656147,0.439874529838562,0.92299999999077,0.99799999999002,0.2425821721553802,0.2320588082075119,0.9210227727890016,0.1000000014901161,0.0038343295454978,0.1,0.2570188406896551,0.2729713320732116,0.2481849789619445,0.1000000014901161,0.0045522507280111,0.9941199999998012,0.9999999999998,0.0242236461490392,0.0178902819752693,0.0101871928200125
192,resnet44,4,0.01,0.1,0.2317938632435466,0.0332707129418849,0.6012188792228699,0.95299999999047,0.99799999999002,0.2317938953638076,0.2300547212362289,1.4414923191070557,0.1000000014901161,0.0055621676146984,0.1,0.2650712344747677,0.3060466647148132,0.2632040977478027,0.1000000014901161,0.005613075569272,0.9997799999998,0.9999999999998,0.0023168730549514,0.0005088044563308,0.0017288455273956
193,resnet44,4,0.1,0.1,0.2556286726661101,0.0354244261980056,0.3766035139560699,0.94099999999059,0.99999999999,0.2556287050247192,0.2539892494678497,1.4592519998550415,0.1000000014901161,0.0057669766247272,0.1,0.2739072952273553,0.2833317518234253,0.271968811750412,0.1000000014901161,0.0063908230513334,0.9997999999998,0.9999999999998,0.0026690661907196,0.0008312509162351,0.0019776690751314
194,resnet44,3,0.5,0.1,0.230500487168338,0.0305759981274604,0.3530299365520477,0.92099999999079,0.99999999999,0.2305005043745041,0.2138826251029968,0.759712815284729,0.1000000014901161,0.0031664185225963,0.1,0.2406601389886533,0.2839049398899078,0.2238696217536926,0.1000000014901161,0.0032778233289718,0.9821599999998036,0.9998999999998,0.059786032885313,0.0577580295503139,0.01717409491539
195,resnet44,3,0.1,0.1,0.2906900615233362,0.0306446030735969,0.3256953060626983,0.899999999991,0.99599999999004,0.2906900644302368,0.2493643909692764,0.8517711162567139,0.1000000014901161,0.0035710912197828,0.1,0.2859950592254134,0.0969076156616211,0.2482942789793014,0.1000000014901161,0.0033891275525093,0.94997999999981,0.9991799999998002,0.1505464315414428,0.2181953638792038,0.018079787492752
196,resnet44,5,0.01,0.1,0.2565621111962807,0.0381708443164825,0.1573219299316406,0.92699999999073,0.99899999999001,0.2565621137619018,0.2475270926952362,1.1197481155395508,0.1000000014901161,0.0045833457261323,0.1,0.2447595858503457,0.7103517055511475,0.2378655672073364,0.1000000014901161,0.0043152850121259,0.9938999999998012,0.9999799999998,0.0237906612455844,0.025415051728487,0.0080260401591658
197,resnet44,5,0.1,0.1,0.2773063155100179,0.0506484135985374,0.3132837116718292,0.91799999999082,0.99899999999001,0.2773063480854034,0.2679556012153625,1.1519747972488403,0.1000000014901161,0.0047542359679937,0.1,0.2499360753964562,0.2594857811927795,0.2430995553731918,0.1000000014901161,0.0044390670955181,0.9960799999998008,0.9999999999998,0.0168335791677236,0.0127862198278307,0.0074047655798494
198,resnet44,3,0.01,0.1,0.3149218527772952,0.0220023319125175,0.1624744981527328,0.89599999999104,0.99599999999004,0.314921885728836,0.2642195224761963,0.8988313674926758,0.1000000014901161,0.0037970095872879,0.1,0.3078609105504188,0.1899276971817016,0.2607677280902862,0.1000000014901161,0.0035472474992275,0.9317199999998136,0.9983199999998004,0.2030863165855407,0.3481114208698272,0.0128278620541095
199,resnet44,5,1.0,0.1,0.2523349498310817,0.0378107763826847,0.4620583653450012,0.9299999999907,0.99699999999003,0.2523349821567535,0.2467293441295623,1.2108160257339478,0.1000000014901161,0.0048758909106254,0.1,0.2588107831383993,0.1932839155197143,0.2543551027774811,0.1000000014901161,0.0052445214241743,0.9989399999998004,0.9999999999998,0.0074229938909411,0.0030295136384665,0.0048668086528778
200,resnet44,4,0.001,0.1,0.2648279342394617,0.0403011217713356,0.3726056218147278,0.94199999999058,0.99699999999003,0.2648279666900635,0.2632879614830017,1.698551893234253,0.1000000014901161,0.0065386071801185,0.1,0.2977755033310357,0.3601968586444855,0.2963625192642212,0.1000000014901161,0.0072517674416303,0.9998199999998,0.9999999999998,0.0022948735859245,0.0006556246662512,0.001666582073085
201,resnet44,3,1.0,0.1,0.2768089445566634,0.0337329879403114,0.3751849234104156,0.92399999999076,0.99699999999003,0.2768090069293976,0.2636332809925079,1.178028583526611,0.1000000014901161,0.0048365853726863,0.1,0.2527255495892609,0.2791173756122589,0.2391267865896225,0.1000000014901161,0.0038272850215435,0.990279999999802,0.9999799999998,0.036758467555046,0.0278441552072763,0.0143745392560958
202,resnet44,5,0.001,0.1,0.2591138158159206,0.043844498693943,0.3566819131374359,0.91899999999081,0.99899999999001,0.2591139078140259,0.249341532588005,1.0892499685287476,0.1000000014901161,0.0044026933610439,0.1,0.2568875664267369,0.2872350215911865,0.2484178394079208,0.1000000014901161,0.0044180061668157,0.9926399999998016,0.9999999999998,0.0270938090980052,0.0291852131485939,0.0086096096783876
203,resnet44,3,0.001,0.1,0.3211284545733682,0.0240485817193985,0.2621080279350281,0.89499999999105,0.99599999999004,0.3211284875869751,0.2687805593013763,0.9203169345855712,0.1000000014901161,0.0039250962436199,0.1,0.3181322080998041,0.229001447558403,0.2675979435443878,0.1000000014901161,0.0036092586815357,0.9285799999998144,0.9981199999998004,0.2110699415206909,0.3616257905960083,0.0114771323278546
204,resnet44,0,0.0,0.1,0.2566673729979015,0.0410995855927467,0.3584239482879638,0.94299999999057,0.99999999999,0.2566674351692199,0.2550804913043976,1.4841692447662354,0.1000000014901161,0.0059061367064714,0.1,0.2676370819747312,0.2842312753200531,0.2659146785736084,0.1000000014901161,0.0060155745595693,0.9997999999998,0.9999999999998,0.0021467823535203,0.0006830724887549,0.0014859719667583
205,resnet44,5,2.0,0.1,0.2713372680233217,0.040436040610075,0.6345277428627014,0.93499999999065,0.99399999999006,0.2713373601436615,0.2630805075168609,1.3810131549835205,0.1000000014901161,0.0053942538797855,0.1,0.2591361417142826,0.2564118504524231,0.2521911263465881,0.1000000014901161,0.0049327798187732,0.9992799999998002,0.9999999999998,0.0076333591714501,0.0025590464938431,0.0056200698018074
206,resnet44,5,0.5,0.1,0.2427963888207391,0.0348031632602214,0.2040600776672363,0.93499999999065,0.99999999999,0.2427964359521865,0.2352451682090759,1.0237160921096802,0.1000000014901161,0.0042558200657367,0.1,0.2374633233425369,0.2143646478652954,0.232466384768486,0.1000000014901161,0.0043981876224279,0.9986599999998004,0.9999999999998,0.0089791910722851,0.004254896659404,0.0056426785886287
207,resnet44,4,1.0,0.1,0.2918977708236981,0.0405150838196277,0.6318268179893494,0.93899999999061,0.99699999999003,0.2918977737426758,0.2886135578155517,1.7810662984848022,0.1000000014901161,0.0069319773465394,0.1,0.2583130876664469,0.7064833641052246,0.2554529011249542,0.1000000014901161,0.0056219976395368,0.9998199999998,0.9999999999998,0.0032301950268447,0.0007542840903624,0.0026245762128382
208,resnet44,4,0.5,0.1,0.2216790743356003,0.0329453013837337,0.6235467195510864,0.94799999999052,0.99799999999002,0.2216790616512298,0.2192914336919784,1.2998225688934326,0.1000000014901161,0.0050184577703475,0.1,0.2461551093969214,0.199667602777481,0.242901399731636,0.1000000014901161,0.0050546992570161,0.9997799999998,0.9999999999998,0.0031559327617287,0.000744201010093,0.0024891565553843
209,mobilenetv2_x1_4,4,0.1,0.1,0.1919445376275212,0.0246301386505365,0.3289381563663482,0.95099999999049,0.99899999999001,0.1919445544481277,0.190054565668106,0.9070208072662354,0.1000000014901161,0.0037134625017642,0.1,0.2376497931621404,0.2078393101692199,0.2356008440256118,0.1000000014901161,0.0049442183226346,0.9996799999998002,0.9999999999998,0.0029973338823765,0.0008331356802955,0.0021812303457409
210,mobilenetv2_x1_4,4,1.0,0.1,0.2395610934381674,0.0357900485396385,0.3913764953613281,0.93799999999062,0.99699999999003,0.2395611107349395,0.234760507941246,1.1470001935958862,0.1000000014901161,0.004666619002819,0.1,0.244432127866421,0.2612759172916412,0.2404536306858062,0.1000000014901161,0.0047479327768087,0.9995599999998002,0.9999999999998,0.0057597570121288,0.002170730382204,0.0043009952642023
211,mobilenetv2_x1_4,5,0.1,0.1,0.2402789121680193,0.0323576182126998,0.1364378929138183,0.92699999999073,0.99799999999002,0.2402789443731308,0.2239651530981063,0.8560054302215576,0.1000000014901161,0.0035730134695768,0.1,0.2382223139871022,0.2153151929378509,0.2236205786466598,0.1000000014901161,0.0034984778612852,0.980479999999804,0.9999599999998,0.0623252131044864,0.0725308954715728,0.0136265698820352
212,mobilenetv2_x1_4,4,0.001,0.1,0.182418061458786,0.032667376101017,0.4615700840950012,0.9599999999904,0.99899999999001,0.182418093085289,0.1809026896953582,0.968113362789154,0.1000000014901161,0.0038918741047382,0.1,0.2314154436931009,0.2428475022315979,0.2297206073999405,0.1000000014901161,0.0047909468412399,0.9996599999998002,0.9999999999998,0.0028806431218981,0.0010963241802528,0.0018754805205389
213,mobilenetv2_x1_4,3,0.5,0.1,0.3015759855153528,0.0250676348805427,0.2818587124347687,0.89499999999105,0.99599999999004,0.3015759885311126,0.2404256463050842,0.6822793483734131,0.1000000014901161,0.0029998179525136,0.1,0.3014585239981522,0.0583894550800323,0.2394631803035736,0.1000000014901161,0.0028001964092254,0.930439999999814,0.9988599999998002,0.2059859484434128,0.2648891508579254,0.0275743324309587
214,mobilenetv2_x1_4,3,0.001,0.1,0.4870927285122514,0.0296531841158866,0.193443939089775,0.82699999999173,0.99599999999004,0.4870927631855011,0.3177850842475891,0.8445594906806946,0.1000000014901161,0.0038694180548191,0.1,0.5047204157731398,0.1883759498596191,0.3334060609340668,0.1000000014901161,0.0042608007788658,0.8378999999998324,0.9934799999998014,0.4682130217552185,0.719488799571991,0.0119724441319704
215,mobilenetv2_x1_4,4,0.01,0.1,0.230673295932975,0.0408520735800266,0.6723840236663818,0.93699999999063,0.99799999999002,0.2306733429431915,0.2283095121383667,1.0719988346099854,0.1000000014901161,0.0044168028980493,0.1,0.2494879809230093,0.2842706739902496,0.2476557493209839,0.1000000014901161,0.0054213628172874,0.9997399999998,0.9999999999998,0.0027875325176864,0.0008466005092486,0.001972428523004
216,mobilenetv2_x1_4,5,1.0,0.1,0.2480131660932478,0.034841701388359,0.4606792330741882,0.93199999999068,0.99799999999002,0.2480131983757019,0.2403175383806228,1.1415623426437378,0.1000000014901161,0.004650181159377,0.1,0.2368509402557413,0.2269209176301956,0.2298713028430938,0.1000000014901161,0.0041242819279432,0.9961399999998009,0.9999999999998,0.0182258337736129,0.0110165076330304,0.0091032395139336
217,mobilenetv2_x1_4,4,0.5,0.1,0.2391336834359184,0.0368755161762237,0.3672170042991638,0.93199999999068,0.99699999999003,0.2391337156295776,0.2342330664396286,1.14900004863739,0.1000000014901161,0.004620537161827,0.1,0.2345406791279753,0.2451088726520538,0.230710968375206,0.1000000014901161,0.0045398455113172,0.9995999999998,0.9999999999998,0.0052047157660126,0.0013891019625589,0.004070091061294
218,mobilenetv2_x1_4,3,2.0,0.1,0.2841243417460826,0.0335274338722229,0.3777050375938415,0.91099999999089,0.99899999999001,0.2841243743896484,0.2563118040561676,0.8901441693305969,0.1000000014901161,0.0038052573800086,0.1,0.272131050324069,0.1497674584388733,0.24489426612854,0.1000000014901161,0.0035867784172296,0.970479999999806,0.9998599999998,0.0908195823431015,0.1049273610115051,0.0184912513941526
219,mobilenetv2_x1_4,3,0.1,0.1,0.3616201543408755,0.0154681466519832,0.1984234154224395,0.87699999999123,0.99599999999004,0.3616201281547546,0.2685029506683349,0.7410793900489807,0.1000000014901161,0.003310315310955,0.1,0.3645503218891793,0.1053028106689453,0.2722679376602173,0.1000000014901161,0.0032280683517456,0.8931599999998214,0.9968999999998008,0.3108782172203064,0.4688806533813476,0.0196244977414608
220,mobilenetv2_x1_4,5,2.0,0.1,0.278845128608796,0.0346624366939067,0.3283542692661285,0.93199999999068,0.99799999999002,0.2788451313972473,0.2707223296165466,1.4469757080078125,0.1000000014901161,0.0056715328246355,0.1,0.2317425705401105,0.1246578693389892,0.2236383408308029,0.1000000014901161,0.003869030624628,0.9958799999998008,0.9999999999998,0.0201932080090045,0.0120960213243961,0.0104641243815422
221,mobilenetv2_x1_4,5,0.5,0.1,0.2226476051000315,0.0295132994651794,0.3611900806427002,0.9299999999907,0.99699999999003,0.2226476222276687,0.2110209167003631,0.7405956983566284,0.1000000014901161,0.0031578987836837,0.1,0.2383050021861596,0.2302737683057785,0.2291791141033172,0.1000000014901161,0.0038910787552595,0.9927799999998016,0.9999999999998,0.0294494219124317,0.0221526846289634,0.012118637561798
222,mobilenetv2_x1_4,3,0.01,0.1,0.440735395315699,0.0340319760143756,0.261527419090271,0.86299999999137,0.99599999999004,0.4407354295253753,0.326556921005249,1.054791808128357,0.1000000014901161,0.0046558007597923,0.1,0.4111188281312631,0.0645048022270202,0.3034359216690063,0.1000000014901161,0.0039481520652771,0.875119999999825,0.9958999999998008,0.3610265851020813,0.5912129282951355,0.0111568495631217
223,mobilenetv2_x1_4,0,0.0,0.1,0.2535975252064106,0.0366260185837745,0.3990553021430969,0.94599999999054,0.99699999999003,0.2535975873470306,0.2515060305595398,1.4271199703216553,0.1000000014901161,0.0057312306016683,0.1,0.2295466675459574,0.2744456231594085,0.2276698052883148,0.1000000014901161,0.004523005336523,0.9998599999998,0.9999999999998,0.0023338114842772,0.0004680324636865,0.0018007492180913
224,mobilenetv2_x1_4,5,0.01,0.1,0.2528333042610651,0.0270105581730604,0.3753961324691772,0.92199999999078,0.99699999999003,0.2528333365917206,0.2303647845983505,0.8672220706939697,0.1000000014901161,0.0036206226795911,0.1,0.2493802736743352,0.1138312220573425,0.2319567799568176,0.1000000014901161,0.0035795401781797,0.9738199999998052,0.9997599999998,0.0811700671911239,0.1138521805405616,0.0130705051124095
225,mobilenetv2_x1_4,4,2.0,0.1,0.2449426924529931,0.0371599309146404,0.6608083248138428,0.94399999999056,0.99799999999002,0.2449427098035812,0.2413371503353119,1.2979121208190918,0.1000000014901161,0.0051895193755626,0.1,0.2230183446578431,0.2952376008033752,0.2195013463497162,0.1000000014901161,0.0042497348040342,0.9993199999998,0.9999999999998,0.0060269692912697,0.0023253376130014,0.0041829980909824
226,mobilenetv2_x1_4,3,1.0,0.1,0.2857396276033428,0.0175054632127285,0.279496967792511,0.90599999999094,0.99799999999002,0.2857396304607391,0.2420379817485809,0.7739363312721252,0.1000000014901161,0.0032930113375186,0.1,0.2731743650580044,0.1177335530519485,0.2307400554418563,0.1000000014901161,0.0028909780085086,0.9522199999998096,0.9994399999998002,0.1442606896162033,0.1781312674283981,0.0239598155021667
227,mobilenetv2_x1_4,5,0.001,0.1,0.2543756638361719,0.0278448835015296,0.1187745630741119,0.91899999999081,0.99799999999002,0.254375696182251,0.2331736236810684,0.7926766872406006,0.1000000014901161,0.0033709723502397,0.1,0.2582075990351037,0.2241658270359039,0.239137053489685,0.1000000014901161,0.0036373455077409,0.9712999999998058,0.9997399999998,0.0883592590689659,0.1338469684123993,0.0121502839028835
228,vgg11_bn,5,1.0,0.1,0.4227264779256741,0.0667368620634079,0.4920812249183655,0.90699999999093,0.99699999999003,0.4227265119552612,0.4140528440475464,2.5818145275115967,0.1000000014901161,0.0100832842290401,0.1,0.3436541818403164,0.3472521305084228,0.3398195505142212,0.1000000014901161,0.0074012354016304,0.9986999999998004,0.9999999999998,0.0051585715264081,0.0054610120132565,0.0019345976179465
229,vgg11_bn,4,2.0,0.1,0.3631121479916507,0.0501897633075714,0.6263466477394104,0.93199999999068,0.99799999999002,0.3631122410297394,0.3601821362972259,2.2656588554382324,0.1000000014901161,0.00897653773427,0.1,0.345934347589558,0.311384916305542,0.3428128957748413,0.1000000014901161,0.0075949169695377,0.9994799999998002,0.9999999999998,0.0022468818351626,0.0013606785796582,0.0010334829567
230,vgg11_bn,5,0.01,0.1,0.3402169312787694,0.0556115955114364,0.4879882037639618,0.91299999999087,0.99599999999004,0.3402169346809387,0.3306789100170135,1.6989482641220093,0.1000000014901161,0.006814319640398,0.1,0.3406311700268028,0.2673949301242828,0.3309809565544128,0.1000000014901161,0.0064170509576797,0.9888599999998022,0.9996799999998002,0.0359331667423248,0.0731186643242836,0.0027974122203886
231,vgg11_bn,5,0.001,0.1,0.3647057079561076,0.0581396892666816,0.3285017609596252,0.91199999999088,0.99599999999004,0.3647057712078094,0.3529916107654571,1.8431671857833865,0.1000000014901161,0.0074211806058883,0.1,0.3217795851893845,0.7193430066108704,0.3121585547924042,0.1000000014901161,0.0058803930878639,0.9893399999998022,0.9996199999998,0.0380776226520538,0.0891386568546295,0.0034365400206297
232,vgg11_bn,5,2.0,0.1,0.4231870430112479,0.0653678551316261,0.3865504264831543,0.91199999999088,0.99699999999003,0.4231870174407959,0.4170393645763397,2.4864211082458496,0.1000000014901161,0.0098923482000827,0.1,0.3580650749466594,0.2444728016853332,0.3543913662433624,0.1000000014901161,0.0082138516008853,0.9991199999998004,0.9999999999998,0.0040131132118403,0.0033597962465137,0.0017186955083161
233,vgg11_bn,5,0.1,0.1,0.365456607263479,0.0606381744146347,0.359424352645874,0.9099999999909,0.99799999999002,0.365456610918045,0.3539791107177734,1.9846556186676023,0.1000000014901161,0.0078095495700836,0.1,0.3345243463508031,0.2627196907997131,0.3281354606151581,0.1000000014901161,0.0066475123167037,0.9945399999998012,0.9999199999998,0.0191995967179536,0.0354169532656669,0.0029289694502949
234,vgg11_bn,3,1.0,0.1,0.3488772476594514,0.0487704798579216,0.3112268447875976,0.90499999999095,0.99599999999004,0.3488773107528686,0.3253900110721588,1.42797589302063,0.1000000014901161,0.0059708915650844,0.1,0.3429805996845655,0.1711195111274719,0.3220996856689453,0.1000000014901161,0.0060092210769653,0.9775199999998044,0.9995599999998002,0.0719707459211349,0.1176638752222061,0.0104573369026184
235,vgg11_bn,4,0.001,0.1,0.3948791285604403,0.0618231706321239,0.4481735229492187,0.91499999999085,0.99899999999001,0.3948791325092315,0.3898542821407318,2.2862069606781006,0.1000000014901161,0.009185392409563,0.1,0.3385483983039922,0.3007984161376953,0.33524090051651,0.1000000014901161,0.007381796836853,0.9997599999998,0.9999999999998,0.0017324772197753,0.0007769108051434,0.0010301666334271
236,vgg11_bn,4,1.0,0.1,0.3592711055114455,0.0543687716126441,0.4578898847103119,0.92099999999079,0.99699999999003,0.3592711985111236,0.3550666272640228,2.106135129928589,0.1000000014901161,0.0083444789052009,0.1,0.3585729694355953,0.2799837589263916,0.3550144731998443,0.1000000014901161,0.0080357603728771,0.9997799999998,0.9999999999998,0.0019891934935003,0.0014062181580811,0.0012448623310774
237,vgg11_bn,3,0.01,0.1,2.3027822741065767,0.0084123089909553,0.0084123089909553,0.09299999999907,0.50099999999499,2.3027822971343994,0.0036494038067758,6.627349648624659e-05,0.1000000014901161,2.086162567138672e-07,0.1,2.302600752073445,0.0006458014249801,0.0036803460679948,0.1000000014901161,1.9371509552001958e-07,0.09999999999998,0.4999999999999,2.302618980407715,6.735297938575968e-05,0.0014114752411842
238,vgg11_bn,3,0.5,0.1,2.302759147504635,0.0079292505979537,0.0079292505979537,0.09299999999907,0.50099999999499,2.3027591705322266,0.0024718872737139,3.285718048573472e-05,0.1000000014901161,-1.9371509552001958e-07,0.1,2.302584142245786,0.000158242881298,0.0024615216534584,0.1000000014901161,4.172325134277344e-07,0.09999999999998,0.4999999999999,2.3026013374328613,3.261279925936833e-05,0.000922605395317
239,vgg11_bn,3,0.1,0.1,0.5366441553810866,0.0445007570087909,0.3088904321193695,0.82599999999174,0.98799999999012,0.5366441011428833,0.3427397012710571,0.9739246964454652,0.1000000014901161,0.0044204890727996,0.1,0.534291167460288,0.189109057188034,0.350193440914154,0.1000000014901161,0.0047488138079643,0.8316399999998337,0.9881799999998024,0.5274041295051575,0.8547594547271729,0.0349558889865875
240,vgg11_bn,4,0.5,0.1,0.3993382712007854,0.0669943690299987,0.4200204312801361,0.9099999999909,0.99699999999003,0.3993383049964905,0.3918681144714355,2.3834712505340576,0.1000000014901161,0.0094081424176692,0.1,0.3504855463319241,0.2882094383239746,0.3476962745189667,0.1000000014901161,0.0080128423869609,0.9996599999998002,0.9999999999998,0.0023016282357275,0.0018562617478892,0.0011644976912066
241,vgg11_bn,3,2.0,0.1,0.3855524322578332,0.069212257862091,0.6683486104011536,0.89699999999103,0.99699999999003,0.3855524957180023,0.3616322875022888,1.789853572845459,0.1000000014901161,0.0072208493947982,0.1,0.3419145706139422,0.2437360286712646,0.3299490809440613,0.1000000014901161,0.0064471662044525,0.989899999999802,0.9998599999998,0.0351278409361839,0.0589914731681346,0.006174043752253
242,vgg11_bn,0,0.0,0.1,0.3438600267356551,0.051347192376852,0.6709438562393188,0.92399999999076,0.99899999999001,0.343860000371933,0.3391700983047485,1.973005533218384,0.1000000014901161,0.0078681334853172,0.1,0.3482947941724845,0.2928169369697571,0.3449840247631073,0.1000000014901161,0.0078462213277816,0.9996399999998,0.9999999999998,0.002092320472002,0.0014833655441179,0.0010365925263613
243,vgg11_bn,4,0.01,0.1,0.3922851046434331,0.0641974806785583,0.429135799407959,0.90799999999092,0.99999999999,0.3922851383686065,0.3829894065856933,2.18384337425232,0.1000000014901161,0.0086994916200637,0.1,0.3490683266946743,0.2930933535099029,0.3453863859176636,0.1000000014901161,0.0077805295586586,0.9997399999998,0.9999999999998,0.0017911095637828,0.0007792654796503,0.0010734454263001
244,vgg11_bn,4,0.1,0.1,0.3563749158507711,0.0541804507374763,0.4204431772232055,0.9199999999908,0.99999999999,0.3563749492168426,0.3506762981414795,2.11285138130188,0.1000000014901161,0.0083042345941066,0.1,0.3580135665995232,0.3042908310890198,0.3544991910457611,0.1000000014901161,0.0080856755375862,0.9997399999998,0.9999999999998,0.0019934615120291,0.0011096571106463,0.0011926350416615
245,vgg11_bn,5,0.5,0.1,0.4223647373401497,0.0651512071490287,0.3186241090297699,0.91199999999088,0.99699999999003,0.4223647713661194,0.414470225572586,2.5038743019104004,0.1000000014901161,0.0099412463605403,0.1,0.3467835945673741,0.2550784349441528,0.3426309525966644,0.1000000014901161,0.0074299797415733,0.9979799999998004,0.9999799999998,0.0079757086932659,0.0128501821309328,0.0020941128022968
246,vgg11_bn,3,0.001,0.1,2.302782035688,0.0084253177046775,0.0084253177046775,0.09299999999907,0.50099999999499,2.3027822971343994,0.0036811588797718,6.737114017596468e-05,0.1000000014901161,1.9371509552001958e-07,0.1,2.3026013613653684,0.0006583854556083,0.0037135297898203,0.1000000014901161,2.2351741790771487e-07,0.09999999999998,0.4999999999999,2.302618980407715,6.85001359670423e-05,0.0014137402176856
247,resnet32,5,2.0,0.1,0.2554166887490863,0.0395278483629226,0.3890361785888672,0.9299999999907,0.99899999999001,0.2554166615009308,0.2456035614013672,1.1346766948699951,0.1000000014901161,0.0046142395585775,0.1,0.2605347779478597,0.2052240967750549,0.2537846267223358,0.1000000014901161,0.0049439016729593,0.9989399999998004,0.9999999999998,0.0087963910773396,0.0028288098983466,0.0062810610979795
248,resnet32,3,1.0,0.1,0.2604192767327365,0.0319081880152225,0.354586660861969,0.91799999999082,0.99799999999002,0.2604193091392517,0.2422245144844055,0.9644603729248048,0.1000000014901161,0.003972478210926,0.1,0.2511675437812081,0.2488322257995605,0.2355782091617584,0.1000000014901161,0.0037601739168167,0.9889399999998024,0.9999799999998,0.0419415906071662,0.0353229083120822,0.0156843699514865
249,resnet32,5,1.0,0.1,0.2418356215612122,0.0303911138325929,0.1696359813213348,0.93599999999064,0.99899999999001,0.2418356090784073,0.2341289967298507,1.1209681034088137,0.1000000014901161,0.004506878554821,0.1,0.2674832076173608,0.7220780849456787,0.2604589164257049,0.1000000014901161,0.0050808414816856,0.9987999999998004,0.9999999999998,0.0102540077641606,0.0040632211603224,0.0071093989536166
250,resnet32,4,0.01,0.1,0.2634668025849823,0.0352067276835441,0.3905166983604431,0.94299999999057,0.99899999999001,0.2634668052196502,0.260918915271759,1.5295305252075195,0.1000000014901161,0.0060586929321289,0.1,0.2813155697637338,0.2123434543609619,0.2785877883434295,0.1000000014901161,0.0063277035951614,0.9994399999998002,0.9999999999998,0.0039932909421622,0.0018027001060545,0.0026205871254205
251,resnet32,5,0.01,0.1,0.2462706839253089,0.0325323045253753,0.7106398344039917,0.92899999999071,0.99599999999004,0.2462707012891769,0.2357184290885925,1.0286765098571775,0.1000000014901161,0.004204137250781,0.1,0.2452285485721791,0.1344738602638244,0.2349346578121185,0.1000000014901161,0.0039711762219667,0.990359999999802,0.9999199999998,0.0352499298751354,0.0393717214465141,0.0105322273448109
252,resnet32,4,1.0,0.1,0.280664381558438,0.0452588275074958,0.379260390996933,0.93099999999069,0.99899999999001,0.2806643843650818,0.2767097353935241,1.5673716068267822,0.1000000014901161,0.0061176270246505,0.1,0.2803054730294316,0.2318096160888672,0.2762269973754883,0.1000000014901161,0.0059577580541372,0.9993799999998002,0.9999999999998,0.0053477194160223,0.0020306599326431,0.0037011126987636
253,resnet32,5,0.1,0.1,0.2540391062128133,0.0355177223682403,0.6086372137069702,0.93199999999068,0.99699999999003,0.2540391683578491,0.2452899813652038,1.183801531791687,0.1000000014901161,0.0046910624951124,0.1,0.2485186024394664,0.2986570596694946,0.2392765283584594,0.1000000014901161,0.0041380543261766,0.9947599999998012,0.9999999999998,0.023128654807806,0.0169570930302143,0.0103780133649706
254,resnet32,3,0.1,0.1,0.2768256338570335,0.0222326144576072,0.1826319098472595,0.899999999991,0.99899999999001,0.2768256664276123,0.2287158668041229,0.661784827709198,0.1000000014901161,0.0028493646532297,0.1,0.2857189539542749,0.2670209407806396,0.2424497753381729,0.1000000014901161,0.0031278654932975,0.9472199999998108,0.9992799999998002,0.1596400290727615,0.2147609889507293,0.0225226059556007
255,resnet32,5,0.001,0.1,0.2550596271281299,0.0366441532969474,0.3730103671550751,0.92199999999078,0.99699999999003,0.2550596296787262,0.2427633851766586,1.0382283926010132,0.1000000014901161,0.0042285360395908,0.1,0.2518079013145873,0.7234883904457092,0.2412386834621429,0.1000000014901161,0.0040626283735036,0.990179999999802,0.9999199999998,0.0360364355146884,0.041091963648796,0.0107806865125894
256,resnet32,4,0.001,0.1,0.3550851607576963,0.0549196638166904,0.4061939716339111,0.92099999999079,0.99799999999002,0.3550851941108703,0.3508350551128387,2.159876585006714,0.1000000014901161,0.0084375254809856,0.1,0.2891321741971153,0.2884265184402466,0.2863116264343261,0.1000000014901161,0.006239615380764,0.9994799999998002,0.9999999999998,0.0039554475806653,0.002121371217072,0.0024862647987902
257,resnet32,4,0.5,0.1,0.2289759195795187,0.0303458403795957,0.399325281381607,0.93799999999062,0.99899999999001,0.2289759367704391,0.2238352596759796,1.0698896646499634,0.1000000014901161,0.0043305084109306,0.1,0.2495092332902172,0.2493826001882553,0.2454175651073455,0.1000000014901161,0.0048970617353916,0.9997599999998,0.9999999999998,0.0044448566623032,0.0012264751130715,0.0035859302151948
258,resnet32,4,0.1,0.1,0.3218005565411345,0.0483620837330818,0.3524752557277679,0.93099999999069,0.99899999999001,0.3218006193637848,0.3186808824539184,1.848979949951172,0.1000000014901161,0.0073349401354789,0.1,0.2772877759634046,0.2167468667030334,0.2746307253837585,0.1000000014901161,0.0060460418462753,0.9994599999998002,0.9999799999998,0.0041643590666353,0.0025028525851666,0.0026148930191993
259,resnet32,5,0.5,0.1,0.2797519238630185,0.0406879782676696,0.3013020753860473,0.92699999999073,0.99899999999001,0.2797518968582153,0.2713607847690582,1.4400277137756348,0.1000000014901161,0.0056143887341022,0.1,0.2428273357236407,0.3893808126449585,0.235344186425209,0.1000000014901161,0.0042174290865659,0.9976999999998004,0.9999999999998,0.0137030258774757,0.0064796698279678,0.0083579001948237
260,resnet32,0,0.0,0.1,0.27848350723256,0.0427136830985546,0.668236255645752,0.94099999999059,0.99799999999002,0.2784835994243622,0.2758225500583648,1.668879508972168,0.1000000014901161,0.0065385065972805,0.1,0.2948093212348832,0.70135498046875,0.2920345366001129,0.1000000014901161,0.0066947974264621,0.9993399999998002,0.9999999999998,0.004225751850754,0.0020218624267727,0.0025057066231966
261,resnet32,4,2.0,0.1,0.319512185239479,0.053398847579956,0.6601288914680481,0.92299999999077,0.99799999999002,0.3195121884346008,0.313298612833023,1.8105313777923584,0.1000000014901161,0.0070293247699737,0.1,0.2833988332248632,0.7099723815917969,0.2806649804115295,0.1000000014901161,0.0063548348844051,0.9992399999998002,0.9999999999998,0.0054126870818436,0.0019663083367049,0.0035823013167828
262,resnet32,3,0.5,0.1,0.2579429421856615,0.0258999317884445,0.189018428325653,0.91599999999084,0.99899999999001,0.2579429447650909,0.2295535504817962,0.7641375064849854,0.1000000014901161,0.0032561104744672,0.1,0.242917492715817,0.2827126085758209,0.2207004725933075,0.1000000014901161,0.003007648512721,0.9781799999998044,0.9999199999998,0.0724428445100784,0.071417361497879,0.0200848877429962
263,resnet32,3,2.0,0.1,0.2221619166569361,0.0302686784416437,0.2636428475379944,0.93199999999068,0.99999999999,0.2221619337797165,0.2111229002475738,0.8198566436767578,0.1000000014901161,0.003422612324357,0.1,0.2470589062144385,0.3202940821647644,0.2353101968765258,0.1000000014901161,0.0039386805146932,0.9929999999998016,0.9999999999998,0.0292338877916336,0.0213704723864793,0.0129641219973564
264,resnet32,3,0.001,0.1,0.3613574170693329,0.0278336815536022,0.2722291350364685,0.8809999999911899,0.99599999999004,0.3613574802875519,0.2921176254749298,1.0033056735992432,0.1000000014901161,0.0042358227074146,0.1,0.3383572064719801,0.8073540925979614,0.2716445922851562,0.1000000014901161,0.0034774094820022,0.9187199999998164,0.9976799999998004,0.2406536787748336,0.3939149379730224,0.0159040056169033
265,resnet32,3,0.01,0.1,0.3187186388091973,0.0305166151374578,0.284338504076004,0.8899999999911,0.99499999999005,0.3187186419963836,0.2673185467720032,0.8345732092857361,0.1000000014901161,0.0036264173686504,0.1,0.3046374714963324,0.1596967577934265,0.2566185891628265,0.1000000014901161,0.0034242179244756,0.9334399999998134,0.9985799999998004,0.1955452859401703,0.3073395490646362,0.0155520103871822
266,shufflenetv2_x2_0,4,0.001,0.1,0.2487914239322975,0.0332447849214077,0.2833975553512573,0.94199999999058,0.99899999999001,0.2487914413213729,0.2454341799020767,1.433627724647522,0.1000000014901161,0.0055915582925081,0.1,0.2534520606695135,0.264294683933258,0.2505503296852112,0.1000000014901161,0.0051711816340684,0.9999199999998,0.9999999999998,0.0018631548155099,0.0005831989110447,0.0014084336580708
267,shufflenetv2_x2_0,5,0.001,0.1,0.2392213469663452,0.0276041179895401,0.2253131419420242,0.92599999999074,0.99799999999002,0.2392213493585586,0.2232153713703155,0.8260012865066528,0.1000000014901161,0.0034739281982183,0.1,0.2640636063661673,0.1878657937049865,0.247975155711174,0.1000000014901161,0.0039587765932083,0.9833999999998032,0.9998999999998,0.0552909672260284,0.0698550194501876,0.0127502754330635
268,shufflenetv2_x2_0,3,0.1,0.1,0.360097196077449,0.0275554582476615,0.2489494085311889,0.87399999999126,0.99499999999005,0.360097199678421,0.2808541357517242,0.8677732944488525,0.1000000014901161,0.0037831552326679,0.1,0.3346916466543943,0.0651684403419494,0.2658320367336273,0.1000000014901161,0.0033959969878196,0.9190599999998162,0.9981799999998004,0.2394913136959076,0.3474235236644745,0.0226700566709041
269,shufflenetv2_x2_0,5,0.5,0.1,0.3016821711889583,0.0393561534583568,0.6389146447181702,0.92299999999077,0.99699999999003,0.3016822040081024,0.2883220911026001,1.531677007675171,0.1000000014901161,0.0060040224343538,0.1,0.271965074568138,0.1656742095947265,0.2630389630794525,0.1000000014901161,0.0050932001322507,0.9972999999998006,0.9999999999998,0.015323331579566,0.0085450168699026,0.0087565891444683
270,shufflenetv2_x2_0,5,2.0,0.1,0.3098133771432603,0.0445151552557945,0.3505097031593323,0.93099999999069,0.99899999999001,0.3098134100437164,0.3018444180488586,1.754209041595459,0.1000000014901161,0.0068962946534156,0.1,0.2852565941025275,0.2064242959022522,0.2784464359283447,0.1000000014901161,0.0056803934276103,0.9987599999998004,0.9999999999998,0.0088004134595394,0.0038607735186815,0.0056620175018906
271,shufflenetv2_x2_0,3,1.0,0.1,0.2907869488724497,0.0291608907282352,0.1450891494750976,0.90499999999095,0.99999999999,0.290787011384964,0.2506053149700165,0.8823714852333069,0.1000000014901161,0.0037267003208398,0.1,0.2785465647993329,0.1175429224967956,0.2461664974689483,0.1000000014901161,0.0034692082554101,0.9725399999998056,0.9999599999998,0.0884182676672935,0.082090638577938,0.0240086279809474
272,shufflenetv2_x2_0,4,1.0,0.1,0.2607012066997048,0.0381473340094089,0.3695440590381622,0.93899999999061,0.99799999999002,0.2607012391090393,0.2577185332775116,1.4227373600006104,0.1000000014901161,0.0056896284222602,0.1,0.257252171349792,0.2452033162117004,0.253963828086853,0.1000000014901161,0.0053451992571353,0.9996999999998,0.9999999999998,0.0030509023927152,0.0011572015937417,0.0021405168808996
273,shufflenetv2_x2_0,4,0.1,0.1,0.2320328778667058,0.033337265253067,0.488506555557251,0.94099999999059,0.99799999999002,0.232032909989357,0.2291602939367294,1.257892608642578,0.1000000014901161,0.004959026351571,0.1,0.2453639239657903,0.1835682988166809,0.2427484542131424,0.1000000014901161,0.004815362393856,0.9998599999998,0.9999999999998,0.0018729331204667,0.0005420125089585,0.0013915186282247
274,shufflenetv2_x2_0,5,1.0,0.1,0.3169054059286175,0.0467027612030506,0.214671641588211,0.91899999999081,0.99899999999001,0.3169054090976715,0.3040283918380737,1.5554710626602173,0.1000000014901161,0.0061935856938362,0.1,0.2688299530406648,0.7229102849960327,0.2610494792461395,0.1000000014901161,0.0048969890922307,0.9981199999998004,0.9999999999998,0.0109559027478098,0.0049279825761914,0.0065987347625195
275,shufflenetv2_x2_0,3,0.001,0.1,0.3573486769227291,0.0253986120223999,0.3520944118499756,0.88699999999113,0.99799999999002,0.3573487102985382,0.2802401781082153,0.8242193460464478,0.1000000014901161,0.0036642365157604,0.1,0.366839643574122,0.0721832960844039,0.2829234600067138,0.1000000014901161,0.0036381967365741,0.90027999999982,0.9973799999998004,0.2892584204673767,0.4654374122619629,0.0153904389590024
276,shufflenetv2_x2_0,3,0.5,0.1,0.2979778617625004,0.0274542905390262,0.4486584663391113,0.899999999991,0.99799999999002,0.2979779243469238,0.2506262063980102,0.8079724311828613,0.1000000014901161,0.0034992694854736,0.1,0.2918380826780378,0.1124324798583984,0.2488205879926681,0.1000000014901161,0.0032886918634176,0.9528599999998096,0.9995799999998002,0.1399719268083572,0.1663078069686889,0.0236074775457382
277,shufflenetv2_x2_0,4,0.5,0.1,0.2961553901620728,0.0419564358890056,0.4450733363628387,0.93099999999069,0.99899999999001,0.2961553931236267,0.2921558916568756,1.6625159978866575,0.1000000014901161,0.0066305585205554,0.1,0.2511349979895124,0.2494434863328933,0.2474458962678909,0.1000000014901161,0.0051330719143152,0.9996599999998002,0.9999999999998,0.0030161198228597,0.0009246389381587,0.0020698448643088
278,shufflenetv2_x2_0,5,0.01,0.1,0.2958843380426673,0.0364280045032501,0.1434001326560974,0.92899999999071,0.99899999999001,0.295884370803833,0.2805496454238891,1.362761378288269,0.1000000014901161,0.0055062547326087,0.1,0.259897322829541,0.2150611281394958,0.2449093014001846,0.1000000014901161,0.0038711670786142,0.9837199999998032,0.9998399999998,0.0537985637784004,0.0643031224608421,0.0127712152898311
279,shufflenetv2_x2_0,0,0.0,0.1,0.2777399989010668,0.0468518510460853,0.6154999732971191,0.9299999999907,0.99799999999002,0.2777399718761444,0.2739134728908539,1.384973168373108,0.1000000014901161,0.0056764110922813,0.1,0.2452012065971034,0.2749615907669067,0.2429554611444473,0.1000000014901161,0.0050661209970712,0.9999399999998,0.9999999999998,0.0016675462247803,0.0002050057373708,0.0013157655484974
280,shufflenetv2_x2_0,3,2.0,0.1,0.276354190923897,0.0372971668839454,0.3105068504810333,0.91499999999085,0.99899999999001,0.2763542234897613,0.2546293437480926,0.9880352020263672,0.1000000014901161,0.0041430871933698,0.1,0.2820662256921472,0.2169048488140106,0.2612154185771942,0.1000000014901161,0.0042989607900381,0.9874199999998026,0.9999799999998,0.0475106947124004,0.0407705605030059,0.0170894898474216
281,shufflenetv2_x2_0,4,2.0,0.1,0.2898600072484946,0.041790522634983,0.3671728074550628,0.92299999999077,0.99899999999001,0.2898600101470947,0.2807608246803283,1.4607475996017456,0.1000000014901161,0.0058589242398738,0.1,0.2744701534771359,0.2675754725933075,0.2682879865169525,0.1000000014901161,0.0053017474710941,0.9997399999998,0.9999999999998,0.0036076244432479,0.0007313371752388,0.0028710658662021
282,shufflenetv2_x2_0,5,0.1,0.1,0.2548626337791172,0.0295671224594116,0.3776611685752868,0.93099999999069,0.99799999999002,0.2548626959323883,0.242648109793663,1.2931900024414062,0.1000000014901161,0.0049856100231409,0.1,0.2568430450685083,0.1852549314498901,0.245331585407257,0.1000000014901161,0.0042457077652215,0.990639999999802,0.9999999999998,0.0348831266164779,0.0300977192819118,0.0124855581670999
283,shufflenetv2_x2_0,4,0.01,0.1,0.2436466937734406,0.0384820774197578,0.3109793365001678,0.9399999999906,0.99899999999001,0.2436467409133911,0.2416961044073104,1.2703064680099487,0.1000000014901161,0.0051791314035654,0.1,0.2544178910210116,0.2675496339797973,0.2523363828659057,0.1000000014901161,0.0054050926119089,0.9999599999998,0.9999999999998,0.0017460323870182,0.0002492532366886,0.0013867000816389
284,shufflenetv2_x2_0,3,0.01,0.1,0.3943254908229804,0.0345517843961715,0.1611377596855163,0.87599999999124,0.99699999999003,0.3943255245685577,0.3039641976356506,0.997611939907074,0.1000000014901161,0.0043225549161434,0.1,0.356864024798924,0.1019361019134521,0.275642067193985,0.1000000014901161,0.0034989416599273,0.9021999999998196,0.9972999999998006,0.2862193584442138,0.4679730534553528,0.0156491808593273
285,shufflenetv2_x1_5,5,1.0,0.1,0.2738809558183193,0.0365621745586395,0.661617636680603,0.92699999999073,0.99799999999002,0.2738809287548065,0.2627666890621185,1.4283109903335571,0.1000000014901161,0.0055103302001953,0.1,0.28022340571209,0.2606695890426636,0.2711323797702789,0.1000000014901161,0.0051341596990823,0.9976199999998006,0.9999999999998,0.0140267573297023,0.0064580063335597,0.0084457471966743
286,shufflenetv2_x1_5,3,0.001,0.1,0.4566971017944182,0.0394079312682151,0.2672858238220215,0.83899999999161,0.99299999999007,0.4566971659660339,0.3310806155204773,1.0454692840576172,0.1000000014901161,0.0046326369047164,0.1,0.4376017876902063,0.0667762458324432,0.3215058743953705,0.1000000014901161,0.0043829642236232,0.8768599999998247,0.9957799999998008,0.3590511083602905,0.5742765069007874,0.0158316921442747
287,shufflenetv2_x1_5,3,1.0,0.1,0.2893968493608991,0.029356587678194,0.1673052906990051,0.90499999999095,0.99899999999001,0.2893968522548675,0.2545779049396515,1.0260615348815918,0.1000000014901161,0.0041536930948495,0.1,0.288910231335487,0.1127420365810394,0.2558886110782623,0.1000000014901161,0.0037683825939893,0.9723799999998056,0.9999199999998,0.0901233926415443,0.0835687965154647,0.025128012523055
288,shufflenetv2_x1_5,4,2.0,0.1,0.28175314979134,0.0381240956485271,0.7203166484832764,0.93299999999067,0.99699999999003,0.2817531824111938,0.274693101644516,1.3714481592178345,0.1000000014901161,0.0056013707071542,0.1,0.2717034018994419,0.283359169960022,0.26740762591362,0.1000000014901161,0.0054284781217575,0.9997199999998,0.9999999999998,0.0037571084685623,0.0007799954619258,0.0029655727557837
289,shufflenetv2_x1_5,5,0.01,0.1,0.2691563936974436,0.03916472569108,0.2394118309020996,0.91099999999089,0.99999999999,0.2691563963890075,0.2441924065351486,0.852480947971344,0.1000000014901161,0.0035882908850908,0.1,0.2688438127762442,0.1760546863079071,0.2502695322036743,0.1000000014901161,0.0039447005838155,0.979959999999804,0.9999599999998,0.063795581459999,0.0764304995536804,0.01392478402704
290,shufflenetv2_x1_5,3,0.5,0.1,0.3235435155462268,0.0315837860107421,0.7158936262130737,0.89299999999107,0.99899999999001,0.3235435783863067,0.2682394683361053,0.8933805227279663,0.1000000014901161,0.0038313865661621,0.1,0.3044355011577354,0.0923739671707153,0.2560543715953827,0.1000000014901161,0.0033897161483764,0.95013999999981,0.9996799999998002,0.1501951813697815,0.1735069155693054,0.0269467774778604
291,shufflenetv2_x1_5,5,0.1,0.1,0.2788757951982263,0.0355654954910278,0.1891754269599914,0.91899999999081,0.99899999999001,0.2788757979869842,0.261889636516571,1.2096847295761108,0.1000000014901161,0.0048139095306396,0.1,0.2632698960160589,0.2722939848899841,0.2489600777626037,0.1000000014901161,0.0041607413440942,0.9886599999998024,0.9999799999998,0.0413845926523208,0.0391992107033729,0.0137850092723965
292,shufflenetv2_x1_5,5,2.0,0.1,0.2569471571976793,0.0373588055372238,0.338351160287857,0.92899999999071,0.99899999999001,0.2569472193717956,0.2475689053535461,1.2370455265045166,0.1000000014901161,0.004859322682023,0.1,0.2744174348245752,0.7539608478546143,0.2661210596561432,0.1000000014901161,0.0049560125917196,0.9981799999998004,0.9999999999998,0.0124162621796131,0.0055701937526464,0.0079428926110267
293,shufflenetv2_x1_5,4,0.5,0.1,0.2365317917058796,0.0331163927912712,0.3853523135185241,0.94199999999058,0.99899999999001,0.2365318089723587,0.2315921038389206,1.2583975791931152,0.1000000014901161,0.0049707014113664,0.1,0.2442025887239615,0.1675168871879577,0.2399712055921554,0.1000000014901161,0.004725931212306,0.9997799999998,0.9999999999998,0.0034478134475648,0.0006838903063908,0.0027825662400573
294,shufflenetv2_x1_5,4,1.0,0.1,0.2554900918683931,0.0397167578339576,0.2368766069412231,0.93199999999068,0.99699999999003,0.255490094423294,0.2508237957954407,1.4955623149871826,0.1000000014901161,0.0055504590272903,0.1,0.2613191618267557,0.1831892132759094,0.2571586668491363,0.1000000014901161,0.0052369125187397,0.9996199999998,0.9999999999998,0.004152663052082,0.0010210956679657,0.0032823451329022
295,shufflenetv2_x1_5,4,0.001,0.1,0.2864168257681865,0.0438368842005729,0.2406530231237411,0.93099999999069,0.99899999999001,0.2864168882369995,0.2827823758125305,1.5263161659240725,0.1000000014901161,0.0061612036079168,0.1,0.2668537593896479,0.2777625620365143,0.26380056142807,0.1000000014901161,0.0055386051535606,0.9998399999998,0.9999999999998,0.0022190690506249,0.0004122224636375,0.0017129343468695
296,shufflenetv2_x1_5,3,2.0,0.1,0.2812177808773211,0.0309390649199485,0.7352750897407532,0.91699999999083,0.99799999999002,0.2812177836894989,0.2569501996040344,1.12156081199646,0.1000000014901161,0.0045302603393793,0.1,0.2861437463230096,0.1252906322479248,0.2636359632015228,0.1000000014901161,0.0043233353644609,0.985299999999803,0.9999599999998,0.0536308512091636,0.0438975095748901,0.019184136763215
297,shufflenetv2_x1_5,3,0.01,0.1,0.3991029818678874,0.0306618139147758,0.3884312510490417,0.86299999999137,0.99899999999001,0.3991030156612396,0.2990135848522186,0.9129903316497804,0.1000000014901161,0.0040268748998641,0.1,0.3917896114075754,0.0678640007972717,0.2968097031116485,0.1000000014901161,0.0038481913506984,0.8938599999998212,0.9973199999998006,0.3098266422748565,0.4952328205108642,0.0161107573658227
298,shufflenetv2_x1_5,4,0.01,0.1,0.2872052163967467,0.0418267883360385,0.3521284461021423,0.93599999999064,0.99499999999005,0.2872052192687988,0.2823375463485718,1.5209473371505735,0.1000000014901161,0.0060945991426706,0.1,0.2604768803139476,0.2876420021057129,0.2577774226665497,0.1000000014901161,0.0054340194910764,0.9997799999998,0.9999999999998,0.0021821160335093,0.0008286980446428,0.0014225799823179
299,shufflenetv2_x1_5,5,0.5,0.1,0.2972809940650776,0.0440020635724067,0.2276809513568878,0.91899999999081,0.99899999999001,0.2972810268402099,0.2859620749950409,1.4756333827972412,0.1000000014901161,0.0058013666421175,0.1,0.2665738013405027,0.2290234565734863,0.2563800811767578,0.1000000014901161,0.0045807752758264,0.9962999999998008,0.9999999999998,0.018580850213766,0.0100266933441162,0.0099608628079295
300,shufflenetv2_x1_5,4,0.1,0.1,0.2227636404410876,0.0344896577298641,0.5010828375816345,0.94599999999054,0.99899999999001,0.2227636277675628,0.2192362397909164,1.1624832153320312,0.1000000014901161,0.0045847501605749,0.1,0.2603379915576678,0.2958669066429138,0.2567982375621795,0.1000000014901161,0.0052961520850658,0.9999199999998,0.9999999999998,0.0024166188668459,0.0003353752545081,0.002016567159444
301,shufflenetv2_x1_5,5,0.001,0.1,0.2863660128090236,0.0355220511555671,0.4010438323020935,0.91099999999089,0.99699999999003,0.2863660156726837,0.2582044601440429,1.0414767265319824,0.1000000014901161,0.0042120497673749,0.1,0.2883369621410971,0.2136465311050415,0.2640139460563659,0.1000000014901161,0.0041859876364469,0.9761399999998048,0.9997799999998,0.0769628137350082,0.099736750125885,0.0154597675427794
302,shufflenetv2_x1_5,0,0.0,0.1,0.255192932914837,0.0392225831747055,0.3065277934074402,0.93399999999066,0.99899999999001,0.2551929354667663,0.2510905265808105,1.2929809093475342,0.1000000014901161,0.0051674097776412,0.1,0.2752460718407986,0.2155556380748748,0.2721180319786072,0.1000000014901161,0.005861897021532,0.9998599999998,0.9999999999998,0.0021582627668976,0.0005488590104505,0.001623332616873
303,shufflenetv2_x1_5,3,0.1,0.1,0.3629531824056244,0.0260899476706981,0.7494624853134155,0.8799999999912,0.99799999999002,0.3629532754421234,0.28329598903656,0.868328332901001,0.1000000014901161,0.0038122273981571,0.1,0.34926527368627,0.085661381483078,0.272980660200119,0.1000000014901161,0.0034123584628105,0.9158799999998168,0.9983199999998004,0.2453235685825348,0.3485213220119476,0.0223049279302358
304,resnet20,5,0.1,0.1,0.2810245128185696,0.0287630874663591,0.1385932266712188,0.92399999999076,0.99899999999001,0.2810244858264923,0.2613937258720398,1.1301419734954834,0.1000000014901161,0.0046196486800909,0.1,0.2515851422004634,0.3750441074371338,0.2352936267852783,0.1000000014901161,0.0036550667136907,0.9874799999998024,0.9999199999998,0.047386921942234,0.0424771420657634,0.0169980321079492
305,resnet20,5,0.5,0.1,0.3005131155003467,0.0481879264116287,0.2477743923664093,0.90899999999091,0.99799999999002,0.300513207912445,0.2804313898086548,1.2614847421646118,0.1000000014901161,0.0049820803105831,0.1,0.2771100729936271,0.1406761407852172,0.2619889080524444,0.1000000014901161,0.0044938083738088,0.9929399999998014,0.9999999999998,0.0323025211691856,0.0197133049368858,0.0158603563904762
306,resnet20,3,0.001,0.1,0.3608753943118546,0.0342015922069549,0.1520115137100219,0.88199999999118,0.99599999999004,0.3608754575252533,0.292745977640152,0.9766734838485718,0.1000000014901161,0.0041990615427494,0.1,0.340766459324816,0.1620768904685974,0.2776564061641693,0.1000000014901161,0.0037631578743457,0.919679999999816,0.9978799999998004,0.2367314845323562,0.3885957300662994,0.0151089690625667
307,resnet20,4,2.0,0.1,0.2759266766135207,0.0413750186562538,0.3693247437477112,0.91899999999081,0.99799999999002,0.2759267091751098,0.2635518014431,1.2755569219589231,0.1000000014901161,0.0049920193850994,0.1,0.2690093746110314,0.1925514340400695,0.2582226991653442,0.1000000014901161,0.0047747418284416,0.9985599999998004,0.9999999999998,0.0122184017673134,0.0038819916080683,0.0088807065039873
308,resnet20,5,0.001,0.1,0.2738962146072293,0.034567691385746,0.7447497844696045,0.91499999999085,0.99499999999005,0.2738963067531585,0.2509210109710693,1.0402275323867798,0.1000000014901161,0.0042048525065183,0.1,0.2630590826661454,0.1571104526519775,0.2436567097902298,0.1000000014901161,0.0036876183003187,0.980099999999804,0.9998599999998,0.0672103464603424,0.0796806588768959,0.0163900833576917
309,resnet20,0,0.0,0.1,0.319000717787776,0.0482298955321311,0.3855622708797455,0.9199999999908,0.99699999999003,0.3190007507801056,0.310606986284256,1.8092608451843264,0.1000000014901161,0.0070039294660091,0.1,0.2804745349814109,0.181825041770935,0.2721628546714782,0.1000000014901161,0.0053328406065702,0.9985599999998004,0.9999999999998,0.0108116706833243,0.0044491705484688,0.0071508102118968
310,resnet20,3,0.01,0.1,0.3516014481193462,0.0330350324511528,0.2707702815532684,0.87799999999122,0.99699999999003,0.3516013920307159,0.2811711728572845,0.8946197032928467,0.1000000014901161,0.0038820095360279,0.1,0.3500592605357024,0.0797008872032165,0.2841453850269317,0.1000000014901161,0.0038369894027709,0.9163999999998168,0.9979799999998004,0.2437494546175003,0.3912223577499389,0.0139798894524574
311,resnet20,4,0.1,0.1,0.2860258789070142,0.0458273962140083,0.6278082132339478,0.92299999999077,0.99799999999002,0.2860259115695953,0.2777604758739471,1.5036593675613403,0.1000000014901161,0.0058078709989786,0.1,0.2702842782249306,0.1778459846973419,0.262981653213501,0.1000000014901161,0.0051091760396957,0.9987199999998004,0.9999999999998,0.0109654730185866,0.0046823266893625,0.0074888826347887
312,resnet20,3,2.0,0.1,0.2685627612437394,0.0318047851324081,0.2851913571357727,0.91899999999081,0.99799999999002,0.2685627937316894,0.2458140403032302,0.926166832447052,0.1000000014901161,0.0038689151406288,0.1,0.2616759585413539,0.1767439842224121,0.2432109415531158,0.1000000014901161,0.0037600677460432,0.9860799999998028,0.9999799999998,0.0527804158627986,0.0430818125605583,0.0198056232184171
313,resnet20,5,0.01,0.1,0.2921363384120259,0.0329628586769104,0.3627362549304962,0.91099999999089,0.99899999999001,0.2921363711357116,0.2660776674747467,1.1581164598464966,0.1000000014901161,0.0046369712799787,0.1,0.2746263623497574,0.1517587900161743,0.2549637854099273,0.1000000014901161,0.0041338577866554,0.980599999999804,0.9997399999998,0.0651657953858375,0.0743188560009002,0.0164753831923007
314,resnet20,4,0.5,0.1,0.2594531748575556,0.0297124199569225,0.2121663093566894,0.92899999999071,0.99799999999002,0.2594532072544098,0.2486481964588165,1.1128098964691162,0.1000000014901161,0.0045839697122573,0.1,0.2639119075783288,0.2797127068042755,0.2544790208339691,0.1000000014901161,0.0047027319669723,0.9986999999998004,0.9999999999998,0.0119837690144777,0.0042578126303851,0.0086123766377568
315,resnet20,4,0.001,0.1,0.3045725493968252,0.0460942611098289,0.4418744742870331,0.9199999999908,0.99799999999002,0.3045725524425506,0.2934357821941376,1.492866277694702,0.1000000014901161,0.00580620393157,0.1,0.2772054222126314,0.2798287868499756,0.2696514725685119,0.1000000014901161,0.0053006149828433,0.9987199999998004,0.9999999999998,0.0105411624535918,0.0039565684273839,0.0073222862556576
316,resnet20,3,1.0,0.1,0.2553948138446725,0.0318660400807857,0.6746393442153931,0.92499999999075,0.99699999999003,0.2553948163986206,0.2347011566162109,0.9606531262397766,0.1000000014901161,0.0039149187505245,0.1,0.2508543313073689,0.278469830751419,0.2276154905557632,0.1000000014901161,0.0032195914536714,0.979899999999804,0.9999399999998,0.0690444111824035,0.057510569691658,0.0228457078337669
317,resnet20,3,0.5,0.1,0.2675074014139,0.0318133831024169,0.194162368774414,0.90399999999096,0.99799999999002,0.2675074636936188,0.2295064032077789,0.7318531274795532,0.1000000014901161,0.0030834134668111,0.1,0.276423745378016,0.2451314032077789,0.2460063993930816,0.1000000014901161,0.0035067852586507,0.9676999999998064,0.9996999999998,0.1044998243451118,0.1140765398740768,0.0247507020831108
318,resnet20,5,1.0,0.1,0.2737877043525007,0.0369341261684894,0.2678318321704864,0.91499999999085,0.99799999999002,0.2737877368927002,0.2571090459823608,1.321086287498474,0.1000000014901161,0.0050227399915456,0.1,0.2671912160527226,0.265751302242279,0.254031091928482,0.1000000014901161,0.0044279433786869,0.9949399999998012,0.9999999999998,0.0258606653660535,0.013631610199809,0.0141588039696216
319,resnet20,4,0.01,0.1,0.2886265785441694,0.0392782539129257,0.4375113844871521,0.92399999999076,0.99899999999001,0.2886266112327575,0.2800048589706421,1.479294776916504,0.1000000014901161,0.0058509763330221,0.1,0.2762520326750318,0.2702527046203613,0.2681916356086731,0.1000000014901161,0.0051833428442478,0.9987999999998004,0.9999999999998,0.0105059389024972,0.0042819334194064,0.0072997640818357
320,resnet20,3,0.1,0.1,0.3005339473234874,0.0279049277305603,0.2447441071271896,0.90399999999096,0.99599999999004,0.3005338907241821,0.2503231763839721,0.8463426828384399,0.1000000014901161,0.0035679470747709,0.1,0.3112873199765857,0.8008472919464111,0.2569486498832702,0.1000000014901161,0.0033472478389739,0.9357599999998129,0.9989799999998002,0.1911725252866745,0.2714162468910217,0.0217168889939785
321,resnet20,5,2.0,0.1,0.2551890884152875,0.0373151749372482,0.1958705782890319,0.9199999999908,0.99899999999001,0.2551891207695007,0.2404628098011016,1.1682040691375732,0.1000000014901161,0.004390737041831,0.1,0.2622313562764384,0.2035076022148132,0.250447154045105,0.1000000014901161,0.0044269114732742,0.9962199999998008,0.9999999999998,0.0215799286961555,0.0100092012435197,0.012877220287919
322,resnet20,4,1.0,0.1,0.2734104367571676,0.0391296744346618,0.6529760360717773,0.92799999999072,0.99999999999,0.273410439491272,0.2628653347492218,1.2563225030899048,0.1000000014901161,0.0050570145249366,0.1,0.2766311149040129,0.2922883629798889,0.266758531332016,0.1000000014901161,0.0050448197871446,0.9987599999998004,0.9999999999998,0.0124242259189486,0.0042205117642879,0.009114496409893
323,mobilenetv2_x0_75,3,0.5,0.1,0.3483881915539599,0.0184824895113706,0.256891518831253,0.88399999999116,0.99899999999001,0.3483881950378418,0.2668180763721466,0.7549725770950317,0.1000000014901161,0.0033508762717247,0.1,0.3272232972588872,0.0304971933364868,0.2523686587810516,0.1000000014901161,0.0029858127236366,0.9185399999998164,0.9988199999998004,0.241827443242073,0.3196769952774048,0.0292783547192811
324,mobilenetv2_x0_75,0,0.0,0.1,0.2957527607906413,0.0432641059160232,0.6657463312149048,0.93099999999069,0.99799999999002,0.2957527935504913,0.2914096117019653,1.6470247507095337,0.1000000014901161,0.0065945908427238,0.1,0.2635028806381195,0.2326942086219787,0.260422945022583,0.1000000014901161,0.005438121035695,0.9989799999998002,0.9999999999998,0.0061014033854007,0.0036569726653397,0.0034220616798847
325,mobilenetv2_x0_75,5,0.01,0.1,0.2764985831744215,0.0240996405482292,0.086994469165802,0.91299999999087,0.99699999999003,0.2764986157417297,0.2459766715764999,0.8785595297813416,0.1000000014901161,0.0037355255335569,0.1,0.2714083489740241,0.1141092628240585,0.2433328628540039,0.1000000014901161,0.0034467969089746,0.9591799999998082,0.9994799999998002,0.1248357146978378,0.2002563178539276,0.0138903185725212
326,mobilenetv2_x0_75,5,1.0,0.1,0.2494208638759925,0.0294644385576248,0.2304597645998001,0.92299999999077,0.99899999999001,0.2494208663702011,0.2331982553005218,0.8925314545631409,0.1000000014901161,0.0037562120705842,0.1,0.257856433303746,0.1332795023918151,0.2425393760204315,0.1000000014901161,0.003962717950344,0.9869999999998028,0.9999799999998,0.0456091463565826,0.0380525812506675,0.0154305035248398
327,mobilenetv2_x0_75,4,0.01,0.1,0.2243345506407563,0.0349459387362003,0.3387056589126587,0.9399999999906,0.99899999999001,0.2243345230817794,0.2213521152734756,1.0487112998962402,0.1000000014901161,0.0042778775095939,0.1,0.2539709075119147,0.2676531672477722,0.2511718571186065,0.1000000014901161,0.0052974540740251,0.9990599999998002,0.9999999999998,0.0060600405558943,0.003327437210828,0.0035733906552195
328,mobilenetv2_x0_75,4,0.5,0.1,0.2573438261046928,0.0493157245218753,0.373026430606842,0.91899999999081,0.99999999999,0.2573438882827759,0.2494728714227676,0.975083827972412,0.1000000014901161,0.0040936116129159,0.1,0.2521800942400508,0.2195627093315124,0.2467154562473297,0.1000000014901161,0.0047931708395481,0.9981399999998004,0.9999999999998,0.0109528992325067,0.0056102750822901,0.0065047875978052
329,mobilenetv2_x0_75,4,0.1,0.1,0.2634215626600501,0.0343142710626125,0.2267623543739318,0.93599999999064,0.99899999999001,0.2634215950965881,0.2580373287200928,1.3437983989715576,0.1000000014901161,0.0054242685437202,0.1,0.254517068182754,0.2375066876411438,0.2511231005191803,0.1000000014901161,0.005146075040102,0.9984399999998004,0.9999999999998,0.0079029127955436,0.004837417975068,0.0041608330793678
330,mobilenetv2_x0_75,3,1.0,0.1,0.3127772180750782,0.0208329148590564,0.1280673742294311,0.89299999999107,0.99799999999002,0.3127773106098175,0.2456610202789306,0.6645366549491882,0.1000000014901161,0.0029660016298294,0.1,0.3085904515334441,0.16688272356987,0.2450936734676361,0.1000000014901161,0.0029774233698844,0.929499999999814,0.9992799999998002,0.2107073962688446,0.2693951725959778,0.0291601344943046
331,mobilenetv2_x0_75,3,0.1,0.1,0.4106276292269299,0.024708230048418,0.2126153707504272,0.85699999999143,0.99599999999004,0.4106276333332062,0.2948332726955414,0.8418146371841431,0.1000000014901161,0.0037698037922382,0.1,0.4055188028810105,0.1898640096187591,0.2889758348464966,0.1000000014901161,0.0035016313195228,0.8766399999998247,0.9964599999998008,0.3578619062900543,0.5286434292793274,0.0211828500032424
332,mobilenetv2_x0_75,4,1.0,0.1,0.2526248966226921,0.039793312549591,0.567031979560852,0.93699999999063,0.99899999999001,0.2526249587535858,0.2479857206344604,1.199124813079834,0.1000000014901161,0.0048734135925769,0.1,0.2665542328045078,0.2609074115753174,0.2616890966892242,0.1000000014901161,0.0052330400794744,0.9983199999998004,0.9999999999998,0.0103674856945872,0.0046140323393046,0.0063264435157179
333,mobilenetv2_x0_75,3,2.0,0.1,0.273471710331384,0.0250518526881933,0.1772484183311462,0.91499999999085,0.99899999999001,0.2734716832637787,0.2367014288902282,0.8005032539367676,0.1000000014901161,0.0033574923872947,0.1,0.2798364705711684,0.0927026867866516,0.2444717437028885,0.1000000014901161,0.0033626407384872,0.9591199999998082,0.9996799999998002,0.1243974864482879,0.1459813117980957,0.0233467053622007
334,mobilenetv2_x0_75,5,0.5,0.1,0.273571428901096,0.0353974476456642,0.6513375639915466,0.91799999999082,0.99899999999001,0.2735714912414551,0.25395467877388,1.036637544631958,0.1000000014901161,0.0042634475976228,0.1,0.2545506554000475,0.133456215262413,0.2386135309934616,0.1000000014901161,0.0038047544658184,0.9830599999998034,0.9999599999998,0.056773729622364,0.0513109304010868,0.0168126672506332
335,mobilenetv2_x0_75,5,0.001,0.1,0.3036751418740609,0.0368756130337715,0.7191036343574524,0.90599999999094,0.99899999999001,0.3036751449108124,0.2708261609077453,0.9365028738975524,0.1000000014901161,0.004053259268403,0.1,0.2677984433377509,0.144674614071846,0.2402772754430771,0.1000000014901161,0.0033223200589418,0.9560599999998088,0.9994999999998,0.1299889981746673,0.2083006501197815,0.0118697378784418
336,mobilenetv2_x0_75,3,0.01,0.1,0.4352714375837785,0.0268752016127109,0.2381157577037811,0.84099999999159,0.99699999999003,0.4352714419364929,0.2999641895294189,0.8387933969497681,0.1000000014901161,0.0037641748785972,0.1,0.4537110621656305,0.1877737045288086,0.3171143531799316,0.1000000014901161,0.0040569826960563,0.8579399999998285,0.9944199999998012,0.4127295017242432,0.6661703586578369,0.010637491941452
337,mobilenetv2_x0_75,4,0.001,0.1,0.2408449923749515,0.0377847291529178,0.2583514153957367,0.93799999999062,0.99799999999002,0.240845039486885,0.2384383231401443,1.2353501319885254,0.1000000014901161,0.0049747768789529,0.1,0.2527553171422395,0.2702191174030304,0.2496165931224823,0.1000000014901161,0.0051921065896749,0.9991199999998004,0.9999999999998,0.0054819635115563,0.0027636878658086,0.0033911566715687
338,mobilenetv2_x0_75,3,0.001,0.1,0.5345510190914405,0.0151597112417221,0.197388157248497,0.79899999999201,0.99499999999005,0.5345510244369507,0.3259232640266418,0.8665701150894165,0.1000000014901161,0.0039741955697536,0.1,0.5805128740112391,0.1941945999860763,0.3602203130722046,0.1000000014901161,0.0047428086400032,0.8115599999998377,0.9913199999998018,0.5399161577224731,0.8059773445129395,0.0109584089368581
339,mobilenetv2_x0_75,4,2.0,0.1,0.24770214905992,0.0344040691852569,0.3890033364295959,0.93899999999061,0.99799999999002,0.2477021664381027,0.2411677837371826,1.2573230266571045,0.1000000014901161,0.0049972105771303,0.1,0.2544927296194977,0.287686824798584,0.2489785701036453,0.1000000014901161,0.0049557667225599,0.9979999999998004,0.9999999999998,0.0109599661082029,0.0048914635553956,0.0065614669583737
340,mobilenetv2_x0_75,5,0.1,0.1,0.2518278037160817,0.0330124795436859,0.7044776678085327,0.9199999999908,0.99799999999002,0.2518278658390045,0.2299218326807022,0.7837273478507996,0.1000000014901161,0.0033584255725145,0.1,0.2530042029589609,0.1598771810531616,0.2317565083503723,0.1000000014901161,0.0034126434475183,0.970059999999806,0.9997399999998,0.091215506196022,0.1176349818706512,0.0155356908217072
341,mobilenetv2_x0_75,5,2.0,0.1,0.2524576757934469,0.0289205648005008,0.2858549356460571,0.93099999999069,0.99699999999003,0.252457708120346,0.2403226643800735,1.070877194404602,0.1000000014901161,0.0043850988149642,0.1,0.2512039539407026,0.2833438515663147,0.2390346974134445,0.1000000014901161,0.0039688535034656,0.9912799999998018,0.9999999999998,0.0330729857087135,0.0234807692468166,0.0132409334182739
342,repvgg_a1,5,0.001,0.1,0.2651683363623699,0.0386287048459053,0.282209187746048,0.93499999999065,0.99699999999003,0.2651683092117309,0.261247843503952,1.400761961936951,0.1000000014901161,0.0056094303727149,0.1,0.2239948475521133,0.2561911940574646,0.2205131947994232,0.1000000014901161,0.0041852612048387,0.9980399999998004,0.9999799999998,0.0099102444946765,0.0078353891149163,0.0048302691429853
343,repvgg_a1,3,1.0,0.1,0.2648719522691882,0.0387193895876407,0.1999514400959015,0.93199999999068,0.99699999999003,0.2648719847202301,0.2572959661483764,1.2208819389343262,0.1000000014901161,0.0049575287848711,0.1,0.236132707598365,0.1722697019577026,0.2302536517381668,0.1000000014901161,0.0041506867855787,0.9972599999998006,0.9999999999998,0.01365876942873,0.0079956091940402,0.0071043814532458
344,repvgg_a1,3,0.001,0.1,0.3160092203010589,0.0432701930403709,0.3139285445213318,0.89099999999109,0.99799999999002,0.3160092234611511,0.2713417410850525,0.8999156951904297,0.1000000014901161,0.0038852430880069,0.1,0.282843332837335,0.1230877786874771,0.2437281012535095,0.1000000014901161,0.0031998381018638,0.9416399999998116,0.9988799999998004,0.1726264506578445,0.2929774224758148,0.0113702286034822
345,repvgg_a1,3,0.5,0.1,0.24349893386052,0.036086443811655,0.3802300989627838,0.92499999999075,0.99799999999002,0.2434989660978317,0.2334959506988525,0.9277344346046448,0.1000000014901161,0.0038883388042449,0.1,0.2309387754152543,0.1783716082572937,0.2221882939338684,0.1000000014901161,0.0037533640861511,0.9922199999998016,0.9999999999998,0.0296651236712932,0.0257570408284664,0.0108478218317031
346,repvgg_a1,4,1.0,0.1,0.2673962685548276,0.0455801077187061,0.4195648729801178,0.93499999999065,0.99899999999001,0.2673962712287903,0.2654201090335846,1.4210350513458252,0.1000000014901161,0.0057444889098405,0.1,0.2251636267517925,0.2941316366195678,0.2241642773151397,0.1000000014901161,0.0048619452863931,0.9999599999998,0.9999999999998,0.0014464878477156,0.0002426505961921,0.0011457803193479
347,repvgg_a1,3,0.1,0.1,0.2647264871350685,0.0301408730447292,0.3640933930873871,0.91099999999089,0.99599999999004,0.2647265195846557,0.235199898481369,0.8276718258857727,0.1000000014901161,0.0034862402826547,0.1,0.2428558482677111,0.1294741630554199,0.2188828140497207,0.1000000014901161,0.0029499847441911,0.9626399999998076,0.9996199999998,0.1106531471014022,0.1596640646457672,0.0127520766109228
348,repvgg_a1,5,0.5,0.1,0.2518279825300142,0.0349738374352455,0.6111586093902588,0.94299999999057,0.99799999999002,0.251827985048294,0.2488735169172287,1.482935905456543,0.1000000014901161,0.0057893581688404,0.1,0.2197733684588018,0.2119785547256469,0.2175348997116089,0.1000000014901161,0.0045737363398075,0.9994999999998,0.9999999999998,0.0035669431090354,0.0016107570845633,0.002358293859288
349,repvgg_a1,4,0.1,0.1,0.2046731093920201,0.0277524106204509,0.6363961696624756,0.95399999999046,0.99799999999002,0.2046731263399124,0.2038957625627517,1.1361489295959473,0.1000000014901161,0.0045709926635026,0.1,0.2297114975681623,0.2868251502513885,0.228926345705986,0.1000000014901161,0.0052375774830579,0.9999999999998,0.9999999999998,0.0011575873941183,7.093807653291151e-05,0.0009079959709197
350,repvgg_a1,5,2.0,0.1,0.2660390410045418,0.0386687330901622,0.6709829568862915,0.94099999999059,0.99899999999001,0.2660390734672546,0.2640936374664306,1.620749592781067,0.1000000014901161,0.0063011348247528,0.1,0.2291913940611684,0.7069766521453857,0.227689579129219,0.1000000014901161,0.0050367955118417,0.9997599999998,0.9999999999998,0.002356061944738,0.0007042003562673,0.0017263183835893
351,repvgg_a1,5,0.1,0.1,0.2833509416855335,0.0427561849355697,0.3792691826820373,0.93199999999068,0.99799999999002,0.2833509743213653,0.2802780568599701,1.6979516744613647,0.1000000014901161,0.0066161192953586,0.1,0.2351624102098828,0.2294840216636657,0.2326110154390335,0.1000000014901161,0.004746027290821,0.9987599999998004,0.9999999999998,0.0063305376097559,0.0047539421357214,0.0030651376582682
352,repvgg_a1,0,0.0,0.1,0.2388691580250505,0.0375748425722122,0.5557834506034851,0.94899999999051,0.99799999999002,0.2388692200183868,0.2382533699274063,1.429851531982422,0.1000000014901161,0.0057022608816623,0.1,0.2307826857519221,0.2331358194351196,0.2300818562507629,0.1000000014901161,0.0051987841725349,0.9999599999998,0.9999999999998,0.0011367424158379,0.0002014143392443,0.0007743270252831
353,repvgg_a1,5,0.01,0.1,0.2612685833076481,0.0368951000273227,0.3767979443073272,0.93599999999064,0.99799999999002,0.2612685859203338,0.2565025389194488,1.3889814615249634,0.1000000014901161,0.0054645556956529,0.1,0.2355443865755015,0.243853211402893,0.2324986606836319,0.1000000014901161,0.0045791827142238,0.9981199999998004,0.9999799999998,0.0092168115079402,0.0071856845170259,0.0043463115580379
354,repvgg_a1,5,1.0,0.1,0.2472713117906307,0.0361704938113689,0.2862152457237243,0.94499999999055,0.99699999999003,0.2472713440656662,0.245275005698204,1.4490704536437988,0.1000000014901161,0.0056312382221221,0.1,0.2319885903668322,0.2612092792987823,0.2302871644496917,0.1000000014901161,0.0049464888870716,0.9997799999998,0.9999999999998,0.0025130303110927,0.0005730622215196,0.0018853943329304
355,repvgg_a1,4,0.5,0.1,0.2577596877071321,0.0354133695363998,0.3146319985389709,0.94899999999051,0.99799999999002,0.2577597498893738,0.2566527426242828,1.500880002975464,0.1000000014901161,0.0060105975717306,0.1,0.2302102228759204,0.1901684999465942,0.2292858362197876,0.1000000014901161,0.005060477182269,0.9999599999998,0.9999999999998,0.001240064157173,0.0002146501647075,0.0009166151867248
356,repvgg_a1,4,2.0,0.1,0.2763410182975334,0.0410567186772823,0.3665156066417694,0.94099999999059,0.99999999999,0.2763411104679107,0.2746075093746185,1.6687159538269043,0.1000000014901161,0.0065912865102291,0.1,0.2218067345538868,0.2581584453582763,0.2208670228719711,0.1000000014901161,0.0046740751713514,0.9998999999998,0.9999999999998,0.0013992672320455,0.000267486582743,0.001020694617182
357,repvgg_a1,3,0.01,0.1,0.3154148129869804,0.0243664868175983,0.7094957232475281,0.90199999999098,0.99499999999005,0.3154148161411285,0.2631651163101196,0.9027618765830994,0.1000000014901161,0.0038534514605998,0.1,0.2975616683567725,0.1885050684213638,0.2486601322889328,0.1000000014901161,0.003152472898364,0.9291399999998142,0.9984199999998004,0.2091649174690246,0.3493814766407013,0.013140195980668
358,repvgg_a1,4,0.01,0.1,0.2607999417927879,0.043535117059946,0.6425943374633789,0.94199999999058,0.99899999999001,0.2607999444007873,0.259604811668396,1.4092522859573364,0.1000000014901161,0.0057333558797836,0.1,0.2402694868358603,0.2016035914421081,0.2396155744791031,0.1000000014901161,0.0055914744734764,0.9999799999998,0.9999999999998,0.0010917782783508,9.30464084376581e-05,0.000776672095526
359,repvgg_a1,4,0.001,0.1,0.2680472704785544,0.0390740297734737,0.4530211687088012,0.94799999999052,0.99799999999002,0.2680472433567047,0.2671542763710022,1.6140825748443604,0.1000000014901161,0.0064723901450634,0.1,0.2251620339832311,0.284213125705719,0.2244563549757003,0.1000000014901161,0.0050706416368484,0.9999199999998,0.9999999999998,0.0011874034535139,0.0003315113135613,0.0007246129680424
360,repvgg_a1,3,2.0,0.1,0.2305513150286619,0.0297073535621166,0.5050908923149109,0.94599999999054,0.99999999999,0.2305513173341751,0.2268315851688385,1.2287657260894775,0.1000000014901161,0.0049148146063089,0.1,0.222117440321279,0.2436340600252151,0.2193296551704406,0.1000000014901161,0.0043646860867738,0.9988199999998004,0.9999999999998,0.0068497704342007,0.0031590317375957,0.0040732054039835
