,model,reg,lamb,eval/lr,eval/loss,eval/ece,eval/mce,eval/top1_acc,eval/top5_acc,eval/L,eval/alphaD,eval/var,eval/lambd,eval/cummulant,test/lr,test/loss,test/ece,test/mce,test/top1_acc,test/top5_acc,test/L,test/alphaD,test/var,test/lambd,test/cummulant
0,resnet56,3,0.5,0.1,1.1383522635111918,0.06346796452999115,0.12198156118392944,0.68299999999317,0.91799999999082,1.138352394104004,0.6432764530181885,3.0452535152435303,0.10000000149011612,0.013438135385513306,0.1,1.0913083673643325,0.05640750750899315,0.1098899245262146,0.6969999999992255,0.9201111111100887,1.091308355331421,0.6417765021324158,3.1453311443328857,0.10000000149011612,0.013694748282432556
1,resnet56,3,1.0,0.1,1.176577317869847,0.08524749428033829,0.16273453831672668,0.6809999999931899,0.92299999999077,1.1765774488449097,0.6767160296440125,3.3936781883239746,0.10000000149011612,0.014839723706245422,0.1,1.1169953068931848,0.0705149918794632,0.1279262900352478,0.6977777777770025,0.9193333333323118,1.1169953346252441,0.6716969013214111,3.48028564453125,0.10000000149011612,0.015013165771961212
2,resnet56,4,2.0,0.1,1.390345440312549,0.14097121357917786,0.27604255080223083,0.68899999999311,0.90699999999093,1.3903456926345825,0.9143951535224915,6.335580348968506,0.10000000149011612,0.02637942135334015,0.1,1.3297990413301304,0.1326553225517273,0.25461190938949585,0.7037777777769958,0.9073333333323251,1.3297990560531616,0.8839557766914368,6.070494174957275,0.10000000149011612,0.025095492601394653
3,resnet56,3,0.1,0.1,1.1991212248099352,0.04496677219867706,0.12130463123321533,0.65199999999348,0.9099999999909,1.199121356010437,0.6187005043029785,2.67118763923645,0.10000000149011612,0.012038692831993103,0.1,1.1768800139596216,0.04120852053165436,0.16059011220932007,0.6664444444437039,0.9061111111101042,1.1768800020217896,0.633677065372467,2.88027024269104,0.10000000149011612,0.012822926044464111
4,resnet56,5,1.0,0.1,1.34758053862533,0.15825095772743225,0.3365747332572937,0.66699999999333,0.91599999999084,1.3475807905197144,0.8457016348838806,5.473517894744873,0.10000000149011612,0.022904500365257263,0.1,1.233417748034443,0.12003162503242493,0.23980695009231567,0.7155555555547605,0.9201111111100887,1.2334177494049072,0.8259022831916809,5.452268123626709,0.10000000149011612,0.02250407636165619
5,resnet56,3,0.01,0.1,1.3961626151658764,0.058493584394454956,0.09468841552734375,0.59799999999402,0.8809999999911899,1.3961628675460815,0.66746586561203,2.976957082748413,0.10000000149011612,0.013499051332473755,0.1,1.3545563868200987,0.04333978146314621,0.10838857293128967,0.6251111111104165,0.8808888888879101,1.3545563220977783,0.6775521636009216,3.120349168777466,0.10000000149011612,0.014067202806472778
6,resnet56,4,0.1,0.1,1.4157948352378036,0.16541995108127594,0.2926318645477295,0.6899999999931,0.90499999999095,1.415794849395752,0.9326937794685364,6.3931403160095215,0.10000000149011612,0.026934027671813965,0.1,1.2799615448399257,0.13860395550727844,0.2880379557609558,0.7263333333325263,0.9205555555545326,1.2799615859985352,0.8970552086830139,6.382663249969482,0.10000000149011612,0.02612181007862091
7,resnet56,4,0.001,0.1,1.4151371575939289,0.16792243719100952,0.4028925597667694,0.69299999999307,0.90899999999091,1.4151372909545898,0.9250931143760681,6.277659893035889,0.10000000149011612,0.026433855295181274,0.1,1.3169798968834838,0.14520928263664246,0.2888282537460327,0.7244444444436394,0.9206666666656437,1.3169798851013184,0.9192026853561401,6.615117073059082,0.10000000149011612,0.02709709107875824
8,resnet56,4,0.5,0.1,1.321976767671651,0.14537428319454193,0.300873339176178,0.70799999999292,0.91699999999083,1.321976900100708,0.8970399498939514,6.188903331756592,0.10000000149011612,0.0256851464509964,0.1,1.2533633695027597,0.13752302527427673,0.2878444790840149,0.7225555555547527,0.9232222222211963,1.2533632516860962,0.8688780665397644,6.027249336242676,0.10000000149011612,0.02469603717327118
9,resnet56,5,0.5,0.1,1.3099770414961769,0.13397203385829926,0.23628954589366913,0.69299999999307,0.91699999999083,1.3099769353866577,0.8399025797843933,5.330626010894775,0.10000000149011612,0.022480517625808716,0.1,1.213941625729762,0.12437470257282257,0.24267905950546265,0.7109999999992099,0.9219999999989755,1.2139416933059692,0.8084502816200256,5.179400444030762,0.10000000149011612,0.02152443677186966
10,resnet56,5,2.0,0.1,1.3932280401143506,0.14151513576507568,0.26007401943206787,0.65499999999345,0.90699999999093,1.3932280540466309,0.8323509693145752,5.0338287353515625,0.10000000149011612,0.021612197160720825,0.1,1.2628019371836514,0.12034958600997925,0.20145058631896973,0.6949999999992277,0.9155555555545382,1.2628018856048584,0.8104361295700073,5.088644981384277,0.10000000149011612,0.021339774131774902
11,resnet56,5,0.01,0.1,1.158957231376126,0.12061098217964172,0.26786723732948303,0.69099999999309,0.92299999999077,1.1589572429656982,0.7241027355194092,3.920105218887329,0.10000000149011612,0.01698634773492813,0.1,1.1433327052870101,0.10910545289516449,0.2170419692993164,0.7117777777769868,0.9188888888878678,1.1433327198028564,0.7450237274169922,4.342626094818115,0.10000000149011612,0.018393628299236298
12,resnet56,5,0.001,0.1,1.154753673450022,0.11464899033308029,0.19267034530639648,0.6899999999931,0.92899999999071,1.1547538042068481,0.7059804797172546,3.655158281326294,0.10000000149011612,0.015993796288967133,0.1,1.1661646088252466,0.10743233561515808,0.22252005338668823,0.6978888888881134,0.9178888888878689,1.1661646366119385,0.7357152700424194,4.152052879333496,0.10000000149011612,0.017742380499839783
13,resnet56,4,0.01,0.1,1.322211133132564,0.12754255533218384,0.30746644735336304,0.7309999999926899,0.91699999999083,1.3222110271453857,0.9147434830665588,6.524177074432373,0.10000000149011612,0.026808157563209534,0.1,1.320383030695892,0.1436113715171814,0.2970004677772522,0.7232222222214186,0.916555555554537,1.320383071899414,0.9171226620674133,6.578263759613037,0.10000000149011612,0.026951029896736145
14,resnet56,5,0.1,0.1,1.2277283545745232,0.1324954777956009,0.2577475309371948,0.68899999999311,0.91499999999085,1.2277286052703857,0.7823954820632935,4.657635688781738,0.10000000149011612,0.019785098731517792,0.1,1.1494047364073454,0.10686202347278595,0.2013968825340271,0.7181111111103131,0.9219999999989755,1.149404764175415,0.763160765171051,4.674258708953857,0.10000000149011612,0.019511066377162933
15,resnet56,3,2.0,0.1,1.3097106087366952,0.10700878500938416,0.22456276416778564,0.64099999999359,0.9099999999909,1.3097107410430908,0.7395191192626953,4.113050937652588,0.10000000149011612,0.01761162281036377,0.1,1.2933029186925606,0.09373942017555237,0.17410624027252197,0.6681111111103687,0.9052222222212163,1.2933030128479004,0.7681801915168762,4.570489406585693,0.10000000149011612,0.019273415207862854
16,resnet56,4,1.0,0.1,1.3864620785349764,0.1506546437740326,0.4054710865020752,0.69799999999302,0.92099999999079,1.3864619731903076,0.9209365248680115,6.585324764251709,0.10000000149011612,0.02704581618309021,0.1,1.2960431693829433,0.1371913105249405,0.27948126196861267,0.7154444444436494,0.9162222222212041,1.2960431575775146,0.8863179683685303,6.172676086425781,0.10000000149011612,0.025399193167686462
17,resnet56,3,0.001,0.1,1.2843729129146328,0.0475057028234005,0.11709684133529663,0.63299999999367,0.89699999999103,1.2843728065490723,0.6468267440795898,2.875791072845459,0.10000000149011612,0.012954965233802795,0.1,1.2680997437056445,0.05109279230237007,0.09441059827804565,0.6408888888881767,0.8904444444434549,1.2680997848510742,0.6659916639328003,3.135638952255249,0.10000000149011612,0.013947397470474243
18,resnet56,0,0.1,0.1,1.4514044378098694,0.15856574475765228,0.3143511414527893,0.7059999999929399,0.9059999999909399,1.4514045715332031,0.9964089393615723,7.591954231262207,0.10000000149011612,0.03100423514842987,0.1,1.337361374004867,0.15113425254821777,0.32586294412612915,0.7165555555547594,0.9157777777767602,1.3373615741729736,0.9228912591934204,6.626420497894287,0.10000000149011612,0.027176380157470703
19,resnet20,3,0.01,0.1,1.3391227588255694,0.049004439264535904,0.41128551959991455,0.59799999999402,0.88199999999118,1.3391228914260864,0.6116905808448792,2.424274444580078,0.10000000149011612,0.011202067136764526,0.1,1.3407891311582782,0.02617836929857731,0.08593122661113739,0.6175555555548693,0.8822222222212419,1.3407891988754272,0.6432103514671326,2.787397623062134,0.10000000149011612,0.01265805959701538
20,resnet20,3,0.1,0.1,1.3071492779670204,0.03506257385015488,0.09894905239343643,0.62299999999377,0.89799999999102,1.3071495294570923,0.6084917783737183,2.4768154621124268,0.10000000149011612,0.011325404047966003,0.1,1.3010511516314072,0.02102646604180336,0.08894510567188263,0.6276666666659692,0.8895555555545671,1.301051139831543,0.6322444081306458,2.726548671722412,0.10000000149011612,0.01235400140285492
21,resnet20,5,2.0,0.1,1.174216973960345,0.06388656795024872,0.11905628442764282,0.67599999999324,0.92699999999073,1.1742171049118042,0.6587135195732117,3.2372970581054688,0.10000000149011612,0.014161206781864166,0.1,1.1626705580614423,0.06970024108886719,0.1272994875907898,0.6851111111103498,0.9122222222212085,1.162670612335205,0.6794156432151794,3.4630584716796875,0.10000000149011612,0.015074588358402252
22,resnet20,5,0.1,0.1,1.1844015003019812,0.0578257218003273,0.11607509851455688,0.67399999999326,0.91699999999083,1.184401512145996,0.6578633189201355,3.1536142826080322,0.10000000149011612,0.013919360935688019,0.1,1.140035786951474,0.056647345423698425,0.09788617491722107,0.6803333333325774,0.9146666666656503,1.14003586769104,0.6437186598777771,3.0405373573303223,0.10000000149011612,0.013408109545707703
23,resnet20,3,2.0,0.1,1.2337295885690762,0.045522816479206085,0.12284892797470093,0.64099999999359,0.91299999999087,1.2337297201156616,0.6167093515396118,2.64265513420105,0.10000000149011612,0.0119437575340271,0.1,1.1934301045190998,0.032450880855321884,0.09229238331317902,0.6625555555548194,0.9069999999989922,1.1934301853179932,0.6277017593383789,2.8681392669677734,0.10000000149011612,0.012719370424747467
24,resnet20,4,0.1,0.1,1.329562293108491,0.12938642501831055,0.22312062978744507,0.64899999999351,0.90499999999095,1.3295621871948242,0.7780091762542725,4.411910533905029,0.10000000149011612,0.019093215465545654,0.1,1.2197791721778115,0.10303036868572235,0.19807201623916626,0.6824444444436861,0.9137777777767624,1.219779133796692,0.7459124326705933,4.235652923583984,0.10000000149011612,0.01809512823820114
25,resnet20,5,0.001,0.1,1.1654627206604364,0.05228334665298462,0.1394527554512024,0.67699999999323,0.91199999999088,1.165462851524353,0.6381546854972839,2.902038335800171,0.10000000149011612,0.012978687882423401,0.1,1.1493202567575775,0.058293916285037994,0.10861390829086304,0.6805555555547993,0.9079999999989911,1.149320363998413,0.6522859930992126,3.0924572944641113,0.10000000149011612,0.013679467141628265
26,resnet20,3,1.0,0.1,1.2428090448076274,0.034207578748464584,0.06943368911743164,0.62799999999372,0.91199999999088,1.2428094148635864,0.5998352766036987,2.474095344543457,0.10000000149011612,0.011239059269428253,0.1,1.1909788701281738,0.026488780975341797,0.06296014785766602,0.6549999999992722,0.9073333333323251,1.19097900390625,0.6138785481452942,2.7208967208862305,0.10000000149011612,0.012118533253669739
27,resnet20,3,0.001,0.1,1.3419955834657253,0.0330105796456337,0.08311301469802856,0.60299999999397,0.89099999999109,1.3419957160949707,0.6226888298988342,2.596353769302368,0.10000000149011612,0.01184457540512085,0.1,1.3345064572235408,0.03406645730137825,0.0757749080657959,0.6142222222215397,0.8834444444434627,1.3345065116882324,0.6439046859741211,2.8051445484161377,0.10000000149011612,0.012713581323623657
28,resnet20,0,0.1,0.1,1.2411018485890426,0.09767081588506699,0.1935889720916748,0.68899999999311,0.90699999999093,1.241101861000061,0.7546538710594177,4.266406059265137,0.10000000149011612,0.01832006126642227,0.1,1.2451537568774345,0.10064555704593658,0.180317223072052,0.6907777777770102,0.907777777776769,1.2451539039611816,0.7678755521774292,4.4218621253967285,0.10000000149011612,0.01895126700401306
29,resnet20,5,1.0,0.1,1.2642643325264242,0.09231974184513092,0.189970463514328,0.64899999999351,0.90699999999093,1.2642642259597778,0.7025805711746216,3.5580484867095947,0.10000000149011612,0.015649527311325073,0.1,1.1311109318351154,0.06110192835330963,0.10952979326248169,0.6868888888881256,0.91799999999898,1.1311109066009521,0.6512406468391418,3.169332265853882,0.10000000149011612,0.013879373669624329
30,resnet20,5,0.01,0.1,1.184371578770603,0.0725758969783783,0.20215052366256714,0.65099999999349,0.92099999999079,1.184371829032898,0.6330450773239136,2.805351734161377,0.10000000149011612,0.012627966701984406,0.1,1.1331086543526643,0.057457998394966125,0.4144965410232544,0.6812222222214652,0.9145555555545393,1.1331087350845337,0.6415768265724182,3.0096051692962646,0.10000000149011612,0.013308577239513397
31,resnet20,3,0.5,0.1,1.2489731186900785,0.023833908140659332,0.24608448147773743,0.64399999999356,0.89599999999104,1.2489731311798096,0.5958530306816101,2.3827877044677734,0.10000000149011612,0.010922268033027649,0.1,1.1853086935224677,0.014379480853676796,0.09747038781642914,0.6549999999992722,0.9043333333323285,1.1853086948394775,0.5949779152870178,2.4986648559570312,0.10000000149011612,0.011252999305725098
32,resnet20,5,0.5,0.1,1.177106726319448,0.08178815990686417,0.18461933732032776,0.65699999999343,0.90299999999097,1.1771069765090942,0.6385946869850159,2.828873634338379,0.10000000149011612,0.012757889926433563,0.1,1.147437081121683,0.058780744671821594,0.1190667599439621,0.6808888888881323,0.9139999999989844,1.1474370956420898,0.6550726890563965,3.197628974914551,0.10000000149011612,0.01400899887084961
33,resnet20,4,0.01,0.1,1.29772041930429,0.11643852293491364,0.2789676785469055,0.66699999999333,0.91099999999089,1.2977204322814941,0.7651920318603516,4.2468695640563965,0.10000000149011612,0.01842913031578064,0.1,1.2325395464447748,0.10096131265163422,0.19503474235534668,0.6877777777770135,0.9076666666656581,1.2325396537780762,0.7558057904243469,4.295125961303711,0.10000000149011612,0.018414638936519623
34,resnet20,4,0.5,0.1,1.271377193134922,0.0895887017250061,0.21441328525543213,0.67099999999329,0.90899999999091,1.2713772058486938,0.7432236671447754,4.166977882385254,0.10000000149011612,0.017849519848823547,0.1,1.2188170075119629,0.09546229243278503,0.15938851237297058,0.6754444444436939,0.908333333332324,1.218817114830017,0.726395845413208,3.9708750247955322,0.10000000149011612,0.017097704112529755
35,resnet20,4,2.0,0.1,1.272231327686012,0.09408202767372131,0.20053386688232422,0.66299999999337,0.9059999999909399,1.2722314596176147,0.7431312799453735,4.108755588531494,0.10000000149011612,0.017731323838233948,0.1,1.2247461729216687,0.09803164005279541,0.1653628945350647,0.6755555555548048,0.9125555555545415,1.2247461080551147,0.7293511629104614,3.9825990200042725,0.10000000149011612,0.017188027501106262
36,resnet20,4,0.001,0.1,1.3344925508564296,0.11605062335729599,0.20791089534759521,0.6559999999934399,0.899999999991,1.3344926834106445,0.776911735534668,4.3751444816589355,0.10000000149011612,0.018943488597869873,0.1,1.2209553042726893,0.10474242269992828,0.17688435316085815,0.6879999999992354,0.9105555555545437,1.2209552526474,0.7526860237121582,4.277525901794434,0.10000000149011612,0.018319547176361084
37,resnet20,4,1.0,0.1,1.3376928434117068,0.11172337830066681,0.2450510859489441,0.65399999999346,0.9059999999909399,1.3376929759979248,0.7688001394271851,4.2558746337890625,0.10000000149011612,0.018526315689086914,0.1,1.2209510392292233,0.0972553938627243,0.2051106095314026,0.6748888888881389,0.9097777777767668,1.2209510803222656,0.731172502040863,4.094010353088379,0.10000000149011612,0.01748371124267578
38,resnet32,5,1.0,0.1,1.2474735850518146,0.12036308646202087,0.2381751537322998,0.66799999999332,0.91499999999085,1.2474737167358398,0.7538536787033081,4.298408508300781,0.10000000149011612,0.018367871642112732,0.1,1.1960742592767346,0.10095258057117462,0.18710601329803467,0.6993333333325562,0.917111111110092,1.1960742473602295,0.7540941834449768,4.426520824432373,0.10000000149011612,0.018718227744102478
39,resnet32,5,2.0,0.1,1.3324738607673636,0.12123477458953857,0.21867342293262482,0.65799999999342,0.90299999999097,1.3324739933013916,0.7829379439353943,4.4480881690979,0.10000000149011612,0.019283771514892578,0.1,1.2535748467821877,0.09818825125694275,0.17451459169387817,0.6777777777770246,0.9063333333323262,1.2535748481750488,0.7554446458816528,4.336705684661865,0.10000000149011612,0.018513545393943787
40,resnet32,3,0.1,0.1,1.3022618163536026,0.05392969772219658,0.12200358510017395,0.62199999999378,0.89599999999104,1.3022620677947998,0.638742208480835,2.708747625350952,0.10000000149011612,0.012391164898872375,0.1,1.228717537680304,0.03966666758060455,0.08781035244464874,0.647333333332614,0.8965555555545593,1.228717565536499,0.6371071934700012,2.8419361114501953,0.10000000149011612,0.012751936912536621
41,resnet32,4,0.5,0.1,1.240230905528294,0.11723493039608002,0.2646641731262207,0.70099999999299,0.91199999999088,1.2402311563491821,0.794076144695282,4.719018936157227,0.10000000149011612,0.02019946277141571,0.1,1.2637904338569848,0.12294360995292664,0.24467521905899048,0.7051111111103275,0.9146666666656503,1.2637903690338135,0.8294113278388977,5.3566460609436035,0.10000000149011612,0.022349387407302856
42,resnet32,4,0.1,0.1,1.4163501121029785,0.14952053129673004,0.3145875930786133,0.67699999999323,0.91099999999089,1.4163498878479004,0.905907928943634,6.294787406921387,0.10000000149011612,0.02601008117198944,0.1,1.288995940047783,0.12925830483436584,0.25139451026916504,0.7048888888881056,0.9156666666656492,1.2889958620071411,0.8527864813804626,5.658629417419434,0.10000000149011612,0.023504287004470825
43,resnet32,4,0.001,0.1,1.3714138132283058,0.1471720039844513,0.2882217764854431,0.6809999999931899,0.91699999999083,1.3714138269424438,0.88258296251297,6.058213233947754,0.10000000149011612,0.024936825037002563,0.1,1.2925904047697074,0.13574671745300293,0.2607877850532532,0.7024444444436639,0.9139999999989844,1.2925904989242554,0.8518157005310059,5.550645351409912,0.10000000149011612,0.023250505328178406
44,resnet32,4,0.01,0.1,1.3548673255855432,0.15261566638946533,0.29316502809524536,0.67199999999328,0.9059999999909399,1.3548672199249268,0.8441550731658936,5.161674499511719,0.10000000149011612,0.02218259871006012,0.1,1.2925387474109595,0.1311720907688141,0.2735387086868286,0.7049999999992166,0.9118888888878756,1.2925387620925903,0.8581730127334595,5.718001842498779,0.10000000149011612,0.023758426308631897
45,resnet32,4,2.0,0.1,1.3751289707000043,0.128390371799469,0.2184876799583435,0.66699999999333,0.90399999999096,1.3751291036605835,0.8443900942802429,5.462996006011963,0.10000000149011612,0.0227968692779541,0.1,1.2991315376893804,0.12682896852493286,0.2559925615787506,0.6878888888881245,0.9134444444434294,1.2991315126419067,0.8289021849632263,5.30226469039917,0.10000000149011612,0.022193744778633118
46,resnet32,3,1.0,0.1,1.1713094594172766,0.06954388320446014,0.11735355854034424,0.6599999999934,0.9309999999906899,1.1713095903396606,0.6366252899169922,2.9587464332580566,0.10000000149011612,0.01310177892446518,0.1,1.147592053197927,0.056389257311820984,0.12507861852645874,0.6773333333325807,0.9145555555545393,1.1475920677185059,0.6486179232597351,3.180788993835449,0.10000000149011612,0.013872869312763214
47,resnet32,5,0.01,0.1,1.1668537738462939,0.09223529696464539,0.19730353355407715,0.69299999999307,0.91899999999081,1.1668537855148315,0.6889330148696899,3.487433671951294,0.10000000149011612,0.01528119295835495,0.1,1.1226274822265199,0.08179548382759094,0.14351344108581543,0.6983333333325573,0.91799999999898,1.12262761592865,0.6826753616333008,3.5378482341766357,0.10000000149011612,0.015315093100070953
48,resnet32,5,0.001,0.1,1.1413781528776004,0.08688372373580933,0.18023157119750977,0.67899999999321,0.91699999999083,1.1413782835006714,0.6668652892112732,3.268709182739258,0.10000000149011612,0.01437348872423172,0.1,1.1064848357727968,0.07708387076854706,0.15081411600112915,0.6992222222214453,0.9203333333323107,1.1064847707748413,0.6722415089607239,3.4478142261505127,0.10000000149011612,0.014943450689315796
49,resnet32,4,1.0,0.1,1.2286182519121207,0.1306963860988617,0.2664424479007721,0.6899999999931,0.91599999999084,1.2286185026168823,0.7837339043617249,4.59909200668335,0.10000000149011612,0.019720539450645447,0.1,1.289669922879201,0.12988755106925964,0.24435430765151978,0.6956666666658936,0.9122222222212085,1.2896699905395508,0.8400949239730835,5.503376483917236,0.10000000149011612,0.022872641682624817
50,resnet32,3,0.001,0.1,1.3652500969737198,0.05178402364253998,0.1375327706336975,0.60899999999391,0.8799999999912,1.3652501106262207,0.6525474786758423,2.7939906120300293,0.10000000149011612,0.01279960572719574,0.1,1.3156108046854675,0.040470074862241745,0.5051113367080688,0.630111111110411,0.8834444444434627,1.315610647201538,0.6657451391220093,3.05831241607666,0.10000000149011612,0.013726979494094849
51,resnet32,3,2.0,0.1,1.217736232024298,0.07280426472425461,0.15153682231903076,0.65699999999343,0.92099999999079,1.2177363634109497,0.6662015914916992,3.2588815689086914,0.10000000149011612,0.014299295842647552,0.1,1.200474313885595,0.06735339015722275,0.115020751953125,0.6697777777770335,0.908666666665657,1.2004742622375488,0.6799861788749695,3.47158145904541,0.10000000149011612,0.015085086226463318
52,resnet32,3,0.5,0.1,1.153352487474654,0.04527755826711655,0.1148521900177002,0.66299999999337,0.92699999999073,1.1533526182174683,0.6041919589042664,2.6512668132781982,0.10000000149011612,0.011812478303909302,0.1,1.14236263307163,0.04038074240088463,0.09681305289268494,0.6725555555548082,0.9147777777767613,1.1423625946044922,0.6219788789749146,2.8545525074005127,0.10000000149011612,0.012621305882930756
53,resnet32,5,0.5,0.1,1.1556450012990798,0.1016649529337883,0.419232577085495,0.68499999999315,0.92599999999074,1.1556452512741089,0.6988697052001953,3.714653491973877,0.10000000149011612,0.016024760901927948,0.1,1.1247210887491907,0.0938296765089035,0.1704743206501007,0.7036666666658847,0.9215555555545315,1.1247210502624512,0.7048050165176392,3.8357431888580322,0.10000000149011612,0.016448549926280975
54,resnet32,3,0.01,0.1,1.2594120376530722,0.043058738112449646,0.12488126754760742,0.62699999999373,0.88599999999114,1.2594122886657715,0.6222389936447144,2.6280078887939453,0.10000000149011612,0.011939004063606262,0.1,1.23319362132486,0.028935231268405914,0.07325644791126251,0.6551111111103831,0.8974444444434472,1.2331936359405518,0.6408892273902893,2.898444652557373,0.10000000149011612,0.012963034212589264
55,resnet32,0,0.1,0.1,1.3674281698813213,0.15087416768074036,0.29415449500083923,0.6809999999931899,0.91099999999089,1.3674284219741821,0.8922368884086609,6.0592827796936035,0.10000000149011612,0.025281205773353577,0.1,1.3295942000344798,0.14047768712043762,0.27145808935165405,0.6957777777770047,0.9104444444434328,1.3295942544937134,0.8714636564254761,5.85090970993042,0.10000000149011612,0.024308279156684875
56,resnet32,5,0.1,0.1,1.1608384731557144,0.09821411967277527,0.19176900386810303,0.68199999999318,0.91899999999081,1.1608386039733887,0.6943346261978149,3.6059348583221436,0.10000000149011612,0.015669099986553192,0.1,1.0993493783179904,0.07967254519462585,0.15900421142578125,0.6986666666658903,0.9206666666656437,1.0993493795394897,0.6640865802764893,3.314457654953003,0.10000000149011612,0.014466419816017151
57,vgg11_bn,4,1.0,0.1,1.6602408719931725,0.18351894617080688,0.41436687111854553,0.68499999999315,0.88199999999118,1.6602407693862915,1.0644539594650269,7.797954559326172,0.10000000149011612,0.0332411527633667,0.1,1.5309864795416135,0.16506308317184448,0.38618361949920654,0.7054444444436605,0.890333333332344,1.5309865474700928,1.0402226448059082,8.053418159484863,0.10000000149011612,0.033002451062202454
58,vgg11_bn,5,0.1,0.1,1.518549546315054,0.17413321137428284,0.3870968520641327,0.66899999999331,0.89399999999106,1.518549919128418,0.955532968044281,6.559174060821533,0.10000000149011612,0.027732372283935547,0.1,1.4288233502724648,0.15125630795955658,0.3252609968185425,0.7037777777769958,0.898999999999001,1.4288233518600464,0.9627482891082764,7.121872901916504,0.10000000149011612,0.02908611297607422
59,vgg11_bn,3,1.0,0.1,4.605286552152701,0.00026697758585214615,0.00026697758585214615,0.0099999999999,0.04499999999955,4.605286121368408,0.005544982384890318,0.00015125746722333133,0.10000000149011612,7.450580596923828e-07,0.1,4.605239439191878,0.00026715174317359924,0.00026715174317359924,0.009999999999988888,0.05055555555549938,4.6052398681640625,0.005478377919644117,0.00014720040780957788,0.10000000149011612,1.2814998626708984e-06
60,vgg11_bn,4,0.01,0.1,1.5549347245171812,0.15917819738388062,0.3942473232746124,0.68499999999315,0.86299999999137,1.5549348592758179,1.0048233270645142,7.124687671661377,0.10000000149011612,0.03023552894592285,0.1,1.488993179468237,0.1523500680923462,0.3531861901283264,0.7069999999992144,0.8881111111101242,1.4889932870864868,1.005859613418579,7.571331024169922,0.10000000149011612,0.031114816665649414
61,vgg11_bn,5,0.5,0.1,1.6818042825365105,0.20045924186706543,0.9340921640396118,0.66499999999335,0.87899999999121,1.6818045377731323,1.08399498462677,8.460443496704102,0.10000000149011612,0.03500938415527344,0.1,1.5041729989822814,0.16326048970222473,0.36080658435821533,0.7038888888881067,0.8919999999990088,1.5041730403900146,1.0238512754440308,7.978815078735352,0.10000000149011612,0.032392486929893494
62,vgg11_bn,3,0.5,0.1,2.118524053369203,0.16388842463493347,0.32541269063949585,0.40899999999591,0.78699999999213,2.1185245513916016,0.4925106465816498,1.5444825887680054,0.10000000149011612,0.007246851921081543,0.1,2.162432085389588,0.1586591899394989,0.3668918013572693,0.41611111111064875,0.7714444444435872,2.1624319553375244,0.5420185327529907,1.9224934577941895,0.10000000149011612,0.008893430233001709
63,vgg11_bn,3,0.001,0.1,4.604922725404631,0.002532830461859703,0.002532830461859703,0.01299999999987,0.05599999999944,4.604924201965332,0.009216713719069958,0.0004088360001333058,0.10000000149011612,1.6987323760986328e-06,0.1,4.605422703606143,0.0008008219301700592,0.0008008219301700592,0.009666666666655926,0.049333333333278516,4.6054229736328125,0.009153968654572964,0.00040348467882722616,0.10000000149011612,2.5033950805664062e-06
64,vgg11_bn,4,0.5,0.1,1.5998972494352928,0.17609179019927979,0.9026700258255005,0.67899999999321,0.88299999999117,1.5998971462249756,1.0334457159042358,7.575389862060547,0.10000000149011612,0.03189076483249664,0.1,1.5109457158148643,0.16163654625415802,0.3757273256778717,0.7083333333325462,0.8907777777767879,1.5109457969665527,1.0280535221099854,7.938826560974121,0.10000000149011612,0.032410770654678345
65,vgg11_bn,3,0.01,0.1,4.6049308316362385,0.0025368928909301758,0.0025368928909301758,0.01299999999987,0.05599999999944,4.604930877685547,0.009159569628536701,0.0004037535982206464,0.10000000149011612,2.3245811462402344e-06,0.1,4.605418941890789,0.0007957024499773979,0.0007957024499773979,0.009666666666655926,0.049333333333278516,4.605419158935547,0.009096765890717506,0.00039844002458266914,0.10000000149011612,2.115964889526367e-06
66,vgg11_bn,4,0.1,0.1,1.578481181572366,0.15963558852672577,0.34997475147247314,0.68899999999311,0.8799999999912,1.5784813165664673,1.0099852085113525,7.157023906707764,0.10000000149011612,0.030405282974243164,0.1,1.5218265437065222,0.15903718769550323,0.36499810218811035,0.7049999999992166,0.890111111110122,1.5218266248703003,1.0272209644317627,7.824210166931152,0.10000000149011612,0.0322018563747406
67,vgg11_bn,5,0.001,0.1,1.4388588523030008,0.14742311835289001,0.28669631481170654,0.67099999999329,0.88499999999115,1.438859224319458,0.8878917694091797,5.5786309242248535,0.10000000149011612,0.02402813732624054,0.1,1.3824166441498131,0.14156287908554077,0.3261830806732178,0.6961111111103376,0.8923333333323418,1.3824167251586914,0.9081765413284302,6.254384517669678,0.10000000149011612,0.025944620370864868
68,vgg11_bn,0,0.1,0.1,1.5995037395744207,0.16124306619167328,0.40255773067474365,0.68799999999312,0.87799999999122,1.599503755569458,1.0161705017089844,7.097992420196533,0.10000000149011612,0.030473843216896057,0.1,1.503624570023574,0.1503513902425766,0.3472387194633484,0.7084444444436572,0.8866666666656814,1.5036245584487915,1.0159574747085571,7.784862995147705,0.10000000149011612,0.03176066279411316
69,vgg11_bn,4,0.001,0.1,1.5850150426673058,0.17519257962703705,0.4167957305908203,0.66799999999332,0.86799999999132,1.5850151777267456,0.9892582893371582,6.74972677230835,0.10000000149011612,0.02900591492652893,0.1,1.4701040172136985,0.1478366106748581,0.33939328789711,0.7109999999992099,0.890666666665677,1.4701039791107178,0.992771327495575,7.34519624710083,0.10000000149011612,0.03031596541404724
70,vgg11_bn,3,2.0,0.1,4.605368568143092,0.0001994594931602478,0.0001994594931602478,0.0099999999999,0.04499999999955,4.6053690910339355,0.004010865930467844,8.105230517685413e-05,0.10000000149011612,4.172325134277344e-07,0.1,4.605191596530391,0.00019999220967292786,0.00019999220967292786,0.009999999999988888,0.05055555555549938,4.605191230773926,0.00393911637365818,7.796478166710585e-05,0.10000000149011612,1.2814998626708984e-06
71,vgg11_bn,5,2.0,0.1,1.7146205730637554,0.19265109300613403,0.4705909788608551,0.67099999999329,0.87499999999125,1.7146207094192505,1.094720721244812,8.409327507019043,0.10000000149011612,0.03525067865848541,0.1,1.6385923340922581,0.1790766417980194,0.38191986083984375,0.7004444444436662,0.8871111111101253,1.6385923624038696,1.116741418838501,9.398545265197754,0.10000000149011612,0.03767859935760498
72,vgg11_bn,5,1.0,0.1,1.6245550946858456,0.1730394959449768,0.33110958337783813,0.68799999999312,0.88599999999114,1.6245553493499756,1.0618641376495361,8.168243408203125,0.10000000149011612,0.033853039145469666,0.1,1.5495593000784653,0.17112243175506592,0.35387158393859863,0.7082222222214353,0.8955555555545605,1.5495593547821045,1.0674500465393066,8.651890754699707,0.10000000149011612,0.03490075469017029
73,vgg11_bn,5,0.01,0.1,1.452966437115233,0.15420515835285187,0.2865581512451172,0.66699999999333,0.89199999999108,1.452966570854187,0.9042885899543762,5.82499361038208,0.10000000149011612,0.024937719106674194,0.1,1.3919766463601924,0.14462320506572723,0.3257174491882324,0.6935555555547849,0.8923333333323418,1.3919767141342163,0.9123075008392334,6.2445783615112305,0.10000000149011612,0.02603943645954132
74,vgg11_bn,4,2.0,0.1,1.5994514066968313,0.18889792263507843,0.41088712215423584,0.67499999999325,0.88699999999113,1.5994514226913452,1.0282058715820312,7.401159763336182,0.10000000149011612,0.03138267993927002,0.1,1.5662124139549543,0.16827024519443512,0.4224076569080353,0.7071111111103253,0.890666666665677,1.5662124156951904,1.070236325263977,8.57219409942627,0.10000000149011612,0.034845635294914246
75,vgg11_bn,3,0.1,0.1,4.604992343629032,0.0025735534727573395,0.0025735534727573395,0.01299999999987,0.05599999999944,4.604991436004639,0.008624538779258728,0.00035827019019052386,0.10000000149011612,1.7881393432617188e-06,0.1,4.60538720572885,0.0007602684199810028,0.0007602684199810028,0.009666666666655926,0.049333333333278516,4.605387210845947,0.008563568815588951,0.0003532499831635505,0.10000000149011612,2.7418136596679688e-06
76,vgg19_bn,3,2.0,0.1,4.605474902828308,0.002807040698826313,0.002807040698826313,0.01299999999987,0.04799999999952,4.605476379394531,0.004009052645415068,8.439976954832673e-05,0.10000000149011612,6.556510925292969e-07,0.1,4.605183914153962,0.0005262149497866631,0.0005262149497866631,0.009666666666655926,0.050222222222166414,4.605184078216553,0.004020864609628916,8.581308793509379e-05,0.10000000149011612,5.066394805908203e-07
77,vgg19_bn,4,0.01,0.1,1.763901692871237,0.20222675800323486,0.5337371826171875,0.7309999999926899,0.90099999999099,1.763901948928833,1.2714588642120361,11.921996116638184,0.10000000149011612,0.04735901951789856,0.1,1.7910538362099793,0.19447976350784302,0.4845033884048462,0.7417777777769535,0.9009999999989988,1.7910538911819458,1.3150767087936401,12.97900676727295,0.10000000149011612,0.050590142607688904
78,vgg19_bn,5,0.5,0.1,1.6401840284361116,0.1886596977710724,0.4100487530231476,0.67899999999321,0.88199999999118,1.6401840448379517,1.0812501907348633,8.556612968444824,0.10000000149011612,0.035136476159095764,0.1,1.595719944982281,0.16397926211357117,0.35194873809814453,0.7057777777769935,0.8875555555545693,1.5957200527191162,1.1120386123657227,9.841800689697266,0.10000000149011612,0.038343772292137146
79,vgg19_bn,0,0.1,0.1,1.7990079938278523,0.19544564187526703,0.5123472213745117,0.73899999999261,0.89899999999101,1.7990080118179321,1.316113829612732,13.138768196105957,0.10000000149011612,0.05082052946090698,0.1,1.7799837569486316,0.19437487423419952,0.46393367648124695,0.7434444444436183,0.9005555555545549,1.7799839973449707,1.3145052194595337,12.965721130371094,0.10000000149011612,0.0505874902009964
80,vgg19_bn,4,0.5,0.1,1.743714911189865,0.1955050379037857,0.38378095626831055,0.73599999999264,0.90899999999091,1.7437149286270142,1.2605687379837036,11.81714153289795,0.10000000149011612,0.046789899468421936,0.1,1.755928964783112,0.19285082817077637,0.4464900493621826,0.7331111111102965,0.9004444444434438,1.7559291124343872,1.2823119163513184,12.558528900146484,0.10000000149011612,0.048671260476112366
81,vgg19_bn,5,0.01,0.1,1.3898001770275965,0.12976974248886108,0.33100467920303345,0.67099999999329,0.87499999999125,1.3898000717163086,0.8437367081642151,5.018828392028809,0.10000000149011612,0.021806344389915466,0.1,1.3302554804538365,0.11571478098630905,0.2391708493232727,0.6935555555547849,0.8855555555545715,1.3302556276321411,0.8546724319458008,5.495497226715088,0.10000000149011612,0.02312222123146057
82,vgg19_bn,3,0.1,0.1,3.9252638424307116,0.021374138072133064,0.15329866111278534,0.06399999999936,0.25099999999749,3.9252641201019287,0.3799728453159332,0.7028651833534241,0.10000000149011612,0.0035202503204345703,0.1,3.9409655156322034,0.016086507588624954,0.12874914705753326,0.05833333333326851,0.23511111111084987,3.9409656524658203,0.37301933765411377,0.7028223276138306,0.10000000149011612,0.003491610288619995
83,vgg19_bn,5,0.001,0.1,1.4453258369871713,0.1467551290988922,0.34566205739974976,0.65799999999342,0.87699999999123,1.4453259706497192,0.8788084387779236,5.4383745193481445,0.10000000149011612,0.02348606288433075,0.1,1.3802194844910673,0.12501659989356995,0.30209481716156006,0.6921111111103421,0.882111111110131,1.3802194595336914,0.8920904994010925,5.991854667663574,0.10000000149011612,0.025019168853759766
84,vgg19_bn,5,0.1,0.1,1.3659475905199066,0.1400555968284607,0.32840150594711304,0.69199999999308,0.89899999999101,1.3659478425979614,0.8921402096748352,5.977479934692383,0.10000000149011612,0.025009647011756897,0.1,1.3999399063661961,0.14243444800376892,0.2765789031982422,0.6974444444436695,0.890555555554566,1.3999398946762085,0.9323202967643738,6.664401054382324,0.10000000149011612,0.02740989625453949
85,vgg19_bn,5,1.0,0.1,1.7740602315880112,0.18604743480682373,0.3576221168041229,0.66599999999334,0.87399999999126,1.7740603685379028,1.1838204860687256,10.93336296081543,0.10000000149011612,0.042436808347702026,0.1,1.6665457203679614,0.1635737121105194,0.3551269471645355,0.6898888888881223,0.881555555554576,1.6665458679199219,1.1350986957550049,10.211446762084961,0.10000000149011612,0.039673805236816406
86,vgg19_bn,5,2.0,0.1,1.77396081104152,0.16795188188552856,0.30887165665626526,0.67499999999325,0.88299999999117,1.7739611864089966,1.1873396635055542,11.478164672851562,0.10000000149011612,0.04338294267654419,0.1,1.750233224407564,0.16756264865398407,0.340090274810791,0.6794444444436895,0.8746666666656947,1.7502332925796509,1.1842695474624634,11.1952486038208,0.10000000149011612,0.04288889467716217
87,vgg19_bn,3,0.01,0.1,4.005838354106656,0.017891623079776764,0.08853298425674438,0.0599999999994,0.22899999999771,4.005838394165039,0.3993293344974518,0.7569278478622437,0.10000000149011612,0.003796190023422241,0.1,4.030472009207136,0.006101920269429684,0.14007627964019775,0.04611111111105987,0.20466666666643923,4.030472278594971,0.38600003719329834,0.7186638712882996,0.10000000149011612,0.003597855567932129
88,vgg19_bn,3,1.0,0.1,3.136464564430032,0.06420445442199707,0.08851943165063858,0.13499999999865,0.51899999999481,3.136464834213257,0.3431641459465027,0.9811711311340332,0.10000000149011612,0.004367530345916748,0.1,3.1376966865432383,0.06679496169090271,0.12264759838581085,0.13855555555540158,0.5074444444438806,3.1376969814300537,0.3483946919441223,0.9458528757095337,0.10000000149011612,0.00428617000579834
89,vgg19_bn,4,0.001,0.1,1.7530016723808721,0.20834368467330933,0.465713769197464,0.72899999999271,0.90499999999095,1.7530016899108887,1.2602012157440186,11.497787475585938,0.10000000149011612,0.04629330337047577,0.1,1.7813973936844607,0.19328202307224274,0.47878938913345337,0.7428888888880634,0.900222222221222,1.7813973426818848,1.3170037269592285,13.119657516479492,0.10000000149011612,0.0508909672498703
90,vgg19_bn,4,0.1,0.1,1.9815547268122604,0.2153024822473526,0.4531509578227997,0.71399999999286,0.90299999999097,1.9815547466278076,1.4091931581497192,15.199897766113281,0.10000000149011612,0.057324960827827454,0.1,1.7657214913352401,0.19423602521419525,0.45615801215171814,0.7384444444436239,0.9005555555545549,1.7657215595245361,1.2992382049560547,12.76355266571045,0.10000000149011612,0.049679115414619446
91,vgg19_bn,4,1.0,0.1,1.827420335615262,0.20825473964214325,0.43715760111808777,0.70799999999292,0.90299999999097,1.8274201154708862,1.284493327140808,12.456937789916992,0.10000000149011612,0.04846848547458649,0.1,1.7485914078463118,0.19247248768806458,0.4709734320640564,0.7361111111102931,0.8988888888878901,1.7485915422439575,1.2862015962600708,12.745177268981934,0.10000000149011612,0.04908192157745361
92,vgg19_bn,4,2.0,0.1,1.8789608290650062,0.21454361081123352,0.5612801909446716,0.70899999999291,0.89899999999101,1.8789610862731934,1.3115278482437134,12.804450988769531,0.10000000149011612,0.0499805212020874,0.1,1.7800672829240842,0.19938364624977112,0.47502386569976807,0.7292222222214119,0.9003333333323329,1.7800674438476562,1.2972924709320068,12.92884349822998,0.10000000149011612,0.0497480183839798
93,vgg19_bn,3,0.5,0.1,3.346157278931616,0.07004512846469879,0.19348831474781036,0.13699999999863,0.46099999999539,3.3461575508117676,0.40651440620422363,1.0201256275177002,0.10000000149011612,0.0048461854457855225,0.1,3.307750168409954,0.057442791759967804,0.1266399472951889,0.12577777777763802,0.4698888888883668,3.3077499866485596,0.3922419846057892,0.9450033903121948,0.10000000149011612,0.004509687423706055
94,vgg19_bn,3,0.001,0.1,4.606307460498205,0.005517465993762016,0.005517465993762016,0.00499999999995,0.04499999999955,4.606308460235596,0.009706491604447365,0.000489726837258786,0.10000000149011612,2.8014183044433594e-06,0.1,4.605324740061195,3.716070204973221e-05,3.716070204973221e-05,0.010555555555543826,0.05055555555549938,4.605324745178223,0.009835785254836082,0.0005083817522972822,0.10000000149011612,3.129243850708008e-06
95,shufflenetv2_x1_0,5,0.001,0.1,1.13533531484141,0.09568336606025696,0.20507097244262695,0.67499999999325,0.92899999999071,1.1353352069854736,0.6632428765296936,3.2456178665161133,0.10000000149011612,0.014260813593864441,0.1,1.0740098543949328,0.07777925580739975,0.16790542006492615,0.7112222222214319,0.9193333333323118,1.0740097761154175,0.6652755737304688,3.3430538177490234,0.10000000149011612,0.014575101435184479
96,shufflenetv2_x1_0,3,2.0,0.1,1.3388249740232494,0.0693071037530899,0.1497628092765808,0.61499999999385,0.8899999999911,1.33882474899292,0.6662115454673767,3.0032341480255127,0.10000000149011612,0.013587906956672668,0.1,1.2229427218094417,0.037156518548727036,0.0921887680888176,0.6603333333325996,0.899444444443445,1.2229427099227905,0.6510822176933289,3.0925464630126953,0.10000000149011612,0.013648830354213715
97,shufflenetv2_x1_0,5,0.1,0.1,1.1863801360701587,0.10159720480442047,0.19422397017478943,0.6809999999931899,0.92699999999073,1.18638014793396,0.7133126258850098,3.818639039993286,0.10000000149011612,0.01652666926383972,0.1,1.0941495220954693,0.08471492677927017,0.17188706994056702,0.7169999999992033,0.9191111111100898,1.0941495895385742,0.6957619786262512,3.725206136703491,0.10000000149011612,0.016044504940509796
98,shufflenetv2_x1_0,3,0.1,0.1,1.3399069175243927,0.03102175146341324,0.9097513556480408,0.60899999999391,0.88799999999112,1.3399074077606201,0.6080588102340698,2.3961026668548584,0.10000000149011612,0.011069267988204956,0.1,1.2628696348145645,0.015900868922472,0.03907892107963562,0.6373333333326251,0.8895555555545671,1.2628697156906128,0.6142151951789856,2.5411486625671387,0.10000000149011612,0.01159428060054779
99,shufflenetv2_x1_0,4,0.001,0.1,1.2247865077564075,0.13359537720680237,0.3027992248535156,0.6899999999931,0.9059999999909399,1.224786400794983,0.7671105265617371,4.206332206726074,0.10000000149011612,0.018414661288261414,0.1,1.1677224093284122,0.11003445088863373,0.2520895004272461,0.7294444444436339,0.9144444444434283,1.167722463607788,0.7840577363967896,4.654018878936768,0.10000000149011612,0.019865579903125763
100,shufflenetv2_x1_0,4,0.1,0.1,1.2155220387023236,0.1089441254734993,0.20616835355758667,0.71199999999288,0.9099999999909,1.2155219316482544,0.7879723310470581,4.58535623550415,0.10000000149011612,0.019779890775680542,0.1,1.164558422596054,0.11127577722072601,0.9156096577644348,0.7297777777769668,0.9137777777767624,1.1645584106445312,0.7876778841018677,4.7642598152160645,0.10000000149011612,0.020198628306388855
101,shufflenetv2_x1_0,4,0.5,0.1,1.2205095169086744,0.12586237490177155,0.33377712965011597,0.69499999999305,0.91899999999081,1.2205095291137695,0.7648757696151733,4.166027069091797,0.10000000149011612,0.018281184136867523,0.1,1.1130353994718103,0.10357997566461563,0.21106696128845215,0.7272222222214141,0.9213333333323096,1.1130354404449463,0.7408303618431091,4.186423301696777,0.10000000149011612,0.017967432737350464
102,shufflenetv2_x1_0,4,2.0,0.1,1.324924694163473,0.13984514772891998,0.3163793683052063,0.66699999999333,0.90399999999096,1.3249248266220093,0.810084342956543,4.745823383331299,0.10000000149011612,0.020530149340629578,0.1,1.2531366069433327,0.1254984438419342,0.23774349689483643,0.7022222222214419,0.9121111111100976,1.2531366348266602,0.8154284358024597,5.012909889221191,0.10000000149011612,0.021291643381118774
103,shufflenetv2_x1_0,5,2.0,0.1,1.3227789269730166,0.12567447125911713,0.2840670347213745,0.6809999999931899,0.91099999999089,1.3227789402008057,0.8124023675918579,4.904359817504883,0.10000000149011612,0.02094978094100952,0.1,1.2482701526123616,0.12537960708141327,0.22666168212890625,0.6933333333325629,0.9113333333323207,1.2482701539993286,0.7990395426750183,4.838053226470947,0.10000000149011612,0.02053891122341156
104,shufflenetv2_x1_0,4,0.01,0.1,1.2233602878304841,0.1241527646780014,0.2812843918800354,0.699999999993,0.91499999999085,1.2233604192733765,0.7777960896492004,4.407674789428711,0.10000000149011612,0.01915038377046585,0.1,1.1602113366481253,0.1127186194062233,0.21910208463668823,0.727555555554747,0.9162222222212041,1.1602113246917725,0.7777023911476135,4.559869766235352,0.10000000149011612,0.019515015184879303
105,shufflenetv2_x1_0,5,0.01,0.1,1.139333355954384,0.09287513792514801,0.2595399022102356,0.68599999999314,0.92699999999073,1.1393336057662964,0.6645930409431458,3.1986429691314697,0.10000000149011612,0.014133244752883911,0.1,1.10159287065389,0.07791018486022949,0.19201290607452393,0.7045555555547727,0.9152222222212052,1.1015928983688354,0.6750595569610596,3.4145777225494385,0.10000000149011612,0.014901533722877502
106,shufflenetv2_x1_0,3,0.5,0.1,1.213527071261641,0.03128659725189209,0.11238567531108856,0.63799999999362,0.91099999999089,1.2135272026062012,0.5997133255004883,2.496964693069458,0.10000000149011612,0.011303938925266266,0.1,1.1552142024449985,0.025816364213824272,0.09717737883329391,0.6701111111103665,0.9063333333323262,1.1552141904830933,0.6108948588371277,2.659114122390747,0.10000000149011612,0.011919006705284119
107,shufflenetv2_x1_0,4,1.0,0.1,1.180099594712981,0.10818792134523392,0.2474920153617859,0.69699999999303,0.91599999999084,1.1800998449325562,0.7424544095993042,4.1049604415893555,0.10000000149011612,0.017762601375579834,0.1,1.1131877886801167,0.10324692726135254,0.21529215574264526,0.7274444444436361,0.917777777776758,1.1131876707077026,0.7429533004760742,4.241591453552246,0.10000000149011612,0.018136218190193176
108,shufflenetv2_x1_0,5,1.0,0.1,1.2627063863368644,0.12547430396080017,0.2646685242652893,0.68699999999313,0.91399999999086,1.2627066373825073,0.7926028966903687,4.659357070922852,0.10000000149011612,0.020005598664283752,0.1,1.1172476067315005,0.10287995636463165,0.19973957538604736,0.7208888888880879,0.9229999999989743,1.1172477006912231,0.7367512583732605,4.281171798706055,0.10000000149011612,0.01810922473669052
109,shufflenetv2_x1_0,3,1.0,0.1,1.2075396655445374,0.05131976306438446,0.12657736241817474,0.64099999999359,0.91299999999087,1.2075397968292236,0.6171074509620667,2.7031922340393066,0.10000000149011612,0.012109510600566864,0.1,1.1260496365433283,0.03388690948486328,0.08853904902935028,0.6801111111103554,0.9138888888878733,1.1260497570037842,0.6130438446998596,2.710862398147583,0.10000000149011612,0.012110583484172821
110,shufflenetv2_x1_0,3,0.001,0.1,1.4355656957120921,0.0408284068107605,0.11638286709785461,0.58199999999418,0.87399999999126,1.435565710067749,0.6347253322601318,2.578538656234741,0.10000000149011612,0.01192280650138855,0.1,1.4066086197165,0.021511271595954895,0.04554104804992676,0.6035555555548849,0.8712222222212541,1.4066085815429688,0.6571540236473083,2.873631715774536,0.10000000149011612,0.013067826628684998
111,shufflenetv2_x1_0,0,0.1,0.1,1.2468172187101116,0.12257732450962067,0.30609822273254395,0.69899999999301,0.90799999999092,1.2468172311782837,0.7898372411727905,4.51007080078125,0.10000000149011612,0.01960158348083496,0.1,1.1675051967576153,0.10745016485452652,0.2480115294456482,0.7327777777769635,0.9163333333323151,1.1675052642822266,0.7885212898254395,4.726404666900635,0.10000000149011612,0.020121373236179352
112,shufflenetv2_x1_0,3,0.01,0.1,1.3275526629253402,0.04127873480319977,0.11123448610305786,0.599999999994,0.8899999999911,1.3275525569915771,0.6038080453872681,2.4072256088256836,0.10000000149011612,0.011012539267539978,0.1,1.2803980627668223,0.016292322427034378,0.09656085819005966,0.638444444443735,0.8888888888879012,1.2803980112075806,0.6255367398262024,2.651435375213623,0.10000000149011612,0.012049153447151184
113,shufflenetv2_x1_0,5,0.5,0.1,1.117703188209565,0.10937399417161942,0.212764710187912,0.68799999999312,0.92299999999077,1.1177034378051758,0.6876503229141235,3.5412282943725586,0.10000000149011612,0.015406787395477295,0.1,1.1086284174786873,0.09879671037197113,0.1947251558303833,0.7141111111103176,0.9213333333323096,1.108628511428833,0.7133065462112427,3.94840145111084,0.10000000149011612,0.016886822879314423
114,shufflenetv2_x0_5,5,0.01,0.1,1.2849031558292523,0.07077299803495407,0.15488088130950928,0.61899999999381,0.90699999999093,1.2849032878875732,0.6302737593650818,2.5897648334503174,0.10000000149011612,0.011934638023376465,0.1,1.225707410404155,0.05046023800969124,0.11388885974884033,0.6623333333325974,0.8981111111101131,1.2257075309753418,0.6655875444412231,3.137700319290161,0.10000000149011612,0.013977743685245514
115,shufflenetv2_x0_5,5,0.001,0.1,1.2721803061105945,0.05828995257616043,0.13867411017417908,0.64799999999352,0.8899999999911,1.2721803188323975,0.6652238965034485,3.028297185897827,0.10000000149011612,0.013661175966262817,0.1,1.21524339117021,0.05571555718779564,0.1295132040977478,0.6548888888881612,0.9012222222212208,1.2152433395385742,0.6480699181556702,2.9410533905029297,0.10000000149011612,0.013180255889892578
116,shufflenetv2_x0_5,0,0.1,0.1,1.417765126355796,0.12806211411952972,0.2606202960014343,0.65699999999343,0.89099999999109,1.4177652597427368,0.8300930857658386,4.897614002227783,0.10000000149011612,0.021205872297286987,0.1,1.2971363450578623,0.11828882247209549,0.2283846139907837,0.6818888888881312,0.9024444444434416,1.2971363067626953,0.8025058507919312,4.754020690917969,0.10000000149011612,0.020397767424583435
117,shufflenetv2_x0_5,4,2.0,0.1,1.2796465030497874,0.11102151870727539,0.22310572862625122,0.66499999999335,0.90699999999093,1.2796465158462524,0.7428059577941895,4.034580707550049,0.10000000149011612,0.01750674843788147,0.1,1.2686993002040357,0.10568781197071075,0.18698662519454956,0.6821111111103532,0.9026666666656636,1.268699288368225,0.7745838165283203,4.509927272796631,0.10000000149011612,0.019255414605140686
118,shufflenetv2_x0_5,3,2.0,0.1,1.5142744628159346,0.06411020457744598,0.15351498126983643,0.56099999999439,0.86199999999138,1.5142744779586792,0.5757622122764587,2.196599245071411,0.10000000149011612,0.010096743702888489,0.1,1.4567388279941331,0.06991425156593323,0.16467928886413574,0.5958888888882268,0.873111111110141,1.456738829612732,0.5911378860473633,2.4042344093322754,0.10000000149011612,0.010900631546974182
119,shufflenetv2_x0_5,3,0.001,0.1,1.675107939181538,0.04121598228812218,0.25284039974212646,0.52299999999477,0.83199999999168,1.6751080751419067,0.6765555739402771,2.8288803100585938,0.10000000149011612,0.01318436861038208,0.1,1.645566249714426,0.025361714884638786,0.06348487734794617,0.5404444444438439,0.8331111111101853,1.6455662250518799,0.6927565336227417,3.047484874725342,0.10000000149011612,0.01403343677520752
120,shufflenetv2_x0_5,5,2.0,0.1,1.3716034752060844,0.09517328441143036,0.20610524713993073,0.61899999999381,0.89699999999103,1.3716038465499878,0.7170745730400085,3.529951333999634,0.10000000149011612,0.015776708722114563,0.1,1.2408453212302306,0.06835947930812836,0.11473819613456726,0.6609999999992655,0.9019999999989977,1.2408453226089478,0.6924847960472107,3.5346579551696777,0.10000000149011612,0.015427641570568085
121,shufflenetv2_x0_5,3,1.0,0.1,1.456214771013719,0.03889691084623337,0.40723857283592224,0.57599999999424,0.86099999999139,1.4562146663665771,0.5950940251350403,2.3385074138641357,0.10000000149011612,0.01067797839641571,0.1,1.3581285329139485,0.044130127876996994,0.09447125345468521,0.6193333333326452,0.881333333332354,1.3581284284591675,0.5900501012802124,2.338663101196289,0.10000000149011612,0.01070508360862732
122,shufflenetv2_x0_5,4,0.01,0.1,1.3903380493366708,0.13953830301761627,0.31734126806259155,0.65399999999346,0.89899999999101,1.3903379440307617,0.8120412230491638,4.6042256355285645,0.10000000149011612,0.020203113555908203,0.1,1.2871591898073786,0.11585280299186707,0.22027409076690674,0.6818888888881312,0.9036666666656625,1.2871593236923218,0.7930594682693481,4.652298450469971,0.10000000149011612,0.019970357418060303
123,shufflenetv2_x0_5,3,0.01,0.1,1.8006043254082635,0.03675226494669914,0.09287649393081665,0.50399999999496,0.81099999999189,1.8006041049957275,0.7109768986701965,3.103943109512329,0.10000000149011612,0.01443818211555481,0.1,1.7550652404993698,0.018518297001719475,0.045782268047332764,0.5239999999994177,0.8125555555546526,1.7550652027130127,0.7129349708557129,3.178415536880493,0.10000000149011612,0.0146903395652771
124,shufflenetv2_x0_5,4,0.1,0.1,1.3234519826150897,0.1183893084526062,0.23382818698883057,0.66299999999337,0.89299999999107,1.3234519958496094,0.7684991955757141,4.215233325958252,0.10000000149011612,0.018420204520225525,0.1,1.2856651530285754,0.11250558495521545,0.19967412948608398,0.6778888888881356,0.9005555555545549,1.2856651544570923,0.7891230583190918,4.6467061042785645,0.10000000149011612,0.019870534539222717
125,shufflenetv2_x0_5,5,0.5,0.1,1.2406098718559864,0.08688642829656601,0.17204678058624268,0.62599999999374,0.91599999999084,1.240609884262085,0.6414496898651123,2.8207285404205322,0.10000000149011612,0.012757189571857452,0.1,1.1994378553414855,0.05418737232685089,0.09518164396286011,0.674333333332584,0.9045555555545504,1.1994378566741943,0.6702089309692383,3.254460334777832,0.10000000149011612,0.014369189739227295
126,shufflenetv2_x0_5,4,1.0,0.1,1.3303261862282934,0.12146575003862381,0.23710668087005615,0.64599999999354,0.89799999999102,1.3303263187408447,0.7606788873672485,4.110706329345703,0.10000000149011612,0.018019050359725952,0.1,1.2472599863393075,0.09833495318889618,0.17805789411067963,0.6865555555547926,0.9045555555545504,1.2472599744796753,0.7639722228050232,4.42432975769043,0.10000000149011612,0.01887483149766922
127,shufflenetv2_x0_5,4,0.001,0.1,1.3387799129122497,0.13804179430007935,0.28655335307121277,0.64799999999352,0.90199999999098,1.3387799263000488,0.7868603467941284,4.403377056121826,0.10000000149011612,0.01922774314880371,0.1,1.2865700707445498,0.118749238550663,0.2205946147441864,0.6802222222214663,0.9044444444434394,1.2865700721740723,0.792319655418396,4.665955543518066,0.10000000149011612,0.019976288080215454
128,shufflenetv2_x0_5,4,0.5,0.1,1.3655780417259946,0.12102246284484863,0.21951782703399658,0.65399999999346,0.90699999999093,1.3655779361724854,0.7981953024864197,4.65630578994751,0.10000000149011612,0.020042628049850464,0.1,1.2564822686327646,0.1077151894569397,0.19017291069030762,0.6784444444436906,0.9036666666656625,1.2564822435379028,0.7647113800048828,4.359137058258057,0.10000000149011612,0.018729880452156067
129,shufflenetv2_x0_5,5,0.1,0.1,1.2802948823691704,0.07435276359319687,0.16348113119602203,0.62899999999371,0.90499999999095,1.2802947759628296,0.6554394364356995,2.9449522495269775,0.10000000149011612,0.01326240599155426,0.1,1.1900424016869333,0.05158018320798874,0.0965748131275177,0.6679999999992577,0.8978888888878912,1.190042495727539,0.6526610255241394,3.0483906269073486,0.10000000149011612,0.013548851013183594
130,shufflenetv2_x0_5,5,1.0,0.1,1.2865987887468662,0.08041450381278992,0.1575867384672165,0.64799999999352,0.89699999999103,1.2865986824035645,0.6970817446708679,3.408966064453125,0.10000000149011612,0.015153557062149048,0.1,1.1822538495173103,0.05992686748504639,0.10398519039154053,0.6799999999992444,0.9059999999989933,1.1822539567947388,0.6769694089889526,3.3787014484405518,0.10000000149011612,0.014805138111114502
131,shufflenetv2_x0_5,3,0.1,0.1,1.6069609958169868,0.023447927087545395,0.24830225110054016,0.54599999999454,0.83799999999162,1.6069610118865967,0.6431227326393127,2.569953680038452,0.10000000149011612,0.011999696493148804,0.1,1.556510791108746,0.008044801652431488,0.05293748155236244,0.5639999999993733,0.8501111111101665,1.5565108060836792,0.6529561281204224,2.7274270057678223,0.10000000149011612,0.01257990300655365
132,shufflenetv2_x0_5,3,0.5,0.1,1.512801274430398,0.0238594152033329,0.41336145997047424,0.5599999999944,0.86399999999136,1.512801170349121,0.6105539202690125,2.3953135013580322,0.10000000149011612,0.01108047366142273,0.1,1.4417422331579246,0.027624916285276413,0.08759526908397675,0.5906666666660103,0.8666666666657036,1.441742181777954,0.6096002459526062,2.4215593338012695,0.10000000149011612,0.011162400245666504
133,mobilenetv2_x1_0,5,0.1,0.1,1.0565180672851613,0.05892108008265495,0.1238105297088623,0.70799999999292,0.92799999999072,1.0565180778503418,0.6038163900375366,2.695079803466797,0.10000000149011612,0.011971890926361084,0.1,1.0024802872327414,0.05383111536502838,0.09882062673568726,0.710888888888099,0.9309999999989654,1.0024802684783936,0.595787763595581,2.6941094398498535,0.10000000149011612,0.011872939765453339
134,mobilenetv2_x1_0,5,0.5,0.1,1.0462037220285023,0.07355474680662155,0.17489629983901978,0.70399999999296,0.93799999999062,1.046203851699829,0.6313073635101318,2.9956650733947754,0.10000000149011612,0.013166360557079315,0.1,1.0155203860973248,0.07002617418766022,0.12406247854232788,0.7171111111103142,0.9317777777767424,1.015520453453064,0.6293097734451294,3.087667465209961,0.10000000149011612,0.013392485678195953
135,mobilenetv2_x1_0,0,0.1,0.1,1.133900511846725,0.1236720085144043,0.351060152053833,0.72699999999273,0.93799999999062,1.1339004039764404,0.7641817331314087,4.545113563537598,0.10000000149011612,0.019211851060390472,0.1,1.0555189571308645,0.10871170461177826,0.23974907398223877,0.7512222222213875,0.9319999999989643,1.0555189847946167,0.7453598976135254,4.450108528137207,0.10000000149011612,0.018699824810028076
136,mobilenetv2_x1_0,4,1.0,0.1,1.0579000605651034,0.1038798987865448,0.21228951215744019,0.73699999999263,0.93699999999063,1.0579001903533936,0.7135164141654968,3.926257848739624,0.10000000149011612,0.01688658446073532,0.1,1.0341301085319898,0.1040407121181488,0.20813685655593872,0.7452222222213941,0.9344444444434061,1.0341300964355469,0.7202341556549072,4.24247932434082,0.10000000149011612,0.017775923013687134
137,mobilenetv2_x1_0,3,0.01,0.1,1.584983571415179,0.03696903586387634,0.08229491859674454,0.54699999999453,0.84599999999154,1.5849837064743042,0.6344467401504517,2.4952452182769775,0.10000000149011612,0.011672094464302063,0.1,1.5360250323500748,0.008693096227943897,0.04246501997113228,0.55799999999938,0.8558888888879378,1.5360249280929565,0.6380555033683777,2.5994343757629395,0.10000000149011612,0.012021929025650024
138,mobilenetv2_x1_0,3,0.001,0.1,1.732707483130689,0.02890092134475708,0.08485471457242966,0.50199999999498,0.82699999999173,1.7327077388763428,0.646492063999176,2.5407724380493164,0.10000000149011612,0.011928170919418335,0.1,1.710608162568725,0.011679932475090027,0.03516942262649536,0.5242222222216397,0.8234444444435294,1.7106082439422607,0.6688520312309265,2.784363269805908,0.10000000149011612,0.012949258089065552
139,mobilenetv2_x1_0,4,0.1,0.1,1.0878159891065813,0.1278165876865387,0.3357285261154175,0.71699999999283,0.93299999999067,1.0878162384033203,0.7229000926017761,3.9250688552856445,0.10000000149011612,0.017025746405124664,0.1,1.0419768017211575,0.10673266649246216,0.22531664371490479,0.7491111111102787,0.9358888888878489,1.0419769287109375,0.7312865853309631,4.30367374420166,0.10000000149011612,0.01812572032213211
140,mobilenetv2_x1_0,3,0.5,0.1,1.3408326968577864,0.041177086532115936,0.10011792182922363,0.60299999999397,0.88199999999118,1.3408328294754028,0.5612991452217102,2.074873685836792,0.10000000149011612,0.009586825966835022,0.1,1.3092827782388448,0.03623289242386818,0.08962008357048035,0.6212222222215319,0.8925555555545638,1.3092827796936035,0.5709392428398132,2.1896262168884277,0.10000000149011612,0.010045289993286133
141,mobilenetv2_x1_0,5,2.0,0.1,1.0876182208971943,0.09508177638053894,0.1926841139793396,0.7059999999929399,0.93599999999064,1.0876184701919556,0.6862368583679199,3.803563117980957,0.10000000149011612,0.016070425510406494,0.1,1.0578910497990934,0.08998889476060867,0.1658744513988495,0.7192222222214231,0.9287777777767457,1.0578910112380981,0.6820176839828491,3.702073812484741,0.10000000149011612,0.01577845960855484
142,mobilenetv2_x1_0,5,0.001,0.1,1.1160890944451882,0.04725208133459091,0.13482177257537842,0.68499999999315,0.91899999999081,1.116089105606079,0.6197143793106079,2.786564826965332,0.10000000149011612,0.012408658862113953,0.1,1.035850027046026,0.05056861788034439,0.10380688309669495,0.7054444444436605,0.925666666665638,1.0358500480651855,0.601402997970581,2.6537020206451416,0.10000000149011612,0.011821508407592773
143,mobilenetv2_x1_0,4,2.0,0.1,1.0545616044446184,0.11623972654342651,0.2390802800655365,0.7309999999926899,0.93199999999068,1.054561734199524,0.7143375873565674,3.993920087814331,0.10000000149011612,0.01708012819290161,0.1,1.0470779129156103,0.11150678992271423,0.24345487356185913,0.7391111111102898,0.9328888888878523,1.0470778942108154,0.722499430179596,4.212808132171631,0.10000000149011612,0.017745092511177063
144,mobilenetv2_x1_0,4,0.001,0.1,1.1258311159084369,0.130240797996521,0.2371309995651245,0.72299999999277,0.92399999999076,1.1258312463760376,0.7579803466796875,4.357244491577148,0.10000000149011612,0.018653370440006256,0.1,1.039898718897064,0.1065426841378212,0.2477443814277649,0.7511111111102765,0.9337777777767402,1.0398987531661987,0.7290821671485901,4.277559757232666,0.10000000149011612,0.017977997660636902
145,mobilenetv2_x1_0,5,0.01,0.1,1.064528931462865,0.05705975368618965,0.15862596035003662,0.69799999999302,0.92199999999078,1.0645288228988647,0.6003916263580322,2.606403350830078,0.10000000149011612,0.011666715145111084,0.1,1.01237073097065,0.049055732786655426,0.1126711368560791,0.710111111110322,0.9297777777767446,1.0123708248138428,0.5922972559928894,2.618008613586426,0.10000000149011612,0.011606000363826752
146,mobilenetv2_x1_0,5,1.0,0.1,1.075524319383917,0.07657095789909363,0.13729113340377808,0.70299999999297,0.92499999999075,1.0755242109298706,0.6518085598945618,3.1884946823120117,0.10000000149011612,0.013983145356178284,0.1,1.0233639864677058,0.07788008451461792,0.14005008339881897,0.7239999999991955,0.935444444443405,1.0233639478683472,0.6509447693824768,3.377009630203247,0.10000000149011612,0.014451496303081512
147,mobilenetv2_x1_0,3,1.0,0.1,1.364104257294016,0.05287851393222809,0.10372042655944824,0.60699999999393,0.8809999999911899,1.3641042709350586,0.570024847984314,2.141505479812622,0.10000000149011612,0.009890750050544739,0.1,1.278204055531508,0.04776673763990402,0.09502971172332764,0.629888888888189,0.8984444444434461,1.2782039642333984,0.5580757260322571,2.1413116455078125,0.10000000149011612,0.009770795702934265
148,mobilenetv2_x1_0,4,0.01,0.1,1.0400463238661994,0.1085008978843689,0.25985658168792725,0.74799999999252,0.92799999999072,1.0400464534759521,0.7212449908256531,4.055261611938477,0.10000000149011612,0.017351411283016205,0.1,1.0484398989154295,0.10891827195882797,0.23967361450195312,0.7496666666658336,0.9334444444434072,1.048439860343933,0.7368280291557312,4.340985298156738,0.10000000149011612,0.018298044800758362
149,mobilenetv2_x1_0,3,0.1,0.1,1.5285011377072373,0.03804142773151398,0.09599143266677856,0.53699999999463,0.86199999999138,1.5285009145736694,0.6025702953338623,2.2930729389190674,0.10000000149011612,0.010671079158782959,0.1,1.48229914076667,0.016725463792681694,0.055151183158159256,0.5729999999993632,0.8627777777768191,1.4822992086410522,0.6140915155410767,2.4170846939086914,0.10000000149011612,0.011194556951522827
150,mobilenetv2_x1_0,3,2.0,0.1,1.4061035969313957,0.07810279726982117,0.19603800773620605,0.58599999999414,0.89699999999103,1.4061037302017212,0.5450136661529541,2.1286184787750244,0.10000000149011612,0.009585052728652954,0.1,1.355756996555737,0.08627519011497498,0.15770350396633148,0.6173333333326474,0.8946666666656725,1.3557569980621338,0.5435394048690796,2.095954179763794,0.10000000149011612,0.009491369128227234
151,mobilenetv2_x1_0,4,0.5,0.1,0.9881974359874715,0.08627300709486008,0.18602901697158813,0.75799999999242,0.94199999999058,0.9881975650787354,0.6768924593925476,3.5776844024658203,0.10000000149011612,0.015446223318576813,0.1,1.042332416276969,0.10699209570884705,0.22786420583724976,0.7425555555547304,0.9362222222211819,1.0423325300216675,0.718121349811554,4.1326799392700195,0.10000000149011612,0.01744888722896576
152,repvgg_a1,5,2.0,0.1,1.0224575894153167,0.08965525776147842,0.2328149676322937,0.74799999999252,0.92699999999073,1.0224577188491821,0.685473620891571,3.5586493015289307,0.10000000149011612,0.015517674386501312,0.1,1.0198593591908347,0.0924193412065506,0.21978425979614258,0.7514444444436095,0.9295555555545226,1.0198594331741333,0.7058593034744263,3.965034008026123,0.10000000149011612,0.016845710575580597
153,repvgg_a1,4,0.5,0.1,1.0567432536308707,0.07804495096206665,0.5754866003990173,0.74099999999259,0.9199999999908,1.0567433834075928,0.6915388703346252,3.5244176387786865,0.10000000149011612,0.01547057181596756,0.1,0.9704075378655899,0.07359786331653595,0.18859654664993286,0.7568888888880478,0.9333333333322962,0.9704075455665588,0.6564493775367737,3.3111517429351807,0.10000000149011612,0.014396294951438904
154,repvgg_a1,5,1.0,0.1,0.9882858892794336,0.10315895080566406,0.23141634464263916,0.74799999999252,0.92899999999071,0.9882858395576477,0.6770324110984802,3.4956085681915283,0.10000000149011612,0.015218526124954224,0.1,0.995136478430985,0.10119310021400452,0.20700767636299133,0.755888888888049,0.9375555555545138,0.9951364994049072,0.7027344107627869,3.9979441165924072,0.10000000149011612,0.016889214515686035
155,repvgg_a1,4,0.01,0.1,1.0651476276694467,0.0872664600610733,0.21318411827087402,0.73599999999264,0.9309999999906899,1.0651477575302124,0.6883903741836548,3.4464802742004395,0.10000000149011612,0.015208564698696136,0.1,0.9735948366367676,0.06716357171535492,0.18497222661972046,0.7676666666658136,0.9334444444434072,0.9735948443412781,0.672223687171936,3.5038013458251953,0.10000000149011612,0.01513654738664627
156,repvgg_a1,3,0.01,0.1,1.1159822829228188,0.06165602058172226,0.14335840940475464,0.66699999999333,0.91899999999081,1.115982174873352,0.6013248562812805,2.545292615890503,0.10000000149011612,0.011453844606876373,0.1,1.0580392799277467,0.03413308411836624,0.09767695516347885,0.6988888888881123,0.9184444444434239,1.0580393075942993,0.5984010100364685,2.6219797134399414,0.10000000149011612,0.01167723536491394
157,repvgg_a1,5,0.001,0.1,1.052534212077502,0.1038019210100174,0.274320125579834,0.74499999999255,0.94099999999059,1.0525342226028442,0.7190290093421936,4.1266279220581055,0.10000000149011612,0.01740667223930359,0.1,1.0127265044721807,0.10305966436862946,0.23219060897827148,0.7495555555547226,0.9343333333322951,1.0127265453338623,0.7067779898643494,4.025078296661377,0.10000000149011612,0.017021246254444122
158,repvgg_a1,3,1.0,0.1,1.0131249326482918,0.09502678364515305,0.18042254447937012,0.72599999999274,0.94799999999052,1.013124942779541,0.6540806293487549,3.4379868507385254,0.10000000149011612,0.014702171087265015,0.1,1.0082100353694652,0.0896613746881485,0.18033134937286377,0.737666666665847,0.9309999999989654,1.0082100629806519,0.6730082631111145,3.640085220336914,0.10000000149011612,0.01548813283443451
159,repvgg_a1,3,0.1,0.1,1.0498355522076381,0.046336229890584946,0.12728293240070343,0.69199999999308,0.93399999999066,1.0498358011245728,0.5791462659835815,2.408156633377075,0.10000000149011612,0.010818727314472198,0.1,1.0177215988719108,0.04034976288676262,0.08473990857601166,0.7132222222214297,0.9241111111100843,1.0177215337753296,0.595324695110321,2.646056652069092,0.10000000149011612,0.011724330484867096
160,repvgg_a1,4,0.1,0.1,1.1014741549017013,0.09477611631155014,0.24056094884872437,0.73799999999262,0.93399999999066,1.1014742851257324,0.7176039814949036,3.7774622440338135,0.10000000149011612,0.016531892120838165,0.1,0.9550496130504161,0.06781724095344543,0.17249184846878052,0.7713333333324762,0.935444444443405,0.9550496935844421,0.6599812507629395,3.4140799045562744,0.10000000149011612,0.014733515679836273
161,repvgg_a1,4,1.0,0.1,1.018357505151508,0.08483279496431351,0.18844157457351685,0.74099999999259,0.9309999999906899,1.018357515335083,0.6662386655807495,3.3917574882507324,0.10000000149011612,0.014747172594070435,0.1,0.9695844109676329,0.07473409175872803,0.14712923765182495,0.7565555555547149,0.9297777777767446,0.9695845246315002,0.6565941572189331,3.3278894424438477,0.10000000149011612,0.01445036381483078
162,repvgg_a1,3,0.5,0.1,1.0368748799587049,0.08737194538116455,0.18948358297348022,0.70799999999292,0.93799999999062,1.036874771118164,0.637671709060669,3.1731936931610107,0.10000000149011612,0.013679705560207367,0.1,0.9761661743867827,0.0657983273267746,0.12919116020202637,0.7349999999991833,0.9294444444434117,0.9761662483215332,0.6270408630371094,3.1079068183898926,0.10000000149011612,0.013427205383777618
163,repvgg_a1,3,0.001,0.1,1.1281800157262565,0.04768480360507965,0.17437374591827393,0.67899999999321,0.91299999999087,1.1281802654266357,0.6163509488105774,2.6740646362304688,0.10000000149011612,0.01203802227973938,0.1,1.0838017319187074,0.04162285476922989,0.09052711725234985,0.6896666666659003,0.917333333332314,1.0838017463684082,0.6047316193580627,2.636059045791626,0.10000000149011612,0.011782504618167877
164,repvgg_a1,4,0.001,0.1,1.006784190600493,0.07628811150789261,0.20770049095153809,0.75199999999248,0.93199999999068,1.0067843198776245,0.6686302423477173,3.41513991355896,0.10000000149011612,0.014833919703960419,0.1,0.9713505495722718,0.07208668440580368,0.1709771752357483,0.7647777777769279,0.9341111111100732,0.9713504910469055,0.6607644557952881,3.337742328643799,0.10000000149011612,0.01452779769897461
165,repvgg_a1,3,2.0,0.1,1.1350237017616405,0.12599444389343262,0.29973945021629333,0.70699999999293,0.92799999999072,1.1350237131118774,0.7382223010063171,4.0715203285217285,0.10000000149011612,0.017624735832214355,0.1,1.05970307735742,0.10171729326248169,0.20479154586791992,0.7413333333325096,0.9283333333323017,1.0597031116485596,0.7301304936408997,4.3032612800598145,0.10000000149011612,0.01808921992778778
166,repvgg_a1,5,0.1,0.1,1.0257605211678709,0.09975666552782059,0.19787275791168213,0.75099999999249,0.93699999999063,1.0257606506347656,0.7041768431663513,4.081478118896484,0.10000000149011612,0.01708678901195526,0.1,1.0163264859351098,0.10289333015680313,0.2269594669342041,0.7565555555547149,0.9367777777767369,1.0163265466690063,0.7217037081718445,4.271607875823975,0.10000000149011612,0.017877154052257538
167,repvgg_a1,4,2.0,0.1,1.0168268578889825,0.09119777381420135,0.21010151505470276,0.74599999999254,0.9309999999906899,1.016826868057251,0.6912741661071777,3.6970787048339844,0.10000000149011612,0.015962623059749603,0.1,0.9763188616183126,0.08755046874284744,0.2128170132637024,0.7618888888880423,0.9326666666656303,0.976318895816803,0.6801259517669678,3.62239146232605,0.10000000149011612,0.015582524240016937
168,repvgg_a1,5,0.5,0.1,1.0033615727224268,0.0930027887225151,0.20789211988449097,0.75399999999246,0.9309999999906899,1.0033615827560425,0.7025080919265747,3.9054667949676514,0.10000000149011612,0.01667889952659607,0.1,0.9769563399162154,0.09800103306770325,0.21900242567062378,0.7601111111102665,0.9365555555545149,0.9769563674926758,0.693534255027771,3.8740105628967285,0.10000000149011612,0.01645784080028534
169,repvgg_a1,5,0.01,0.1,1.0750915896671749,0.1179860532283783,0.2666369676589966,0.73299999999267,0.93799999999062,1.0750916004180908,0.7327508330345154,4.229904651641846,0.10000000149011612,0.017949126660823822,0.1,1.0061720466030462,0.09527662396430969,0.21997231245040894,0.7576666666658247,0.934999999998961,1.0061719417572021,0.7088010907173157,4.06480073928833,0.10000000149011612,0.01716211438179016
170,repvgg_a1,0,0.1,0.1,1.110855568267665,0.08913201093673706,0.23579949140548706,0.73299999999267,0.92899999999071,1.1108553409576416,0.7165452241897583,3.7095446586608887,0.10000000149011612,0.016287460923194885,0.1,0.9676418823510846,0.07163888961076736,0.19644272327423096,0.7719999999991422,0.934999999998961,0.9676419496536255,0.669622004032135,3.4714512825012207,0.10000000149011612,0.015026673674583435
171,mobilenetv2_x0_75,5,0.1,0.1,1.1227803118007613,0.06632299721240997,0.1593663990497589,0.66899999999331,0.92799999999072,1.1227803230285645,0.6246370673179626,2.8366827964782715,0.10000000149011612,0.01260095089673996,0.1,1.0361979062435018,0.048249222338199615,0.09217020124197006,0.701222222221443,0.926777777776748,1.0361979007720947,0.59969162940979,2.68637752532959,0.10000000149011612,0.011893488466739655
172,mobilenetv2_x0_75,3,0.5,0.1,1.3958575585969666,0.0434444397687912,0.104888916015625,0.5899999999941,0.88699999999113,1.3958576917648315,0.557778537273407,2.0311880111694336,0.10000000149011612,0.009411141276359558,0.1,1.3579640505855044,0.04700670763850212,0.08798138797283173,0.6086666666659903,0.8852222222212386,1.3579641580581665,0.5693487524986267,2.1495754718780518,0.10000000149011612,0.009900912642478943
173,mobilenetv2_x0_75,5,0.5,0.1,1.0560518397583905,0.06699104607105255,0.18145087361335754,0.69799999999302,0.92699999999073,1.0560518503189087,0.6202898025512695,2.9255778789520264,0.10000000149011612,0.012808382511138916,0.1,1.0141586848752524,0.06078789010643959,0.11279702186584473,0.7154444444436494,0.9305555555545215,1.0141587257385254,0.6142679452896118,2.9037857055664062,0.10000000149011612,0.012687921524047852
174,mobilenetv2_x0_75,4,0.1,0.1,1.116893995560186,0.1090196818113327,0.28221938014030457,0.73399999999266,0.9299999999907,1.1168941259384155,0.7629664540290833,4.546051979064941,0.10000000149011612,0.0192616805434227,0.1,1.1022178452218805,0.11630032956600189,0.25127482414245605,0.737333333332514,0.9304444444434106,1.1022179126739502,0.7636058330535889,4.631767272949219,0.10000000149011612,0.01946251094341278
175,mobilenetv2_x0_75,3,0.001,0.1,1.6455727651070777,0.03014126420021057,0.08577053248882294,0.53199999999468,0.83699999999163,1.6455730199813843,0.6428642868995667,2.578662157058716,0.10000000149011612,0.012008517980575562,0.1,1.6186109895735457,0.013936780393123627,0.030232060700654984,0.5416666666660648,0.8391111111101787,1.6186109781265259,0.6537142992019653,2.6814756393432617,0.10000000149011612,0.01245848834514618
176,mobilenetv2_x0_75,5,0.01,0.1,1.0523953332565643,0.044262632727622986,0.12870632112026215,0.70199999999298,0.92299999999077,1.0523954629898071,0.5855437517166138,2.512277841567993,0.10000000149011612,0.011215366423130035,0.1,1.0530297744494737,0.04431745782494545,0.08660542964935303,0.6978888888881134,0.9202222222211996,1.0530298948287964,0.5982566475868225,2.595797538757324,0.10000000149011612,0.01160924881696701
177,mobilenetv2_x0_75,4,0.5,0.1,1.1365435009789253,0.12207536399364471,0.31144171953201294,0.71599999999284,0.93199999999068,1.1365433931350708,0.7459168434143066,4.227641582489014,0.10000000149011612,0.01815052330493927,0.1,1.0460713494121918,0.10755147784948349,0.24008971452713013,0.7357777777769602,0.9337777777767402,1.0460714101791382,0.7111054062843323,4.011005401611328,0.10000000149011612,0.01704266667366028
178,mobilenetv2_x0_75,4,0.001,0.1,1.1060542949697305,0.12198609113693237,0.26497408747673035,0.72699999999273,0.92599999999074,1.1060545444488525,0.7407811880111694,4.080680847167969,0.10000000149011612,0.017720907926559448,0.1,1.098131191834901,0.11300702393054962,0.2282695174217224,0.7396666666658448,0.9311111111100765,1.0981311798095703,0.7594096660614014,4.590582370758057,0.10000000149011612,0.019280821084976196
179,mobilenetv2_x0_75,4,1.0,0.1,1.0887552390895594,0.10355321317911148,0.19490963220596313,0.73199999999268,0.93299999999067,1.0887553691864014,0.7184049487113953,3.8825247287750244,0.10000000149011612,0.016840726137161255,0.1,1.0751629790969528,0.10651864856481552,0.21846920251846313,0.7362222222214041,0.9322222222211863,1.0751628875732422,0.7306802272796631,4.221251010894775,0.10000000149011612,0.017888076603412628
180,mobilenetv2_x0_75,5,1.0,0.1,1.0733811747978046,0.09481044113636017,0.2155977040529251,0.68199999999318,0.94099999999059,1.0733811855316162,0.6355544924736023,3.1101319789886475,0.10000000149011612,0.013494662940502167,0.1,1.014247052072403,0.0652536079287529,0.1349506378173828,0.7188888888880901,0.9326666666656303,1.014246940612793,0.6272091269493103,3.085529327392578,0.10000000149011612,0.013364322483539581
181,mobilenetv2_x0_75,4,0.01,0.1,1.1906734585903969,0.126307874917984,0.28809380531311035,0.7199999999928,0.92599999999074,1.190673589706421,0.7905381321907043,4.653398036956787,0.10000000149011612,0.020000621676445007,0.1,1.103827806411905,0.11630142480134964,0.24022603034973145,0.737777777776958,0.9278888888878578,1.103827953338623,0.7599844336509705,4.479703903198242,0.10000000149011612,0.019026510417461395
182,mobilenetv2_x0_75,5,2.0,0.1,1.151309955527916,0.07111728191375732,0.20022517442703247,0.69099999999309,0.92099999999079,1.1513100862503052,0.6731296181678772,3.3766191005706787,0.10000000149011612,0.014759175479412079,0.1,1.090530659205644,0.07884985208511353,0.1565815508365631,0.6946666666658947,0.9228888888878634,1.0905308723449707,0.6567927598953247,3.3292036056518555,0.10000000149011612,0.014410436153411865
183,mobilenetv2_x0_75,3,1.0,0.1,1.40886615297982,0.06273871660232544,0.13950330018997192,0.59199999999408,0.89099999999109,1.4088661670684814,0.5565310716629028,2.0507941246032715,0.10000000149011612,0.009459346532821655,0.1,1.343753005230133,0.05888950824737549,0.1321098506450653,0.611777777777098,0.890888888887899,1.3437530994415283,0.5559850335121155,2.096116781234741,0.10000000149011612,0.009608954191207886
184,mobilenetv2_x0_75,4,2.0,0.1,1.1449684982243873,0.12161137163639069,0.26424217224121094,0.70799999999292,0.93399999999066,1.1449685096740723,0.7451699376106262,4.302215576171875,0.10000000149011612,0.01828113943338394,0.1,1.134239222008031,0.11725743860006332,0.21992546319961548,0.719444444443645,0.9273333333323028,1.1342393159866333,0.7565805912017822,4.52044677734375,0.10000000149011612,0.019029244780540466
185,mobilenetv2_x0_75,3,0.01,0.1,1.6105372744677475,0.04382411390542984,0.09209319949150085,0.54199999999458,0.85299999999147,1.6105372905731201,0.6264951229095459,2.496241569519043,0.10000000149011612,0.011559084057807922,0.1,1.5932595712124995,0.01115456223487854,0.03745400905609131,0.548444444443835,0.8439999999990622,1.593259572982788,0.6450949907302856,2.6225743293762207,0.10000000149011612,0.012174010276794434
186,mobilenetv2_x0_75,0,0.1,0.1,1.0474407568138004,0.12224255502223969,0.3644106090068817,0.71899999999281,0.93699999999063,1.047441005706787,0.6806222796440125,3.486337184906006,0.10000000149011612,0.015203617513179779,0.1,1.0796703618027195,0.10998643934726715,0.22267889976501465,0.7426666666658415,0.9299999999989665,1.0796703100204468,0.746880054473877,4.4144673347473145,0.10000000149011612,0.018627777695655823
187,mobilenetv2_x0_75,3,2.0,0.1,1.4684187027001514,0.10343851149082184,0.24322456121444702,0.58199999999418,0.88599999999114,1.4684187173843384,0.5227030515670776,1.840632677078247,0.10000000149011612,0.008494243025779724,0.1,1.4330415709785322,0.10809016227722168,0.21770018339157104,0.5992222222215564,0.8865555555545704,1.4330415725708008,0.5330795049667358,1.9941554069519043,0.10000000149011612,0.009074479341506958
188,mobilenetv2_x0_75,3,0.1,0.1,1.516301855183051,0.03147847577929497,0.09760361909866333,0.55199999999448,0.86099999999139,1.5163018703460693,0.5942876935005188,2.2344970703125,0.10000000149011612,0.010411977767944336,0.1,1.523299387722762,0.020827803760766983,0.04221642017364502,0.5678888888882578,0.8583333333323796,1.5232994556427002,0.6198469996452332,2.4378247261047363,0.10000000149011612,0.01132538914680481
189,mobilenetv2_x0_75,5,0.001,0.1,1.1254514343250146,0.06018039956688881,0.18789666891098022,0.65799999999342,0.91899999999081,1.1254515647888184,0.5977641344070435,2.4906158447265625,0.10000000149011612,0.011278286576271057,0.1,1.067854734399873,0.044804371893405914,0.08695685863494873,0.6966666666658925,0.9215555555545315,1.067854881286621,0.6069647073745728,2.687831163406372,0.10000000149011612,0.011976905167102814
190,repvgg_a2,3,0.1,0.1,1.020446647929994,0.058332085609436035,0.12530970573425293,0.70699999999293,0.9309999999906899,1.02044677734375,0.6045061349868774,2.7093989849090576,0.10000000149011612,0.012036897242069244,0.1,0.9681823640238307,0.05409829318523407,0.10375398397445679,0.7249999999991944,0.9315555555545204,0.9681823253631592,0.5952853560447693,2.7297890186309814,0.10000000149011612,0.01198318600654602
191,repvgg_a2,4,1.0,0.1,0.9900436302362825,0.06806975603103638,0.17260515689849854,0.75199999999248,0.92899999999071,0.990043580532074,0.627975344657898,2.8323092460632324,0.10000000149011612,0.012687288224697113,0.1,0.9077625794391017,0.0485173836350441,0.10885637998580933,0.7709999999991433,0.9374444444434028,0.9077625274658203,0.6042726039886475,2.752732038497925,0.10000000149011612,0.012177281081676483
192,repvgg_a2,3,2.0,0.1,0.94892405514699,0.10399067401885986,0.24252551794052124,0.74199999999258,0.94799999999052,0.9489241242408752,0.6406392455101013,3.1572728157043457,0.10000000149011612,0.0138029083609581,0.1,0.978824753468437,0.09535907208919525,0.187763512134552,0.7598888888880445,0.9358888888878489,0.9788248538970947,0.694730281829834,3.9849166870117188,0.10000000149011612,0.016740046441555023
193,repvgg_a2,5,0.01,0.1,1.0035889048353268,0.11145635694265366,0.2685147225856781,0.74499999999255,0.93699999999063,1.0035890340805054,0.6878232955932617,3.7102556228637695,0.10000000149011612,0.015931546688079834,0.1,0.934822876209436,0.09180672466754913,0.21340912580490112,0.7695555555547005,0.9403333333322884,0.9348229169845581,0.6722236275672913,3.720583915710449,0.10000000149011612,0.01573207974433899
194,repvgg_a2,5,1.0,0.1,0.9543067121442498,0.09165456146001816,0.2149956375360489,0.75799999999242,0.94099999999059,0.9543066620826721,0.6431797742843628,3.164900064468384,0.10000000149011612,0.013825714588165283,0.1,0.9044317791744173,0.07634349167346954,0.19269460439682007,0.7724444444435861,0.9403333333322884,0.9044318795204163,0.6388954520225525,3.3111491203308105,0.10000000149011612,0.014170221984386444
195,repvgg_a2,3,0.001,0.1,1.0747156035716916,0.05937308445572853,0.19251388311386108,0.68499999999315,0.92099999999079,1.0747156143188477,0.5958653092384338,2.5073864459991455,0.10000000149011612,0.01132211834192276,0.1,1.03050163604889,0.03662499412894249,0.41441968083381653,0.7109999999992099,0.9214444444434206,1.0305017232894897,0.5996275544166565,2.6913416385650635,0.10000000149011612,0.011877954006195068
196,repvgg_a2,0,0.1,0.1,0.9667376183157171,0.06252714991569519,0.14209219813346863,0.76199999999238,0.93499999999065,0.9667375683784485,0.6283197402954102,2.9120094776153564,0.10000000149011612,0.012894898653030396,0.1,0.9101554410146425,0.04956679046154022,0.13010311126708984,0.7803333333324662,0.9386666666656236,0.9101554751396179,0.6212553977966309,2.9480412006378174,0.10000000149011612,0.012941092252731323
197,repvgg_a2,4,0.1,0.1,0.999728073613254,0.07623464614152908,0.31474119424819946,0.74799999999252,0.93499999999065,0.9997281432151794,0.6259952187538147,2.7100703716278076,0.10000000149011612,0.012296289205551147,0.1,0.9318351271660062,0.05655422434210777,0.12982255220413208,0.7747777777769168,0.9379999999989577,0.9318350553512573,0.620024561882019,2.874415636062622,0.10000000149011612,0.012711524963378906
198,repvgg_a2,3,0.01,0.1,1.0955780634994807,0.06500893831253052,0.20600374042987823,0.68199999999318,0.92099999999079,1.0955783128738403,0.6109274625778198,2.638305902481079,0.10000000149011612,0.011885836720466614,0.1,1.037753647075056,0.04749175161123276,0.0878552794456482,0.7049999999992166,0.9231111111100854,1.037753701210022,0.6034582257270813,2.6909873485565186,0.10000000149011612,0.011936530470848083
199,repvgg_a2,4,0.5,0.1,1.0038038391822375,0.06497446447610855,0.16265413165092468,0.74499999999255,0.93199999999068,1.0038039684295654,0.63436359167099,2.8686654567718506,0.10000000149011612,0.012855514883995056,0.1,0.9242152826318635,0.049950238317251205,0.12874335050582886,0.7716666666658092,0.9363333333322928,0.9242153763771057,0.6141406297683716,2.8658711910247803,0.10000000149011612,0.012615211308002472
200,repvgg_a2,5,0.001,0.1,1.0548623694791475,0.1014239639043808,0.2158874273300171,0.75199999999248,0.9399999999906,1.054862380027771,0.7327249646186829,4.213219165802002,0.10000000149011612,0.017918437719345093,0.1,0.9514467838100176,0.09271590411663055,0.22124749422073364,0.7715555555546982,0.9374444444434028,0.9514468312263489,0.6891464591026306,3.933190107345581,0.10000000149011612,0.01653045415878296
201,repvgg_a2,4,0.001,0.1,0.9676756166011675,0.06619147211313248,0.2204899787902832,0.75199999999248,0.93799999999062,0.9676756858825684,0.6192111968994141,2.738436222076416,0.10000000149011612,0.012301124632358551,0.1,0.9256660133249164,0.059175312519073486,0.1560438871383667,0.7772222222213586,0.9424444444433971,0.9256661534309387,0.6293773055076599,3.0193731784820557,0.10000000149011612,0.013237111270427704
202,repvgg_a2,5,0.5,0.1,0.9856765767711945,0.09719151258468628,0.23072659969329834,0.74299999999257,0.94799999999052,0.985676646232605,0.6588650345802307,3.325929880142212,0.10000000149011612,0.014480777084827423,0.1,0.9270868092408487,0.08097817003726959,0.16958510875701904,0.7689999999991455,0.9383333333322906,0.9270868301391602,0.6569456458091736,3.4908547401428223,0.10000000149011612,0.014912702143192291
203,repvgg_a2,5,2.0,0.1,0.987105180882885,0.09937980771064758,0.1882917284965515,0.73499999999265,0.93499999999065,0.9871053099632263,0.6578791737556458,3.340557336807251,0.10000000149011612,0.014493457973003387,0.1,0.9119297520783448,0.07216258347034454,0.19840186834335327,0.7709999999991433,0.9365555555545149,0.9119297862052917,0.6385616064071655,3.2568507194519043,0.10000000149011612,0.014032147824764252
204,repvgg_a2,4,2.0,0.1,0.9895586868512394,0.05962271988391876,0.180120587348938,0.74499999999255,0.93799999999062,0.989558756351471,0.6248342990875244,2.8380651473999023,0.10000000149011612,0.012652650475502014,0.1,0.905913239373187,0.04842517152428627,0.12587910890579224,0.7689999999991455,0.9369999999989588,0.905913233757019,0.6024996042251587,2.7355144023895264,0.10000000149011612,0.012107744812965393
205,repvgg_a2,3,0.5,0.1,1.0335681335089233,0.07984037697315216,0.2686707079410553,0.7299999999927,0.93299999999067,1.0335681438446045,0.6674071550369263,3.461334705352783,0.10000000149011612,0.014955498278141022,0.1,0.9503951393269839,0.07370507717132568,0.16184002161026,0.7516666666658314,0.935555555554516,0.9503951668739319,0.6443964838981628,3.370494842529297,0.10000000149011612,0.014419704675674438
206,repvgg_a2,4,0.01,0.1,0.9710808895277776,0.056974589824676514,0.21096426248550415,0.74099999999259,0.93499999999065,0.9710808992385864,0.6212955117225647,2.7799484729766846,0.10000000149011612,0.012442313134670258,0.1,0.9267899648647204,0.06096842885017395,0.14258348941802979,0.7806666666657992,0.936111111110071,0.9267899394035339,0.6323071718215942,3.0242247581481934,0.10000000149011612,0.013298004865646362
207,repvgg_a2,3,1.0,0.1,0.9918635984416546,0.08874085545539856,0.22020448744297028,0.74599999999254,0.93799999999062,0.9918635487556458,0.6707087755203247,3.5304274559020996,0.10000000149011612,0.015214383602142334,0.1,0.9414812779562052,0.0936317890882492,0.2377646565437317,0.7547777777769391,0.943666666665618,0.9414812326431274,0.657270073890686,3.5785303115844727,0.10000000149011612,0.015137165784835815
208,repvgg_a2,5,0.1,0.1,0.9555562043001814,0.09220001846551895,0.23817455768585205,0.75499999999245,0.94199999999058,0.9555564522743225,0.6642529368400574,3.5244503021240234,0.10000000149011612,0.015124663710594177,0.1,0.9383343911341402,0.08725034445524216,0.21366971731185913,0.7716666666658092,0.9393333333322895,0.9383344054222107,0.6726468205451965,3.716992139816284,0.10000000149011612,0.015726566314697266
209,shufflenetv2_x2_0,4,0.5,0.1,1.004544844118675,0.07974722236394882,0.22154170274734497,0.73899999999261,0.92299999999077,1.0045448541641235,0.6466516852378845,3.069408893585205,0.10000000149011612,0.013598121702671051,0.1,0.960556294115685,0.07198086380958557,0.1614782214164734,0.7589999999991566,0.935333333332294,0.9605562090873718,0.6507045030593872,3.252370834350586,0.10000000149011612,0.014185547828674316
210,shufflenetv2_x2_0,5,0.5,0.1,1.073075879810318,0.10689734667539597,0.24889492988586426,0.71499999999285,0.92499999999075,1.0730760097503662,0.6886797547340393,3.5310873985290527,0.10000000149011612,0.015447311103343964,0.1,1.022553906364202,0.09599378705024719,0.19458597898483276,0.7392222222214008,0.9333333333322962,1.0225539207458496,0.6920654773712158,3.7866570949554443,0.10000000149011612,0.016172930598258972
211,shufflenetv2_x2_0,3,2.0,0.1,1.1877500892119768,0.09857325255870819,0.2690466344356537,0.69299999999307,0.91099999999089,1.187750220298767,0.7266976237297058,3.900475025177002,0.10000000149011612,0.01695932447910309,0.1,1.1188640052231533,0.09690606594085693,0.18445277214050293,0.7109999999992099,0.9219999999989755,1.1188640594482422,0.7172700762748718,4.049440383911133,0.10000000149011612,0.017191313207149506
212,shufflenetv2_x2_0,4,1.0,0.1,1.0247656004472294,0.08665139228105545,0.221163809299469,0.73799999999262,0.93299999999067,1.0247656106948853,0.6666029095649719,3.360766649246216,0.10000000149011612,0.01467510312795639,0.1,0.953812816672701,0.07164062559604645,0.15287506580352783,0.755222222221383,0.9323333333322973,0.9538127183914185,0.6430922150611877,3.165485382080078,0.10000000149011612,0.013840220868587494
213,shufflenetv2_x2_0,4,0.1,0.1,1.1153293736504784,0.09548744559288025,0.19174408912658691,0.72099999999279,0.91899999999081,1.115329384803772,0.712242841720581,3.603496789932251,0.10000000149011612,0.015982873737812042,0.1,0.9746855751439921,0.07166027277708054,0.1794288158416748,0.7599999999991555,0.935777777776738,0.974685549736023,0.6628490686416626,3.395905017852783,0.10000000149011612,0.01473350077867508
214,shufflenetv2_x2_0,5,2.0,0.1,1.120137322668561,0.10095825791358948,0.25862711668014526,0.72799999999272,0.92199999999078,1.1201374530792236,0.7415138483047485,4.189981937408447,0.10000000149011612,0.01799052208662033,0.1,1.0666964836984079,0.10228323936462402,0.21338093280792236,0.7398888888880667,0.9289999999989677,1.0666964054107666,0.7299360036849976,4.209972381591797,0.10000000149011612,0.017857767641544342
215,shufflenetv2_x2_0,4,0.001,0.1,1.0626286161971392,0.09045977890491486,0.2236236333847046,0.73199999999268,0.92599999999074,1.0626286268234253,0.6954993009567261,3.5697388648986816,0.10000000149011612,0.01564473658800125,0.1,1.0033764430659438,0.07892821729183197,0.18619465827941895,0.7559999999991599,0.9278888888878578,1.0033764839172363,0.6838710904121399,3.546485185623169,0.10000000149011612,0.015430115163326263
216,shufflenetv2_x2_0,5,0.01,0.1,1.0874555002185846,0.11151985079050064,0.21959438920021057,0.69799999999302,0.93399999999066,1.0874556303024292,0.6783445477485657,3.378990650177002,0.10000000149011612,0.014878742396831512,0.1,1.0199052282763077,0.09225767850875854,0.20424199104309082,0.7321111111102976,0.9306666666656325,1.0199052095413208,0.6746352314949036,3.569566488265991,0.10000000149011612,0.015343502163887024
217,shufflenetv2_x2_0,5,0.001,0.1,1.1118103154581298,0.10163068771362305,0.22756654024124146,0.70299999999297,0.92799999999072,1.111810326576233,0.6837831735610962,3.3943254947662354,0.10000000149011612,0.014986291527748108,0.1,1.026613711170109,0.09153556823730469,0.18629789352416992,0.7279999999991911,0.9298888888878556,1.026613712310791,0.669063925743103,3.4301671981811523,0.10000000149011612,0.014883287250995636
218,shufflenetv2_x2_0,3,0.001,0.1,1.2808163037964513,0.04577970504760742,0.160067617893219,0.61499999999385,0.89399999999106,1.2808163166046143,0.6139057874679565,2.4915809631347656,0.10000000149011612,0.011414840817451477,0.1,1.1951789710222498,0.029146205633878708,0.09494414925575256,0.6552222222214942,0.9017777777767757,1.1951791048049927,0.6132855415344238,2.5929415225982666,0.10000000149011612,0.011743173003196716
219,shufflenetv2_x2_0,4,0.01,0.1,1.1480839137663532,0.08811640739440918,0.19884735345840454,0.72699999999273,0.9199999999908,1.148084044456482,0.7361997365951538,3.859257221221924,0.10000000149011612,0.017047733068466187,0.1,0.9943560681950696,0.07791121304035187,0.18807852268218994,0.7575555555547138,0.9321111111100754,0.9943561553955078,0.6752265691757202,3.448239803314209,0.10000000149011612,0.015043064951896667
220,shufflenetv2_x2_0,5,1.0,0.1,1.0293667213500095,0.10250140726566315,0.23935389518737793,0.72499999999275,0.93499999999065,1.0293666124343872,0.6652464270591736,3.316524028778076,0.10000000149011612,0.014544397592544556,0.1,0.9904311089637096,0.0847979187965393,0.1920238733291626,0.7526666666658303,0.9363333333322928,0.9904311299324036,0.6769651174545288,3.6416189670562744,0.10000000149011612,0.015578493475914001
221,shufflenetv2_x2_0,5,0.1,0.1,1.0477934970980538,0.08588233590126038,0.19188106060028076,0.72699999999273,0.92699999999073,1.0477933883666992,0.6640921831130981,3.2532403469085693,0.10000000149011612,0.01435147225856781,0.1,1.0128892450204516,0.08570455759763718,0.1855602264404297,0.7436666666658404,0.9297777777767446,1.0128893852233887,0.6791799068450928,3.6165318489074707,0.10000000149011612,0.015541210770606995
222,shufflenetv2_x2_0,3,0.5,0.1,1.1327752953739072,0.056128233671188354,0.14173874258995056,0.66099999999339,0.92099999999079,1.1327751874923706,0.5957655310630798,2.537189483642578,0.10000000149011612,0.011365033686161041,0.1,1.0690065875361392,0.04135792702436447,0.09259142726659775,0.7004444444436662,0.917666666665647,1.0690065622329712,0.615157425403595,2.8107030391693115,0.10000000149011612,0.012423008680343628
223,shufflenetv2_x2_0,3,0.01,0.1,1.2346626396690596,0.04248236119747162,0.09936686605215073,0.64499999999355,0.90799999999092,1.234662652015686,0.5979386568069458,2.393419027328491,0.10000000149011612,0.010952726006507874,0.1,1.1924341903788693,0.02878432534635067,0.19409003853797913,0.656444444443715,0.899333333332334,1.192434310913086,0.6130484938621521,2.58915638923645,0.10000000149011612,0.011730007827281952
224,shufflenetv2_x2_0,3,0.1,0.1,1.220703470420834,0.04801805689930916,0.12897998094558716,0.64199999999358,0.90499999999095,1.2207036018371582,0.5972689986228943,2.33211088180542,0.10000000149011612,0.010787531733512878,0.1,1.1129414890427018,0.01918269880115986,0.09274832159280777,0.6814444444436872,0.9104444444434328,1.1129415035247803,0.5934392213821411,2.497410774230957,0.10000000149011612,0.011247046291828156
225,shufflenetv2_x2_0,4,2.0,0.1,1.0851204286782148,0.08286164700984955,0.2089272141456604,0.72599999999274,0.92099999999079,1.085120439529419,0.6926329731941223,3.4946255683898926,0.10000000149011612,0.015409603714942932,0.1,1.004310288902817,0.0819503515958786,0.19454479217529297,0.7477777777769469,0.9289999999989677,1.0043103694915771,0.6742019653320312,3.472454786300659,0.10000000149011612,0.015078134834766388
226,shufflenetv2_x2_0,3,1.0,0.1,1.1022592672748317,0.07597832381725311,0.185885488986969,0.6809999999931899,0.9199999999908,1.1022592782974243,0.6312505602836609,2.8581383228302,0.10000000149011612,0.012764230370521545,0.1,1.0796131413437986,0.06743177771568298,0.13272720575332642,0.7046666666658836,0.9202222222211996,1.0796130895614624,0.6521995663642883,3.247650623321533,0.10000000149011612,0.014119751751422882
227,shufflenetv2_x2_0,0,0.1,0.1,1.057516683493742,0.08393631875514984,0.24292975664138794,0.73199999999268,0.92799999999072,1.0575168132781982,0.6742347478866577,3.2388951778411865,0.10000000149011612,0.014446891844272614,0.1,0.9937992482269349,0.07277604937553406,0.17864114046096802,0.7601111111102665,0.9275555555545248,0.9937992691993713,0.6796197295188904,3.521038055419922,0.10000000149011612,0.015313535928726196
228,shufflenetv2_x1_5,3,0.1,0.1,1.2274287816328777,0.03162931650876999,0.09272706508636475,0.63599999999364,0.9059999999909399,1.2274287939071655,0.5915436744689941,2.370215892791748,0.10000000149011612,0.01082681119441986,0.1,1.15997260017785,0.015172751620411873,0.08497989177703857,0.6715555555548093,0.9072222222212141,1.1599725484848022,0.5974425077438354,2.5075693130493164,0.10000000149011612,0.011306710541248322
229,shufflenetv2_x1_5,5,0.001,0.1,1.102467406692306,0.08715404570102692,0.19894850254058838,0.68799999999312,0.92099999999079,1.1024672985076904,0.6557687520980835,3.094057321548462,0.10000000149011612,0.013780184090137482,0.1,1.046842143432094,0.08660642802715302,0.20330053567886353,0.7223333333325307,0.925333333332305,1.046842098236084,0.6682610511779785,3.394845485687256,0.10000000149011612,0.014770850539207458
230,shufflenetv2_x1_5,5,2.0,0.1,1.2536007040548744,0.11751462519168854,0.25091493129730225,0.69499999999305,0.90499999999095,1.2536007165908813,0.7905445694923401,4.573449611663818,0.10000000149011612,0.01978452503681183,0.1,1.1524714086231085,0.1050761342048645,0.20633792877197266,0.7203333333325329,0.9145555555545393,1.1524714231491089,0.760559618473053,4.4753570556640625,0.10000000149011612,0.018993757665157318
231,shufflenetv2_x1_5,3,1.0,0.1,1.1462639455609813,0.07197706401348114,0.18877089023590088,0.67199999999328,0.91599999999084,1.1462639570236206,0.6417663097381592,2.9856209754943848,0.10000000149011612,0.01323746144771576,0.1,1.0762915996672593,0.059005510061979294,0.12860208749771118,0.700999999999221,0.9216666666656426,1.0762916803359985,0.6356655955314636,3.0598740577697754,0.10000000149011612,0.013386115431785583
232,shufflenetv2_x1_5,4,0.1,0.1,1.1066028961147572,0.09931512176990509,0.3122707009315491,0.7199999999928,0.92799999999072,1.1066030263900757,0.7157697081565857,3.833704948425293,0.10000000149011612,0.016648046672344208,0.1,1.0259154361346028,0.08717208355665207,0.20219099521636963,0.7452222222213941,0.9274444444434139,1.025915503501892,0.6916968822479248,3.6297760009765625,0.10000000149011612,0.01577094942331314
233,shufflenetv2_x1_5,3,0.001,0.1,1.332515941646154,0.03514775261282921,0.08587229251861572,0.61199999999388,0.88499999999115,1.332516074180603,0.6249435544013977,2.588087558746338,0.10000000149011612,0.011838376522064209,0.1,1.2598397585328018,0.021800745278596878,0.08509847521781921,0.6441111111103954,0.8896666666656781,1.2598397731781006,0.631431519985199,2.7268619537353516,0.10000000149011612,0.012348920106887817
234,shufflenetv2_x1_5,4,0.001,0.1,1.1633926513680877,0.1173010766506195,0.41455018520355225,0.70799999999292,0.92599999999074,1.1633926630020142,0.7404390573501587,3.9971706867218018,0.10000000149011612,0.01744180917739868,0.1,1.0506658807312614,0.09225592017173767,0.21448343992233276,0.7419999999991755,0.9257777777767491,1.0506659746170044,0.7064090371131897,3.773218870162964,0.10000000149011612,0.016352936625480652
235,shufflenetv2_x1_5,5,0.1,0.1,1.1124578603124942,0.10316753387451172,0.22157379984855652,0.7059999999929399,0.92499999999075,1.1124581098556519,0.6896467804908752,3.544193744659424,0.10000000149011612,0.015438251197338104,0.1,1.0472106325911628,0.08954070508480072,0.18474417924880981,0.72788888888808,0.9296666666656336,1.0472105741500854,0.6851576566696167,3.6552798748016357,0.10000000149011612,0.01571749895811081
236,shufflenetv2_x1_5,5,1.0,0.1,1.1484138850765302,0.09550543874502182,0.2764829993247986,0.72699999999273,0.92199999999078,1.1484136581420898,0.746354341506958,4.159419059753418,0.10000000149011612,0.01800575852394104,0.1,1.042245360382002,0.09242229163646698,0.2251148819923401,0.7421111111102865,0.9278888888878578,1.0422455072402954,0.7024497985839844,3.8462443351745605,0.10000000149011612,0.016496039927005768
237,shufflenetv2_x1_5,4,1.0,0.1,1.0950438866783454,0.10234390199184418,0.2728550136089325,0.71599999999284,0.92299999999077,1.0950440168380737,0.6929832696914673,3.4773669242858887,0.10000000149011612,0.015352435410022736,0.1,1.005336064970047,0.08323661237955093,0.900781512260437,0.746333333332504,0.9273333333323028,1.0053361654281616,0.6774773597717285,3.557138204574585,0.10000000149011612,0.015348561108112335
238,shufflenetv2_x1_5,4,0.01,0.1,1.1743863703591026,0.10473667085170746,0.2906012535095215,0.71799999999282,0.91899999999081,1.1743862628936768,0.7392753958702087,3.8529889583587646,0.10000000149011612,0.01707204431295395,0.1,1.05597111134289,0.08788647502660751,0.21244221925735474,0.7453333333325051,0.9239999999989732,1.0559711456298828,0.7115687727928162,3.833134651184082,0.10000000149011612,0.016591645777225494
239,shufflenetv2_x1_5,0,0.1,0.1,1.1140309460816755,0.09457727521657944,0.21842852234840393,0.71899999999281,0.91899999999081,1.1140310764312744,0.7147755026817322,3.7194747924804688,0.10000000149011612,0.016327038407325745,0.1,1.04347887188152,0.08342663198709488,0.19502878189086914,0.7499999999991666,0.9213333333323096,1.0434789657592773,0.7046661972999573,3.758882761001587,0.10000000149011612,0.016295135021209717
240,shufflenetv2_x1_5,3,0.01,0.1,1.28198574691525,0.020959127694368362,0.09467267245054245,0.62299999999377,0.88699999999113,1.2819857597351074,0.5979455709457397,2.396538496017456,0.10000000149011612,0.010939553380012512,0.1,1.2615386763436855,0.023090992122888565,0.24590283632278442,0.6405555555548438,0.889777777776789,1.2615386247634888,0.6257923245429993,2.6615211963653564,0.10000000149011612,0.012083932757377625
241,shufflenetv2_x1_5,3,0.5,0.1,1.1777000309476091,0.0471196211874485,0.11786569654941559,0.66199999999338,0.9059999999909399,1.1777000427246094,0.6194405555725098,2.6664748191833496,0.10000000149011612,0.012046165764331818,0.1,1.1014733037366033,0.03341135382652283,0.09013943374156952,0.6885555555547904,0.9155555555545382,1.101473331451416,0.6105718016624451,2.7285380363464355,0.10000000149011612,0.012122958898544312
242,shufflenetv2_x1_5,5,0.01,0.1,1.1865084052644326,0.1083201915025711,0.25772905349731445,0.68499999999315,0.91499999999085,1.1865086555480957,0.7217544317245483,3.7881345748901367,0.10000000149011612,0.016580045223236084,0.1,1.05186477517768,0.08854632079601288,0.19406288862228394,0.7215555555547538,0.9244444444434172,1.0518648624420166,0.678490161895752,3.5599870681762695,0.10000000149011612,0.015354178845882416
243,shufflenetv2_x1_5,5,0.5,0.1,1.0907164703016365,0.1194438487291336,0.29035717248916626,0.7059999999929399,0.93499999999065,1.0907163619995117,0.6904422044754028,3.4673171043395996,0.10000000149011612,0.015295416116714478,0.1,1.0279319076242819,0.09706424176692963,0.20654267072677612,0.7363333333325152,0.9315555555545204,1.0279319286346436,0.6896187663078308,3.7022006511688232,0.10000000149011612,0.015923961997032166
244,shufflenetv2_x1_5,4,2.0,0.1,1.1294269448824885,0.10502071678638458,0.3087940216064453,0.71299999999287,0.91599999999084,1.1294270753860474,0.7057065963745117,3.6029369831085205,0.10000000149011612,0.015871532261371613,0.1,1.0838936555263254,0.09440319240093231,0.18980765342712402,0.7324444444436305,0.9207777777767546,1.0838936567306519,0.7199602723121643,3.939619302749634,0.10000000149011612,0.016996845602989197
245,shufflenetv2_x1_5,3,2.0,0.1,1.2433992499942912,0.09846767783164978,0.18274548649787903,0.66699999999333,0.90899999999091,1.2433995008468628,0.714017927646637,3.723905563354492,0.10000000149011612,0.01626145839691162,0.1,1.1295357002847415,0.0822804868221283,0.16684216260910034,0.6984444444436684,0.917777777776758,1.1295355558395386,0.6898311972618103,3.6552300453186035,0.10000000149011612,0.015746504068374634
246,shufflenetv2_x1_5,4,0.5,0.1,1.0486754074133315,0.08115062862634659,0.23855900764465332,0.7299999999927,0.92699999999073,1.0486754179000854,0.6766456365585327,3.39107608795166,0.10000000149011612,0.014892183244228363,0.1,1.0367055258887983,0.09156888723373413,0.24258780479431152,0.7387777777769569,0.9252222222211941,1.036705493927002,0.6917853355407715,3.6364593505859375,0.10000000149011612,0.015774212777614594
247,vgg16_bn,5,2.0,0.1,1.7798023045896725,0.20505927503108978,0.47378915548324585,0.70199999999298,0.89299999999107,1.7798023223876953,1.2277501821517944,11.05136775970459,0.10000000149011612,0.04430179297924042,0.1,1.6610887959355483,0.18207350373268127,0.4283199906349182,0.719666666665867,0.8954444444434494,1.6610889434814453,1.1884537935256958,10.954562187194824,0.10000000149011612,0.04277782142162323
248,vgg16_bn,5,1.0,0.1,1.6780146192595877,0.1853453814983368,0.478800505399704,0.70699999999293,0.89699999999103,1.678014874458313,1.166892647743225,10.321975708007812,0.10000000149011612,0.040927037596702576,0.1,1.613150581580786,0.17842890322208405,0.4292293190956116,0.7263333333325263,0.9019999999989977,1.6131505966186523,1.166831612586975,10.681618690490723,0.10000000149011612,0.04164230823516846
249,vgg16_bn,5,0.001,0.1,1.4001085618198372,0.15308578312397003,0.2956290543079376,0.69699999999303,0.89099999999109,1.4001085758209229,0.9192379117012024,6.1772589683532715,0.10000000149011612,0.026090651750564575,0.1,1.3286135711742482,0.14056871831417084,0.33983105421066284,0.7142222222214286,0.8985555555545571,1.328613519668579,0.9042971730232239,6.31014347076416,0.10000000149011612,0.026019319891929626
250,vgg16_bn,3,0.01,0.1,4.605728580193936,0.0003844723105430603,0.0003844723105430603,0.0099999999999,0.04499999999955,4.605729103088379,0.008855038322508335,0.00044258226989768445,0.10000000149011612,2.1457672119140625e-06,0.1,4.605350860141054,0.00038375984877347946,0.00038375984877347946,0.009999999999988888,0.05055555555549938,4.605350971221924,0.008844654075801373,0.0004389988607726991,0.10000000149011612,2.86102294921875e-06
251,vgg16_bn,5,0.01,0.1,1.404685244818504,0.14798197150230408,0.31156498193740845,0.70199999999298,0.89599999999104,1.404685616493225,0.9231514930725098,6.342226982116699,0.10000000149011612,0.026465848088264465,0.1,1.3256573662333462,0.1382644921541214,0.27980631589889526,0.7154444444436494,0.9033333333323296,1.3256573677062988,0.9043076634407043,6.3550591468811035,0.10000000149011612,0.026125192642211914
252,vgg16_bn,0,0.1,0.1,1.7317538088238194,0.1980980932712555,0.4614512026309967,0.7299999999927,0.9099999999909,1.731753945350647,1.2313350439071655,11.312849044799805,0.10000000149011612,0.044785574078559875,0.1,1.569645442808053,0.1830330491065979,0.44178298115730286,0.74588888888806,0.9128888888878745,1.5696455240249634,1.1555768251419067,10.051359176635742,0.10000000149011612,0.04027676582336426
253,vgg16_bn,3,0.001,0.1,4.605732394891163,0.00038749072700738907,0.00038749072700738907,0.0099999999999,0.04499999999955,4.6057329177856445,0.008917837403714657,0.0004491474246606231,0.10000000149011612,2.473592758178711e-06,0.1,4.605354250983064,0.00038863252848386765,0.00038863252848386765,0.009999999999988888,0.05055555555549938,4.605354309082031,0.008908666670322418,0.0004455602029338479,0.10000000149011612,2.2351741790771484e-06
254,vgg16_bn,4,1.0,0.1,1.7459018055848052,0.20346884429454803,0.4410986602306366,0.72599999999274,0.90799999999092,1.7459019422531128,1.2390036582946777,11.325684547424316,0.10000000149011612,0.045169904828071594,0.1,1.589039853767576,0.18550637364387512,0.42845267057418823,0.7409999999991767,0.9125555555545415,1.5890398025512695,1.1715376377105713,10.532423973083496,0.10000000149011612,0.04159821569919586
255,vgg16_bn,3,2.0,0.1,2.797286244076088,0.14441172778606415,0.19367164373397827,0.24399999999756,0.6809999999931899,2.79728627204895,0.35502952337265015,1.2426648139953613,0.10000000149011612,0.005347013473510742,0.1,2.8382188447569865,0.1271861493587494,0.18732517957687378,0.22711111111085874,0.6545555555548283,2.8382186889648438,0.3850911259651184,1.3720182180404663,0.10000000149011612,0.00596696138381958
256,vgg16_bn,5,0.5,0.1,1.650827272119352,0.21250297129154205,0.5353199243545532,0.67899999999321,0.89899999999101,1.6508275270462036,1.1113169193267822,9.454122543334961,0.10000000149011612,0.03757123649120331,0.1,1.5336320118288147,0.17552323639392853,0.4033862054347992,0.7221111111103087,0.9056666666656603,1.5336319208145142,1.1000107526779175,9.557793617248535,0.10000000149011612,0.037550896406173706
257,vgg16_bn,5,0.1,0.1,1.4271789646481934,0.15439222753047943,0.3490244448184967,0.71199999999288,0.90399999999096,1.427178978919983,0.9802730679512024,7.391568660736084,0.10000000149011612,0.03018432855606079,0.1,1.3901496182996138,0.157264843583107,0.3644247353076935,0.7182222222214242,0.9013333333323318,1.3901495933532715,0.9678469896316528,7.256617069244385,0.10000000149011612,0.02954365313053131
258,vgg16_bn,4,2.0,0.1,1.7239183015092912,0.1974397748708725,0.4218601584434509,0.73499999999265,0.91899999999081,1.7239183187484741,1.24209463596344,11.619059562683105,0.10000000149011612,0.045753881335258484,0.1,1.6371018735921374,0.18899387121200562,0.44340577721595764,0.7391111111102898,0.9107777777767657,1.6371017694473267,1.2057894468307495,11.182467460632324,0.10000000149011612,0.04380089044570923
259,vgg16_bn,4,0.01,0.1,1.6310307816480663,0.19129279255867004,0.5375992059707642,0.7299999999927,0.90199999999098,1.6310309171676636,1.1595991849899292,9.745567321777344,0.10000000149011612,0.03985975682735443,0.1,1.6112546240599706,0.18857552111148834,0.45867061614990234,0.7412222222213986,0.90899999999899,1.6112545728683472,1.181725025177002,10.44411849975586,0.10000000149011612,0.04181794822216034
260,vgg16_bn,3,1.0,0.1,2.6996314255641107,0.13615939021110535,0.4176645874977112,0.25499999999745,0.67799999999322,2.6996309757232666,0.406737357378006,1.313706398010254,0.10000000149011612,0.005879729986190796,0.1,2.7234498364599604,0.1316659301519394,0.3733561038970947,0.25211111111083095,0.6732222222214741,2.723450183868408,0.4288642406463623,1.4127806425094604,0.10000000149011612,0.006363332271575928
261,vgg16_bn,4,0.1,0.1,1.7165243453988435,0.2024914026260376,0.5192558765411377,0.7199999999928,0.91099999999089,1.7165244817733765,1.2148122787475586,10.936854362487793,0.10000000149011612,0.04364362359046936,0.1,1.5805008923665413,0.18268099427223206,0.45449021458625793,0.746333333332504,0.9117777777767646,1.580500841140747,1.167175054550171,10.35690975189209,0.10000000149011612,0.04114392399787903
262,vgg16_bn,3,0.1,0.1,3.590273344376808,0.04632823169231415,0.6543313264846802,0.10399999999896,0.38299999999617,3.590273141860962,0.40821167826652527,0.8790876865386963,0.10000000149011612,0.004323899745941162,0.1,3.57835769255725,0.05166340246796608,0.6711355447769165,0.10855555555543493,0.3741111111106954,3.5783579349517822,0.3926139771938324,0.8136588335037231,0.10000000149011612,0.004006415605545044
263,vgg16_bn,3,0.5,0.1,2.8686663817595033,0.09450332075357437,0.22297130525112152,0.20799999999792,0.61499999999385,2.868666648864746,0.4365270435810089,1.1841541528701782,0.10000000149011612,0.0056181252002716064,0.1,2.851935992780821,0.10870528966188431,0.578479528427124,0.2229999999997522,0.6151111111104276,2.851936101913452,0.4383693039417267,1.205002784729004,0.10000000149011612,0.0057031214237213135
264,vgg16_bn,4,0.5,0.1,1.6354826525218216,0.19060035049915314,0.39637452363967896,0.7309999999926899,0.90799999999092,1.6354830265045166,1.1760717630386353,10.393620491027832,0.10000000149011612,0.04144793748855591,0.1,1.5670154474649058,0.1792229861021042,0.4473491609096527,0.7475555555547249,0.9123333333323196,1.567015528678894,1.160134196281433,10.278712272644043,0.10000000149011612,0.040814876556396484
265,vgg16_bn,4,0.001,0.1,1.675386173660567,0.1937723010778427,0.4478875696659088,0.7309999999926899,0.9059999999909399,1.6753865480422974,1.2044932842254639,10.790822982788086,0.10000000149011612,0.043118491768836975,0.1,1.6126732543404785,0.1882907599210739,0.4486497640609741,0.7391111111102898,0.908666666665657,1.612673282623291,1.1707899570465088,10.219067573547363,0.10000000149011612,0.04101282358169556
266,resnet44,3,0.001,0.1,1.331395851172736,0.057267479598522186,0.15914970636367798,0.60899999999391,0.89199999999108,1.3313959836959839,0.6432141661643982,2.7496397495269775,0.10000000149011612,0.012550339102745056,0.1,1.307227702807609,0.04915484040975571,0.09278236329555511,0.6325555555548527,0.8847777777767946,1.307227611541748,0.6712572574615479,3.121321201324463,0.10000000149011612,0.013980627059936523
267,resnet44,3,0.1,0.1,1.1518375758381918,0.04657784849405289,0.09825867414474487,0.65299999999347,0.91699999999083,1.1518375873565674,0.58343905210495,2.3271732330322266,0.10000000149011612,0.010618135333061218,0.1,1.1598345425752272,0.040636781603097916,0.0971490889787674,0.6709999999992544,0.9098888888878778,1.1598345041275024,0.6269460320472717,2.8293750286102295,0.10000000149011612,0.01260039210319519
268,resnet44,3,1.0,0.1,1.1193137056952907,0.07915116846561432,0.3375561833381653,0.67599999999324,0.91899999999081,1.1193137168884277,0.6396176815032959,3.070375919342041,0.10000000149011612,0.0134316086769104,0.1,1.0915459514781434,0.05905035138130188,0.10336977243423462,0.6986666666658903,0.9197777777767557,1.0915460586547852,0.6484068632125854,3.253819465637207,0.10000000149011612,0.0140923410654068
269,resnet44,5,0.01,0.1,1.2005241989246287,0.11300299316644669,0.20271795988082886,0.68599999999314,0.91299999999087,1.2005242109298706,0.7301284074783325,3.8676843643188477,0.10000000149011612,0.01692970097064972,0.1,1.1289938543279054,0.09492112696170807,0.1820889711380005,0.7081111111103242,0.9175555555545359,1.1289939880371094,0.7151525020599365,3.960317850112915,0.10000000149011612,0.01691684126853943
270,resnet44,4,0.001,0.1,1.465491637833792,0.18179163336753845,0.8209439516067505,0.67399999999326,0.91399999999086,1.4654918909072876,0.9457917213439941,6.658393383026123,0.10000000149011612,0.027730435132980347,0.1,1.3168819863204415,0.14363993704319,0.29398757219314575,0.7151111111103164,0.9147777777767613,1.3168820142745972,0.8982418179512024,6.312305450439453,0.10000000149011612,0.025923818349838257
271,resnet44,4,0.1,0.1,1.4380388116083815,0.16535863280296326,0.34364980459213257,0.6799999999932,0.90799999999092,1.4380385875701904,0.9296712875366211,6.513130187988281,0.10000000149011612,0.027050286531448364,0.1,1.3143519148527802,0.1428588628768921,0.3177223205566406,0.7115555555547649,0.9151111111100942,1.3143519163131714,0.8944360017776489,6.2656025886535645,0.10000000149011612,0.02575187385082245
272,resnet44,5,1.0,0.1,1.2337001438748516,0.1268158257007599,0.22128665447235107,0.69099999999309,0.92099999999079,1.2337002754211426,0.7954750061035156,4.9512715339660645,0.10000000149011612,0.0207723006606102,0.1,1.2022547443594873,0.12236935645341873,0.22502273321151733,0.7083333333325462,0.9206666666656437,1.2022547721862793,0.7954443097114563,5.008905410766602,0.10000000149011612,0.020902208983898163
273,resnet44,5,0.001,0.1,1.1649870755998852,0.09007734060287476,0.16545024514198303,0.68899999999311,0.91399999999086,1.1649870872497559,0.7099190354347229,3.762138843536377,0.10000000149011612,0.01635480672121048,0.1,1.110042756224776,0.08945729583501816,0.17409378290176392,0.710333333332544,0.9221111111100865,1.1100428104400635,0.7056183815002441,3.9017579555511475,0.10000000149011612,0.016621030867099762
274,resnet44,4,1.0,0.1,1.2821899524262084,0.12860777974128723,0.318104088306427,0.71399999999286,0.91699999999083,1.282189965248108,0.8588139414787292,5.707680702209473,0.10000000149011612,0.02380405366420746,0.1,1.2697899327474473,0.1366727650165558,0.2758161425590515,0.7091111111103231,0.9206666666656437,1.2697899341583252,0.8594391942024231,5.891824722290039,0.10000000149011612,0.024149060249328613
275,resnet44,3,0.5,0.1,1.144613373754367,0.05806202068924904,0.17794832587242126,0.65899999999341,0.92399999999076,1.1446133852005005,0.6129321455955505,2.68631649017334,0.10000000149011612,0.012024320662021637,0.1,1.1337820014012054,0.04811111465096474,0.09892267733812332,0.6814444444436872,0.9146666666656503,1.133781909942627,0.6370381116867065,3.0197551250457764,0.10000000149011612,0.013271965086460114
276,resnet44,5,0.1,0.1,1.1885985017172256,0.1074138879776001,0.23886969685554504,0.69699999999303,0.92499999999075,1.1885986328125,0.7365006804466248,4.08761739730835,0.10000000149011612,0.0176006481051445,0.1,1.111482115676166,0.09786583483219147,0.18764233589172363,0.7116666666658759,0.9231111111100854,1.11148202419281,0.7144441604614258,4.006305694580078,0.10000000149011612,0.017034858465194702
277,resnet44,4,0.5,0.1,1.3280248509165289,0.12425092607736588,0.2161502242088318,0.70399999999296,0.91199999999088,1.328024983406067,0.867003321647644,5.692628383636475,0.10000000149011612,0.023918643593788147,0.1,1.2495111742971128,0.13511663675308228,0.27659833431243896,0.7121111111103198,0.9191111111100898,1.2495112419128418,0.8427764773368835,5.588015556335449,0.10000000149011612,0.0231625959277153
278,resnet44,0,0.1,0.1,1.4562002274805392,0.16705122590065002,0.3176383078098297,0.68699999999313,0.91099999999089,1.456200361251831,0.9517780542373657,6.8141045570373535,0.10000000149011612,0.02820795774459839,0.1,1.3521808503279533,0.14513994753360748,0.301935076713562,0.7128888888880968,0.9126666666656525,1.3521808385849,0.921688437461853,6.563816070556641,0.10000000149011612,0.02702564001083374
279,resnet44,4,0.01,0.1,1.46950100382916,0.16788481175899506,0.33282706141471863,0.67499999999325,0.899999999991,1.4695007801055908,0.9524686932563782,6.73927640914917,0.10000000149011612,0.028099864721298218,0.1,1.3461567810783939,0.1402331292629242,0.28524303436279297,0.7125555555547638,0.9092222222212119,1.3461568355560303,0.9176522493362427,6.642618179321289,0.10000000149011612,0.027051717042922974
280,resnet44,3,0.01,0.1,1.2500771159095683,0.03827846050262451,0.08743035793304443,0.62899999999371,0.90199999999098,1.2500773668289185,0.6047398447990417,2.461230993270874,0.10000000149011612,0.011242017149925232,0.1,1.234246623469245,0.03622036054730415,0.09131239354610443,0.6509999999992766,0.8999999999989999,1.2342464923858643,0.642627477645874,2.9179584980010986,0.10000000149011612,0.013026364147663116
281,resnet44,5,2.0,0.1,1.24379371352947,0.1213560402393341,0.20376336574554443,0.69399999999306,0.91299999999087,1.2437936067581177,0.7875213027000427,4.645668029785156,0.10000000149011612,0.019885748624801636,0.1,1.26468841094322,0.11785922944545746,0.22089385986328125,0.7073333333325473,0.9133333333323185,1.2646883726119995,0.8346719741821289,5.517104625701904,0.10000000149011612,0.02282923460006714
282,resnet44,3,2.0,0.1,1.2030639528131106,0.0919344574213028,0.15611039102077484,0.6599999999934,0.92399999999076,1.2030638456344604,0.6796280145645142,3.481281280517578,0.10000000149011612,0.01505078375339508,0.1,1.1922552969718823,0.08374311029911041,0.15187996625900269,0.6846666666659058,0.9133333333323185,1.1922552585601807,0.7141848802566528,3.9435980319976807,0.10000000149011612,0.01684001088142395
283,resnet44,4,2.0,0.1,1.509563550158576,0.1605057567358017,0.2607235312461853,0.6559999999934399,0.90099999999099,1.5095635652542114,0.9427966475486755,6.69422721862793,0.10000000149011612,0.02770492434501648,0.1,1.4238306268130465,0.1460665464401245,0.2687821388244629,0.6751111111103609,0.9007777777767768,1.4238307476043701,0.9050357341766357,6.1915283203125,0.10000000149011612,0.025783047080039978
284,resnet44,5,0.5,0.1,1.2196304676163174,0.11526107788085938,0.22894437611103058,0.69599999999304,0.91899999999081,1.2196307182312012,0.7698612213134766,4.441752910614014,0.10000000149011612,0.019074954092502594,0.1,1.1818767772894037,0.11204057186841965,0.21548330783843994,0.7086666666658792,0.9203333333323107,1.1818768978118896,0.7703513503074646,4.68222188949585,0.10000000149011612,0.019649282097816467
285,mobilenetv2_x0_5,5,1.0,0.1,1.1262885219478693,0.059646666049957275,0.1460534930229187,0.6809999999931899,0.92599999999074,1.126288890838623,0.6241879463195801,2.825714111328125,0.10000000149011612,0.012589409947395325,0.1,1.0493444921172275,0.05004793033003807,0.09277176856994629,0.7029999999992188,0.9277777777767469,1.049344539642334,0.6113541722297668,2.8615024089813232,0.10000000149011612,0.012519590556621552
286,mobilenetv2_x0_5,3,0.1,0.1,1.6773577760807314,0.037979722023010254,0.09473240375518799,0.51399999999486,0.83499999999165,1.677357792854309,0.608022153377533,2.232333183288574,0.10000000149011612,0.010541155934333801,0.1,1.6423714937399212,0.023296747356653214,0.041523098945617676,0.539333333332734,0.8367777777768479,1.6423715353012085,0.6380595564842224,2.5442774295806885,0.10000000149011612,0.011851444840431213
287,mobilenetv2_x0_5,0,0.1,0.1,1.1944093584782698,0.12541815638542175,0.2523484230041504,0.70299999999297,0.92799999999072,1.1944094896316528,0.7688094973564148,4.447572708129883,0.10000000149011612,0.019084371626377106,0.1,1.146886347450047,0.11472940444946289,0.23493754863739014,0.7197777777769779,0.9221111111100865,1.1468863487243652,0.7609413862228394,4.489671230316162,0.10000000149011612,0.019033201038837433
288,mobilenetv2_x0_5,3,0.5,0.1,1.534124359048405,0.05934203788638115,0.11229276657104492,0.5599999999944,0.86099999999139,1.5341246128082275,0.5768581628799438,2.102205514907837,0.10000000149011612,0.009823903441429138,0.1,1.4742258903229628,0.05884566903114319,0.10653358697891235,0.5794444444438006,0.8652222222212608,1.4742258787155151,0.5763023495674133,2.1441941261291504,0.10000000149011612,0.009946614503860474
289,mobilenetv2_x0_5,4,0.01,0.1,1.2138168690416409,0.12474457919597626,0.27630794048309326,0.70199999999298,0.92099999999079,1.2138170003890991,0.7826357483863831,4.615931510925293,0.10000000149011612,0.019747667014598846,0.1,1.1440631006032762,0.11204540729522705,0.21544712781906128,0.7212222222214209,0.9216666666656426,1.144063115119934,0.762166440486908,4.528052806854248,0.10000000149011612,0.01915237307548523
290,mobilenetv2_x0_5,3,1.0,0.1,1.5212477293477644,0.08625787496566772,0.17061567306518555,0.56499999999435,0.86399999999136,1.5212478637695312,0.5395137667655945,1.830452799797058,0.10000000149011612,0.008607283234596252,0.1,1.4865479055417818,0.0845259428024292,0.176710307598114,0.5783333333326907,0.8711111111101432,1.4865479469299316,0.556310772895813,2.0486748218536377,0.10000000149011612,0.009446009993553162
291,mobilenetv2_x0_5,5,0.01,0.1,1.170827377055154,0.04494762420654297,0.09922811388969421,0.6559999999934399,0.91599999999084,1.1708271503448486,0.598476231098175,2.4767343997955322,0.10000000149011612,0.011222980916500092,0.1,1.1175902009838121,0.031946443021297455,0.08804439008235931,0.6765555555548037,0.9129999999989855,1.117590308189392,0.6012268662452698,2.574397087097168,0.10000000149011612,0.011565051972866058
292,mobilenetv2_x0_5,3,0.001,0.1,2.011743763833368,0.036816876381635666,0.10146141052246094,0.45099999999549,0.76699999999233,2.0117437839508057,0.691444456577301,2.826448440551758,0.10000000149011612,0.013355866074562073,0.1,1.993964351981668,0.010892000049352646,0.03257918357849121,0.4606666666661548,0.7707777777769212,1.993964433670044,0.7035560607910156,2.954901695251465,0.10000000149011612,0.013898193836212158
293,mobilenetv2_x0_5,3,0.01,0.1,1.7138398714342942,0.03690236806869507,0.10770831257104874,0.51799999999482,0.8309999999916899,1.7138397693634033,0.6367669105529785,2.4892868995666504,0.10000000149011612,0.0116654634475708,0.1,1.705850148954695,0.0097085852175951,0.02424725890159607,0.5267777777771924,0.8247777777768612,1.7058502435684204,0.6613097786903381,2.713787078857422,0.10000000149011612,0.012638449668884277
294,mobilenetv2_x0_5,4,0.1,0.1,1.1929237723267438,0.11964352428913116,0.2789676785469055,0.699999999993,0.91699999999083,1.192923903465271,0.7638628482818604,4.366248607635498,0.10000000149011612,0.018784165382385254,0.1,1.1155622125522275,0.11086791753768921,0.23208940029144287,0.7231111111103076,0.925999999998971,1.1155623197555542,0.7372800707817078,4.17356014251709,0.10000000149011612,0.017863444983959198
295,mobilenetv2_x0_5,4,1.0,0.1,1.1355550175598552,0.10934921354055405,0.2231481671333313,0.69499999999305,0.92499999999075,1.1355552673339844,0.7054089903831482,3.7856874465942383,0.10000000149011612,0.01631699502468109,0.1,1.09432770024672,0.09618604928255081,0.18532824516296387,0.719888888888089,0.9274444444434139,1.0943278074264526,0.7109703421592712,3.9611034393310547,0.10000000149011612,0.016902528703212738
296,mobilenetv2_x0_5,4,0.001,0.1,1.2453297252099718,0.1423998475074768,0.28981316089630127,0.68599999999314,0.92499999999075,1.2453296184539795,0.7783112525939941,4.4387526512146,0.10000000149011612,0.019189149141311646,0.1,1.1748403562631506,0.1196746900677681,0.24721235036849976,0.7176666666658692,0.9236666666656402,1.1748404502868652,0.7794331908226013,4.705593585968018,0.10000000149011612,0.019890733063220978
297,mobilenetv2_x0_5,5,0.001,0.1,1.160160053095665,0.04432643949985504,0.13137981295585632,0.65699999999343,0.91499999999085,1.1601600646972656,0.600111722946167,2.5020205974578857,0.10000000149011612,0.011341676115989685,0.1,1.1206125273439116,0.039650410413742065,0.15368205308914185,0.6818888888881312,0.9147777777767613,1.120612382888794,0.6184053421020508,2.7578907012939453,0.10000000149011612,0.012307874858379364
298,mobilenetv2_x0_5,5,0.1,0.1,1.112076629008323,0.03609650954604149,0.08565796911716461,0.67399999999326,0.92499999999075,1.112076759338379,0.5834362506866455,2.4128305912017822,0.10000000149011612,0.010877326130867004,0.1,1.089591674123849,0.036516234278678894,0.09927600622177124,0.6894444444436784,0.916555555554537,1.0895916223526,0.6053146123886108,2.67883038520813,0.10000000149011612,0.011916138231754303
299,mobilenetv2_x0_5,3,2.0,0.1,1.6531795097972455,0.1611858308315277,0.3081166446208954,0.5399999999946,0.86499999999135,1.65317964553833,0.48006707429885864,1.5570380687713623,0.10000000149011612,0.007206395268440247,0.1,1.6374277520529772,0.15883751213550568,0.2921997904777527,0.5504444444438328,0.8698888888879223,1.637427806854248,0.4983876049518585,1.701880931854248,0.10000000149011612,0.007837057113647461
300,mobilenetv2_x0_5,4,2.0,0.1,1.142903197303573,0.10083825886249542,0.2226330041885376,0.6899999999931,0.9299999999907,1.1429030895233154,0.6879323720932007,3.5473897457122803,0.10000000149011612,0.015441976487636566,0.1,1.1322571291528725,0.0920611098408699,0.1629258394241333,0.7041111111103288,0.9198888888878667,1.1322572231292725,0.7123862504959106,3.9668126106262207,0.10000000149011612,0.016892209649086
301,mobilenetv2_x0_5,5,2.0,0.1,1.112108457888315,0.03513285517692566,0.16115005314350128,0.68599999999314,0.92099999999079,1.1121087074279785,0.6024279594421387,2.7112443447113037,0.10000000149011612,0.011975333094596863,0.1,1.1036520124464426,0.045016318559646606,0.08936548233032227,0.6847777777770169,0.9228888888878634,1.1036518812179565,0.6163011193275452,2.8393185138702393,0.10000000149011612,0.012519173324108124
302,mobilenetv2_x0_5,5,0.5,0.1,1.0752205741171792,0.05002459138631821,0.13437658548355103,0.67499999999325,0.9309999999906899,1.0752204656600952,0.5824939608573914,2.473132848739624,0.10000000149011612,0.011071726679801941,0.1,1.0550675380427905,0.04462693631649017,0.0999990925192833,0.6978888888881134,0.9217777777767535,1.055067539215088,0.6011772751808167,2.695721387863159,0.10000000149011612,0.011920779943466187
303,mobilenetv2_x0_5,4,0.5,0.1,1.2255086776252844,0.12454642355442047,0.3588540256023407,0.69599999999304,0.92099999999079,1.2255085706710815,0.7748308181762695,4.545373439788818,0.10000000149011612,0.01938333362340927,0.1,1.1379460878444003,0.11238721013069153,0.24694299697875977,0.7127777777769857,0.9228888888878634,1.1379462480545044,0.7415703535079956,4.241487503051758,0.10000000149011612,0.018091484904289246
304,repvgg_a0,0,0.1,0.1,1.0479205741994442,0.08495008945465088,0.2363603413105011,0.75399999999246,0.91899999999081,1.047920823097229,0.7145323753356934,3.8271310329437256,0.10000000149011612,0.016628235578536987,0.1,1.0559007050120117,0.09423065930604935,0.21005383133888245,0.754999999999161,0.9307777777767435,1.0559005737304688,0.738339364528656,4.272013187408447,0.10000000149011612,0.018149584531784058
305,repvgg_a0,5,0.5,0.1,1.1017013678053131,0.1050647720694542,0.22706472873687744,0.72099999999279,0.92599999999074,1.1017013788223267,0.7301046252250671,4.121509552001953,0.10000000149011612,0.017658010125160217,0.1,1.0262653816264287,0.09525775164365768,0.20383763313293457,0.7515555555547204,0.9297777777767446,1.0262653827667236,0.7161446213722229,4.131148338317871,0.10000000149011612,0.017450079321861267
306,repvgg_a0,3,2.0,0.1,1.110727895119833,0.1209208071231842,0.26047900319099426,0.70199999999298,0.92799999999072,1.1107277870178223,0.7046225070953369,3.78072190284729,0.10000000149011612,0.0162818506360054,0.1,1.0801248604641034,0.1030033603310585,0.1878179907798767,0.7302222222214108,0.9284444444434128,1.0801247358322144,0.7270206212997437,4.259420394897461,0.10000000149011612,0.017901711165905
307,repvgg_a0,3,0.5,0.1,1.0622854126559544,0.06999397277832031,0.17412646114826202,0.69099999999309,0.93199999999068,1.0622854232788086,0.6113439798355103,2.758674383163452,0.10000000149011612,0.012225344777107239,0.1,1.0199658528227151,0.058056946843862534,0.12188178300857544,0.7133333333325407,0.9257777777767491,1.0199658870697021,0.6180244088172913,2.928910493850708,0.10000000149011612,0.012808017432689667
308,repvgg_a0,4,2.0,0.1,1.2054906962962284,0.12527772784233093,0.30146336555480957,0.6899999999931,0.91299999999087,1.2054907083511353,0.749260663986206,4.00813102722168,0.10000000149011612,0.017630912363529205,0.1,1.1047303929239973,0.09823232889175415,0.18475258350372314,0.7251111111103054,0.9216666666656426,1.104730248451233,0.7270202040672302,4.040579319000244,0.10000000149011612,0.01735246181488037
309,repvgg_a0,5,2.0,0.1,1.162942397885957,0.1343727856874466,0.2895137667655945,0.72499999999275,0.92899999999071,1.1629421710968018,0.7867212891578674,4.8044657707214355,0.10000000149011612,0.020245395600795746,0.1,1.0742211859741182,0.10930817574262619,0.24308574199676514,0.7433333333325074,0.9309999999989654,1.074221134185791,0.7495942711830139,4.504347801208496,0.10000000149011612,0.01891065388917923
310,repvgg_a0,3,0.1,0.1,1.1153926737825968,0.0488625094294548,0.11965453624725342,0.67299999999327,0.92699999999073,1.115392804145813,0.5936464667320251,2.523641347885132,0.10000000149011612,0.011316686868667603,0.1,1.0458155925044832,0.032151393592357635,0.05787003040313721,0.6989999999992232,0.9213333333323096,1.0458157062530518,0.5900766849517822,2.5861659049987793,0.10000000149011612,0.01146765798330307
311,repvgg_a0,3,0.01,0.1,1.1161262877431561,0.04152612388134003,0.11046247184276581,0.67199999999328,0.91799999999082,1.116126537322998,0.5811490416526794,2.3099565505981445,0.10000000149011612,0.010547496378421783,0.1,1.1053534071614508,0.030619420111179352,0.09257392585277557,0.683222222221463,0.9154444444434272,1.1053534746170044,0.600511908531189,2.590805768966675,0.10000000149011612,0.011585913598537445
312,repvgg_a0,4,0.5,0.1,1.0999654421482339,0.09929633140563965,0.24332654476165771,0.72499999999275,0.92499999999075,1.0999653339385986,0.7228204607963562,4.009523391723633,0.10000000149011612,0.017202600836753845,0.1,1.0319419756655483,0.09008091688156128,0.18729859590530396,0.7491111111102787,0.9255555555545271,1.0319420099258423,0.7071697115898132,3.888432264328003,0.10000000149011612,0.016674958169460297
313,repvgg_a0,5,0.01,0.1,1.0728431832794418,0.12214383482933044,0.2512938380241394,0.72699999999273,0.92799999999072,1.072843074798584,0.7162879109382629,3.8898611068725586,0.10000000149011612,0.01679825782775879,0.1,1.0458312155441352,0.09916713833808899,0.20308217406272888,0.7444444444436172,0.9301111111100776,1.045831322669983,0.7225210070610046,4.220050811767578,0.10000000149011612,0.017737723886966705
314,repvgg_a0,3,1.0,0.1,1.134391415696186,0.08291666209697723,0.17768293619155884,0.71499999999285,0.91799999999082,1.1343916654586792,0.7118754982948303,3.9291868209838867,0.10000000149011612,0.01678282767534256,0.1,1.0473349347663345,0.08655047416687012,0.17417627573013306,0.7205555555547549,0.9292222222211897,1.047334909439087,0.6709018349647522,3.5360841751098633,0.10000000149011612,0.015170127153396606
315,repvgg_a0,4,1.0,0.1,1.0919867644783867,0.1126788929104805,0.25831174850463867,0.72299999999277,0.92699999999073,1.091986894607544,0.7234474420547485,3.9481656551361084,0.10000000149011612,0.01707661896944046,0.1,1.0166360261005611,0.08960752189159393,0.20245981216430664,0.7506666666658325,0.9318888888878534,1.0166360139846802,0.6983473300933838,3.8345859050750732,0.10000000149011612,0.016394630074501038
316,repvgg_a0,3,0.001,0.1,1.141206849130229,0.046186190098524094,0.1334800124168396,0.65899999999341,0.92499999999075,1.1412070989608765,0.5901932120323181,2.421443462371826,0.10000000149011612,0.010969378054141998,0.1,1.0961785436742288,0.032641418278217316,0.06192374229431152,0.6858888888881267,0.9142222222212063,1.096178650856018,0.5979778170585632,2.5556602478027344,0.10000000149011612,0.01147238165140152
317,repvgg_a0,5,0.1,0.1,1.058875311753166,0.10349202156066895,0.24402350187301636,0.72699999999273,0.93599999999064,1.058875560760498,0.6971867680549622,3.722170114517212,0.10000000149011612,0.01607479900121689,0.1,1.0746342461619527,0.10810071974992752,0.20552539825439453,0.7394444444436228,0.9309999999989654,1.074634075164795,0.7427492737770081,4.451980113983154,0.10000000149011612,0.018647730350494385
318,repvgg_a0,4,0.001,0.1,1.1656297328734269,0.11008241772651672,0.25875335931777954,0.71899999999281,0.91899999999081,1.1656297445297241,0.7611389756202698,4.284183025360107,0.10000000149011612,0.018515244126319885,0.1,1.036430218657625,0.09239169210195541,0.20708894729614258,0.7538888888880512,0.9306666666656325,1.0364302396774292,0.7125778198242188,3.900973081588745,0.10000000149011612,0.016775697469711304
319,repvgg_a0,4,0.1,0.1,1.061341036673577,0.09185316413640976,0.24630725383758545,0.73299999999267,0.92199999999078,1.0613411664962769,0.7032541632652283,3.729377031326294,0.10000000149011612,0.01617974042892456,0.1,1.0535448645435737,0.09262219816446304,0.2234322428703308,0.7503333333324995,0.9283333333323017,1.0535448789596558,0.7241316437721252,4.065622329711914,0.10000000149011612,0.017377085983753204
320,repvgg_a0,5,0.001,0.1,1.0879253040240062,0.1173456534743309,0.21788495779037476,0.71899999999281,0.9299999999907,1.0879254341125488,0.7121118903160095,3.7473371028900146,0.10000000149011612,0.016373872756958008,0.1,1.067396579986947,0.10703206062316895,0.2281743884086609,0.7385555555547348,0.9307777777767435,1.0673965215682983,0.730952262878418,4.273090362548828,0.10000000149011612,0.01800980418920517
321,repvgg_a0,5,1.0,0.1,1.0749499690326048,0.10288217663764954,0.21249759197235107,0.73899999999261,0.93199999999068,1.0749502182006836,0.732012927532196,4.355175971984863,0.10000000149011612,0.018189147114753723,0.1,1.0411096004998073,0.1006632149219513,0.1918010115623474,0.7521111111102754,0.9328888888878523,1.041109561920166,0.7308956980705261,4.322608470916748,0.10000000149011612,0.01815534383058548
322,repvgg_a0,4,0.01,0.1,1.1492085341927292,0.11525177955627441,0.2170506715774536,0.72599999999274,0.92299999999077,1.149208426475525,0.7613459825515747,4.252300262451172,0.10000000149011612,0.018458597362041473,0.1,1.0187297981916896,0.09051282703876495,0.20321595668792725,0.7537777777769402,0.9297777777767446,1.01872980594635,0.7012675404548645,3.797244071960449,0.10000000149011612,0.016339845955371857
323,mobilenetv2_x1_4,5,0.001,0.1,1.0793357979606093,0.05992228165268898,0.1392122060060501,0.70299999999297,0.92599999999074,1.0793360471725464,0.623500645160675,2.7824559211730957,0.10000000149011612,0.012462213635444641,0.1,0.9961291275612331,0.059230104088783264,0.12119287252426147,0.7142222222214286,0.9288888888878567,0.9961291551589966,0.5993357300758362,2.6917178630828857,0.10000000149011612,0.011915884912014008
324,mobilenetv2_x1_4,5,0.5,0.1,1.0504189624648657,0.07885462045669556,0.18708065152168274,0.72599999999274,0.93599999999064,1.0504188537597656,0.6627881526947021,3.4363744258880615,0.10000000149011612,0.014791406691074371,0.1,0.9874685991759449,0.075724296271801,0.15369927883148193,0.7314444444436317,0.9339999999989621,0.9874685406684875,0.6378281116485596,3.2506518363952637,0.10000000149011612,0.013954713940620422
325,mobilenetv2_x1_4,5,0.1,0.1,0.9837746521800758,0.06248113140463829,0.16522671282291412,0.70299999999297,0.94199999999058,0.983774721622467,0.5765210390090942,2.5088233947753906,0.10000000149011612,0.01110529899597168,0.1,0.9742968998785819,0.05963430553674698,0.11894053220748901,0.7293333333325229,0.9343333333322951,0.9742968678474426,0.6071661114692688,2.8667659759521484,0.10000000149011612,0.012511670589447021
326,mobilenetv2_x1_4,4,0.5,0.1,1.0682108295431114,0.10135618597269058,0.2585919499397278,0.73699999999263,0.9299999999907,1.0682107210159302,0.7251413464546204,4.123481273651123,0.10000000149011612,0.017591483891010284,0.1,0.9753672403518393,0.09708088636398315,0.20744535326957703,0.7583333333324906,0.9371111111100698,0.9753671884536743,0.6885828375816345,3.8735642433166504,0.10000000149011612,0.016351379454135895
327,mobilenetv2_x1_4,3,1.0,0.1,1.2967620958351744,0.03579180687665939,0.07444268465042114,0.6099999999939,0.89599999999104,1.2967619895935059,0.5681397318840027,2.205699920654297,0.10000000149011612,0.010051116347312927,0.1,1.2360943012278462,0.03216924890875816,0.0958091989159584,0.6378888888881801,0.9022222222212197,1.236094355583191,0.5605466365814209,2.1859354972839355,0.10000000149011612,0.009936220943927765
328,mobilenetv2_x1_4,3,0.1,0.1,1.456418499687524,0.035052377730607986,0.09640747308731079,0.57499999999425,0.8809999999911899,1.456418514251709,0.5966348648071289,2.295987129211426,0.10000000149011612,0.010612532496452332,0.1,1.4054677205893835,0.017860475927591324,0.04372518137097359,0.5955555555548938,0.8695555555545893,1.4054676294326782,0.6054678559303284,2.3764352798461914,0.10000000149011612,0.010982498526573181
329,mobilenetv2_x1_4,5,1.0,0.1,1.0287119047290554,0.08118139207363129,0.17498373985290527,0.72499999999275,0.9399999999906,1.0287119150161743,0.6643807291984558,3.577220916748047,0.10000000149011612,0.015238068997859955,0.1,1.0023282622750416,0.08208081126213074,0.175883948802948,0.7332222222214074,0.935444444443405,1.0023283958435059,0.6574152112007141,3.4987852573394775,0.10000000149011612,0.014892332255840302
330,mobilenetv2_x1_4,4,0.01,0.1,1.0794540535746613,0.10570422559976578,0.2762587070465088,0.73199999999268,0.92599999999074,1.0794541835784912,0.7201868891716003,3.9036900997161865,0.10000000149011612,0.016919590532779694,0.1,0.9751692602130687,0.09672349691390991,0.23149651288986206,0.7647777777769279,0.9398888888878445,0.97516930103302,0.6978814005851746,3.9524710178375244,0.10000000149011612,0.016725458204746246
331,mobilenetv2_x1_4,4,1.0,0.1,1.02515994477312,0.09756728261709213,0.17368289828300476,0.74299999999257,0.9429999999905699,1.0251598358154297,0.6946426630020142,3.808116912841797,0.10000000149011612,0.016281887888908386,0.1,0.9943455777776008,0.09511008858680725,0.2209598422050476,0.7599999999991555,0.9401111111100665,0.9943457245826721,0.7033331394195557,4.034161567687988,0.10000000149011612,0.017017066478729248
332,mobilenetv2_x1_4,3,0.001,0.1,1.547460778974245,0.03576228395104408,0.12704706192016602,0.5559999999944399,0.85399999999146,1.5474607944488525,0.6324265003204346,2.5536692142486572,0.10000000149011612,0.011811286211013794,0.1,1.5151209019674519,0.012505816295742989,0.089633509516716,0.5673333333327029,0.8564444444434928,1.5151208639144897,0.6426688432693481,2.650866985321045,0.10000000149011612,0.012235596776008606
333,mobilenetv2_x1_4,3,2.0,0.1,1.2680760495216932,0.058001115918159485,0.14394474029541016,0.6299999999937,0.91199999999088,1.2680763006210327,0.5499683022499084,2.138975143432617,0.10000000149011612,0.009700238704681396,0.1,1.2209931465993413,0.05699481442570686,0.11229556798934937,0.6508888888881657,0.9095555555545448,1.220993161201477,0.5476646423339844,2.16896390914917,0.10000000149011612,0.009766966104507446
334,mobilenetv2_x1_4,5,2.0,0.1,1.0605724943915285,0.09882856905460358,0.21728843450546265,0.71299999999287,0.93799999999062,1.0605725049972534,0.6646674871444702,3.3165056705474854,0.10000000149011612,0.014514543116092682,0.1,1.0376642533534686,0.09477055072784424,0.16061705350875854,0.7262222222214152,0.9322222222211863,1.0376642942428589,0.6824504137039185,3.714999198913574,0.10000000149011612,0.015829071402549744
335,mobilenetv2_x1_4,5,0.01,0.1,1.0927127490444912,0.05530800670385361,0.13288402557373047,0.70299999999297,0.91399999999086,1.092712640762329,0.6356950998306274,2.9493331909179688,0.10000000149011612,0.013085104525089264,0.1,0.9886449365757101,0.058243557810783386,0.11483567953109741,0.7114444444436538,0.9307777777767435,0.9886449575424194,0.5914350748062134,2.6397926807403564,0.10000000149011612,0.011671014130115509
336,mobilenetv2_x1_4,3,0.5,0.1,1.3445302113548079,0.05877627432346344,0.10448679327964783,0.58399999999416,0.88699999999113,1.3445305824279785,0.5687128901481628,2.128946304321289,0.10000000149011612,0.009832605719566345,0.1,1.2726949041848528,0.03694676607847214,0.08692069351673126,0.629777777777078,0.898777777776779,1.2726949453353882,0.5630993843078613,2.142223596572876,0.10000000149011612,0.009825468063354492
337,mobilenetv2_x1_4,4,2.0,0.1,1.055334199842471,0.105201855301857,0.23357689380645752,0.74499999999255,0.94099999999059,1.0553343296051025,0.7302266955375671,4.235895156860352,0.10000000149011612,0.017953217029571533,0.1,1.0132633105251698,0.1042933240532875,0.2042439579963684,0.7523333333324973,0.9378888888878467,1.01326322555542,0.7171356081962585,4.208237171173096,0.10000000149011612,0.01767478883266449
338,mobilenetv2_x1_4,0,0.1,0.1,0.9250062015539237,0.08364205807447433,0.2335166335105896,0.76599999999234,0.9399999999906,0.9250063896179199,0.6437579393386841,3.269022226333618,0.10000000149011612,0.014123387634754181,0.1,0.985159495371697,0.09855976700782776,0.21358519792556763,0.7634444444435962,0.9384444444434017,0.9851595163345337,0.7007259130477905,3.9231441020965576,0.10000000149011612,0.01669832319021225
339,mobilenetv2_x1_4,3,0.01,0.1,1.5493807637725499,0.0144398994743824,0.03680074214935303,0.5499999999945,0.86299999999137,1.5493804216384888,0.6287933588027954,2.503415584564209,0.10000000149011612,0.011615589261054993,0.1,1.5049522171253025,0.012471440248191357,0.02803736925125122,0.5701111111104776,0.8568888888879367,1.504952311515808,0.6357328295707703,2.58003830909729,0.10000000149011612,0.011939704418182373
340,mobilenetv2_x1_4,4,0.1,0.1,1.068346251294687,0.1047515869140625,0.19177496433258057,0.74499999999255,0.93899999999061,1.0683462619781494,0.734913170337677,4.178528308868408,0.10000000149011612,0.017883040010929108,0.1,1.0001542358411812,0.10166239738464355,0.21367990970611572,0.7586666666658236,0.9356666666656269,1.0001542568206787,0.7118642926216125,4.0829949378967285,0.10000000149011612,0.017271779477596283
341,mobilenetv2_x1_4,4,0.001,0.1,1.0799466263541593,0.109906405210495,0.2960955500602722,0.7399999999926,0.93599999999064,1.0799466371536255,0.7369190454483032,4.249241352081299,0.10000000149011612,0.018045522272586823,0.1,0.990143013224877,0.1017737090587616,0.22699189186096191,0.7613333333324873,0.9385555555545126,0.9901430010795593,0.7071853280067444,4.0237555503845215,0.10000000149011612,0.017050765454769135
342,vgg13_bn,3,0.5,0.1,4.605226470671369,0.00445894431322813,0.00445894431322813,0.00599999999994,0.04699999999953,4.605226993560791,0.006853423081338406,0.0002303210349055007,0.10000000149011612,1.0132789611816406e-06,0.1,4.605299043836586,1.4969147741794586e-05,1.4969147741794586e-05,0.010444444444432838,0.0503333333332774,4.6052985191345215,0.007100868970155716,0.0002441663236822933,0.10000000149011612,1.5795230865478516e-06
343,vgg13_bn,5,0.01,0.1,1.2874929776188446,0.13146251440048218,0.31179869174957275,0.72399999999276,0.91099999999089,1.287493109703064,0.8737378120422363,5.853634834289551,0.10000000149011612,0.024393022060394287,0.1,1.2520790880914263,0.1340371072292328,0.30011647939682007,0.7265555555547482,0.9102222222212107,1.2520791292190552,0.8646825551986694,5.778107643127441,0.10000000149011612,0.024032607674598694
344,vgg13_bn,4,1.0,0.1,1.3278349505201734,0.15112808346748352,0.41130295395851135,0.72499999999275,0.91299999999087,1.3278347253799438,0.9138768315315247,6.095658302307129,0.10000000149011612,0.025864675641059875,0.1,1.2966471101340897,0.1436658501625061,0.35768747329711914,0.746444444443615,0.9145555555545393,1.296647071838379,0.9398395419120789,6.9200263023376465,0.10000000149011612,0.028206169605255127
345,vgg13_bn,3,0.01,0.1,4.605175449095951,0.004571751691401005,0.004571751691401005,0.00599999999994,0.0399999999996,4.605175018310547,0.009414929896593094,0.0004401531186886132,0.10000000149011612,2.0265579223632812e-06,0.1,4.605429326344445,0.00012784171849489212,0.00012784171849489212,0.010444444444432838,0.05111111111105432,4.605429172515869,0.009751733392477036,0.000469212478492409,0.10000000149011612,3.0994415283203125e-06
346,vgg13_bn,3,2.0,0.1,4.605250789366194,0.004280978813767433,0.004280978813767433,0.00599999999994,0.04699999999953,4.605251312255859,0.003956864587962627,7.396718137897551e-05,0.10000000149011612,5.066394805908203e-07,0.1,4.605205901645121,0.0001626182347536087,0.0001626182347536087,0.010444444444432838,0.0503333333332774,4.60520601272583,0.004159029573202133,8.100024570012465e-05,0.10000000149011612,-1.1920928955078125e-07
347,vgg13_bn,5,0.5,0.1,1.449743256376591,0.16713178157806396,0.30927836894989014,0.71899999999281,0.90199999999098,1.449743390083313,1.0002893209457397,7.395977973937988,0.10000000149011612,0.03068457543849945,0.1,1.3132707395796623,0.15223275125026703,0.41971132159233093,0.7392222222214008,0.9144444444434283,1.3132708072662354,0.9468941688537598,7.06149959564209,0.10000000149011612,0.028682157397270203
348,vgg13_bn,3,0.001,0.1,2.649486276834605,0.049278683960437775,0.23684418201446533,0.24599999999754,0.64099999999359,2.649486541748047,0.5613114237785339,1.71359121799469,0.10000000149011612,0.008348315954208374,0.1,2.6756997343639006,0.06018746271729469,0.16885864734649658,0.2681111111108132,0.6278888888881912,2.6756997108459473,0.5990383625030518,2.0098958015441895,0.10000000149011612,0.009690731763839722
349,vgg13_bn,5,2.0,0.1,1.5686818204414168,0.19742697477340698,0.46747449040412903,0.69099999999309,0.89899999999101,1.5686819553375244,1.0495564937591553,8.14551830291748,0.10000000149011612,0.03341887891292572,0.1,1.3684042412070423,0.15738487243652344,0.42847663164138794,0.737777777776958,0.9134444444434294,1.3684042692184448,0.9853801727294922,7.631036758422852,0.10000000149011612,0.03076322376728058
350,vgg13_bn,4,0.5,0.1,1.3505309685122076,0.15090526640415192,0.3777245581150055,0.71699999999283,0.90499999999095,1.3505312204360962,0.9301313757896423,6.509147644042969,0.10000000149011612,0.027075737714767456,0.1,1.2884849692969063,0.13819561898708344,0.370213121175766,0.746333333332504,0.9149999999989833,1.288485050201416,0.9314961433410645,6.8050384521484375,0.10000000149011612,0.027779042720794678
351,vgg13_bn,5,0.1,0.1,1.3301588163874378,0.15374229848384857,0.35959529876708984,0.71099999999289,0.91399999999086,1.3301589488983154,0.8946104049682617,5.943164348602295,0.10000000149011612,0.025066152215003967,0.1,1.2702217220391971,0.14383332431316376,0.40819501876831055,0.72899999999919,0.9143333333323174,1.2702218294143677,0.8911800980567932,6.277101516723633,0.10000000149011612,0.025675207376480103
352,vgg13_bn,4,0.1,0.1,1.356763349316888,0.13085238635540009,0.3013015687465668,0.73599999999264,0.89499999999105,1.356763243675232,0.9496009349822998,6.8673858642578125,0.10000000149011612,0.028339818120002747,0.1,1.3204062765073283,0.13661067187786102,0.38301485776901245,0.7421111111102865,0.9097777777767668,1.320406436920166,0.9399892687797546,6.851431369781494,0.10000000149011612,0.028065338730812073
353,vgg13_bn,3,0.1,0.1,4.60518641635048,0.004546091891825199,0.004546091891825199,0.00599999999994,0.0399999999996,4.605186939239502,0.008793623186647892,0.00038356814184226096,0.10000000149011612,2.2351741790771484e-06,0.1,4.605393775485244,0.00010134745389223099,0.00010134745389223099,0.010444444444432838,0.05111111111105432,4.605393886566162,0.009104699827730656,0.00040775720844976604,0.10000000149011612,2.4437904357910156e-06
354,vgg13_bn,5,0.001,0.1,1.268791543670422,0.14823445677757263,0.3705419600009918,0.69799999999302,0.91399999999086,1.2687915563583374,0.8345413208007812,5.11171817779541,0.10000000149011612,0.021905362606048584,0.1,1.245818467875231,0.13155223429203033,0.29968005418777466,0.7257777777769713,0.9102222222212107,1.2458183765411377,0.8547349572181702,5.68522310256958,0.10000000149011612,0.023580104112625122
355,vgg13_bn,3,1.0,0.1,4.605246974668966,0.004383519291877747,0.004383519291877747,0.00599999999994,0.04699999999953,4.6052470207214355,0.005453753750771284,0.00014319652109406888,0.10000000149011612,5.960464477539062e-07,0.1,4.60524590298446,6.0848891735076904e-05,6.0848891735076904e-05,0.010444444444432838,0.0503333333332774,4.605246067047119,0.005673528183251619,0.00015305333363357931,0.10000000149011612,1.043081283569336e-06
356,vgg13_bn,0,0.1,0.1,1.3656415802766897,0.15457355976104736,0.3382114768028259,0.71599999999284,0.90899999999091,1.3656418323516846,0.9267679452896118,6.266143798828125,0.10000000149011612,0.026518747210502625,0.1,1.2816424355571538,0.13067591190338135,0.34008538722991943,0.747111111110281,0.9118888888878756,1.2816424369812012,0.9169358015060425,6.544460773468018,0.10000000149011612,0.026892617344856262
357,vgg13_bn,4,2.0,0.1,1.405846104868541,0.16452670097351074,0.4098479449748993,0.72699999999273,0.91099999999089,1.4058462381362915,0.9768182039260864,7.17685079574585,0.10000000149011612,0.029636546969413757,0.1,1.3554435158609965,0.14879119396209717,0.3983980119228363,0.7451111111102832,0.9104444444434328,1.3554435968399048,0.9789605140686035,7.423962116241455,0.10000000149011612,0.03019481897354126
358,vgg13_bn,5,1.0,0.1,1.4221867180703083,0.1650695949792862,0.4251517355442047,0.71599999999284,0.91399999999086,1.4221868515014648,0.9839382171630859,7.36802864074707,0.10000000149011612,0.03020581603050232,0.1,1.3969382959315024,0.16143128275871277,0.9289581775665283,0.7298888888880778,0.9144444444434283,1.396938443183899,0.9998157620429993,7.915105819702148,0.10000000149011612,0.031684502959251404
359,vgg13_bn,4,0.001,0.1,1.2974681724501231,0.13558927178382874,0.35735663771629333,0.72599999999274,0.91299999999087,1.2974680662155151,0.8997887969017029,6.26174783706665,0.10000000149011612,0.025907903909683228,0.1,1.2955447023619788,0.13452981412410736,0.3497874140739441,0.7428888888880634,0.9108888888878767,1.2955447435379028,0.923896074295044,6.607149600982666,0.10000000149011612,0.027179434895515442
360,vgg13_bn,4,0.01,0.1,1.2556918733912625,0.13384822010993958,0.3238276243209839,0.72599999999274,0.90899999999091,1.2556920051574707,0.8705514669418335,5.712245464324951,0.10000000149011612,0.02405962347984314,0.1,1.3129960151494595,0.13449732959270477,0.31371068954467773,0.7408888888880656,0.9091111111101009,1.3129960298538208,0.9331896901130676,6.7892746925354,0.10000000149011612,0.02772676944732666
