id,name,reg,lamb,eval/lr,eval/loss,eval/ece,eval/mce,eval/top1_acc,eval/top5_acc,eval/L,eval/alphaD,eval/var,eval/lambd,eval/cummulant,test/lr,test/loss,test/ece,test/mce,test/top1_acc,test/top5_acc,test/L,test/alphaD,test/var,test/lambd,test/cummulant
0,shufflenetv2_x0_5,4,0.001,0.1,0.35898577807975895,0.046408168971538544,0.2585839629173279,0.90499999999095,0.99999999999,0.3589857816696167,0.3315622806549072,1.7035633325576782,0.10000000149011612,0.006764788180589676,0.1,0.33637086181883236,0.046972207725048065,0.20156604051589966,0.9056666666656603,0.9967777777766702,0.33637088537216187,0.31397101283073425,1.3502042293548584,0.10000000149011612,0.005662962794303894
1,shufflenetv2_x0_5,5,0.5,0.1,0.3215872613219387,0.03447495400905609,0.2791433334350586,0.89099999999109,0.99799999999002,0.32158735394477844,0.2648483216762543,0.7891460061073303,0.10000000149011612,0.0034922435879707336,0.1,0.32925333873934515,0.0325172021985054,0.2317427396774292,0.8913333333323429,0.9969999999988921,0.3292533755302429,0.27899062633514404,0.9397352337837219,0.10000000149011612,0.004075732082128525
2,shufflenetv2_x0_5,3,2.0,0.1,0.37669330458649103,0.02364116907119751,0.11611360311508179,0.87699999999123,0.9929999999900699,0.3766933083534241,0.29431456327438354,0.9363920092582703,0.10000000149011612,0.004120975732803345,0.1,0.3465198903737042,0.016090288758277893,0.2056015431880951,0.8798888888879112,0.9962222222211152,0.34651991724967957,0.2685040235519409,0.7679733037948608,0.10000000149011612,0.003418203443288803
3,shufflenetv2_x0_5,3,0.01,0.1,0.5210782237397182,0.02856224775314331,0.1329880654811859,0.81399999999186,0.99599999999004,0.5210781693458557,0.34308087825775146,1.0286222696304321,0.10000000149011612,0.004630576819181442,0.1,0.5010671179555183,0.019324827939271927,0.19833140075206757,0.8257777777768601,0.9902222222211219,0.5010671615600586,0.33618882298469543,0.9768487811088562,0.10000000149011612,0.004423804581165314
4,shufflenetv2_x0_5,5,2.0,0.1,0.33853718299882923,0.03927842900156975,0.17429664731025696,0.88599999999114,0.99999999999,0.3385372459888458,0.28423863649368286,0.9214638471603394,0.10000000149011612,0.004034716635942459,0.1,0.3352828055206198,0.03386799991130829,0.11870783567428589,0.8928888888878967,0.9961111111100043,0.3352828323841095,0.28830486536026,1.0275615453720093,0.10000000149011612,0.0044326335191726685
5,shufflenetv2_x0_5,4,0.01,0.1,0.3694254421008048,0.04688165336847305,0.37017419934272766,0.89699999999103,0.99599999999004,0.3694254457950592,0.3358442783355713,1.6164617538452148,0.10000000149011612,0.0065332092344760895,0.1,0.3359737955439948,0.04773526266217232,0.1953631043434143,0.9072222222212141,0.9972222222211141,0.3359738290309906,0.31619054079055786,1.4239826202392578,0.10000000149011612,0.005921754986047745
6,shufflenetv2_x0_5,3,0.1,0.1,0.544049674792505,0.018627123907208443,0.13364917039871216,0.8059999999919399,0.99499999999005,0.5440497398376465,0.3263568580150604,0.8570910692214966,0.10000000149011612,0.003937963396310806,0.1,0.5614376194331804,0.014410801231861115,0.02786797285079956,0.8056666666657714,0.9907777777766769,0.5614376068115234,0.34765875339508057,0.9855579733848572,0.10000000149011612,0.004497528076171875
7,shufflenetv2_x0_5,3,0.5,0.1,0.42556184104696343,0.017810136079788208,0.46786409616470337,0.84799999999152,0.9929999999900699,0.42556190490722656,0.29179447889328003,0.7453464269638062,0.10000000149011612,0.003415968269109726,0.1,0.41732423788961176,0.0069692544639110565,0.04606793820858002,0.854777777776828,0.9946666666655614,0.4173242151737213,0.29046201705932617,0.7765318155288696,0.10000000149011612,0.0035225078463554382
8,shufflenetv2_x0_5,4,2.0,0.1,0.38861327974805304,0.05605301260948181,0.41103968024253845,0.89299999999107,0.99599999999004,0.3886133134365082,0.34821590781211853,1.685870885848999,0.10000000149011612,0.006805475801229477,0.1,0.34786721031955586,0.04492836445569992,0.15454989671707153,0.8966666666656703,0.9965555555544482,0.3478672206401825,0.3138425946235657,1.3133150339126587,0.10000000149011612,0.005500338971614838
9,shufflenetv2_x0_5,5,1.0,0.1,0.3554561698653907,0.03296174854040146,0.2002163678407669,0.88499999999115,0.99899999999001,0.35545614361763,0.2954852879047394,1.015634536743164,0.10000000149011612,0.00437333807349205,0.1,0.3526046239061008,0.027976036071777344,0.08591091632843018,0.8881111111101242,0.9958888888877823,0.35260462760925293,0.2938559353351593,1.0074279308319092,0.10000000149011612,0.0043747685849666595
10,shufflenetv2_x0_5,5,0.01,0.1,0.34658920418333894,0.03628182411193848,0.39497992396354675,0.87799999999122,0.99699999999003,0.34658917784690857,0.2775580883026123,0.8440625667572021,0.10000000149011612,0.0037069469690322876,0.1,0.34902748095620273,0.0283160712569952,0.0954555869102478,0.8843333333323506,0.9959999999988932,0.34902751445770264,0.28537189960479736,0.8662197589874268,0.10000000149011612,0.0038511157035827637
11,shufflenetv2_x0_5,3,0.001,0.1,0.6051428257509399,0.029229311272501945,0.16955938935279846,0.7809999999921899,0.99399999999006,0.6051427721977234,0.3630014657974243,1.028707504272461,0.10000000149011612,0.004714798182249069,0.1,0.6060994856775692,0.026668742299079895,0.30974268913269043,0.7882222222213463,0.9884444444433461,0.6060994863510132,0.37550774216651917,1.139671802520752,0.10000000149011612,0.005179539322853088
12,shufflenetv2_x0_5,4,0.5,0.1,0.32798048525893725,0.04274136573076248,0.19217753410339355,0.90099999999099,0.99699999999003,0.32798048853874207,0.2954578399658203,1.2823364734649658,0.10000000149011612,0.0052144527435302734,0.1,0.3325852979832321,0.04140639677643776,0.2869175672531128,0.9056666666656603,0.9957777777766713,0.33258530497550964,0.3055819571018219,1.2846113443374634,0.10000000149011612,0.005399797111749649
13,shufflenetv2_x0_5,5,0.001,0.1,0.36662393441740937,0.032664790749549866,0.2138374000787735,0.88699999999113,0.9929999999900699,0.3666239380836487,0.30409637093544006,1.0951931476593018,0.10000000149011612,0.004688076674938202,0.1,0.3459973629444922,0.030551791191101074,0.16663315892219543,0.8826666666656858,0.9956666666655603,0.3459973931312561,0.2842614948749542,0.8828821778297424,0.10000000149011612,0.00389905646443367
14,shufflenetv2_x0_5,0,0.1,0.1,0.4038473327306307,0.055076804012060165,0.27750882506370544,0.89499999999105,0.99499999999005,0.40384742617607117,0.37234506011009216,1.919273018836975,0.10000000149011612,0.007764790207147598,0.1,0.33453153864459806,0.04764900356531143,0.21505510807037354,0.9041111111101064,0.9962222222211152,0.3345315456390381,0.3117775022983551,1.39517080783844,0.10000000149011612,0.005783252418041229
15,shufflenetv2_x0_5,4,1.0,0.1,0.3627175354448614,0.052598413079977036,0.3067438006401062,0.90199999999098,0.99999999999,0.36271750926971436,0.333635151386261,1.4581233263015747,0.10000000149011612,0.006132781505584717,0.1,0.3542974421750092,0.0478091798722744,0.15489381551742554,0.899111111110112,0.9972222222211141,0.3542974591255188,0.3241831660270691,1.3826717138290405,0.10000000149011612,0.005796227604150772
16,shufflenetv2_x0_5,5,0.1,0.1,0.3530104423031018,0.04064992442727089,0.18811377882957458,0.87799999999122,0.99799999999002,0.3530103862285614,0.28772127628326416,0.9127288460731506,0.10000000149011612,0.004002876579761505,0.1,0.3537449038071861,0.030961649492383003,0.1054736077785492,0.881888888887909,0.9957777777766713,0.35374489426612854,0.2906430959701538,0.924552857875824,0.10000000149011612,0.00407680869102478
17,shufflenetv2_x0_5,3,1.0,0.1,0.37459238989077964,0.020807787775993347,0.2746879458427429,0.85899999999141,0.99899999999001,0.3745924234390259,0.26593029499053955,0.6784835457801819,0.10000000149011612,0.00307261198759079,0.1,0.37649022497624435,0.006846453994512558,0.08658106625080109,0.8721111111101421,0.9945555555544504,0.3764902353286743,0.2739843726158142,0.7351338863372803,0.10000000149011612,0.003322470933198929
18,shufflenetv2_x0_5,4,0.1,0.1,0.3333830800096751,0.047524593770504,0.7493278980255127,0.9059999999909399,0.99799999999002,0.33338314294815063,0.31055891513824463,1.5209771394729614,0.10000000149011612,0.006078008562326431,0.1,0.3379919690774173,0.04845103248953819,0.21128123998641968,0.9035555555545515,0.9971111111100032,0.33799198269844055,0.31454992294311523,1.3663593530654907,0.10000000149011612,0.005709674209356308
19,resnet56,4,1.0,0.1,0.28985085793561316,0.04947590455412865,0.6229933500289917,0.9299999999907,0.99899999999001,0.2898508906364441,0.28702712059020996,1.5383784770965576,0.10000000149011612,0.0062108710408210754,0.1,0.26356975208242955,0.03800792992115021,0.2665029764175415,0.9385555555545126,0.9981111111100021,0.26356977224349976,0.26154187321662903,1.472570776939392,0.10000000149011612,0.005877777934074402
20,resnet56,3,0.001,0.1,0.3345780637185047,0.03241858631372452,0.34521159529685974,0.88699999999113,0.99699999999003,0.3345780670642853,0.28080445528030396,0.9792550802230835,0.10000000149011612,0.004206232726573944,0.1,0.3154761357245967,0.023503746837377548,0.08908429741859436,0.8939999999990066,0.9973333333322251,0.3154761493206024,0.26295632123947144,0.7931984066963196,0.10000000149011612,0.00350005179643631
21,resnet56,0,0.1,0.1,0.25594487530348153,0.03730301558971405,0.3859858810901642,0.9399999999906,0.99899999999001,0.2559449076652527,0.25413015484809875,1.430527687072754,0.10000000149011612,0.0057285018265247345,0.1,0.25523513527167274,0.0372200682759285,0.2792573571205139,0.9429999999989521,0.9986666666655569,0.25523513555526733,0.2540131211280823,1.4548083543777466,0.10000000149011612,0.005808206275105476
22,resnet56,3,0.5,0.1,0.2536085222632617,0.03235446661710739,0.21366429328918457,0.92399999999076,0.99799999999002,0.25360849499702454,0.23668688535690308,1.0784783363342285,0.10000000149011612,0.004283696413040161,0.1,0.2463256995457636,0.02993302047252655,0.2893450856208801,0.9237777777767513,0.998333333332224,0.24632568657398224,0.23086176812648773,0.8393614292144775,0.10000000149011612,0.0035773497074842453
23,resnet56,3,0.01,0.1,0.30192747410207843,0.025668907910585403,0.2738160192966461,0.89399999999106,0.99699999999003,0.30192747712135315,0.2527729570865631,0.8215372562408447,0.10000000149011612,0.003501312807202339,0.1,0.31528950695927405,0.02432049624621868,0.09121844172477722,0.8948888888878945,0.9968888888877812,0.31528952717781067,0.264294296503067,0.8169550895690918,0.10000000149011612,0.003589153289794922
24,resnet56,3,2.0,0.1,0.27656167469028536,0.0443141832947731,0.391269326210022,0.92099999999079,0.99899999999001,0.2765616476535797,0.26778367161750793,1.2422852516174316,0.10000000149011612,0.005085082724690437,0.1,0.24677057205702704,0.03409707918763161,0.2847697138786316,0.9322222222211863,0.997999999998891,0.24677059054374695,0.2394355982542038,1.0794655084609985,0.10000000149011612,0.004442954435944557
25,resnet56,4,2.0,0.1,0.26105576492560567,0.04509865865111351,0.4234372079372406,0.93399999999066,0.99899999999001,0.2610557973384857,0.2584424614906311,1.3126649856567383,0.10000000149011612,0.005317864939570427,0.1,0.26837885184402926,0.03983335942029953,0.28745853900909424,0.9381111111100687,0.997666666665558,0.2683788537979126,0.26634302735328674,1.511356234550476,0.10000000149011612,0.005991518497467041
26,resnet56,5,2.0,0.1,0.29836833178651934,0.050156112760305405,0.4508870244026184,0.92399999999076,0.99799999999002,0.298368364572525,0.29186123609542847,1.4831441640853882,0.10000000149011612,0.005962556228041649,0.1,0.24819720591677172,0.0367630198597908,0.2508651614189148,0.9391111111100676,0.998333333332224,0.24819721281528473,0.2455211728811264,1.302807331085205,0.10000000149011612,0.005224576219916344
27,resnet56,4,0.01,0.1,0.24172515925438692,0.0417308509349823,0.36368894577026367,0.93899999999061,0.99799999999002,0.24172517657279968,0.24009348452091217,1.3260542154312134,0.10000000149011612,0.005270693451166153,0.1,0.2591153065795876,0.03964509442448616,0.27705448865890503,0.9401111111100665,0.9973333333322251,0.2591153383255005,0.2577052712440491,1.4443851709365845,0.10000000149011612,0.005776608362793922
28,resnet56,4,0.001,0.1,0.31569033545469943,0.041417427361011505,0.19347208738327026,0.93699999999063,0.99499999999005,0.31569039821624756,0.3136342167854309,2.049400568008423,0.10000000149011612,0.008023776113986969,0.1,0.25396717559888216,0.03711285814642906,0.23498040437698364,0.9431111111100631,0.998222222221113,0.25396719574928284,0.2526271641254425,1.4375224113464355,0.10000000149011612,0.005751984193921089
29,resnet56,5,0.001,0.1,0.23835190892286215,0.04054032638669014,0.29380497336387634,0.92799999999072,0.99999999999,0.2383519411087036,0.23148250579833984,1.0233800411224365,0.10000000149011612,0.004158031195402145,0.1,0.24494687688949857,0.03663120046257973,0.2741251587867737,0.9298888888878556,0.99788888888778,0.24494688212871552,0.2384621500968933,1.0541807413101196,0.10000000149011612,0.004344506189227104
30,resnet56,4,0.5,0.1,0.26381718848579055,0.04088926315307617,0.6338169574737549,0.93499999999065,0.99899999999001,0.2638172209262848,0.2604469358921051,1.4107004404067993,0.10000000149011612,0.0055692121386528015,0.1,0.25999208924757483,0.03609289228916168,0.2404993176460266,0.9394444444434006,0.998444444443335,0.2599921226501465,0.25728052854537964,1.3738961219787598,0.10000000149011612,0.005554342642426491
31,resnet56,5,1.0,0.1,0.31788715402289547,0.04073002561926842,0.4890286922454834,0.93299999999067,0.99599999999004,0.31788715720176697,0.31323760747909546,2.031789541244507,0.10000000149011612,0.007813826203346252,0.1,0.2773498194314931,0.04305091127753258,0.2340688705444336,0.9314444444434095,0.9972222222211141,0.2773498296737671,0.27372217178344727,1.442396879196167,0.10000000149011612,0.005807150155305862
32,resnet56,5,0.5,0.1,0.25449707849636527,0.03821773827075958,0.6668181419372559,0.93199999999068,0.99799999999002,0.25449711084365845,0.24684634804725647,1.2287622690200806,0.10000000149011612,0.004933316260576248,0.1,0.25762369703437166,0.036724504083395004,0.22538405656814575,0.9295555555545226,0.9986666666655569,0.25762370228767395,0.2505077123641968,1.1506524085998535,0.10000000149011612,0.004720499739050865
33,resnet56,5,0.01,0.1,0.2738041254319722,0.04247535392642021,0.2631443738937378,0.92199999999078,0.99799999999002,0.2738042175769806,0.2633986473083496,1.144217610359192,0.10000000149011612,0.004679635167121887,0.1,0.25411074000840245,0.035675276070833206,0.24091659486293793,0.9303333333322995,0.9986666666655569,0.254110723733902,0.2464493364095688,1.0828760862350464,0.10000000149011612,0.004494136199355125
34,resnet56,5,0.1,0.1,0.2549145792265195,0.03557290881872177,0.24948273599147797,0.93699999999063,0.99999999999,0.2549145519733429,0.2505326271057129,1.3175967931747437,0.10000000149011612,0.005256872624158859,0.1,0.2379418509541616,0.032769229263067245,0.2655949592590332,0.936111111110071,0.997999999998891,0.23794187605381012,0.2330441027879715,1.1042349338531494,0.10000000149011612,0.00450517050921917
35,resnet56,3,0.1,0.1,0.3103376595934618,0.03361359238624573,0.736581563949585,0.90199999999098,0.99799999999002,0.31033778190612793,0.2645180821418762,0.9254916310310364,0.10000000149011612,0.003932736814022064,0.1,0.2954856617611364,0.020681995898485184,0.11518454551696777,0.9038888888878844,0.9975555555544471,0.29548561573028564,0.2520601749420166,0.7708886861801147,0.10000000149011612,0.003387369215488434
36,resnet56,3,1.0,0.1,0.2728097113508061,0.04133135825395584,0.2658580243587494,0.91899999999081,0.99899999999001,0.2728097140789032,0.25926950573921204,1.1184477806091309,0.10000000149011612,0.00458829291164875,0.1,0.2574787087361166,0.03730971738696098,0.2451685667037964,0.9233333333323073,0.998333333332224,0.2574787437915802,0.2469048947095871,1.0335073471069336,0.10000000149011612,0.004292109981179237
37,resnet56,4,0.1,0.1,0.2512802158500061,0.040987174957990646,0.4174462854862213,0.93799999999062,0.99699999999003,0.2512802481651306,0.2493564933538437,1.3648152351379395,0.10000000149011612,0.005406040698289871,0.1,0.25918206378166186,0.0384872667491436,0.28065839409828186,0.9424444444433971,0.997999999998891,0.25918206572532654,0.257990300655365,1.5115418434143066,0.10000000149011612,0.006012165918946266
38,vgg19_bn,3,0.5,0.1,2.302794910291143,0.008666910231113434,0.008666910231113434,0.09299999999907,0.49199999999508,2.302794933319092,0.0036453758366405964,6.087041401769966e-05,0.10000000149011612,5.960464477539063e-08,0.1,2.3025972287766687,0.000893719494342804,0.000893719494342804,0.10077777777766579,0.5008888888883323,2.3025972843170166,0.0037303839344531298,6.41734222881496e-05,0.10000000149011612,7.748603820800781e-07
39,vgg19_bn,5,0.5,0.1,0.3590886854979346,0.05323483422398567,0.4392618238925934,0.9299999999907,0.99599999999004,0.3590886890888214,0.35764601826667786,2.28855037689209,0.10000000149011612,0.009053409099578857,0.1,0.3013590504688709,0.04590807110071182,0.35320958495140076,0.9366666666656258,0.9961111111100043,0.301359087228775,0.30025216937065125,1.7561900615692139,0.10000000149011612,0.007045546546578407
40,vgg19_bn,4,0.1,0.1,0.33962678569674976,0.04665655642747879,0.25154972076416016,0.94199999999058,0.99799999999002,0.33962681889533997,0.33897727727890015,2.2893848419189453,0.10000000149011612,0.00901981070637703,0.1,0.34083517023468907,0.049413472414016724,0.37235796451568604,0.9399999999989554,0.9958888888877823,0.34083518385887146,0.34053143858909607,2.299556016921997,0.10000000149011612,0.0090581513941288
41,vgg19_bn,5,1.0,0.1,0.31762134711217765,0.04727001488208771,0.33192044496536255,0.93599999999064,0.99799999999002,0.3176214098930359,0.3161071836948395,1.9998975992202759,0.10000000149011612,0.00787021592259407,0.1,0.31502231920525775,0.049151550978422165,0.31476253271102905,0.9344444444434061,0.9972222222211141,0.3150223195552826,0.3139501214027405,1.8784153461456299,0.10000000149011612,0.0075220949947834015
42,vgg19_bn,4,0.5,0.1,0.4096931178131641,0.061539072543382645,0.6039736866950989,0.92699999999073,0.99799999999002,0.40969318151474,0.4092869758605957,2.666795015335083,0.10000000149011612,0.01065487414598465,0.1,0.32791330049425543,0.048948898911476135,0.30293798446655273,0.9383333333322906,0.9969999999988921,0.3279133439064026,0.3275188207626343,2.074080467224121,0.10000000149011612,0.008279044181108475
43,vgg19_bn,5,0.1,0.1,0.3258371320565701,0.0501122772693634,0.44968506693840027,0.92699999999073,0.99699999999003,0.3258371651172638,0.32260754704475403,1.7550373077392578,0.10000000149011612,0.007099632173776627,0.1,0.29212377436286713,0.04526745155453682,0.2714936137199402,0.9329999999989632,0.9969999999988921,0.29212379455566406,0.28971579670906067,1.4749822616577148,0.10000000149011612,0.006080055609345436
44,vgg19_bn,3,0.1,0.1,2.3028526075867086,0.009098388254642487,0.009098388254642487,0.09299999999907,0.50299999999497,2.3028526306152344,0.0048995958641171455,0.00011117330723209307,0.10000000149011612,5.662441253662109e-07,0.1,2.3026206732702543,0.0013299956917762756,0.0013299956917762756,0.10077777777766579,0.4996666666661114,2.3026204109191895,0.005023723468184471,0.00011751297279261053,0.10000000149011612,2.384185791015625e-07
45,vgg19_bn,3,2.0,0.1,2.302733159879773,0.007898703217506409,0.007898703217506409,0.09299999999907,0.49199999999508,2.3027334213256836,0.0020048466976732016,1.8847009414457716e-05,0.10000000149011612,-3.8743019104003906e-07,0.1,2.302579241419443,0.0001144111156463623,0.0001144111156463623,0.10077777777766579,0.5008888888883323,2.302579164505005,0.002017911523580551,1.913880987558514e-05,0.10000000149011612,-5.960464477539063e-08
46,vgg19_bn,3,0.01,0.1,2.302872157909999,0.00921861082315445,0.00921861082315445,0.09299999999907,0.50299999999497,2.3028719425201416,0.0053175101056694984,0.00013134790060576051,0.10000000149011612,5.960464477539062e-07,0.1,2.302630262995314,0.0014433711767196655,0.0014433711767196655,0.10077777777766579,0.4996666666661114,2.3026299476623535,0.005451845936477184,0.00013874836440663785,0.10000000149011612,1.2218952178955078e-06
47,vgg19_bn,4,0.001,0.1,0.37131502853057835,0.053384650498628616,0.6431715488433838,0.93599999999064,0.99799999999002,0.371315062046051,0.3707178235054016,2.4555726051330566,0.10000000149011612,0.009756289422512054,0.1,0.3546315957473562,0.05200310796499252,0.4224531948566437,0.9367777777767369,0.9957777777766713,0.35463160276412964,0.35430243611335754,2.3877084255218506,0.10000000149011612,0.009449787437915802
48,vgg19_bn,4,2.0,0.1,0.38427939626745083,0.053515415638685226,0.5432039499282837,0.93299999999067,0.99599999999004,0.38427937030792236,0.38326194882392883,2.4278204441070557,0.10000000149011612,0.009737599641084671,0.1,0.3154233558117068,0.04848749190568924,0.37114179134368896,0.9397777777767335,0.9969999999988921,0.3154233396053314,0.31497064232826233,1.9762752056121826,0.10000000149011612,0.007905520498752594
49,vgg19_bn,5,0.01,0.1,0.3281995621286184,0.054030682891607285,0.372191458940506,0.92099999999079,0.99599999999004,0.3281995952129364,0.3238472044467926,1.6554343700408936,0.10000000149011612,0.006753183901309967,0.1,0.2904987331977314,0.04605609178543091,0.3340960144996643,0.9291111111100787,0.9959999999988932,0.2904987633228302,0.2868603467941284,1.3943275213241577,0.10000000149011612,0.005770687013864517
50,vgg19_bn,4,1.0,0.1,0.37075444685207165,0.062156278640031815,0.6957917809486389,0.92899999999071,0.99799999999002,0.3707544803619385,0.3699752986431122,2.2860360145568848,0.10000000149011612,0.009179521352052689,0.1,0.3170196791278847,0.04876353591680527,0.3602640926837921,0.9387777777767347,0.9966666666655591,0.3170197010040283,0.3166295886039734,1.9928059577941895,0.10000000149011612,0.007950711995363235
51,vgg19_bn,5,2.0,0.1,0.29382458035376163,0.03799283504486084,0.5353825688362122,0.94499999999055,0.99599999999004,0.2938246428966522,0.2927710711956024,1.9901171922683716,0.10000000149011612,0.007716890424489975,0.1,0.3090328736315362,0.04715073108673096,0.3064887523651123,0.9367777777767369,0.9962222222211152,0.3090329170227051,0.30820608139038086,1.8421671390533447,0.10000000149011612,0.007379960268735886
52,vgg19_bn,0,0.1,0.1,0.3712291978429601,0.057812970131635666,0.5915642976760864,0.9309999999906899,0.99799999999002,0.3712291717529297,0.3707360029220581,2.463085174560547,0.10000000149011612,0.009717658162117004,0.1,0.33242642180275983,0.04861665144562721,0.6261031627655029,0.9411111111100654,0.9968888888877812,0.33242642879486084,0.3321080207824707,2.186953544616699,0.10000000149011612,0.008708417415618896
53,vgg19_bn,5,0.001,0.1,0.3338273730273879,0.052358970046043396,0.3246200382709503,0.92299999999077,0.99699999999003,0.3338273763656616,0.3287293016910553,1.7354004383087158,0.10000000149011612,0.007047496736049652,0.1,0.29216254056151214,0.04751262813806534,0.28809964656829834,0.9274444444434139,0.9966666666655591,0.29216253757476807,0.2882402539253235,1.3818706274032593,0.10000000149011612,0.0057291630655527115
54,vgg19_bn,4,0.01,0.1,0.4157083588990993,0.06030883267521858,0.680921733379364,0.93399999999066,0.99699999999003,0.41570836305618286,0.4153238534927368,2.9580531120300293,0.10000000149011612,0.011633574962615967,0.1,0.34921558659216656,0.050549689680337906,0.6648005843162537,0.9378888888878467,0.9956666666655603,0.3492155969142914,0.34888121485710144,2.318530797958374,0.10000000149011612,0.009187616407871246
55,vgg19_bn,3,0.001,0.1,2.3028738268400364,0.009231634438037872,0.009231634438037872,0.09299999999907,0.50299999999497,2.3028740882873535,0.005363320931792259,0.000133652298245579,0.10000000149011612,8.046627044677734e-07,0.1,2.3026313491243955,0.0014558583498001099,0.0014558583498001099,0.10077777777766579,0.4996666666661114,2.302631378173828,0.0054979873821139336,0.0001411690900567919,0.10000000149011612,1.3262033462524414e-06
56,vgg19_bn,3,1.0,0.1,2.3027605780160956,0.008305467665195465,0.008305467665195465,0.09299999999907,0.49199999999508,2.302760601043701,0.0028115666937083006,3.614818342612125e-05,0.10000000149011612,-2.9802322387695312e-08,0.1,2.3025861820491826,0.0005365610122680664,0.0005365610122680664,0.10077777777766579,0.5008888888883323,2.302586317062378,0.0028633701149374247,3.77142132492736e-05,0.10000000149011612,6.407499313354492e-07
57,repvgg_a2,3,2.0,0.1,0.2394773936165786,0.03245057538151741,0.34970104694366455,0.94699999999053,0.99799999999002,0.23947741091251373,0.23674185574054718,1.4177979230880737,0.10000000149011612,0.005437878891825676,0.1,0.22625964358144288,0.03256216272711754,0.2623276114463806,0.9429999999989521,0.99788888888778,0.22625966370105743,0.22383812069892883,1.134703516960144,0.10000000149011612,0.004584355279803276
58,repvgg_a2,3,0.1,0.1,0.24738618484112535,0.028934001922607422,0.3478650450706482,0.92899999999071,0.99799999999002,0.24738621711730957,0.22870105504989624,0.9741225838661194,0.10000000149011612,0.0038917791098356247,0.1,0.23834769070156342,0.02817564085125923,0.13883620500564575,0.9216666666656426,0.9981111111100021,0.23834770917892456,0.22047346830368042,0.7400811910629272,0.10000000149011612,0.003178184852004051
59,repvgg_a2,5,0.01,0.1,0.19546186728518847,0.026838500052690506,0.30259573459625244,0.9499999999905,0.99899999999001,0.19546186923980713,0.19331663846969604,1.0262534618377686,0.10000000149011612,0.0040518417954444885,0.1,0.21949699827813116,0.030628982931375504,0.29680711030960083,0.9452222222211719,0.998777777776668,0.21949702501296997,0.21710216999053955,1.066658616065979,0.10000000149011612,0.004341062158346176
60,repvgg_a2,0,0.1,0.1,0.22316470519060944,0.033358074724674225,0.43632984161376953,0.95099999999049,0.99899999999001,0.22316470742225647,0.22224055230617523,1.2121162414550781,0.10000000149011612,0.0049500614404678345,0.1,0.21328508830214007,0.029385168105363846,0.18916308879852295,0.953111111110052,0.998333333332224,0.21328510344028473,0.21245470643043518,1.1911002397537231,0.10000000149011612,0.004799429327249527
61,repvgg_a2,3,0.5,0.1,0.2256576694334105,0.0314461924135685,0.3046913146972656,0.93599999999064,0.99999999999,0.22565773129463196,0.2191709578037262,1.026404619216919,0.10000000149011612,0.0041045453399419785,0.1,0.2090426267182063,0.027657806873321533,0.27811744809150696,0.9384444444434017,0.998333333332224,0.20904262363910675,0.20301766693592072,0.8148588538169861,0.10000000149011612,0.0034167375415563583
62,repvgg_a2,3,0.001,0.1,0.2717458578591711,0.030510354787111282,0.27372488379478455,0.90299999999097,0.99699999999003,0.27174586057662964,0.23817043006420135,0.8135309219360352,0.10000000149011612,0.0034424029290676117,0.1,0.265488887531614,0.023350289091467857,0.11669707298278809,0.9134444444434294,0.998222222221113,0.2654889225959778,0.2344508022069931,0.7300328016281128,0.10000000149011612,0.003191499039530754
63,repvgg_a2,3,1.0,0.1,0.17465811793191616,0.027189383283257484,0.3547750413417816,0.95399999999046,0.99699999999003,0.1746581345796585,0.17195312678813934,0.8243398666381836,0.10000000149011612,0.0032703708857297897,0.1,0.21095633152198393,0.030112791806459427,0.2669045031070709,0.9432222222211741,0.9988888888877789,0.21095633506774902,0.2076658457517624,0.9226679801940918,0.10000000149011612,0.003831269219517708
64,repvgg_a2,4,2.0,0.1,0.2029318640204479,0.036884576082229614,0.6017462015151978,0.94799999999052,0.99899999999001,0.20293189585208893,0.201761856675148,1.0198358297348022,0.10000000149011612,0.004087880253791809,0.1,0.20468914817213255,0.03098197653889656,0.28578293323516846,0.9487777777767235,0.997999999998891,0.204689159989357,0.20354898273944855,1.0258148908615112,0.10000000149011612,0.004183020442724228
65,repvgg_a2,4,0.01,0.1,0.20227725601574825,0.03426295518875122,0.43055808544158936,0.95099999999049,0.99899999999001,0.2022773027420044,0.20126211643218994,1.0103483200073242,0.10000000149011612,0.00414496473968029,0.1,0.21498902449297125,0.03223726898431778,0.26136404275894165,0.9487777777767235,0.998444444443335,0.21498903632164001,0.21413356065750122,1.1457439661026,0.10000000149011612,0.0046293605118989944
66,repvgg_a2,5,2.0,0.1,0.1966131011851904,0.02693452499806881,0.33771947026252747,0.94899999999051,0.99899999999001,0.1966131031513214,0.19483432173728943,1.0179120302200317,0.10000000149011612,0.004056336358189583,0.1,0.20576393250278988,0.031408265233039856,0.26480546593666077,0.9481111111100575,0.998333333332224,0.20576396584510803,0.20449627935886383,1.0347635746002197,0.10000000149011612,0.004198946058750153
67,repvgg_a2,4,1.0,0.1,0.22751557599480274,0.03144679591059685,0.19732290506362915,0.94799999999052,0.99799999999002,0.22751560807228088,0.22535115480422974,1.2341505289077759,0.10000000149011612,0.004916897043585777,0.1,0.21084147833868308,0.03228329122066498,0.2340126633644104,0.9483333333322795,0.997999999998891,0.21084152162075043,0.20960713922977448,1.0691167116165161,0.10000000149011612,0.004366239532828331
68,repvgg_a2,3,0.01,0.1,0.2787756891983271,0.04021555185317993,0.23753046989440918,0.91299999999087,0.99799999999002,0.27877572178840637,0.24625331163406372,0.831278383731842,0.10000000149011612,0.0035460032522678375,0.1,0.2574426760727053,0.023088734596967697,0.12060779333114624,0.9146666666656503,0.9975555555544471,0.2574427127838135,0.2285626381635666,0.6966092586517334,0.10000000149011612,0.0030458681285381317
69,repvgg_a2,5,0.001,0.1,0.25820001701600703,0.040491875261068344,0.3787285387516022,0.93799999999062,0.99999999999,0.2582000195980072,0.2548997104167938,1.436929702758789,0.10000000149011612,0.005615459755063057,0.1,0.2223672152406174,0.03509458899497986,0.23834219574928284,0.9415555555545093,0.998222222221113,0.22236722707748413,0.22014467418193817,1.0358442068099976,0.10000000149011612,0.004254240542650223
70,repvgg_a2,5,0.5,0.1,0.2116778918794598,0.03198935464024544,0.60053950548172,0.94399999999056,0.99999999999,0.2116778939962387,0.20952028036117554,1.165695309638977,0.10000000149011612,0.004583394154906273,0.1,0.21023758394670475,0.032906632870435715,0.25552818179130554,0.944222222221173,0.998333333332224,0.21023759245872498,0.2083531618118286,0.9952577948570251,0.10000000149011612,0.004070291295647621
71,repvgg_a2,5,0.1,0.1,0.2332036620899986,0.034659646451473236,0.3899574875831604,0.9399999999906,0.99799999999002,0.23320364952087402,0.2311284840106964,1.2641819715499878,0.10000000149011612,0.0050184037536382675,0.1,0.20689051658106863,0.030512474477291107,0.26362696290016174,0.9471111111100586,0.9981111111100021,0.2068905383348465,0.20515023171901703,1.0106180906295776,0.10000000149011612,0.004107518121600151
72,repvgg_a2,4,0.001,0.1,0.23456728223837262,0.03388502076268196,0.32122936844825745,0.94699999999053,0.99699999999003,0.2345672994852066,0.23360511660575867,1.288389801979065,0.10000000149011612,0.005194345489144325,0.1,0.21466907172722619,0.030669448897242546,0.22483915090560913,0.9526666666656081,0.998222222221113,0.21466906368732452,0.21388407051563263,1.17155921459198,0.10000000149011612,0.0047442298382520676
73,repvgg_a2,5,1.0,0.1,0.24421499425336857,0.03520086407661438,0.3583308458328247,0.94499999999055,0.99899999999001,0.2442149817943573,0.24270503222942352,1.4044275283813477,0.10000000149011612,0.0055511463433504105,0.1,0.21200108835718445,0.03154630959033966,0.7383442521095276,0.9487777777767235,0.998333333332224,0.21200110018253326,0.210664302110672,1.0931636095046997,0.10000000149011612,0.004425935447216034
74,repvgg_a2,4,0.5,0.1,0.23641940714927945,0.03666294366121292,0.4575621783733368,0.94199999999058,0.99799999999002,0.2364194393157959,0.2345949113368988,1.259946584701538,0.10000000149011612,0.005099654197692871,0.1,0.2052027216591616,0.03070743940770626,0.712144136428833,0.9495555555545004,0.998555555554446,0.20520271360874176,0.2040434032678604,1.0289925336837769,0.10000000149011612,0.004192415624856949
75,repvgg_a2,4,0.1,0.1,0.24948090065384212,0.03851626440882683,0.36383238434791565,0.94599999999054,0.99699999999003,0.24948090314865112,0.2482410967350006,1.3954863548278809,0.10000000149011612,0.005603285506367683,0.1,0.2098214756435672,0.03109741397202015,0.183571457862854,0.9508888888878323,0.998333333332224,0.20982149243354797,0.20895786583423615,1.1184070110321045,0.10000000149011612,0.004529360681772232
76,repvgg_a0,3,1.0,0.1,0.25927319863445614,0.034403324127197266,0.6316705346107483,0.93499999999065,0.99799999999002,0.2592732012271881,0.2516660988330841,1.3204987049102783,0.10000000149011612,0.005242127925157547,0.1,0.254460129190211,0.037602830678224564,0.37705522775650024,0.9291111111100787,0.998222222221113,0.2544601857662201,0.24687282741069794,1.074894905090332,0.10000000149011612,0.004463274031877518
77,repvgg_a0,4,0.1,0.1,0.28386342241618756,0.05036907643079758,0.46083569526672363,0.93199999999068,0.99899999999001,0.28386348485946655,0.2820837199687958,1.6251511573791504,0.10000000149011612,0.006453748792409897,0.1,0.25460553140960984,0.03888542950153351,0.27934759855270386,0.9425555555545082,0.998555555554446,0.25460556149482727,0.2536102533340454,1.4329042434692383,0.10000000149011612,0.005744291469454765
78,repvgg_a0,5,0.1,0.1,0.2196147270890929,0.0298999585211277,0.6515222787857056,0.94399999999056,0.99899999999001,0.21961477398872375,0.21585185825824738,1.1286377906799316,0.10000000149011612,0.004443911835551262,0.1,0.24698937077364694,0.036850880831480026,0.2996060848236084,0.9379999999989577,0.998222222221113,0.24698936939239502,0.2439095824956894,1.2059478759765625,0.10000000149011612,0.004929268732666969
79,repvgg_a0,4,0.001,0.1,0.2899042040921537,0.04328224062919617,0.46923694014549255,0.9429999999905699,0.99799999999002,0.2899041771888733,0.28885215520858765,1.889289140701294,0.10000000149011612,0.0073486920446157455,0.1,0.25980871224675794,0.03905950486660004,0.2778128385543823,0.9418888888878423,0.9981111111100021,0.2598087191581726,0.25885462760925293,1.4567619562149048,0.10000000149011612,0.005856437608599663
80,repvgg_a0,3,0.01,0.1,0.2978902131332347,0.025769194588065147,0.24246545135974884,0.90699999999093,0.99699999999003,0.29789021611213684,0.2516881227493286,0.782291054725647,0.10000000149011612,0.0034027602523565292,0.1,0.3101051181420551,0.02681770734488964,0.2190958857536316,0.8941111111101175,0.9973333333322251,0.3101051151752472,0.2607688009738922,0.7811022400856018,0.10000000149011612,0.0034550465643405914
81,repvgg_a0,5,0.001,0.1,0.2581112955031461,0.04476227983832359,0.44617170095443726,0.9299999999907,0.99699999999003,0.25811129808425903,0.25412869453430176,1.311479091644287,0.10000000149011612,0.005216535180807114,0.1,0.24355196263484663,0.03434780612587929,0.2143840193748474,0.9377777777767358,0.9981111111100021,0.24355198442935944,0.23952263593673706,1.1596124172210693,0.10000000149011612,0.004746699705719948
82,repvgg_a0,5,0.01,0.1,0.25059932219722336,0.03226757422089577,0.6178865432739258,0.9399999999906,0.99999999999,0.25059938430786133,0.24594813585281372,1.3389121294021606,0.10000000149011612,0.0052793025970458984,0.1,0.25052332188003035,0.03575138375163078,0.2095346450805664,0.9381111111100687,0.998222222221113,0.2505233585834503,0.2469990849494934,1.2681697607040405,0.10000000149011612,0.005129124969244003
83,repvgg_a0,3,0.5,0.1,0.22074801999119686,0.028034817427396774,0.7016263008117676,0.93599999999064,0.99899999999001,0.22074802219867706,0.21016840636730194,0.8612634539604187,0.10000000149011612,0.0035530179738998413,0.1,0.24399759179396097,0.03221612423658371,0.26685231924057007,0.9263333333323039,0.998333333332224,0.24399761855602264,0.23237363994121552,0.9126022458076477,0.10000000149011612,0.0038375891745090485
84,repvgg_a0,4,0.01,0.1,0.26544645163211084,0.04277447238564491,0.5305189490318298,0.94399999999056,0.99899999999001,0.26544642448425293,0.26449981331825256,1.5015504360198975,0.10000000149011612,0.006088327616453171,0.1,0.2592679888440638,0.037448734045028687,0.37120383977890015,0.9457777777767268,0.998222222221113,0.25926798582077026,0.2584884464740753,1.5466551780700684,0.10000000149011612,0.006175251677632332
85,repvgg_a0,3,0.1,0.1,0.27684393248279665,0.025477806106209755,0.7119148373603821,0.90799999999092,0.99699999999003,0.27684396505355835,0.24245190620422363,0.8637775182723999,0.10000000149011612,0.003571217879652977,0.1,0.27076344989785506,0.024250200018286705,0.26309990882873535,0.9107777777767657,0.997666666665558,0.27076345682144165,0.23909693956375122,0.7502211928367615,0.10000000149011612,0.0032831262797117233
86,repvgg_a0,4,0.5,0.1,0.23235852784017968,0.03925728425383568,0.2869904637336731,0.94499999999055,0.99999999999,0.23235853016376495,0.23099975287914276,1.2028789520263672,0.10000000149011612,0.004886681213974953,0.1,0.2485514545328086,0.03742995113134384,0.2465309500694275,0.9413333333322873,0.9974444444433361,0.24855148792266846,0.2469523549079895,1.3486419916152954,0.10000000149011612,0.005430709570646286
87,repvgg_a0,5,1.0,0.1,0.2641171488576231,0.04319527745246887,0.37988799810409546,0.93499999999065,0.99899999999001,0.26411721110343933,0.2619936764240265,1.454309344291687,0.10000000149011612,0.005783269181847572,0.1,0.2541387210777243,0.03759649395942688,0.2714298963546753,0.9402222222211775,0.9977777777766691,0.2541387379169464,0.25224846601486206,1.4276052713394165,0.10000000149011612,0.005666140466928482
88,repvgg_a0,3,2.0,0.1,0.26291757559119167,0.038587529212236404,0.21098971366882324,0.93499999999065,0.99899999999001,0.2629176080226898,0.2557603120803833,1.3148609399795532,0.10000000149011612,0.005256567150354385,0.1,0.24884120098916274,0.036930959671735764,0.21926254034042358,0.9331111111100743,0.9986666666655569,0.24884119629859924,0.24342839419841766,1.1332645416259766,0.10000000149011612,0.004642384126782417
89,repvgg_a0,4,1.0,0.1,0.26359474395371324,0.045538824051618576,0.4610038697719574,0.9299999999907,0.99699999999003,0.2635948061943054,0.2613861858844757,1.4114896059036255,0.10000000149011612,0.00561038963496685,0.1,0.2507047733196862,0.04011594131588936,0.30637335777282715,0.9402222222211775,0.9977777777766691,0.2507047951221466,0.24951575696468353,1.3628188371658325,0.10000000149011612,0.0054810550063848495
90,repvgg_a0,5,0.5,0.1,0.28159087614756173,0.04342852532863617,0.4389113783836365,0.93299999999067,0.99899999999001,0.28159093856811523,0.27927184104919434,1.5167726278305054,0.10000000149011612,0.006110619753599167,0.1,0.26290072305926065,0.03589019924402237,0.2197674810886383,0.9407777777767324,0.997666666665558,0.262900710105896,0.2607540786266327,1.496814489364624,0.10000000149011612,0.00593198835849762
91,repvgg_a0,0,0.1,0.1,0.30378490382631723,0.04533642530441284,0.5113135576248169,0.94399999999056,0.99799999999002,0.30378493666648865,0.30311518907546997,2.0187628269195557,0.10000000149011612,0.007915649563074112,0.1,0.23708996150376335,0.03551386296749115,0.26942601799964905,0.9449999999989499,0.99788888888778,0.23708997666835785,0.23615945875644684,1.327302098274231,0.10000000149011612,0.005314527079463005
92,repvgg_a0,5,2.0,0.1,0.26168083882911447,0.034016598016023636,0.28908056020736694,0.9499999999905,0.99799999999002,0.2616809010505676,0.2598817050457001,1.7798552513122559,0.10000000149011612,0.0068018268793821335,0.1,0.24447736116901703,0.03721712902188301,0.19414377212524414,0.9388888888878456,0.998222222221113,0.24447737634181976,0.24248039722442627,1.2980320453643799,0.10000000149011612,0.005175888538360596
93,repvgg_a0,3,0.001,0.1,0.29383071963211216,0.02771839126944542,0.2042330801486969,0.90099999999099,0.99599999999004,0.2938307523727417,0.2513057291507721,0.7522712349891663,0.10000000149011612,0.003323923796415329,0.1,0.2849332157253963,0.02209271863102913,0.1637866199016571,0.9048888888878833,0.9972222222211141,0.2849332094192505,0.24405764043331146,0.7398915886878967,0.10000000149011612,0.003245750442147255
94,repvgg_a0,4,2.0,0.1,0.27762138565914996,0.041578855365514755,0.41064453125,0.9399999999906,0.99799999999002,0.27762144804000854,0.27590617537498474,1.7532620429992676,0.10000000149011612,0.00677749328315258,0.1,0.24772874486736463,0.03617406636476517,0.2662900686264038,0.9449999999989499,0.9972222222211141,0.24772873520851135,0.2467331886291504,1.4641445875167847,0.10000000149011612,0.005791895091533661
95,vgg13_bn,3,0.5,0.1,0.30080786046581365,0.03395065665245056,0.2871108651161194,0.91499999999085,0.99599999999004,0.30080780386924744,0.2799232602119446,1.2916384935379028,0.10000000149011612,0.005177013576030731,0.1,0.2918237510723544,0.04050736129283905,0.22501987218856812,0.9124444444434305,0.9962222222211152,0.29182377457618713,0.27325284481048584,1.0617855787277222,0.10000000149011612,0.004503196105360985
96,vgg13_bn,3,0.1,0.1,2.302634216170435,0.0015707239508628845,0.0015707239508628845,0.099999999999,0.499999999995,2.3026349544525146,0.0033360326196998358,5.1455313951009884e-05,0.10000000149011612,2.5331974029541016e-07,0.1,2.302608090067482,0.001565776765346527,0.001565776765346527,0.09999999999988889,0.4999999999994444,2.302608013153076,0.0033254048321396112,5.107316610519774e-05,0.10000000149011612,9.08970832824707e-07
97,vgg13_bn,4,0.001,0.1,0.30827545811414486,0.05038735643029213,0.465636670589447,0.93399999999066,0.99899999999001,0.3082754909992218,0.3071478009223938,1.8058154582977295,0.10000000149011612,0.0072365086525678635,0.1,0.2877149495928118,0.043466851115226746,0.28499847650527954,0.9389999999989566,0.9973333333322251,0.28771495819091797,0.2867283523082733,1.6215225458145142,0.10000000149011612,0.006584266200661659
98,vgg13_bn,4,2.0,0.1,0.29459631148427373,0.050545282661914825,0.6319229602813721,0.93899999999061,0.99799999999002,0.2945963144302368,0.2930208742618561,1.7902894020080566,0.10000000149011612,0.0069929733872413635,0.1,0.27890375556686,0.045374926179647446,0.36279234290122986,0.9384444444434017,0.9975555555544471,0.2789037525653839,0.27789586782455444,1.5129722356796265,0.10000000149011612,0.006171399727463722
99,vgg13_bn,3,0.001,0.1,1.0747038018521442,0.056434281170368195,0.10754495859146118,0.57499999999425,0.96899999999031,1.0747041702270508,0.3430100679397583,0.8442957997322083,0.10000000149011612,0.003890886902809143,0.1,1.1119619463115515,0.05738916993141174,0.10832381248474121,0.5762222222215819,0.9669999999989255,1.111962080001831,0.3574811816215515,0.8721197843551636,0.10000000149011612,0.004077591001987457
100,vgg13_bn,5,0.1,0.1,0.3087478547215882,0.05486021935939789,0.3559408187866211,0.92499999999075,0.99699999999003,0.30874788761138916,0.3059968054294586,1.641667127609253,0.10000000149011612,0.006598535925149918,0.1,0.2793359852707068,0.04687371850013733,0.317211389541626,0.9324444444434083,0.9972222222211141,0.27933600544929504,0.27735450863838196,1.3789780139923096,0.10000000149011612,0.005706315860152245
101,vgg13_bn,5,0.5,0.1,0.3177060751138786,0.053582094609737396,0.41486433148384094,0.92599999999074,0.99699999999003,0.3177061378955841,0.31565219163894653,1.6841509342193604,0.10000000149011612,0.006772428750991821,0.1,0.2723706891424376,0.042874738574028015,0.26362344622612,0.9397777777767335,0.9975555555544471,0.27237072587013245,0.2711572051048279,1.455662727355957,0.10000000149011612,0.005948198959231377
102,vgg13_bn,5,0.001,0.1,0.27777620872240577,0.044621068984270096,0.46240195631980896,0.93499999999065,0.99899999999001,0.2777762711048126,0.2744584083557129,1.4727078676223755,0.10000000149011612,0.005893183872103691,0.1,0.2698081977151082,0.043825242668390274,0.24637585878372192,0.9338888888878512,0.998333333332224,0.26980820298194885,0.26701897382736206,1.2667326927185059,0.10000000149011612,0.0052732862532138824
103,vgg13_bn,4,0.5,0.1,0.33211269642595864,0.05661841481924057,0.6772199869155884,0.9299999999907,0.99799999999002,0.33211269974708557,0.3299727737903595,1.8845958709716797,0.10000000149011612,0.0075712651014328,0.1,0.27186386257005274,0.04371526837348938,0.3077688217163086,0.9401111111100665,0.998222222221113,0.2718638777732849,0.27097782492637634,1.4688832759857178,0.10000000149011612,0.0060090962797403336
104,vgg13_bn,5,0.01,0.1,0.3062918453581784,0.05275978520512581,0.5335031747817993,0.92499999999075,0.99999999999,0.3062918484210968,0.30222323536872864,1.5727266073226929,0.10000000149011612,0.006386306136846542,0.1,0.27555034527361605,0.04622238874435425,0.27267757058143616,0.9307777777767435,0.99788888888778,0.27555033564567566,0.27279528975486755,1.304829716682434,0.10000000149011612,0.005404997617006302
105,vgg13_bn,5,2.0,0.1,0.3106910853311232,0.0453016497194767,0.4640474021434784,0.9399999999906,0.99899999999001,0.31069111824035645,0.3094170391559601,2.047311544418335,0.10000000149011612,0.007932020351290703,0.1,0.28793213732833994,0.04461054876446724,0.35348188877105713,0.9397777777767335,0.99788888888778,0.2879321873188019,0.28702524304389954,1.6463044881820679,0.10000000149011612,0.006655577570199966
106,vgg13_bn,4,0.1,0.1,0.26655527682777913,0.04068273678421974,0.3761272132396698,0.94199999999058,0.99799999999002,0.2665552794933319,0.26546114683151245,1.5391865968704224,0.10000000149011612,0.006095742806792259,0.1,0.2847358846149792,0.043521489948034286,0.2484816312789917,0.9383333333322906,0.998222222221113,0.28473591804504395,0.2836024761199951,1.598800539970398,0.10000000149011612,0.006474234163761139
107,vgg13_bn,5,1.0,0.1,0.3020862608741722,0.046546194702386856,0.5289293527603149,0.93699999999063,0.99699999999003,0.3020862936973572,0.3004796802997589,1.781925082206726,0.10000000149011612,0.007124943658709526,0.1,0.2778327826220949,0.04477477818727493,0.28910037875175476,0.9376666666656247,0.99788888888778,0.2778328061103821,0.27667155861854553,1.5023657083511353,0.10000000149011612,0.006116757169365883
108,vgg13_bn,4,0.01,0.1,0.2722039493520114,0.04175105318427086,0.4309808015823364,0.93899999999061,0.99799999999002,0.2722039818763733,0.2711462676525116,1.7230157852172852,0.10000000149011612,0.006737383082509041,0.1,0.2718936334344004,0.04160882532596588,0.7585015296936035,0.9416666666656203,0.9967777777766702,0.2718936800956726,0.2710009515285492,1.5333001613616943,0.10000000149011612,0.006207576021552086
109,vgg13_bn,3,1.0,0.1,0.3571815753027723,0.05489817261695862,0.3257763683795929,0.91599999999084,0.99599999999004,0.3571816086769104,0.3459492623806,1.842195987701416,0.10000000149011612,0.007377348840236664,0.1,0.2969722744503042,0.045838840305805206,0.2949261963367462,0.9211111111100876,0.9964444444433372,0.2969723045825958,0.28830960392951965,1.301774024963379,0.10000000149011612,0.005422405898571014
110,vgg13_bn,3,0.01,0.1,2.3026578196095304,0.001692168414592743,0.001692168414592743,0.099999999999,0.499999999995,2.3026583194732666,0.0035709613002836704,5.8494919358054176e-05,0.10000000149011612,2.086162567138672e-07,0.1,2.3026092556694233,0.0016856342554092407,0.0016856342554092407,0.09999999999988889,0.4999999999994444,2.302609443664551,0.0035561511758714914,5.7999877753900364e-05,0.10000000149011612,1.0728836059570312e-06
111,vgg13_bn,4,1.0,0.1,0.3230606285214079,0.05344611778855324,0.5425422191619873,0.9309999999906899,0.99799999999002,0.32306069135665894,0.3214728534221649,1.813147783279419,0.10000000149011612,0.0073307715356349945,0.1,0.26996799942325805,0.04009437561035156,0.24937188625335693,0.9429999999989521,0.9974444444433361,0.26996803283691406,0.26902589201927185,1.5097050666809082,0.10000000149011612,0.006118010729551315
112,vgg13_bn,0,0.1,0.1,0.29724442661587364,0.047987766563892365,0.45722371339797974,0.93199999999068,0.99899999999001,0.29724448919296265,0.2955573499202728,1.6246497631072998,0.10000000149011612,0.006555886939167976,0.1,0.26881329685383776,0.039564553648233414,0.25223204493522644,0.9438888888878401,0.9966666666655591,0.2688133120536804,0.2679954469203949,1.5499128103256226,0.10000000149011612,0.006260031834244728
113,vgg13_bn,3,2.0,0.1,0.297446277743387,0.046311818063259125,0.3876796364784241,0.92799999999072,0.99699999999003,0.2974463105201721,0.293867290019989,1.6550673246383667,0.10000000149011612,0.006475929170846939,0.1,0.29929282565770543,0.04838389530777931,0.2786872386932373,0.9282222222211908,0.9967777777766702,0.2992928624153137,0.295972615480423,1.5137369632720947,0.10000000149011612,0.006206635385751724
114,mobilenetv2_x1_0,4,0.1,0.1,0.22996321090570543,0.03713378310203552,0.5783856511116028,0.94099999999059,0.99999999999,0.2299632579088211,0.22721683979034424,1.1753779649734497,0.10000000149011612,0.004691023379564285,0.1,0.23966269499587528,0.03684034198522568,0.7421317100524902,0.9401111111100665,0.998333333332224,0.23966270685195923,0.23715056478977203,1.235803246498108,0.10000000149011612,0.004971940070390701
115,mobilenetv2_x1_0,5,0.5,0.1,0.2494879340018553,0.03533926606178284,0.1826888620853424,0.92699999999073,0.99899999999001,0.24948792159557343,0.23645253479480743,0.945093035697937,0.10000000149011612,0.003941254690289497,0.1,0.24329166584003256,0.028595171868801117,0.21476516127586365,0.9306666666656325,0.998777777776668,0.2432916760444641,0.2318127453327179,0.9200674891471863,0.10000000149011612,0.0038709472864866257
116,mobilenetv2_x1_0,4,0.001,0.1,0.21401718044840548,0.033795204013586044,0.4088389277458191,0.94599999999054,0.99899999999001,0.21401719748973846,0.21231943368911743,1.1583073139190674,0.10000000149011612,0.004618961364030838,0.1,0.24279076165137334,0.03758305683732033,0.29153624176979065,0.9407777777767324,0.998777777776668,0.24279077351093292,0.24074216187000275,1.2236769199371338,0.10000000149011612,0.0049795713275671005
117,mobilenetv2_x1_0,3,0.01,0.1,0.4335387901821292,0.032386329025030136,0.1330273449420929,0.84299999999157,0.99099999999009,0.4335387945175171,0.3021429479122162,0.8092538714408875,0.10000000149011612,0.003679126501083374,0.1,0.4358295296753773,0.018431130796670914,0.18236947059631348,0.8506666666657214,0.9938888888877845,0.4358295500278473,0.31199952960014343,0.8830394744873047,0.10000000149011612,0.003995932638645172
118,mobilenetv2_x1_0,3,0.001,0.1,0.48023572083889343,0.026923730969429016,0.08661013841629028,0.83499999999165,0.99399999999006,0.4802356958389282,0.3286612033843994,0.9320232272148132,0.10000000149011612,0.004237521439790726,0.1,0.4663185306507,0.0143126817420125,0.18522007763385773,0.8426666666657303,0.9929999999988965,0.4663185775279999,0.3209455907344818,0.892338216304779,0.10000000149011612,0.004067465662956238
119,mobilenetv2_x1_0,5,0.001,0.1,0.31033706354702,0.03926389291882515,0.2740325927734375,0.9059999999909399,0.99799999999002,0.3103370666503906,0.28073495626449585,1.0481995344161987,0.10000000149011612,0.004450513049960136,0.1,0.25402434804295027,0.026337476447224617,0.13003124296665192,0.917444444443425,0.998222222221113,0.25402435660362244,0.23069337010383606,0.7636256217956543,0.10000000149011612,0.0032962672412395477
120,mobilenetv2_x1_0,0,0.1,0.1,0.23180961377077106,0.036641284823417664,0.3663288652896881,0.9399999999906,0.99699999999003,0.23180964589118958,0.22961367666721344,1.1353856325149536,0.10000000149011612,0.004626277834177017,0.1,0.2429499805585527,0.03653126209974289,0.2761193513870239,0.9405555555545104,0.9981111111100021,0.242949977517128,0.24087683856487274,1.2204029560089111,0.10000000149011612,0.004982141777873039
121,mobilenetv2_x1_0,5,0.1,0.1,0.274819728964144,0.04087533801794052,0.2907077372074127,0.91399999999086,0.99799999999002,0.2748197615146637,0.25295403599739075,0.8854732513427734,0.10000000149011612,0.003776969388127327,0.1,0.2598931405703039,0.028076384216547012,0.28168991208076477,0.9214444444434206,0.998555555554446,0.25989311933517456,0.24066203832626343,0.8665231466293335,0.10000000149011612,0.003714345395565033
122,mobilenetv2_x1_0,5,1.0,0.1,0.25510832412242446,0.03518081083893776,0.2719905972480774,0.92399999999076,0.99999999999,0.2551083564758301,0.2421688586473465,1.0516554117202759,0.10000000149011612,0.004321146756410599,0.1,0.24689949028079466,0.033683065325021744,0.22100651264190674,0.9251111111100832,0.9981111111100021,0.24689950048923492,0.23492392897605896,0.8929616212844849,0.10000000149011612,0.003794945776462555
123,mobilenetv2_x1_0,5,2.0,0.1,0.24839089562457342,0.03788226842880249,0.19841092824935913,0.93399999999066,0.99999999999,0.24839094281196594,0.2393721044063568,1.0952086448669434,0.10000000149011612,0.00448625348508358,0.1,0.259887741382904,0.03655606508255005,0.17713207006454468,0.9299999999989665,0.99788888888778,0.25988778471946716,0.25225183367729187,1.1659858226776123,0.10000000149011612,0.004794318228960037
124,mobilenetv2_x1_0,3,0.1,0.1,0.39564600191245175,0.032820213586091995,0.14579150080680847,0.85099999999149,0.99799999999002,0.39564600586891174,0.28923872113227844,0.8301294445991516,0.10000000149011612,0.0036668702960014343,0.1,0.38312264240928945,0.012431641109287739,0.18287985026836395,0.8664444444434817,0.9971111111100032,0.38312268257141113,0.27990224957466125,0.7417668104171753,0.10000000149011612,0.003363918513059616
125,mobilenetv2_x1_0,3,2.0,0.1,0.29303162996992177,0.033848896622657776,0.6557704210281372,0.90799999999092,0.99899999999001,0.2930316925048828,0.25748977065086365,0.8928877115249634,0.10000000149011612,0.003812406212091446,0.1,0.2796060009339776,0.02692582458257675,0.2657232880592346,0.9085555555545459,0.9973333333322251,0.27960601449012756,0.2464538812637329,0.7812653183937073,0.10000000149011612,0.00342351570725441
126,mobilenetv2_x1_0,4,0.5,0.1,0.2514567648060653,0.03409876674413681,0.479478657245636,0.93699999999063,0.99799999999002,0.2514567971229553,0.2471795678138733,1.2895480394363403,0.10000000149011612,0.0051681119948625565,0.1,0.24900384219635913,0.03589820861816406,0.2851022481918335,0.9386666666656236,0.99788888888778,0.24900385737419128,0.24593739211559296,1.2733631134033203,0.10000000149011612,0.005133576691150665
127,mobilenetv2_x1_0,3,1.0,0.1,0.2836062581788758,0.015480171889066696,0.11212807893753052,0.89899999999101,0.99799999999002,0.28360626101493835,0.23112913966178894,0.6511179804801941,0.10000000149011612,0.0028608087450265884,0.1,0.28516880308360926,0.01197036076337099,0.16709768772125244,0.9047777777767724,0.9974444444433361,0.2851687967777252,0.23538002371788025,0.6460062861442566,0.10000000149011612,0.0028849784284830093
128,mobilenetv2_x1_0,4,2.0,0.1,0.24440565460893723,0.039925046265125275,0.39385274052619934,0.93599999999064,0.99699999999003,0.24440567195415497,0.24000407755374908,1.1363633871078491,0.10000000149011612,0.0046461038291454315,0.1,0.24395770138548933,0.03554220497608185,0.21238219738006592,0.9375555555545138,0.9981111111100021,0.2439577430486679,0.23986688256263733,1.1770249605178833,0.10000000149011612,0.0047815535217523575
129,mobilenetv2_x1_0,4,0.01,0.1,0.22531288636915509,0.03380589559674263,0.17601394653320312,0.94399999999056,0.99799999999002,0.22531288862228394,0.22293750941753387,1.1334996223449707,0.10000000149011612,0.004614133387804031,0.1,0.23848884443434218,0.03604947775602341,0.25190043449401855,0.9409999999989543,0.998555555554446,0.23848888278007507,0.23645910620689392,1.2337281703948975,0.10000000149011612,0.004981394857168198
130,mobilenetv2_x1_0,4,1.0,0.1,0.25651511293434537,0.03290805593132973,0.36011362075805664,0.93599999999064,0.99699999999003,0.25651514530181885,0.2513393461704254,1.4086987972259521,0.10000000149011612,0.005562366917729378,0.1,0.2577389177796482,0.03784056752920151,0.26443254947662354,0.9368888888878478,0.998333333332224,0.25773894786834717,0.25449439883232117,1.3189289569854736,0.10000000149011612,0.005346188321709633
131,mobilenetv2_x1_0,3,0.5,0.1,0.31242730901142335,0.02046867087483406,0.28836748003959656,0.89299999999107,0.99499999999005,0.312427282333374,0.25022733211517334,0.7550299167633057,0.10000000149011612,0.00326383113861084,0.1,0.2980916082858279,0.0138243418186903,0.10804286599159241,0.9008888888878879,0.9971111111100032,0.2980916202068329,0.2406015545129776,0.6543461680412292,0.10000000149011612,0.0029288996011018753
132,mobilenetv2_x1_0,5,0.01,0.1,0.2784739704894913,0.03163564205169678,0.3184616267681122,0.91699999999083,0.99699999999003,0.27847394347190857,0.2526424527168274,0.9000770449638367,0.10000000149011612,0.0038429349660873413,0.1,0.25914199290357154,0.024678094312548637,0.1708122193813324,0.9192222222212008,0.997666666665558,0.2591420114040375,0.23582841455936432,0.8146218061447144,0.10000000149011612,0.003498086705803871
133,mobilenetv2_x0_5,5,0.001,0.1,0.29101147956707335,0.02343832515180111,0.7405481338500977,0.9099999999909,0.99799999999002,0.29101142287254333,0.249805748462677,0.8512168526649475,0.10000000149011612,0.0036566369235515594,0.1,0.29923613170647956,0.023264821618795395,0.16320118308067322,0.9031111111101076,0.9969999999988921,0.29923614859580994,0.25657498836517334,0.7878342866897583,0.10000000149011612,0.0034753642976284027
134,mobilenetv2_x0_5,3,0.1,0.1,0.4442672089019019,0.027130406349897385,0.2859162986278534,0.84199999999158,0.99399999999006,0.44426730275154114,0.30262261629104614,0.818901538848877,0.10000000149011612,0.0037062615156173706,0.1,0.43327562628393973,0.009158965200185776,0.02916896343231201,0.8513333333323874,0.9939999999988954,0.43327561020851135,0.301613450050354,0.8173864483833313,0.10000000149011612,0.003717653453350067
135,mobilenetv2_x0_5,5,0.01,0.1,0.2957088619702033,0.023716216906905174,0.11317175626754761,0.89699999999103,0.99499999999005,0.29570886492729187,0.24675339460372925,0.711625874042511,0.10000000149011612,0.0031336061656475067,0.1,0.3004859218967413,0.028509672731161118,0.1552126109600067,0.8986666666656681,0.9974444444433361,0.3004859387874603,0.2576022148132324,0.7841077446937561,0.10000000149011612,0.0034630130976438522
136,mobilenetv2_x0_5,3,0.5,0.1,0.38022151209172106,0.022154584527015686,0.21310198307037354,0.87299999999127,0.99799999999002,0.38022154569625854,0.27124759554862976,0.7136753797531128,0.10000000149011612,0.00321781262755394,0.1,0.37920810736801513,0.009831334464251995,0.060554325580596924,0.8726666666656969,0.9956666666655603,0.37920811772346497,0.2701338529586792,0.70163494348526,0.10000000149011612,0.003180362284183502
137,mobilenetv2_x0_5,5,0.5,0.1,0.2878431947057203,0.030550412833690643,0.2435535043478012,0.92099999999079,0.99799999999002,0.2878432273864746,0.25577235221862793,0.9703476428985596,0.10000000149011612,0.0040693748742341995,0.1,0.2669618755924121,0.027034476399421692,0.12818026542663574,0.9129999999989855,0.997666666665558,0.2669619023799896,0.23858794569969177,0.7704823017120361,0.10000000149011612,0.0033521484583616257
138,mobilenetv2_x0_5,4,0.001,0.1,0.2764978083140472,0.03896012902259827,0.3438011109828949,0.92899999999071,0.99899999999001,0.27649781107902527,0.26957881450653076,1.4170706272125244,0.10000000149011612,0.005664726719260216,0.1,0.2743060883812048,0.03806711733341217,0.729012668132782,0.9317777777767424,0.99788888888778,0.2743060886859894,0.26858413219451904,1.3361197710037231,0.10000000149011612,0.005453187972307205
139,mobilenetv2_x0_5,5,0.1,0.1,0.3055122762169567,0.040092989802360535,0.28683555126190186,0.89499999999105,0.99699999999003,0.30551227927207947,0.26080086827278137,0.8466327786445618,0.10000000149011612,0.0036571361124515533,0.1,0.286503274917157,0.02721531316637993,0.2323457896709442,0.9035555555545515,0.9973333333322251,0.28650325536727905,0.24787279963493347,0.737748384475708,0.10000000149011612,0.0032635200768709183
140,mobilenetv2_x0_5,4,1.0,0.1,0.28641789865178174,0.038933396339416504,0.28688129782676697,0.92299999999077,0.99799999999002,0.2864179313182831,0.27216440439224243,1.1713365316390991,0.10000000149011612,0.004859538748860359,0.1,0.2832956559291871,0.03897152096033096,0.2924804985523224,0.9225555555545304,0.9968888888877812,0.2832956910133362,0.2716348469257355,1.1960517168045044,0.10000000149011612,0.004975991323590279
141,mobilenetv2_x0_5,3,0.01,0.1,0.5076500126618422,0.032241132110357285,0.22838029265403748,0.8309999999916899,0.99499999999005,0.5076501369476318,0.3290666341781616,0.9008316993713379,0.10000000149011612,0.004119366407394409,0.1,0.5010789130524325,0.016982801258563995,0.1932263821363449,0.827666666665747,0.9909999999988988,0.5010789632797241,0.3293384909629822,0.9068639874458313,0.10000000149011612,0.004145558923482895
142,mobilenetv2_x0_5,5,2.0,0.1,0.2855938048413581,0.03671298176050186,0.2690196931362152,0.91099999999089,0.99699999999003,0.28559383749961853,0.2610269784927368,1.0347883701324463,0.10000000149011612,0.00429886020720005,0.1,0.28842018678195686,0.03669294714927673,0.17820191383361816,0.9143333333323174,0.9971111111100032,0.2884202003479004,0.26824408769607544,1.0735018253326416,0.10000000149011612,0.00451664999127388
143,mobilenetv2_x0_5,4,0.5,0.1,0.31041022824775016,0.04467378556728363,0.3410530686378479,0.91099999999089,0.99899999999001,0.3104102313518524,0.2931396961212158,1.3298169374465942,0.10000000149011612,0.005460141226649284,0.1,0.2862717174952002,0.041402991861104965,0.2641746699810028,0.9219999999989755,0.9974444444433361,0.28627172112464905,0.27548760175704956,1.1995306015014648,0.10000000149011612,0.005017062649130821
144,mobilenetv2_x0_5,3,1.0,0.1,0.34216409579482027,0.016359981149435043,0.2775620222091675,0.88599999999114,0.99799999999002,0.3421640694141388,0.26400405168533325,0.7543947696685791,0.10000000149011612,0.0033335722982883453,0.1,0.32860406534452824,0.008660463616251945,0.03671044111251831,0.8864444444434594,0.9968888888877812,0.3286040723323822,0.253179132938385,0.683343231678009,0.10000000149011612,0.0030628517270088196
145,mobilenetv2_x0_5,0,0.1,0.1,0.2480061327452347,0.03803984820842743,0.2949158549308777,0.9309999999906899,0.99799999999002,0.2480061799287796,0.23973703384399414,1.0896021127700806,0.10000000149011612,0.004408201202750206,0.1,0.27662445574065125,0.03720495104789734,0.1686176061630249,0.9318888888878534,0.9975555555544471,0.27662450075149536,0.27051296830177307,1.3636314868927002,0.10000000149011612,0.005534343421459198
146,mobilenetv2_x0_5,3,0.001,0.1,0.5348541087070925,0.027543792501091957,0.11592952907085419,0.80699999999193,0.99499999999005,0.5348542928695679,0.3424062430858612,0.9566532373428345,0.10000000149011612,0.004384070634841919,0.1,0.5447476897544761,0.021337121725082397,0.19230768084526062,0.8137777777768735,0.9903333333322328,0.5447476506233215,0.355200856924057,1.0430517196655273,0.10000000149011612,0.00475209578871727
147,mobilenetv2_x0_5,4,2.0,0.1,0.2998473614271856,0.045092709362506866,0.34312933683395386,0.90899999999091,0.99599999999004,0.29984742403030396,0.28054967522621155,1.2721630334854126,0.10000000149011612,0.005103856325149536,0.1,0.28047963117853353,0.03844764456152916,0.2797582149505615,0.9195555555545337,0.997999999998891,0.28047966957092285,0.2669852375984192,1.1571130752563477,0.10000000149011612,0.004799293354153633
148,mobilenetv2_x0_5,3,2.0,0.1,0.30216699536471314,0.027802221477031708,0.19601908326148987,0.89099999999109,0.99799999999002,0.30216699838638306,0.24494647979736328,0.7514140009880066,0.10000000149011612,0.003231056034564972,0.1,0.28717171120524787,0.015268240123987198,0.18633213639259338,0.9016666666656648,0.99788888888778,0.28717172145843506,0.2369229793548584,0.6590660810470581,0.10000000149011612,0.002936495468020439
149,mobilenetv2_x0_5,5,1.0,0.1,0.285570499425484,0.03448786213994026,0.72584068775177,0.90699999999093,0.99899999999001,0.28557056188583374,0.2528475821018219,0.8855023384094238,0.10000000149011612,0.00377630814909935,0.1,0.2733831882750585,0.02547173947095871,0.1087833046913147,0.9141111111100954,0.9977777777766691,0.2733832001686096,0.24508512020111084,0.8222284317016602,0.10000000149011612,0.0035632215440273285
150,mobilenetv2_x0_5,4,0.01,0.1,0.30946886229990367,0.041445791721343994,0.6234179735183716,0.9309999999906899,0.99899999999001,0.30946892499923706,0.30171823501586914,1.6176036596298218,0.10000000149011612,0.006534738466143608,0.1,0.27358032732606485,0.03935615345835686,0.2729203402996063,0.9275555555545248,0.997999999998891,0.2735803425312042,0.2666657269001007,1.282485842704773,0.10000000149011612,0.00523851253092289
151,mobilenetv2_x0_5,4,0.1,0.1,0.2699940475644181,0.037562161684036255,0.2233683466911316,0.93199999999068,0.99899999999001,0.2699940800666809,0.2621476352214813,1.2305959463119507,0.10000000149011612,0.0050749145448207855,0.1,0.2850590212621624,0.0426676869392395,0.250336617231369,0.9254444444434161,0.9977777777766691,0.28505903482437134,0.27750691771507263,1.3233227729797363,0.10000000149011612,0.005433661863207817
152,vgg16_bn,3,2.0,0.1,0.3384404744636483,0.04961282014846802,0.35363703966140747,0.91599999999084,0.99499999999005,0.33844050765037537,0.3270149827003479,1.7922559976577759,0.10000000149011612,0.007145941257476807,0.1,0.32430186169406555,0.046009164303541183,0.29468077421188354,0.9198888888878667,0.9948888888877834,0.3243018686771393,0.31438660621643066,1.5497745275497437,0.10000000149011612,0.006343383342027664
153,vgg16_bn,0,0.1,0.1,0.3727319799343318,0.05370566248893738,0.3552951514720917,0.93599999999064,0.99799999999002,0.3727319836616516,0.37229859828948975,2.5527684688568115,0.10000000149011612,0.01007583737373352,0.1,0.31094939972183006,0.04730312526226044,0.40293747186660767,0.9399999999989554,0.9974444444433361,0.310949444770813,0.3105956017971039,1.9797519445419312,0.10000000149011612,0.00789872370660305
154,vgg16_bn,5,0.001,0.1,0.3210203317488268,0.050455208867788315,0.3145085573196411,0.9309999999906899,0.99799999999002,0.32102033495903015,0.315982848405838,1.6689667701721191,0.10000000149011612,0.006734777241945267,0.1,0.27774083086783896,0.04417145624756813,0.29499655961990356,0.9309999999989654,0.9967777777766702,0.27774083614349365,0.2742956876754761,1.3262953758239746,0.10000000149011612,0.005480997264385223
155,vgg16_bn,3,0.001,0.1,2.3027515181101803,0.0011104345321655273,0.0011104345321655273,0.099999999999,0.49399999999506,2.3027515411376953,0.003318105125799775,5.745258022216149e-05,0.10000000149011612,4.76837158203125e-07,0.1,2.302599083143393,0.0011189430952072144,0.0011189430952072144,0.09999999999988889,0.5006666666661104,2.3025989532470703,0.00335181737318635,5.870962195331231e-05,0.10000000149011612,9.685754776000977e-07
156,vgg16_bn,4,2.0,0.1,0.3479726279747415,0.04690181463956833,0.6457451581954956,0.94399999999056,0.99999999999,0.34797266125679016,0.347379595041275,2.3913614749908447,0.10000000149011612,0.009425714612007141,0.1,0.31961462528425827,0.048984091728925705,0.3902607262134552,0.9378888888878467,0.9968888888877812,0.3196146488189697,0.3191682696342468,1.9824097156524658,0.10000000149011612,0.00793936476111412
157,vgg16_bn,5,2.0,0.1,0.2941565782218406,0.047148048877716064,0.2871190309524536,0.93699999999063,0.99999999999,0.29415658116340637,0.29339492321014404,1.7672263383865356,0.10000000149011612,0.006995251402258873,0.1,0.3157999760377245,0.04963831976056099,0.4329458475112915,0.935222222221183,0.9964444444433372,0.3157999813556671,0.3149398863315582,1.8536489009857178,0.10000000149011612,0.007458716630935669
158,vgg16_bn,4,0.1,0.1,0.3425612713413093,0.055558569729328156,0.7443975806236267,0.93299999999067,0.99899999999001,0.34256136417388916,0.34211745858192444,2.1620707511901855,0.10000000149011612,0.00859132781624794,0.1,0.31021191973126644,0.04560224711894989,0.3229116201400757,0.9409999999989543,0.9967777777766702,0.3102119565010071,0.3098408281803131,1.9794228076934814,0.10000000149011612,0.007876474410295486
159,vgg16_bn,5,1.0,0.1,0.3720456920612509,0.06014944612979889,0.4923328459262848,0.92499999999075,0.99999999999,0.37204575538635254,0.3701944947242737,2.333286762237549,0.10000000149011612,0.00922377035021782,0.1,0.29953178067834446,0.04602499678730965,0.33241522312164307,0.9376666666656247,0.9969999999988921,0.2995317876338959,0.29862624406814575,1.7247530221939087,0.10000000149011612,0.006964860484004021
160,vgg16_bn,3,0.5,0.1,0.7243881749193568,0.109268419444561,0.23340171575546265,0.7559999999924399,0.98399999999016,0.7243882417678833,0.29350095987319946,0.7149350643157959,0.10000000149011612,0.003258809447288513,0.1,0.7180241669518121,0.11421653628349304,0.25279533863067627,0.7623333333324862,0.9861111111100154,0.7180241942405701,0.29575884342193604,0.7590497136116028,0.10000000149011612,0.0034001171588897705
161,vgg16_bn,3,0.1,0.1,2.3027570017374446,0.0011561810970306396,0.0011561810970306396,0.099999999999,0.49399999999506,2.3027572631835938,0.0031891497783362865,5.2244355174480006e-05,0.10000000149011612,7.450580596923828e-08,0.1,2.3025955068647104,0.0011489763855934143,0.0011489763855934143,0.09999999999988889,0.5006666666661104,2.302595615386963,0.003216791432350874,5.330411659087986e-05,0.10000000149011612,6.109476089477539e-07
162,vgg16_bn,5,0.5,0.1,0.3389029170955137,0.05986229330301285,0.4704194962978363,0.92299999999077,0.99799999999002,0.33890300989151,0.33737772703170776,2.0184147357940674,0.10000000149011612,0.007974199950695038,0.1,0.3038920823005528,0.04902128875255585,0.3078756630420685,0.9337777777767402,0.9967777777766702,0.3038921058177948,0.3028865456581116,1.7237918376922607,0.10000000149011612,0.006970785558223724
163,vgg16_bn,4,0.001,0.1,0.3213344184213299,0.0487501285970211,0.49058419466018677,0.93699999999063,0.99799999999002,0.32133445143699646,0.32078638672828674,2.0922837257385254,0.10000000149011612,0.008311618119478226,0.1,0.3219376434616766,0.04937488213181496,0.3608790636062622,0.9377777777767358,0.9966666666655591,0.3219376802444458,0.32151293754577637,2.0176377296447754,0.10000000149011612,0.008067712187767029
164,vgg16_bn,5,0.1,0.1,0.3064042299147785,0.04981445521116257,0.4697329103946686,0.93599999999064,0.99599999999004,0.3064042925834656,0.30446380376815796,1.8779135942459106,0.10000000149011612,0.007337873801589012,0.1,0.2950292093919536,0.046767767518758774,0.22462069988250732,0.9329999999989632,0.9965555555544482,0.29502925276756287,0.29318875074386597,1.5261883735656738,0.10000000149011612,0.0062780920416116714
165,vgg16_bn,3,0.01,0.1,2.3027519949473336,0.0011142119765281677,0.0011142119765281677,0.099999999999,0.49399999999506,2.3027520179748535,0.0033045834861695766,5.6912555010057986e-05,0.10000000149011612,5.364418029785156e-07,0.1,2.3025987652519544,0.0011215060949325562,0.0011215060949325562,0.09999999999988889,0.5006666666661104,2.302598714828491,0.0033377069048583508,5.814870382891968e-05,0.10000000149011612,9.387731552124023e-07
166,vgg16_bn,4,1.0,0.1,0.28025161939749604,0.03831576183438301,0.4805598855018616,0.94699999999053,0.99799999999002,0.2802516520023346,0.27985313534736633,1.8225620985031128,0.10000000149011612,0.007199304178357124,0.1,0.3038701146776083,0.044752586632966995,0.33581435680389404,0.9424444444433971,0.9968888888877812,0.30387014150619507,0.30346521735191345,1.915503740310669,0.10000000149011612,0.007645700126886368
167,vgg16_bn,5,0.01,0.1,0.2995850711904744,0.05232067406177521,0.4612809121608734,0.92599999999074,0.99799999999002,0.29958513379096985,0.2968238294124603,1.5751444101333618,0.10000000149011612,0.006374625489115715,0.1,0.2934828364237265,0.04649900645017624,0.38725459575653076,0.9312222222211874,0.9959999999988932,0.29348286986351013,0.29044580459594727,1.4405603408813477,0.10000000149011612,0.00595179945230484
168,vgg16_bn,4,0.01,0.1,0.36802807082266425,0.05667240172624588,0.5424197912216187,0.93499999999065,0.99799999999002,0.36802810430526733,0.3676377534866333,2.463303804397583,0.10000000149011612,0.009685084223747253,0.1,0.31340911949620426,0.04875528812408447,0.3920174539089203,0.9389999999989566,0.9971111111100032,0.31340914964675903,0.3130203187465668,1.9678786993026733,0.10000000149011612,0.00785859301686287
169,vgg16_bn,3,1.0,0.1,0.389468069950229,0.051918983459472656,0.28695929050445557,0.89699999999103,0.99399999999006,0.38946816325187683,0.3615330457687378,1.7797741889953613,0.10000000149011612,0.007309623062610626,0.1,0.31418246989309073,0.04028676450252533,0.31161224842071533,0.9109999999989877,0.9957777777766713,0.3141825199127197,0.29395052790641785,1.2429590225219727,0.10000000149011612,0.005199834704399109
170,vgg16_bn,4,0.5,0.1,0.3662596010298631,0.05310311168432236,0.6062930226325989,0.93499999999065,0.99899999999001,0.3662596642971039,0.36555880308151245,2.334096908569336,0.10000000149011612,0.00934324786067009,0.1,0.3144311636504014,0.04558710753917694,0.33979201316833496,0.9418888888878423,0.9965555555544482,0.31443119049072266,0.3140808641910553,1.9946829080581665,0.10000000149011612,0.007962703704833984
171,shufflenetv2_x1_0,5,0.01,0.1,0.2990422814982552,0.033592589199543,0.13846874237060547,0.90899999999091,0.99799999999002,0.29904231429100037,0.2707734704017639,1.0165929794311523,0.10000000149011612,0.004340991377830505,0.1,0.28910461036030644,0.03417964652180672,0.15512686967849731,0.9092222222212119,0.9969999999988921,0.2891046404838562,0.26314687728881836,0.9644861221313477,0.10000000149011612,0.004125423729419708
172,shufflenetv2_x1_0,5,0.1,0.1,0.2882434100890625,0.03353783115744591,0.31135043501853943,0.91399999999086,0.99899999999001,0.2882434129714966,0.26189664006233215,1.1602237224578857,0.10000000149011612,0.0046496521681547165,0.1,0.28201480675197815,0.037790633738040924,0.2701307535171509,0.9079999999989911,0.9974444444433361,0.2820148169994354,0.25736942887306213,0.922112226486206,0.10000000149011612,0.003943825140595436
173,shufflenetv2_x1_0,4,0.01,0.1,0.27376705134329266,0.03968377038836479,0.45655378699302673,0.93499999999065,0.99699999999003,0.2737670838832855,0.27032938599586487,1.620025634765625,0.10000000149011612,0.006268080323934555,0.1,0.2880909903292282,0.04155048727989197,0.2679799795150757,0.9315555555545204,0.9975555555544471,0.2880910336971283,0.2838885188102722,1.5140514373779297,0.10000000149011612,0.006100209429860115
174,shufflenetv2_x1_0,4,0.1,0.1,0.25361296280925305,0.037627387791872025,0.30934780836105347,0.93499999999065,0.99799999999002,0.2536129653453827,0.24901573359966278,1.3013867139816284,0.10000000149011612,0.0052268486469984055,0.1,0.28454997441676216,0.04171396791934967,0.2732580602169037,0.9307777777767435,0.9974444444433361,0.2845500111579895,0.27982598543167114,1.4297220706939697,0.10000000149011612,0.005816679447889328
175,shufflenetv2_x1_0,3,1.0,0.1,0.2869206936277566,0.032307084649801254,0.15151017904281616,0.90699999999093,0.99799999999002,0.2869207262992859,0.2399175614118576,0.7586749792098999,0.10000000149011612,0.00328047014772892,0.1,0.2883558584691545,0.021945860236883163,0.1444985568523407,0.9026666666656636,0.9972222222211141,0.28835585713386536,0.24583452939987183,0.751735270023346,0.10000000149011612,0.0032961908727884293
176,shufflenetv2_x1_0,4,1.0,0.1,0.3095212249798152,0.04530142992734909,0.36966070532798767,0.91699999999083,0.99799999999002,0.30952125787734985,0.2986311614513397,1.5108208656311035,0.10000000149011612,0.00616041012108326,0.1,0.2928588652005886,0.044724833220243454,0.21993380784988403,0.9208888888878656,0.9968888888877812,0.29285889863967896,0.28383058309555054,1.367342472076416,0.10000000149011612,0.005581360310316086
177,shufflenetv2_x1_0,3,0.001,0.1,0.4464334502876339,0.04039434716105461,0.230772003531456,0.84299999999157,0.99699999999003,0.446433424949646,0.3250570297241211,0.9730165600776672,0.10000000149011612,0.0043577589094638824,0.1,0.43798698932937763,0.02475816383957863,0.18219268321990967,0.8522222222212752,0.9937777777766735,0.43798696994781494,0.3200415074825287,0.9641205668449402,0.10000000149011612,0.004317536950111389
178,shufflenetv2_x1_0,3,0.01,0.1,0.4253482478045467,0.035674117505550385,0.13036495447158813,0.84799999999152,0.99699999999003,0.42534828186035156,0.3101755380630493,0.8901392221450806,0.10000000149011612,0.004011634737253189,0.1,0.4131810031379575,0.019870109856128693,0.07158827781677246,0.8571111111101587,0.9943333333322284,0.41318100690841675,0.3028615713119507,0.8623958230018616,0.10000000149011612,0.0038892440497875214
179,shufflenetv2_x1_0,5,0.5,0.1,0.2600889775970167,0.029246069490909576,0.12910303473472595,0.93299999999067,0.99799999999002,0.2600890100002289,0.24469389021396637,1.0996469259262085,0.10000000149011612,0.004466824233531952,0.1,0.2814045760551303,0.03567077964544296,0.26369768381118774,0.9213333333323096,0.997666666665558,0.28140461444854736,0.2667010426521301,1.1470533609390259,0.10000000149011612,0.004777345806360245
180,shufflenetv2_x1_0,4,0.5,0.1,0.25722005706105444,0.04219870641827583,0.4810905158519745,0.92699999999073,0.99599999999004,0.2572201192378998,0.25061580538749695,1.1793179512023926,0.10000000149011612,0.004788380116224289,0.1,0.2759505590048311,0.03998764604330063,0.2709864377975464,0.926222222221193,0.9981111111100021,0.27595055103302,0.26850995421409607,1.3059433698654175,0.10000000149011612,0.005324855446815491
181,shufflenetv2_x1_0,4,2.0,0.1,0.37018015610540367,0.05506962537765503,0.3766161799430847,0.91099999999089,0.99499999999005,0.37018021941185,0.3551488220691681,2.0226545333862305,0.10000000149011612,0.007942404597997665,0.1,0.32155128615467177,0.04343549907207489,0.26842859387397766,0.9232222222211963,0.9962222222211152,0.32155126333236694,0.3126838207244873,1.6572543382644653,0.10000000149011612,0.00668630376458168
182,shufflenetv2_x1_0,5,1.0,0.1,0.2972115546546087,0.04487454146146774,0.6178025007247925,0.91399999999086,0.99899999999001,0.29721155762672424,0.2807566821575165,1.400955080986023,0.10000000149011612,0.005572216585278511,0.1,0.2910518609892633,0.04092378541827202,0.29531240463256836,0.9175555555545359,0.9975555555544471,0.2910518944263458,0.27682191133499146,1.197933554649353,0.10000000149011612,0.00497913733124733
183,shufflenetv2_x1_0,0,0.1,0.1,0.29865458309019066,0.042259328067302704,0.6081541776657104,0.92799999999072,0.99799999999002,0.2986545264720917,0.2903428375720978,1.6916751861572266,0.10000000149011612,0.0064818374812603,0.1,0.28471426965284924,0.041400011628866196,0.21154537796974182,0.9291111111100787,0.9968888888877812,0.28471431136131287,0.27919691801071167,1.418750286102295,0.10000000149011612,0.005752045661211014
184,shufflenetv2_x1_0,4,0.001,0.1,0.26277136539901974,0.04051268845796585,0.3154272139072418,0.93299999999067,0.99899999999001,0.2627713978290558,0.2586633563041687,1.3696902990341187,0.10000000149011612,0.005471782758831978,0.1,0.2816676279090776,0.0394488200545311,0.2755914032459259,0.9328888888878523,0.9971111111100032,0.28166764974594116,0.27709507942199707,1.471196174621582,0.10000000149011612,0.005923265591263771
185,shufflenetv2_x1_0,3,0.1,0.1,0.389292593877765,0.021655801683664322,0.7497611045837402,0.86699999999133,0.99499999999005,0.3892926275730133,0.2895926535129547,0.8117581009864807,0.10000000149011612,0.0036528483033180237,0.1,0.38491947078321526,0.013341864570975304,0.047433122992515564,0.8687777777768124,0.9954444444433383,0.38491949439048767,0.2863600552082062,0.8018229603767395,0.10000000149011612,0.003598913550376892
186,shufflenetv2_x1_0,5,0.001,0.1,0.2711102041313205,0.029438283294439316,0.34039175510406494,0.91699999999083,0.99999999999,0.2711101770401001,0.24277463555335999,0.9198058247566223,0.10000000149011612,0.0038399361073970795,0.1,0.2860009037919641,0.0341312475502491,0.40537720918655396,0.9074444444434361,0.9969999999988921,0.28600093722343445,0.25833407044410706,0.8978813290596008,0.10000000149011612,0.003873223438858986
187,shufflenetv2_x1_0,3,2.0,0.1,0.29034575529623424,0.04061046987771988,0.2192249298095703,0.89699999999103,0.99599999999004,0.29034578800201416,0.2544495761394501,0.8445149064064026,0.10000000149011612,0.0036511030048131943,0.1,0.28237471946494697,0.032628946006298065,0.15009331703186035,0.9055555555545493,0.9968888888877812,0.2823747396469116,0.2514050006866455,0.8413224816322327,0.10000000149011612,0.0036384016275405884
188,shufflenetv2_x1_0,3,0.5,0.1,0.32690402538505825,0.020898304879665375,0.2982875406742096,0.89599999999104,0.99799999999002,0.3269040286540985,0.26467543840408325,0.8697617650032043,0.10000000149011612,0.003740668296813965,0.1,0.30608659617534734,0.01650942675769329,0.09699708223342896,0.8953333333323384,0.9975555555544471,0.3060866594314575,0.24945740401744843,0.7027999758720398,0.10000000149011612,0.0031323526054620743
189,shufflenetv2_x1_0,5,2.0,0.1,0.30316680366617743,0.044412530958652496,0.32824259996414185,0.91299999999087,0.99799999999002,0.3031668961048126,0.28811290860176086,1.4634957313537598,0.10000000149011612,0.005788663402199745,0.1,0.2770172586277075,0.039807114750146866,0.2792070806026459,0.9219999999989755,0.9977777777766691,0.2770172655582428,0.26556798815727234,1.1604253053665161,0.10000000149011612,0.00480305403470993
190,resnet44,4,2.0,0.1,0.2717018994340888,0.04206664860248566,0.461787611246109,0.93299999999067,0.99899999999001,0.27170196175575256,0.2689599394798279,1.5613975524902344,0.10000000149011612,0.006098764017224312,0.1,0.2739878111682499,0.0399838350713253,0.30688250064849854,0.936111111110071,0.9981111111100021,0.2739878296852112,0.2711237668991089,1.47067129611969,0.10000000149011612,0.005898196250200272
191,resnet44,3,2.0,0.1,0.2425821548283975,0.0396302230656147,0.439874529838562,0.92299999999077,0.99799999999002,0.24258217215538025,0.2320588082075119,0.9210227727890015,0.10000000149011612,0.0038343295454978943,0.1,0.2570188406896551,0.03634089604020119,0.27297133207321167,0.9273333333323028,0.998444444443335,0.2570188641548157,0.24818497896194458,1.103838562965393,0.10000000149011612,0.004552250728011131
192,resnet44,4,0.01,0.1,0.23179386324354667,0.03327065706253052,0.6012188792228699,0.95299999999047,0.99799999999002,0.23179389536380768,0.23005472123622894,1.4414923191070557,0.10000000149011612,0.00556216761469841,0.1,0.2650712344747677,0.04197566583752632,0.30604666471481323,0.936111111110071,0.998333333332224,0.2650712728500366,0.26320409774780273,1.382237434387207,0.10000000149011612,0.005613075569272041
193,resnet44,4,0.1,0.1,0.2556286726661101,0.035424426198005676,0.37660351395606995,0.94099999999059,0.99999999999,0.25562870502471924,0.25398924946784973,1.4592519998550415,0.10000000149011612,0.005766976624727249,0.1,0.2739072952273553,0.03846433758735657,0.2833317518234253,0.9389999999989566,0.9981111111100021,0.27390730381011963,0.271968811750412,1.6256585121154785,0.10000000149011612,0.006390823051333427
194,resnet44,3,0.5,0.1,0.23050048716833804,0.030576199293136597,0.35302993655204773,0.92099999999079,0.99999999999,0.2305005043745041,0.21388262510299683,0.759712815284729,0.10000000149011612,0.0031664185225963593,0.1,0.24066013898865332,0.0264444500207901,0.28390493988990784,0.9245555555545282,0.9977777777766691,0.240660160779953,0.22386962175369263,0.7600839138031006,0.10000000149011612,0.003277823328971863
195,resnet44,3,0.1,0.1,0.2906900615233362,0.030644603073596954,0.32569530606269836,0.899999999991,0.99599999999004,0.2906900644302368,0.24936439096927643,0.8517711162567139,0.10000000149011612,0.0035710912197828293,0.1,0.28599505922541346,0.023920854553580284,0.09690767526626587,0.9054444444434383,0.9975555555544471,0.2859950661659241,0.24829427897930145,0.7754223346710205,0.10000000149011612,0.003389127552509308
196,resnet44,5,0.01,0.1,0.25656211119628075,0.038170844316482544,0.15732192993164062,0.92699999999073,0.99899999999001,0.25656211376190186,0.2475270926952362,1.1197481155395508,0.10000000149011612,0.004583345726132393,0.1,0.24475958585034577,0.03677902743220329,0.7103517055511475,0.9316666666656314,0.998333333332224,0.24475960433483124,0.23786556720733643,1.042153239250183,0.10000000149011612,0.004315285012125969
197,resnet44,5,0.1,0.1,0.27730631551001794,0.050648413598537445,0.3132837116718292,0.91799999999082,0.99899999999001,0.27730634808540344,0.26795560121536255,1.1519747972488403,0.10000000149011612,0.004754235967993736,0.1,0.2499360753964562,0.03635672479867935,0.25948578119277954,0.9303333333322995,0.998222222221113,0.2499360889196396,0.24309955537319183,1.0706497430801392,0.10000000149011612,0.004439067095518112
198,resnet44,3,0.01,0.1,0.3149218527772952,0.022002331912517548,0.16247449815273285,0.89599999999104,0.99599999999004,0.31492188572883606,0.2642195224761963,0.8988313674926758,0.10000000149011612,0.003797009587287903,0.1,0.30786091055041886,0.022734498605132103,0.18992769718170166,0.898777777776779,0.9971111111100032,0.30786094069480896,0.26076772809028625,0.8071696162223816,0.10000000149011612,0.003547247499227524
199,resnet44,5,1.0,0.1,0.2523349498310817,0.03781077638268471,0.4620583653450012,0.9299999999907,0.99699999999003,0.25233498215675354,0.24672934412956238,1.2108160257339478,0.10000000149011612,0.004875890910625458,0.1,0.25881078313839934,0.03756086900830269,0.19328391551971436,0.9343333333322951,0.9973333333322251,0.25881078839302063,0.2543551027774811,1.3001099824905396,0.10000000149011612,0.005244521424174309
200,resnet44,4,0.001,0.1,0.26482793423946177,0.0403011217713356,0.3726056218147278,0.94199999999058,0.99699999999003,0.2648279666900635,0.2632879614830017,1.698551893234253,0.10000000149011612,0.006538607180118561,0.1,0.29777550333103575,0.04352913051843643,0.3601968586444855,0.9377777777767358,0.997666666665558,0.2977755069732666,0.2963625192642212,1.8503711223602295,0.10000000149011612,0.0072517674416303635
201,resnet44,3,1.0,0.1,0.2768089445566634,0.03373298794031143,0.37518492341041565,0.92399999999076,0.99699999999003,0.2768090069293976,0.26363328099250793,1.1780285835266113,0.10000000149011612,0.004836585372686386,0.1,0.25272554958926097,0.03552086278796196,0.2791173756122589,0.9212222222211985,0.998333333332224,0.25272560119628906,0.2391267865896225,0.9017325639724731,0.10000000149011612,0.003827285021543503
202,resnet44,5,0.001,0.1,0.2591138158159206,0.043844498693943024,0.3566819131374359,0.91899999999081,0.99899999999001,0.2591139078140259,0.24934153258800507,1.0892499685287476,0.10000000149011612,0.00440269336104393,0.1,0.2568875664267369,0.03717488422989845,0.2872350215911865,0.9272222222211919,0.998333333332224,0.2568875551223755,0.24841783940792084,1.0586392879486084,0.10000000149011612,0.004418006166815758
203,resnet44,3,0.001,0.1,0.3211284545733682,0.024048712104558945,0.2621080279350281,0.89499999999105,0.99599999999004,0.3211284875869751,0.26878055930137634,0.9203169345855713,0.10000000149011612,0.003925096243619919,0.1,0.31813220809980414,0.02572214975953102,0.22900144755840302,0.8955555555545605,0.997999999998891,0.318132221698761,0.2675979435443878,0.818759560585022,0.10000000149011612,0.003609258681535721
204,resnet44,0,0.1,0.1,0.2566673729979015,0.04109952971339226,0.35842394828796387,0.9429999999905699,0.99999999999,0.25666743516921997,0.2550804913043976,1.4841692447662354,0.10000000149011612,0.005906136706471443,0.1,0.2676370819747312,0.038964882493019104,0.2842312753200531,0.9403333333322884,0.998444444443335,0.26763710379600525,0.2659146785736084,1.502697467803955,0.10000000149011612,0.006015574559569359
205,resnet44,5,2.0,0.1,0.2713372680233217,0.040436040610075,0.6345277428627014,0.93499999999065,0.99399999999006,0.2713373601436615,0.26308050751686096,1.3810131549835205,0.10000000149011612,0.005394253879785538,0.1,0.2591361417142826,0.034356988966464996,0.2564118504524231,0.9318888888878534,0.9974444444433361,0.2591361403465271,0.25219112634658813,1.2152459621429443,0.10000000149011612,0.00493277981877327
206,resnet44,5,0.5,0.1,0.24279638882073912,0.03480316326022148,0.20406007766723633,0.93499999999065,0.99999999999,0.24279643595218658,0.23524516820907593,1.0237160921096802,0.10000000149011612,0.004255820065736771,0.1,0.23746332334253697,0.03274115175008774,0.21436470746994019,0.9374444444434028,0.998222222221113,0.2374633252620697,0.23246638476848602,1.0660758018493652,0.10000000149011612,0.00439818762242794
207,resnet44,4,1.0,0.1,0.2918977708236981,0.04051508381962776,0.6318268179893494,0.93899999999061,0.99699999999003,0.2918977737426758,0.28861355781555176,1.7810662984848022,0.10000000149011612,0.006931977346539497,0.1,0.25831308766644695,0.03599987179040909,0.7064833641052246,0.9401111111100665,0.9974444444433361,0.2583130896091461,0.2554529011249542,1.4149266481399536,0.10000000149011612,0.005621997639536858
208,resnet44,4,0.5,0.1,0.22167907433560033,0.03294530138373375,0.6235467195510864,0.94799999999052,0.99799999999002,0.22167906165122986,0.21929143369197845,1.2998225688934326,0.10000000149011612,0.005018457770347595,0.1,0.24615510939692142,0.0341799259185791,0.19966760277748108,0.9404444444433995,0.998222222221113,0.24615514278411865,0.24290139973163605,1.2565550804138184,0.10000000149011612,0.005054699257016182
209,mobilenetv2_x1_4,4,0.1,0.1,0.1919445376275212,0.024630138650536537,0.32893815636634827,0.95099999999049,0.99899999999001,0.19194455444812775,0.19005456566810608,0.9070208072662354,0.10000000149011612,0.0037134625017642975,0.1,0.23764979316214044,0.033681195229291916,0.20783936977386475,0.9427777777767301,0.998222222221113,0.2376498281955719,0.23560084402561188,1.218458652496338,0.10000000149011612,0.004944218322634697
210,mobilenetv2_x1_4,4,1.0,0.1,0.23956109343816745,0.03579016029834747,0.3913764953613281,0.93799999999062,0.99699999999003,0.23956111073493958,0.23476050794124603,1.1470001935958862,0.10000000149011612,0.004666619002819061,0.1,0.24443212786642107,0.03492281585931778,0.26127591729164124,0.9375555555545138,0.9981111111100021,0.24443215131759644,0.24045363068580627,1.159433364868164,0.10000000149011612,0.004747932776808739
211,mobilenetv2_x1_4,5,0.1,0.1,0.2402789121680193,0.03235772252082825,0.13643789291381836,0.92699999999073,0.99799999999002,0.2402789443731308,0.22396515309810638,0.8560054302215576,0.10000000149011612,0.0035730134695768356,0.1,0.23822231398710228,0.02743065170943737,0.21531519293785095,0.9257777777767491,0.997999999998891,0.23822233080863953,0.22362057864665985,0.8242614269256592,0.10000000149011612,0.0034984778612852097
212,mobilenetv2_x1_4,4,0.001,0.1,0.182418061458786,0.03266720846295357,0.4615700840950012,0.9599999999904,0.99899999999001,0.182418093085289,0.18090268969535828,0.968113362789154,0.10000000149011612,0.0038918741047382355,0.1,0.23141544369310094,0.03489771485328674,0.24284744262695312,0.943777777776729,0.998555555554446,0.23141548037528992,0.2297206073999405,1.1769464015960693,0.10000000149011612,0.004790946841239929
213,mobilenetv2_x1_4,3,0.5,0.1,0.3015759855153528,0.025067634880542755,0.2818587124347687,0.89499999999105,0.99599999999004,0.30157598853111267,0.24042564630508423,0.6822793483734131,0.10000000149011612,0.0029998179525136948,0.1,0.3014585239981522,0.009806474670767784,0.05838945508003235,0.8962222222212264,0.9972222222211141,0.3014585077762604,0.2394631803035736,0.6221513748168945,0.10000000149011612,0.002800196409225464
214,mobilenetv2_x1_4,3,0.001,0.1,0.48709272851225144,0.029653146862983704,0.19344393908977509,0.82699999999173,0.99599999999004,0.4870927631855011,0.3177850842475891,0.8445594906806946,0.10000000149011612,0.003869418054819107,0.1,0.5047204157731398,0.013898772187530994,0.18837594985961914,0.827222222221303,0.9923333333322306,0.5047205090522766,0.3334060609340668,0.9338885545730591,0.10000000149011612,0.004260800778865814
215,mobilenetv2_x1_4,4,0.01,0.1,0.230673295932975,0.04085207358002663,0.6723840236663818,0.93699999999063,0.99799999999002,0.23067334294319153,0.2283095121383667,1.0719988346099854,0.10000000149011612,0.0044168028980493546,0.1,0.2494879809230093,0.03748604655265808,0.28427067399024963,0.9411111111100654,0.997999999998891,0.2494879812002182,0.2476557493209839,1.3491384983062744,0.10000000149011612,0.005421362817287445
216,mobilenetv2_x1_4,5,1.0,0.1,0.24801316609324786,0.03484170138835907,0.46067923307418823,0.93199999999068,0.99799999999002,0.2480131983757019,0.24031753838062286,1.1415623426437378,0.10000000149011612,0.004650181159377098,0.1,0.2368509402557413,0.03263823315501213,0.22692091763019562,0.9331111111100743,0.999111111110001,0.23685096204280853,0.22987130284309387,0.9939607381820679,0.10000000149011612,0.00412428192794323
217,mobilenetv2_x1_4,4,0.5,0.1,0.23913368343591843,0.036875516176223755,0.3672170042991638,0.93199999999068,0.99699999999003,0.23913371562957764,0.2342330664396286,1.1490000486373901,0.10000000149011612,0.004620537161827087,0.1,0.2345406791279753,0.033956125378608704,0.24510887265205383,0.9385555555545126,0.9981111111100021,0.2345406860113144,0.230710968375206,1.1179413795471191,0.10000000149011612,0.004539845511317253
218,mobilenetv2_x1_4,3,2.0,0.1,0.28412434174608264,0.0335274338722229,0.37770503759384155,0.91099999999089,0.99899999999001,0.28412437438964844,0.2563118040561676,0.8901441693305969,0.10000000149011612,0.0038052573800086975,0.1,0.27213105032406903,0.027766434475779533,0.1497674584388733,0.9139999999989844,0.9966666666655591,0.272131085395813,0.24489426612854004,0.8280825614929199,0.10000000149011612,0.0035867784172296524
219,mobilenetv2_x1_4,3,0.1,0.1,0.3616201543408755,0.015468388795852661,0.19842341542243958,0.87699999999123,0.99599999999004,0.36162012815475464,0.26850295066833496,0.7410793900489807,0.10000000149011612,0.0033103153109550476,0.1,0.3645503218891793,0.012441832572221756,0.10530281066894531,0.8773333333323584,0.9964444444433372,0.3645503520965576,0.2722679376602173,0.7101089358329773,0.10000000149011612,0.0032280683517456055
220,mobilenetv2_x1_4,5,2.0,0.1,0.27884512860879607,0.034662436693906784,0.32835426926612854,0.93199999999068,0.99799999999002,0.2788451313972473,0.27072232961654663,1.4469757080078125,0.10000000149011612,0.005671532824635506,0.1,0.23174257054011058,0.02811691351234913,0.12465786933898926,0.9363333333322928,0.998222222221113,0.23174257576465607,0.22363834083080292,0.9236510396003723,0.10000000149011612,0.003869030624628067
221,mobilenetv2_x1_4,5,0.5,0.1,0.22264760510003154,0.029513299465179443,0.3611900806427002,0.9299999999907,0.99699999999003,0.22264762222766876,0.21102091670036316,0.7405956983566284,0.10000000149011612,0.003157898783683777,0.1,0.23830500218615963,0.03380642086267471,0.2302737683057785,0.9288888888878567,0.998222222221113,0.2383050173521042,0.22917911410331726,0.9249386191368103,0.10000000149011612,0.003891078755259514
222,mobilenetv2_x1_4,3,0.01,0.1,0.44073539531569905,0.03403197601437569,0.261527419090271,0.86299999999137,0.99599999999004,0.44073542952537537,0.326556921005249,1.054791808128357,0.10000000149011612,0.004655800759792328,0.1,0.4111188281312631,0.01923608034849167,0.06450486183166504,0.8597777777768224,0.9955555555544493,0.4111188054084778,0.30343592166900635,0.8788821697235107,0.10000000149011612,0.0039481520652771
223,mobilenetv2_x1_4,0,0.1,0.1,0.2535975252064106,0.03662601858377457,0.3990553021430969,0.94599999999054,0.99699999999003,0.25359758734703064,0.2515060305595398,1.4271199703216553,0.10000000149011612,0.005731230601668358,0.1,0.2295466675459574,0.036191895604133606,0.27444562315940857,0.9409999999989543,0.9988888888877789,0.2295466810464859,0.22766980528831482,1.1006369590759277,0.10000000149011612,0.004523005336523056
224,mobilenetv2_x1_4,5,0.01,0.1,0.25283330426106515,0.027010558173060417,0.37539613246917725,0.92199999999078,0.99699999999003,0.2528333365917206,0.23036478459835052,0.8672220706939697,0.10000000149011612,0.003620622679591179,0.1,0.24938027367433527,0.026854533702135086,0.11383122205734253,0.9235555555545293,0.997666666665558,0.24938029050827026,0.23195677995681763,0.8377750515937805,0.10000000149011612,0.003579540178179741
225,mobilenetv2_x1_4,4,2.0,0.1,0.24494269245299313,0.037159986793994904,0.6608083248138428,0.94399999999056,0.99799999999002,0.24494270980358124,0.2413371503353119,1.2979121208190918,0.10000000149011612,0.005189519375562668,0.1,0.22301834465784318,0.030763305723667145,0.29523760080337524,0.9408888888878434,0.998333333332224,0.2230183333158493,0.2195013463497162,1.0373882055282593,0.10000000149011612,0.004249734804034233
226,mobilenetv2_x1_4,3,1.0,0.1,0.28573962760334287,0.0175054632127285,0.279496967792511,0.9059999999909399,0.99799999999002,0.28573963046073914,0.24203798174858093,0.7739363312721252,0.10000000149011612,0.003293011337518692,0.1,0.27317436505800446,0.01438978686928749,0.11773355305194855,0.9085555555545459,0.9981111111100021,0.27317437529563904,0.23074005544185638,0.6504677534103394,0.10000000149011612,0.0028909780085086823
227,mobilenetv2_x1_4,5,0.001,0.1,0.25437566383617194,0.027844984084367752,0.11877456307411194,0.91899999999081,0.99799999999002,0.254375696182251,0.23317362368106842,0.7926766872406006,0.10000000149011612,0.0033709723502397537,0.1,0.25820759903510376,0.029846608638763428,0.22416582703590393,0.9204444444434217,0.9974444444433361,0.25820761919021606,0.23913705348968506,0.8470602035522461,0.10000000149011612,0.0036373455077409744
228,vgg11_bn,5,1.0,0.1,0.4227264779256741,0.0667368620634079,0.4920812249183655,0.90699999999093,0.99699999999003,0.42272651195526123,0.4140528440475464,2.5818145275115967,0.10000000149011612,0.010083284229040146,0.1,0.3436541818403164,0.0555441789329052,0.34725213050842285,0.9213333333323096,0.9972222222211141,0.34365418553352356,0.3398195505142212,1.8143924474716187,0.10000000149011612,0.007401235401630402
229,vgg11_bn,4,2.0,0.1,0.36311214799165076,0.05018976330757141,0.6263466477394104,0.93199999999068,0.99799999999002,0.3631122410297394,0.36018213629722595,2.2656588554382324,0.10000000149011612,0.008976537734270096,0.1,0.345934347589558,0.05496169254183769,0.311384916305542,0.9232222222211963,0.9971111111100032,0.3459343910217285,0.3428128957748413,1.862377405166626,0.10000000149011612,0.007594916969537735
230,vgg11_bn,5,0.01,0.1,0.34021693127876945,0.05561159551143646,0.4879882037639618,0.91299999999087,0.99599999999004,0.3402169346809387,0.33067891001701355,1.6989482641220093,0.10000000149011612,0.0068143196403980255,0.1,0.3406311700268028,0.05537818372249603,0.26739493012428284,0.9137777777767624,0.9969999999988921,0.3406311869621277,0.33098095655441284,1.5329806804656982,0.10000000149011612,0.0064170509576797485
231,vgg11_bn,5,0.001,0.1,0.3647057079561076,0.058139584958553314,0.32850176095962524,0.91199999999088,0.99599999999004,0.36470577120780945,0.35299161076545715,1.8431671857833862,0.10000000149011612,0.007421180605888367,0.1,0.3217795851893845,0.05228076130151749,0.7193430066108704,0.9155555555545382,0.9966666666655591,0.32177960872650146,0.3121585547924042,1.4016371965408325,0.10000000149011612,0.005880393087863922
232,vgg11_bn,5,2.0,0.1,0.4231870430112479,0.06536790728569031,0.3865504264831543,0.91199999999088,0.99699999999003,0.4231870174407959,0.4170393645763397,2.4864211082458496,0.10000000149011612,0.009892348200082779,0.1,0.35806507494665946,0.05364801734685898,0.2444729208946228,0.9242222222211952,0.9972222222211141,0.35806506872177124,0.3543913662433624,2.034169912338257,0.10000000149011612,0.008213851600885391
233,vgg11_bn,5,0.1,0.1,0.365456607263479,0.060638174414634705,0.359424352645874,0.9099999999909,0.99799999999002,0.36545661091804504,0.35397911071777344,1.9846556186676025,0.10000000149011612,0.007809549570083618,0.1,0.33452434635080314,0.056972891092300415,0.26271969079971313,0.9154444444434272,0.9969999999988921,0.33452436327934265,0.3281354606151581,1.6047624349594116,0.10000000149011612,0.006647512316703796
234,vgg11_bn,3,1.0,0.1,0.34887724765945144,0.0487704798579216,0.31122684478759766,0.90499999999095,0.99599999999004,0.34887731075286865,0.3253900110721588,1.4279758930206299,0.10000000149011612,0.005970891565084457,0.1,0.34298059968456557,0.04928450286388397,0.1711195707321167,0.9062222222212152,0.9952222222211163,0.34298059344291687,0.3220996856689453,1.4480266571044922,0.10000000149011612,0.006009221076965332
235,vgg11_bn,4,0.001,0.1,0.39487912856044033,0.06182321906089783,0.44817352294921875,0.91499999999085,0.99899999999001,0.39487913250923157,0.3898542821407318,2.2862069606781006,0.10000000149011612,0.009185392409563065,0.1,0.3385483983039922,0.05305154249072075,0.30079835653305054,0.9243333333323062,0.9968888888877812,0.3385483920574188,0.33524090051651,1.8010069131851196,0.10000000149011612,0.007381796836853027
236,vgg11_bn,4,1.0,0.1,0.3592711055114455,0.054368823766708374,0.4578898847103119,0.92099999999079,0.99699999999003,0.35927119851112366,0.3550666272640228,2.106135129928589,0.10000000149011612,0.008344478905200958,0.1,0.35857296943559536,0.05706940218806267,0.27998363971710205,0.9213333333323096,0.9959999999988932,0.35857298970222473,0.35501447319984436,1.978427529335022,0.10000000149011612,0.008035760372877121
237,vgg11_bn,3,0.01,0.1,2.3027822741065767,0.008412308990955353,0.008412308990955353,0.09299999999907,0.50099999999499,2.3027822971343994,0.0036494038067758083,6.627349648624659e-05,0.10000000149011612,2.086162567138672e-07,0.1,2.302600752073445,0.0006458014249801636,0.0006458014249801636,0.10077777777766579,0.49988888888833344,2.302600622177124,0.003680346067994833,6.746962753823027e-05,0.10000000149011612,1.9371509552001953e-07
238,vgg11_bn,3,0.5,0.1,2.302759147504635,0.007929250597953796,0.007929250597953796,0.09299999999907,0.50099999999499,2.3027591705322266,0.0024718872737139463,3.2857180485734716e-05,0.10000000149011612,-1.9371509552001953e-07,0.1,2.302584142245786,0.00015824288129806519,0.00015824288129806519,0.10077777777766579,0.49988888888833344,2.302583694458008,0.002461521653458476,3.258257856941782e-05,0.10000000149011612,4.172325134277344e-07
239,vgg11_bn,3,0.1,0.1,0.5366441553810866,0.04450075700879097,0.3088904321193695,0.82599999999174,0.98799999999012,0.5366441011428833,0.34273970127105713,0.9739246964454651,0.10000000149011612,0.004420489072799683,0.1,0.534291167460288,0.015538320876657963,0.18910905718803406,0.8247777777768612,0.9868888888877922,0.53429114818573,0.35019344091415405,1.054259181022644,0.10000000149011612,0.004748813807964325
240,vgg11_bn,4,0.5,0.1,0.3993382712007854,0.06699436902999878,0.4200204312801361,0.9099999999909,0.99699999999003,0.3993383049964905,0.39186811447143555,2.3834712505340576,0.10000000149011612,0.009408142417669296,0.1,0.3504855463319241,0.053764708340168,0.28820955753326416,0.9254444444434161,0.9964444444433372,0.35048559308052063,0.3476962745189667,1.9811601638793945,0.10000000149011612,0.008012842386960983
241,vgg11_bn,3,2.0,0.1,0.38555243225783326,0.06921230256557465,0.6683486104011536,0.89699999999103,0.99699999999003,0.3855524957180023,0.3616322875022888,1.789853572845459,0.10000000149011612,0.007220849394798279,0.1,0.3419145706139422,0.05393242835998535,0.24373602867126465,0.9118888888878756,0.9958888888877823,0.3419145941734314,0.3299490809440613,1.5556397438049316,0.10000000149011612,0.006447166204452515
242,vgg11_bn,0,0.1,0.1,0.34386002673565513,0.051347192376852036,0.6709438562393188,0.92399999999076,0.99899999999001,0.343860000371933,0.33917009830474854,1.9730055332183838,0.10000000149011612,0.00786813348531723,0.1,0.3482947941724845,0.052861571311950684,0.2928169369697571,0.9244444444434172,0.9959999999988932,0.34829482436180115,0.3449840247631073,1.9296298027038574,0.10000000149011612,0.007846221327781677
243,vgg11_bn,4,0.01,0.1,0.39228510464343314,0.0641975924372673,0.429135799407959,0.90799999999092,0.99999999999,0.39228513836860657,0.38298940658569336,2.1838433742523193,0.10000000149011612,0.008699491620063782,0.1,0.3490683266946743,0.05396329611539841,0.29309335350990295,0.9235555555545293,0.9963333333322262,0.34906837344169617,0.3453863859176636,1.9090896844863892,0.10000000149011612,0.0077805295586586
244,vgg11_bn,4,0.1,0.1,0.35637491585077113,0.05418045073747635,0.42044317722320557,0.9199999999908,0.99999999999,0.35637494921684265,0.3506762981414795,2.11285138130188,0.10000000149011612,0.008304234594106674,0.1,0.35801356659952327,0.055573008954524994,0.304290771484375,0.9221111111100865,0.9973333333322251,0.3580136001110077,0.3544991910457611,1.9940017461776733,0.10000000149011612,0.008085675537586212
245,vgg11_bn,5,0.5,0.1,0.4223647373401497,0.06515120714902878,0.3186241090297699,0.91199999999088,0.99699999999003,0.4223647713661194,0.41447022557258606,2.5038743019104004,0.10000000149011612,0.00994124636054039,0.1,0.3467835945673741,0.05564599856734276,0.25507843494415283,0.9221111111100865,0.9965555555544482,0.3467836081981659,0.34263095259666443,1.8155778646469116,0.10000000149011612,0.007429979741573334
246,vgg11_bn,3,0.001,0.1,2.302782035688,0.008425317704677582,0.008425317704677582,0.09299999999907,0.50099999999499,2.3027822971343994,0.0036811588797718287,6.737114017596468e-05,0.10000000149011612,1.9371509552001953e-07,0.1,2.3026013613653684,0.0006583854556083679,0.0006583854556083679,0.10077777777766579,0.49988888888833344,2.3026013374328613,0.0037135297898203135,6.862231384729967e-05,0.10000000149011612,2.2351741790771484e-07
247,resnet32,5,2.0,0.1,0.2554166887490863,0.03952784836292267,0.3890361785888672,0.9299999999907,0.99899999999001,0.2554166615009308,0.2456035614013672,1.1346766948699951,0.10000000149011612,0.0046142395585775375,0.1,0.26053477794785973,0.034988466650247574,0.20522409677505493,0.9324444444434083,0.998444444443335,0.26053479313850403,0.2537846267223358,1.2021533250808716,0.10000000149011612,0.004943901672959328
248,resnet32,3,1.0,0.1,0.26041927673273657,0.03190819174051285,0.354586660861969,0.91799999999082,0.99799999999002,0.2604193091392517,0.24222451448440552,0.9644603729248047,0.10000000149011612,0.003972478210926056,0.1,0.25116754378120815,0.02867523767054081,0.24883222579956055,0.9251111111100832,0.99788888888778,0.25116756558418274,0.23557820916175842,0.884110689163208,0.10000000149011612,0.0037601739168167114
249,resnet32,5,1.0,0.1,0.24183562156121227,0.030391113832592964,0.16963598132133484,0.93599999999064,0.99899999999001,0.2418356090784073,0.23412899672985077,1.1209681034088135,0.10000000149011612,0.004506878554821014,0.1,0.2674832076173608,0.038100533187389374,0.7220780849456787,0.9292222222211897,0.997999999998891,0.2674832344055176,0.26045891642570496,1.2404752969741821,0.10000000149011612,0.005080841481685638
250,resnet32,4,0.01,0.1,0.2634668025849823,0.03520667180418968,0.3905166983604431,0.9429999999905699,0.99899999999001,0.26346680521965027,0.26091891527175903,1.5295305252075195,0.10000000149011612,0.006058692932128906,0.1,0.2813155697637338,0.04022232070565224,0.21234345436096191,0.935555555554516,0.9977777777766691,0.2813155949115753,0.27858778834342957,1.586685299873352,0.10000000149011612,0.006327703595161438
251,resnet32,5,0.01,0.1,0.24627068392530893,0.0325324609875679,0.7106398344039917,0.92899999999071,0.99599999999004,0.24627070128917694,0.23571842908859253,1.0286765098571777,0.10000000149011612,0.004204137250781059,0.1,0.24522854857217916,0.031916361302137375,0.13447386026382446,0.9291111111100787,0.998333333332224,0.245228573679924,0.23493465781211853,0.9427919983863831,0.10000000149011612,0.0039711762219667435
252,resnet32,4,1.0,0.1,0.280664381558438,0.04525882750749588,0.379260390996933,0.9309999999906899,0.99899999999001,0.2806643843650818,0.27670973539352417,1.5673716068267822,0.10000000149011612,0.006117627024650574,0.1,0.28030547302943165,0.040320105850696564,0.2318095564842224,0.9333333333322962,0.99788888888778,0.28030550479888916,0.2762269973754883,1.4829010963439941,0.10000000149011612,0.00595775805413723
253,resnet32,5,0.1,0.1,0.2540391062128133,0.035517722368240356,0.6086372137069702,0.93199999999068,0.99699999999003,0.2540391683578491,0.24528998136520386,1.183801531791687,0.10000000149011612,0.004691062495112419,0.1,0.2485186024394664,0.03410948067903519,0.29865705966949463,0.9287777777767457,0.9981111111100021,0.24851861596107483,0.23927652835845947,0.9918773770332336,0.10000000149011612,0.004138054326176643
254,resnet32,3,0.1,0.1,0.27682563385703357,0.022232703864574432,0.18263190984725952,0.899999999991,0.99899999999001,0.2768256664276123,0.22871586680412292,0.661784827709198,0.10000000149011612,0.0028493646532297134,0.1,0.2857189539542749,0.020126109942793846,0.26702094078063965,0.9029999999989966,0.9974444444433361,0.2857189476490021,0.2424497753381729,0.7087672352790833,0.10000000149011612,0.003127865493297577
255,resnet32,5,0.001,0.1,0.25505962712812996,0.0366441011428833,0.3730103671550751,0.92199999999078,0.99699999999003,0.2550596296787262,0.24276338517665863,1.0382283926010132,0.10000000149011612,0.004228536039590836,0.1,0.25180790131458736,0.03532027825713158,0.7234883904457092,0.9257777777767491,0.9986666666655569,0.25180792808532715,0.24123868346214294,0.9645954966545105,0.10000000149011612,0.004062628373503685
256,resnet32,4,0.001,0.1,0.35508516075769636,0.05491971969604492,0.40619397163391113,0.92099999999079,0.99799999999002,0.35508519411087036,0.35083505511283875,2.159876585006714,0.10000000149011612,0.008437525480985641,0.1,0.2891321741971153,0.04577028006315231,0.28842657804489136,0.9308888888878545,0.9974444444433361,0.2891322076320648,0.28631162643432617,1.5449110269546509,0.10000000149011612,0.006239615380764008
257,resnet32,4,0.5,0.1,0.22897591957951877,0.030345840379595757,0.39932528138160706,0.93799999999062,0.99899999999001,0.22897593677043915,0.22383525967597961,1.0698896646499634,0.10000000149011612,0.0043305084109306335,0.1,0.24950923329021726,0.035841260105371475,0.2493826001882553,0.935444444443405,0.99788888888778,0.24950926005840302,0.24541756510734558,1.2053605318069458,0.10000000149011612,0.004897061735391617
258,resnet32,4,0.1,0.1,0.3218005565411345,0.04836208373308182,0.35247525572776794,0.9309999999906899,0.99899999999001,0.3218006193637848,0.31868088245391846,1.8489799499511719,0.10000000149011612,0.007334940135478973,0.1,0.27728777596340465,0.03987458720803261,0.21674686670303345,0.9362222222211819,0.998444444443335,0.2772878110408783,0.27463072538375854,1.4987398386001587,0.10000000149011612,0.00604604184627533
259,resnet32,5,0.5,0.1,0.2797519238630185,0.04068797826766968,0.30130207538604736,0.92699999999073,0.99899999999001,0.27975189685821533,0.2713607847690582,1.4400277137756348,0.10000000149011612,0.005614388734102249,0.1,0.2428273357236407,0.0346059575676918,0.3893808126449585,0.9311111111100765,0.998222222221113,0.242827370762825,0.23534418642520905,1.0169597864151,0.10000000149011612,0.004217429086565971
260,resnet32,0,0.1,0.1,0.27848350723256,0.04271379113197327,0.668236255645752,0.94099999999059,0.99799999999002,0.2784835994243622,0.27582255005836487,1.668879508972168,0.10000000149011612,0.006538506597280502,0.1,0.2948093212348832,0.04197973757982254,0.70135498046875,0.9339999999989621,0.9966666666655591,0.29480934143066406,0.2920345366001129,1.681914210319519,0.10000000149011612,0.0066947974264621735
261,resnet32,4,2.0,0.1,0.319512185239479,0.053398847579956055,0.6601288914680481,0.92299999999077,0.99799999999002,0.31951218843460083,0.31329861283302307,1.8105313777923584,0.10000000149011612,0.007029324769973755,0.1,0.2833988332248632,0.04332118481397629,0.7099723815917969,0.9339999999989621,0.998222222221113,0.28339883685112,0.28066498041152954,1.6010046005249023,0.10000000149011612,0.006354834884405136
262,resnet32,3,0.5,0.1,0.25794294218566155,0.02589993178844452,0.18901842832565308,0.91599999999084,0.99899999999001,0.25794294476509094,0.22955355048179626,0.7641375064849854,0.10000000149011612,0.0032561104744672775,0.1,0.24291749271581706,0.024896740913391113,0.2827126085758209,0.9193333333323118,0.998444444443335,0.2429174780845642,0.2207004725933075,0.6874306797981262,0.10000000149011612,0.0030076485127210617
263,resnet32,3,2.0,0.1,0.22216191665693613,0.030268626287579536,0.2636428475379944,0.93199999999068,0.99999999999,0.2221619337797165,0.21112290024757385,0.8198566436767578,0.10000000149011612,0.0034226123243570328,0.1,0.2470589062144385,0.03036988154053688,0.3202940821647644,0.9289999999989677,0.997666666665558,0.2470589280128479,0.23531019687652588,0.9358112215995789,0.10000000149011612,0.00393868051469326
264,resnet32,3,0.001,0.1,0.36135741706933294,0.02783368155360222,0.2722291350364685,0.8809999999911899,0.99599999999004,0.3613574802875519,0.2921176254749298,1.0033056735992432,0.10000000149011612,0.004235822707414627,0.1,0.33835720647198014,0.023052319884300232,0.8073540925979614,0.8834444444434627,0.9962222222211152,0.33835723996162415,0.27164459228515625,0.7786673307418823,0.10000000149011612,0.0034774094820022583
265,resnet32,3,0.01,0.1,0.3187186388091973,0.030516615137457848,0.28433850407600403,0.8899999999911,0.99499999999005,0.31871864199638367,0.2673185467720032,0.8345732092857361,0.10000000149011612,0.0036264173686504364,0.1,0.3046374714963324,0.024136044085025787,0.1596967577934265,0.899555555554556,0.9971111111100032,0.30463749170303345,0.25661858916282654,0.7776092886924744,0.10000000149011612,0.00342421792447567
266,shufflenetv2_x2_0,4,0.001,0.1,0.24879142393229756,0.0332447849214077,0.2833975553512573,0.94199999999058,0.99899999999001,0.24879144132137299,0.24543417990207672,1.433627724647522,0.10000000149011612,0.005591558292508125,0.1,0.25345206066951353,0.037645384669303894,0.26429468393325806,0.9372222222211808,0.997666666665558,0.2534520924091339,0.2505503296852112,1.2674776315689087,0.10000000149011612,0.005171181634068489
267,shufflenetv2_x2_0,5,0.001,0.1,0.2392213469663452,0.02760417014360428,0.22531314194202423,0.92599999999074,0.99799999999002,0.23922134935855865,0.22321537137031555,0.8260012865066528,0.10000000149011612,0.0034739281982183456,0.1,0.2640636063661673,0.03553299978375435,0.18786579370498657,0.9181111111100909,0.9981111111100021,0.26406359672546387,0.247975155711174,0.9308888912200928,0.10000000149011612,0.003958776593208313
268,shufflenetv2_x2_0,3,0.1,0.1,0.36009719607744906,0.02755545824766159,0.24894940853118896,0.87399999999126,0.99499999999005,0.360097199678421,0.28085413575172424,0.8677732944488525,0.10000000149011612,0.003783155232667923,0.1,0.3346916466543943,0.01573925092816353,0.06516838073730469,0.8875555555545693,0.9966666666655591,0.3346916437149048,0.2658320367336273,0.7634181380271912,0.10000000149011612,0.0033959969878196716
269,shufflenetv2_x2_0,5,0.5,0.1,0.30168217118895835,0.03935615345835686,0.6389146447181702,0.92299999999077,0.99699999999003,0.3016822040081024,0.2883220911026001,1.531677007675171,0.10000000149011612,0.006004022434353828,0.1,0.27196507456813807,0.03468787670135498,0.1656743288040161,0.9298888888878556,0.99788888888778,0.2719650864601135,0.2630389630794525,1.2439087629318237,0.10000000149011612,0.005093200132250786
270,shufflenetv2_x2_0,5,2.0,0.1,0.3098133771432603,0.04451526328921318,0.3505097031593323,0.9309999999906899,0.99899999999001,0.30981341004371643,0.30184441804885864,1.754209041595459,0.10000000149011612,0.00689629465341568,0.1,0.28525659410252757,0.04072284698486328,0.20642417669296265,0.9279999999989688,0.9975555555544471,0.28525659441947937,0.2784464359283447,1.3987431526184082,0.10000000149011612,0.005680393427610397
271,shufflenetv2_x2_0,3,1.0,0.1,0.29078694887244977,0.029160890728235245,0.14508914947509766,0.90499999999095,0.99999999999,0.290787011384964,0.2506053149700165,0.8823714852333069,0.10000000149011612,0.003726700320839882,0.1,0.2785465647993329,0.02703186310827732,0.11754292249679565,0.9107777777767657,0.9975555555544471,0.27854660153388977,0.24616649746894836,0.7979097366333008,0.10000000149011612,0.0034692082554101944
272,shufflenetv2_x2_0,4,1.0,0.1,0.26070120669970487,0.0381472222507,0.36954405903816223,0.93899999999061,0.99799999999002,0.2607012391090393,0.2577185332775116,1.4227373600006104,0.10000000149011612,0.005689628422260284,0.1,0.257252171349792,0.03872363269329071,0.24520331621170044,0.9364444444434039,0.9974444444433361,0.25725218653678894,0.253963828086853,1.3233082294464111,0.10000000149011612,0.005345199257135391
273,shufflenetv2_x2_0,4,0.1,0.1,0.23203287786670584,0.03333743289113045,0.488506555557251,0.94099999999059,0.99799999999002,0.232032909989357,0.22916029393672943,1.2578926086425781,0.10000000149011612,0.004959026351571083,0.1,0.2453639239657903,0.03625890612602234,0.1835682988166809,0.9395555555545115,0.997666666665558,0.24536393582820892,0.2427484542131424,1.1620943546295166,0.10000000149011612,0.004815362393856049
274,shufflenetv2_x2_0,5,1.0,0.1,0.3169054059286175,0.04670281335711479,0.21467164158821106,0.91899999999081,0.99899999999001,0.3169054090976715,0.30402839183807373,1.5554710626602173,0.10000000149011612,0.006193585693836212,0.1,0.2688299530406648,0.038212187588214874,0.7229102849960327,0.9283333333323017,0.99788888888778,0.26882997155189514,0.2610494792461395,1.1838650703430176,0.10000000149011612,0.004896989092230797
275,shufflenetv2_x2_0,3,0.001,0.1,0.3573486769227291,0.02539873868227005,0.3520944118499756,0.88699999999113,0.99799999999002,0.3573487102985382,0.28024017810821533,0.8242193460464478,0.10000000149011612,0.0036642365157604218,0.1,0.366839643574122,0.019327841699123383,0.07218329608440399,0.8745555555545838,0.9955555555544493,0.36683961749076843,0.28292346000671387,0.8137546181678772,0.10000000149011612,0.003638196736574173
276,shufflenetv2_x2_0,3,0.5,0.1,0.29797786176250046,0.02745429053902626,0.44865846633911133,0.899999999991,0.99799999999002,0.29797792434692383,0.25062620639801025,0.8079724311828613,0.10000000149011612,0.003499269485473633,0.1,0.2918380826780378,0.025837041437625885,0.11243247985839844,0.9003333333323329,0.9973333333322251,0.2918381094932556,0.24882058799266815,0.7462360262870789,0.10000000149011612,0.0032886918634176254
277,shufflenetv2_x2_0,4,0.5,0.1,0.2961553901620728,0.04195643588900566,0.44507333636283875,0.9309999999906899,0.99899999999001,0.2961553931236267,0.2921558916568756,1.6625159978866577,0.10000000149011612,0.006630558520555496,0.1,0.2511349979895124,0.035450030118227005,0.24944348633289337,0.9374444444434028,0.9972222222211141,0.251134991645813,0.24744589626789093,1.271628975868225,0.10000000149011612,0.005133071914315224
278,shufflenetv2_x2_0,5,0.01,0.1,0.2958843380426673,0.03642800450325012,0.1434001326560974,0.92899999999071,0.99899999999001,0.295884370803833,0.28054964542388916,1.362761378288269,0.10000000149011612,0.005506254732608795,0.1,0.259897322829541,0.03547423332929611,0.21506112813949585,0.9207777777767546,0.998222222221113,0.2598973512649536,0.24490930140018463,0.9058435559272766,0.10000000149011612,0.003871167078614235
279,shufflenetv2_x2_0,0,0.1,0.1,0.2777399989010668,0.04685185104608536,0.6154999732971191,0.9299999999907,0.99799999999002,0.2777399718761444,0.2739134728908539,1.384973168373108,0.10000000149011612,0.0056764110922813416,0.1,0.24520120659710343,0.037312913686037064,0.27496159076690674,0.9398888888878445,0.9975555555544471,0.2452012300491333,0.24295546114444733,1.242635726928711,0.10000000149011612,0.005066120997071266
280,shufflenetv2_x2_0,3,2.0,0.1,0.27635419092389707,0.037297166883945465,0.3105068504810333,0.91499999999085,0.99899999999001,0.27635422348976135,0.25462934374809265,0.9880352020263672,0.10000000149011612,0.004143087193369865,0.1,0.28206622569214723,0.03722391650080681,0.21690484881401062,0.9131111111100965,0.9974444444433361,0.2820662558078766,0.2612154185771942,1.0181938409805298,0.10000000149011612,0.004298960790038109
281,shufflenetv2_x2_0,4,2.0,0.1,0.28986000724849464,0.04179052263498306,0.36717280745506287,0.92299999999077,0.99899999999001,0.2898600101470947,0.28076082468032837,1.4607475996017456,0.10000000149011612,0.005858924239873886,0.1,0.27447015347713594,0.039763886481523514,0.2675754725933075,0.9298888888878556,0.9973333333322251,0.27447015047073364,0.2682879865169525,1.2959548234939575,0.10000000149011612,0.0053017474710941315
282,shufflenetv2_x2_0,5,0.1,0.1,0.2548626337791172,0.02956712245941162,0.37766116857528687,0.9309999999906899,0.99799999999002,0.2548626959323883,0.24264810979366302,1.2931900024414062,0.10000000149011612,0.004985610023140907,0.1,0.2568430450685083,0.03437631204724312,0.18525493144989014,0.926111111110082,0.997666666665558,0.25684306025505066,0.24533158540725708,1.020751953125,0.10000000149011612,0.004245707765221596
283,shufflenetv2_x2_0,4,0.01,0.1,0.24364669377344061,0.03848212957382202,0.31097933650016785,0.9399999999906,0.99899999999001,0.2436467409133911,0.24169610440731049,1.2703064680099487,0.10000000149011612,0.005179131403565407,0.1,0.25441789102101164,0.03619679436087608,0.26754963397979736,0.9416666666656203,0.9974444444433361,0.25441792607307434,0.25233638286590576,1.3290326595306396,0.10000000149011612,0.005405092611908913
284,shufflenetv2_x2_0,3,0.01,0.1,0.39432549082298046,0.03455178439617157,0.16113775968551636,0.87599999999124,0.99699999999003,0.39432552456855774,0.30396419763565063,0.997611939907074,0.10000000149011612,0.004322554916143417,0.1,0.35686402479892404,0.01748259738087654,0.10193607211112976,0.8761111111101376,0.9958888888877823,0.3568640351295471,0.275642067193985,0.783043384552002,0.10000000149011612,0.003498941659927368
285,shufflenetv2_x1_5,5,1.0,0.1,0.27388095581831934,0.036562226712703705,0.661617636680603,0.92699999999073,0.99799999999002,0.2738809287548065,0.26276668906211853,1.4283109903335571,0.10000000149011612,0.0055103302001953125,0.1,0.28022340571209,0.04060953110456467,0.2606695890426636,0.9244444444434172,0.9965555555544482,0.28022342920303345,0.27113237977027893,1.2475451231002808,0.10000000149011612,0.005134159699082375
286,shufflenetv2_x1_5,3,0.001,0.1,0.4566971017944182,0.03940793126821518,0.2672858238220215,0.83899999999161,0.9929999999900699,0.45669716596603394,0.3310806155204773,1.0454692840576172,0.10000000149011612,0.004632636904716492,0.1,0.43760178769020636,0.02164820395410061,0.06677624583244324,0.8548888888879389,0.9932222222211186,0.437601774930954,0.3215058743953705,0.9810566306114197,0.10000000149011612,0.004382964223623276
287,shufflenetv2_x1_5,3,1.0,0.1,0.2893968493608991,0.029356395825743675,0.16730529069900513,0.90499999999095,0.99899999999001,0.28939685225486755,0.2545779049396515,1.0260615348815918,0.10000000149011612,0.0041536930948495865,0.1,0.288910231335487,0.028272902593016624,0.11274203658103943,0.9073333333323251,0.9963333333322262,0.28891026973724365,0.25588861107826233,0.8731610178947449,0.10000000149011612,0.0037683825939893723
288,shufflenetv2_x1_5,4,2.0,0.1,0.28175314979134,0.038124095648527145,0.7203166484832764,0.93299999999067,0.99699999999003,0.28175318241119385,0.274693101644516,1.3714481592178345,0.10000000149011612,0.005601370707154274,0.1,0.2717034018994419,0.040145475417375565,0.283359169960022,0.9325555555545193,0.997666666665558,0.27170342206954956,0.26740762591362,1.326790690422058,0.10000000149011612,0.005428478121757507
289,shufflenetv2_x1_5,5,0.01,0.1,0.26915639369744365,0.03916467726230621,0.2394118309020996,0.91099999999089,0.99999999999,0.26915639638900757,0.24419240653514862,0.852480947971344,0.10000000149011612,0.003588290885090828,0.1,0.26884381277624425,0.03322530910372734,0.1760546863079071,0.9175555555545359,0.9969999999988921,0.26884379982948303,0.2502695322036743,0.9203380942344666,0.10000000149011612,0.003944700583815575
290,shufflenetv2_x1_5,3,0.5,0.1,0.32354351554622685,0.0315837487578392,0.7158936262130737,0.89299999999107,0.99899999999001,0.32354357838630676,0.26823946833610535,0.8933805227279663,0.10000000149011612,0.0038313865661621094,0.1,0.30443550115773543,0.026117652654647827,0.09237393736839294,0.8953333333323384,0.9965555555544482,0.30443549156188965,0.2560543715953827,0.7681318521499634,0.10000000149011612,0.003389716148376465
291,shufflenetv2_x1_5,5,0.1,0.1,0.2788757951982263,0.03556549549102783,0.18917548656463623,0.91899999999081,0.99899999999001,0.27887579798698425,0.26188963651657104,1.2096847295761108,0.10000000149011612,0.0048139095306396484,0.1,0.2632698960160589,0.03397219255566597,0.27229398488998413,0.9221111111100865,0.9977777777766691,0.26326990127563477,0.24896007776260376,0.9903307557106018,0.10000000149011612,0.004160741344094276
292,shufflenetv2_x1_5,5,2.0,0.1,0.2569471571976793,0.037358857691287994,0.33835116028785706,0.92899999999071,0.99899999999001,0.25694721937179565,0.24756890535354614,1.2370455265045166,0.10000000149011612,0.004859322682023048,0.1,0.27441743482457526,0.0398075096309185,0.7539608478546143,0.9257777777767491,0.997666666665558,0.2744174897670746,0.2661210596561432,1.195244312286377,0.10000000149011612,0.004956012591719627
293,shufflenetv2_x1_5,4,0.5,0.1,0.2365317917058796,0.03311633691191673,0.38535231351852417,0.94199999999058,0.99899999999001,0.2365318089723587,0.2315921038389206,1.2583975791931152,0.10000000149011612,0.004970701411366463,0.1,0.24420258872396153,0.03460905700922012,0.16751688718795776,0.9367777777767369,0.998333333332224,0.24420258402824402,0.23997120559215546,1.156900405883789,0.10000000149011612,0.004725931212306023
294,shufflenetv2_x1_5,4,1.0,0.1,0.25549009186839317,0.03971675783395767,0.23687660694122314,0.93199999999068,0.99699999999003,0.25549009442329407,0.2508237957954407,1.4955623149871826,0.10000000149011612,0.005550459027290344,0.1,0.2613191618267557,0.03787943720817566,0.18318921327590942,0.9338888888878512,0.9967777777766702,0.26131919026374817,0.25715866684913635,1.2888163328170776,0.10000000149011612,0.0052369125187397
295,shufflenetv2_x1_5,4,0.001,0.1,0.2864168257681865,0.04383688420057297,0.24065302312374115,0.9309999999906899,0.99899999999001,0.2864168882369995,0.2827823758125305,1.5263161659240723,0.10000000149011612,0.006161203607916832,0.1,0.26685375938964795,0.0395209826529026,0.2777625620365143,0.936111111110071,0.997666666665558,0.26685377955436707,0.26380056142807007,1.3598350286483765,0.10000000149011612,0.005538605153560638
296,shufflenetv2_x1_5,3,2.0,0.1,0.28121778087732113,0.030939213931560516,0.7352750897407532,0.91699999999083,0.99799999999002,0.2812177836894989,0.2569501996040344,1.12156081199646,0.10000000149011612,0.004530260339379311,0.1,0.2861437463230096,0.034676168113946915,0.1252906322479248,0.9137777777767624,0.9971111111100032,0.28614377975463867,0.2636359632015228,1.0284876823425293,0.10000000149011612,0.004323335364460945
297,shufflenetv2_x1_5,3,0.01,0.1,0.39910298186788745,0.030661728233098984,0.38843125104904175,0.86299999999137,0.99899999999001,0.3991030156612396,0.29901358485221863,0.9129903316497803,0.10000000149011612,0.004026874899864197,0.1,0.3917896114075754,0.02291148155927658,0.06786400079727173,0.8668888888879256,0.9956666666655603,0.39178961515426636,0.29680970311164856,0.8590543866157532,0.10000000149011612,0.003848191350698471
298,shufflenetv2_x1_5,4,0.01,0.1,0.2872052163967467,0.04182673618197441,0.35212844610214233,0.93599999999064,0.99499999999005,0.28720521926879883,0.2823375463485718,1.5209473371505737,0.10000000149011612,0.006094599142670631,0.1,0.26047688031394767,0.037363823503255844,0.2876420021057129,0.9377777777767358,0.9975555555544471,0.26047688722610474,0.2577774226665497,1.3337366580963135,0.10000000149011612,0.005434019491076469
299,shufflenetv2_x1_5,5,0.5,0.1,0.29728099406507763,0.04400195553898811,0.22768095135688782,0.91899999999081,0.99899999999001,0.29728102684020996,0.2859620749950409,1.4756333827972412,0.10000000149011612,0.0058013666421175,0.1,0.26657380134050274,0.03803624212741852,0.22902333736419678,0.9247777777767502,0.9975555555544471,0.26657381653785706,0.2563800811767578,1.0974875688552856,0.10000000149011612,0.004580775275826454
300,shufflenetv2_x1_5,4,0.1,0.1,0.22276364044108768,0.03448965772986412,0.5010828375816345,0.94599999999054,0.99899999999001,0.22276362776756287,0.21923623979091644,1.1624832153320312,0.10000000149011612,0.004584750160574913,0.1,0.26033799155766785,0.038281362503767014,0.2958669066429138,0.935222222221183,0.9972222222211141,0.2603380084037781,0.25679823756217957,1.3017042875289917,0.10000000149011612,0.005296152085065842
301,shufflenetv2_x1_5,5,0.001,0.1,0.28636601280902363,0.03552205115556717,0.4010438323020935,0.91099999999089,0.99699999999003,0.2863660156726837,0.25820446014404297,1.0414767265319824,0.10000000149011612,0.004212049767374992,0.1,0.2883369621410971,0.036207105964422226,0.2136465311050415,0.9101111111100998,0.9974444444433361,0.28833696246147156,0.26401394605636597,0.981304943561554,0.10000000149011612,0.004185987636446953
302,shufflenetv2_x1_5,0,0.1,0.1,0.255192932914837,0.039222583174705505,0.3065277934074402,0.93399999999066,0.99899999999001,0.25519293546676636,0.25109052658081055,1.2929809093475342,0.10000000149011612,0.005167409777641296,0.1,0.27524607184079863,0.042379796504974365,0.2155555784702301,0.9341111111100732,0.9971111111100032,0.2752460837364197,0.2721180319786072,1.449445128440857,0.10000000149011612,0.005861897021532059
303,shufflenetv2_x1_5,3,0.1,0.1,0.36295318240562446,0.026089906692504883,0.7494624853134155,0.8799999999912,0.99799999999002,0.3629532754421234,0.28329598903656006,0.868328332901001,0.10000000149011612,0.0038122273981571198,0.1,0.34926527368627,0.020129654556512833,0.08566144108772278,0.8785555555545793,0.9962222222211152,0.34926527738571167,0.272980660200119,0.7603018283843994,0.10000000149011612,0.0034123584628105164
304,resnet20,5,0.1,0.1,0.2810245128185696,0.02876299060881138,0.13859322667121887,0.92399999999076,0.99899999999001,0.2810244858264923,0.2613937258720398,1.1301419734954834,0.10000000149011612,0.004619648680090904,0.1,0.25158514220046346,0.0318918377161026,0.3750441074371338,0.9202222222211996,0.9977777777766691,0.2515851557254791,0.23529362678527832,0.860153079032898,0.10000000149011612,0.0036550667136907578
305,resnet20,5,0.5,0.1,0.30051311550034676,0.04818792641162872,0.2477743923664093,0.90899999999091,0.99799999999002,0.30051320791244507,0.2804313898086548,1.2614847421646118,0.10000000149011612,0.004982080310583115,0.1,0.2771100729936271,0.03521960973739624,0.14067614078521729,0.9206666666656437,0.9977777777766691,0.2771100699901581,0.26198890805244446,1.0659332275390625,0.10000000149011612,0.004493808373808861
306,resnet20,3,0.001,0.1,0.3608753943118546,0.034201592206954956,0.15201151371002197,0.88199999999118,0.99599999999004,0.3608754575252533,0.292745977640152,0.9766734838485718,0.10000000149011612,0.004199061542749405,0.1,0.34076645932481603,0.024830857291817665,0.1620768904685974,0.8858888888879045,0.9966666666655591,0.3407664895057678,0.2776564061641693,0.8539151549339294,0.10000000149011612,0.0037631578743457794
307,resnet20,4,2.0,0.1,0.2759266766135207,0.041375018656253815,0.3693247437477112,0.91899999999081,0.99799999999002,0.27592670917510986,0.2635518014431,1.2755569219589233,0.10000000149011612,0.004992019385099411,0.1,0.2690093746110314,0.037210047245025635,0.19255143404006958,0.9238888888878622,0.997666666665558,0.26900938153266907,0.25822269916534424,1.1639338731765747,0.10000000149011612,0.00477474182844162
308,resnet20,5,0.001,0.1,0.2738962146072293,0.0345676951110363,0.7447497844696045,0.91499999999085,0.99499999999005,0.27389630675315857,0.25092101097106934,1.0402275323867798,0.10000000149011612,0.004204852506518364,0.1,0.26305908266614547,0.03322891145944595,0.15711045265197754,0.9164444444434261,0.997999999998891,0.2630590796470642,0.2436567097902298,0.8592485189437866,0.10000000149011612,0.003687618300318718
309,resnet20,0,0.1,0.1,0.31900071778777606,0.048229947686195374,0.3855622708797455,0.9199999999908,0.99699999999003,0.3190007507801056,0.310606986284256,1.8092608451843262,0.10000000149011612,0.00700392946600914,0.1,0.2804745349814109,0.037687987089157104,0.18182504177093506,0.9273333333323028,0.9974444444433361,0.28047454357147217,0.27216285467147827,1.3013198375701904,0.10000000149011612,0.005332840606570244
310,resnet20,3,0.01,0.1,0.35160144811934624,0.0330350324511528,0.27077028155326843,0.87799999999122,0.99699999999003,0.35160139203071594,0.28117117285728455,0.8946197032928467,0.10000000149011612,0.0038820095360279083,0.1,0.3500592605357024,0.028108274564146996,0.07970058917999268,0.8824444444434639,0.9967777777766702,0.35005924105644226,0.28414538502693176,0.864727795124054,0.10000000149011612,0.003836989402770996
311,resnet20,4,0.1,0.1,0.2860258789070142,0.04582739993929863,0.6278082132339478,0.92299999999077,0.99799999999002,0.28602591156959534,0.27776047587394714,1.5036593675613403,0.10000000149011612,0.005807870998978615,0.1,0.2702842782249306,0.038573216646909714,0.17784616351127625,0.9283333333323017,0.9975555555544471,0.2702842652797699,0.262981653213501,1.251952052116394,0.10000000149011612,0.00510917603969574
312,resnet20,3,2.0,0.1,0.26856276124373946,0.03180478513240814,0.2851913571357727,0.91899999999081,0.99799999999002,0.26856279373168945,0.24581404030323029,0.926166832447052,0.10000000149011612,0.0038689151406288147,0.1,0.2616759585413539,0.030797887593507767,0.17674404382705688,0.9195555555545337,0.9981111111100021,0.26167598366737366,0.24321094155311584,0.8764906525611877,0.10000000149011612,0.0037600677460432053
313,resnet20,5,0.01,0.1,0.2921363384120259,0.0329628586769104,0.3627362549304962,0.91099999999089,0.99899999999001,0.29213637113571167,0.2660776674747467,1.1581164598464966,0.10000000149011612,0.004636971279978752,0.1,0.27462636234975746,0.03320249915122986,0.1517588496208191,0.917666666665647,0.99788888888778,0.27462637424468994,0.25496378540992737,0.9771466851234436,0.10000000149011612,0.004133857786655426
314,resnet20,4,0.5,0.1,0.25945317485755565,0.02971242181956768,0.21216630935668945,0.92899999999071,0.99799999999002,0.2594532072544098,0.24864819645881653,1.1128098964691162,0.10000000149011612,0.004583969712257385,0.1,0.2639119075783288,0.03757592290639877,0.2797127068042755,0.9244444444434172,0.9972222222211141,0.2639119327068329,0.2544790208339691,1.1478667259216309,0.10000000149011612,0.004702731966972351
315,resnet20,4,0.001,0.1,0.3045725493968252,0.04609430581331253,0.4418744742870331,0.9199999999908,0.99799999999002,0.30457255244255066,0.2934357821941376,1.4928662776947021,0.10000000149011612,0.005806203931570053,0.1,0.27720542221263145,0.03752446547150612,0.2798287868499756,0.9281111111100798,0.9975555555544471,0.2772054076194763,0.26965147256851196,1.30698823928833,0.10000000149011612,0.005300614982843399
316,resnet20,3,1.0,0.1,0.2553948138446725,0.03186599537730217,0.6746393442153931,0.92499999999075,0.99699999999003,0.2553948163986206,0.23470115661621094,0.9606531262397766,0.10000000149011612,0.003914918750524521,0.1,0.25085433130736895,0.024840887635946274,0.27846983075141907,0.9191111111100898,0.998777777776668,0.25085434317588806,0.22761549055576324,0.7434297800064087,0.10000000149011612,0.0032195914536714554
317,resnet20,3,0.5,0.1,0.2675074014139,0.03181338310241699,0.19416236877441406,0.90399999999096,0.99799999999002,0.2675074636936188,0.22950640320777893,0.7318531274795532,0.10000000149011612,0.00308341346681118,0.1,0.276423745378016,0.025974750518798828,0.24513137340545654,0.9112222222212096,0.9977777777766691,0.27642375230789185,0.24600639939308167,0.8060875535011292,0.10000000149011612,0.0035067852586507797
318,resnet20,5,1.0,0.1,0.27378770435250077,0.036934033036231995,0.26783183217048645,0.91499999999085,0.99799999999002,0.2737877368927002,0.25710904598236084,1.3210862874984741,0.10000000149011612,0.005022739991545677,0.1,0.2671912160527226,0.034677378833293915,0.26575130224227905,0.9231111111100854,0.997666666665558,0.2671912610530853,0.25403109192848206,1.0659323930740356,0.10000000149011612,0.004427943378686905
319,resnet20,4,0.01,0.1,0.2886265785441694,0.03927820920944214,0.4375113844871521,0.92399999999076,0.99899999999001,0.28862661123275757,0.2800048589706421,1.479294776916504,0.10000000149011612,0.005850976333022118,0.1,0.2762520326750318,0.037425197660923004,0.27025270462036133,0.9269999999989699,0.99788888888778,0.27625206112861633,0.2681916356086731,1.274759292602539,0.10000000149011612,0.005183342844247818
320,resnet20,3,0.1,0.1,0.3005339473234874,0.027904925867915154,0.24474410712718964,0.90399999999096,0.99599999999004,0.30053389072418213,0.25032317638397217,0.8463426828384399,0.10000000149011612,0.0035679470747709274,0.1,0.31128731997658576,0.019134366884827614,0.8008472919464111,0.8954444444434494,0.9968888888877812,0.3112873435020447,0.25694864988327026,0.7575753331184387,0.10000000149011612,0.003347247838973999
321,resnet20,5,2.0,0.1,0.2551890884152875,0.03731517493724823,0.19587057828903198,0.9199999999908,0.99899999999001,0.25518912076950073,0.24046280980110168,1.1682040691375732,0.10000000149011612,0.0043907370418310165,0.1,0.26223135627643845,0.03304712474346161,0.20350748300552368,0.92588888888786,0.9977777777766691,0.26223137974739075,0.250447154045105,1.0686533451080322,0.10000000149011612,0.004426911473274231
322,resnet20,4,1.0,0.1,0.27341043675716764,0.039129674434661865,0.6529760360717773,0.92799999999072,0.99999999999,0.273410439491272,0.2628653347492218,1.2563225030899048,0.10000000149011612,0.005057014524936676,0.1,0.27663111490401293,0.03864580765366554,0.2922883629798889,0.9246666666656391,0.9974444444433361,0.2766311466693878,0.266758531332016,1.2257760763168335,0.10000000149011612,0.005044819787144661
323,mobilenetv2_x0_75,3,0.5,0.1,0.3483881915539599,0.01848248951137066,0.25689151883125305,0.88399999999116,0.99899999999001,0.3483881950378418,0.2668180763721466,0.7549725770950317,0.10000000149011612,0.003350876271724701,0.1,0.32722329725888727,0.006543068215250969,0.030497252941131592,0.8898888888879001,0.9966666666655591,0.3272233009338379,0.25236865878105164,0.6615518927574158,0.10000000149011612,0.002985812723636627
324,mobilenetv2_x0_75,0,0.1,0.1,0.29575276079064133,0.043264105916023254,0.6657463312149048,0.9309999999906899,0.99799999999002,0.29575279355049133,0.29140961170196533,1.6470247507095337,0.10000000149011612,0.0065945908427238464,0.1,0.26350288063811955,0.039807066321372986,0.23269414901733398,0.935222222221183,0.9981111111100021,0.2635028660297394,0.260422945022583,1.3409079313278198,0.10000000149011612,0.005438121035695076
325,mobilenetv2_x0_75,5,0.01,0.1,0.27649858317442155,0.024099737405776978,0.086994469165802,0.91299999999087,0.99699999999003,0.27649861574172974,0.24597667157649994,0.8785595297813416,0.10000000149011612,0.003735525533556938,0.1,0.2714083489740241,0.027134595438838005,0.11410926282405853,0.9123333333323196,0.9977777777766691,0.2714083790779114,0.2433328628540039,0.7930943965911865,0.10000000149011612,0.0034467969089746475
326,mobilenetv2_x0_75,5,1.0,0.1,0.2494208638759925,0.029464438557624817,0.2304597645998001,0.92299999999077,0.99899999999001,0.2494208663702011,0.23319825530052185,0.8925314545631409,0.10000000149011612,0.003756212070584297,0.1,0.257856433303746,0.029080629348754883,0.1332794427871704,0.925333333332305,0.9977777777766691,0.25785645842552185,0.24253937602043152,0.934291660785675,0.10000000149011612,0.003962717950344086
327,mobilenetv2_x0_75,4,0.01,0.1,0.22433455064075639,0.03494593873620033,0.3387056589126587,0.9399999999906,0.99899999999001,0.22433452308177948,0.22135211527347565,1.0487112998962402,0.10000000149011612,0.004277877509593964,0.1,0.25397090751191476,0.03735264763236046,0.2676531672477722,0.9376666666656247,0.99788888888778,0.2539709210395813,0.25117185711860657,1.3058627843856812,0.10000000149011612,0.005297454074025154
328,mobilenetv2_x0_75,4,0.5,0.1,0.25734382610469286,0.04931572452187538,0.37302643060684204,0.91899999999081,0.99999999999,0.2573438882827759,0.24947287142276764,0.9750838279724121,0.10000000149011612,0.004093611612915993,0.1,0.25218009424005083,0.035282544791698456,0.21956270933151245,0.9347777777767391,0.997999999998891,0.2521801292896271,0.2467154562473297,1.1671019792556763,0.10000000149011612,0.004793170839548111
329,mobilenetv2_x0_75,4,0.1,0.1,0.2634215626600501,0.03431432694196701,0.22676235437393188,0.93599999999064,0.99899999999001,0.26342159509658813,0.2580373287200928,1.3437983989715576,0.10000000149011612,0.005424268543720245,0.1,0.254517068182754,0.03618530184030533,0.2375066876411438,0.9368888888878478,0.998333333332224,0.2545170783996582,0.2511231005191803,1.2591418027877808,0.10000000149011612,0.005146075040102005
330,mobilenetv2_x0_75,3,1.0,0.1,0.3127772180750782,0.020832914859056473,0.12806731462478638,0.89299999999107,0.99799999999002,0.3127773106098175,0.24566102027893066,0.6645366549491882,0.10000000149011612,0.0029660016298294067,0.1,0.3085904515334441,0.008423585444688797,0.16688272356987,0.8958888888878934,0.9973333333322251,0.30859044194221497,0.2450936734676361,0.6646838188171387,0.10000000149011612,0.002977423369884491
331,mobilenetv2_x0_75,3,0.1,0.1,0.4106276292269299,0.024708151817321777,0.21261537075042725,0.85699999999143,0.99599999999004,0.4106276333332062,0.2948332726955414,0.8418146371841431,0.10000000149011612,0.0037698037922382355,0.1,0.40551880288101055,0.008608964271843433,0.18986400961875916,0.8604444444434883,0.9947777777766724,0.4055188000202179,0.2889758348464966,0.7716126441955566,0.10000000149011612,0.0035016313195228577
332,mobilenetv2_x0_75,4,1.0,0.1,0.2526248966226921,0.03979320451617241,0.567031979560852,0.93699999999063,0.99899999999001,0.2526249587535858,0.24798572063446045,1.199124813079834,0.10000000149011612,0.004873413592576981,0.1,0.2665542328045078,0.040036190301179886,0.2609074115753174,0.9316666666656314,0.998222222221113,0.2665542662143707,0.26168909668922424,1.2834810018539429,0.10000000149011612,0.005233040079474449
333,mobilenetv2_x0_75,3,2.0,0.1,0.273471710331384,0.02505185268819332,0.17724841833114624,0.91499999999085,0.99899999999001,0.2734716832637787,0.23670142889022827,0.8005032539367676,0.10000000149011612,0.0033574923872947693,0.1,0.27983647057116845,0.024537578225135803,0.09270268678665161,0.907777777776769,0.9977777777766691,0.2798364758491516,0.2444717437028885,0.7690919041633606,0.10000000149011612,0.0033626407384872437
334,mobilenetv2_x0_75,5,0.5,0.1,0.27357142890109604,0.035397447645664215,0.6513375639915466,0.91799999999082,0.99899999999001,0.2735714912414551,0.25395467877388,1.036637544631958,0.10000000149011612,0.004263447597622871,0.1,0.25455065540004757,0.029770320281386375,0.13345621526241302,0.9238888888878622,0.998333333332224,0.25455066561698914,0.2386135309934616,0.8965380787849426,0.10000000149011612,0.003804754465818405
335,mobilenetv2_x0_75,5,0.001,0.1,0.30367514187406097,0.03687566518783569,0.7191036343574524,0.9059999999909399,0.99899999999001,0.3036751449108124,0.27082616090774536,0.9365028738975525,0.10000000149011612,0.004053259268403053,0.1,0.26779844333775094,0.027935516089200974,0.144674614071846,0.9127777777767635,0.9975555555544471,0.26779845356941223,0.2402772754430771,0.761353075504303,0.10000000149011612,0.003322320058941841
336,mobilenetv2_x0_75,3,0.01,0.1,0.43527143758377856,0.026875201612710953,0.23811575770378113,0.84099999999159,0.99699999999003,0.4352714419364929,0.29996418952941895,0.8387933969497681,0.10000000149011612,0.0037641748785972595,0.1,0.45371106216563056,0.015749121084809303,0.1877737045288086,0.84599999999906,0.9933333333322295,0.4537110924720764,0.31711435317993164,0.8947561979293823,0.10000000149011612,0.004056982696056366
337,mobilenetv2_x0_75,4,0.001,0.1,0.24084499237495158,0.03778456151485443,0.2583514153957367,0.93799999999062,0.99799999999002,0.24084503948688507,0.23843832314014435,1.2353501319885254,0.10000000149011612,0.00497477687895298,0.1,0.2527553171422395,0.037010762840509415,0.2702191174030304,0.9377777777767358,0.998555555554446,0.252755343914032,0.2496165931224823,1.28579843044281,0.10000000149011612,0.00519210658967495
338,mobilenetv2_x0_75,3,0.001,0.1,0.5345510190914405,0.01515974197536707,0.197388157248497,0.79899999999201,0.99499999999005,0.5345510244369507,0.32592326402664185,0.8665701150894165,0.10000000149011612,0.003974195569753647,0.1,0.5805128740112391,0.018250364810228348,0.19419459998607635,0.800666666665777,0.98888888888779,0.5805129408836365,0.3602203130722046,1.0366014242172241,0.10000000149011612,0.004742808640003204
339,mobilenetv2_x0_75,4,2.0,0.1,0.24770214905992005,0.03440406918525696,0.38900333642959595,0.93899999999061,0.99799999999002,0.24770216643810272,0.24116778373718262,1.2573230266571045,0.10000000149011612,0.004997210577130318,0.1,0.25449272961949776,0.03679667040705681,0.287686824798584,0.9325555555545193,0.997666666665558,0.25449272990226746,0.24897857010364532,1.2247685194015503,0.10000000149011612,0.004955766722559929
340,mobilenetv2_x0_75,5,0.1,0.1,0.2518278037160817,0.033012375235557556,0.7044776678085327,0.9199999999908,0.99799999999002,0.2518278658390045,0.2299218326807022,0.7837273478507996,0.10000000149011612,0.003358425572514534,0.1,0.2530042029589609,0.025625666603446007,0.15987718105316162,0.9195555555545337,0.997999999998891,0.2530042231082916,0.23175650835037231,0.7950243353843689,0.10000000149011612,0.0034126434475183487
341,mobilenetv2_x0_75,5,2.0,0.1,0.2524576757934469,0.028920620679855347,0.28585493564605713,0.9309999999906899,0.99699999999003,0.25245770812034607,0.24032266438007355,1.070877194404602,0.10000000149011612,0.004385098814964294,0.1,0.2512039539407026,0.03225897625088692,0.2833438515663147,0.926777777776748,0.998444444443335,0.2512039542198181,0.23903469741344452,0.9430620670318604,0.10000000149011612,0.0039688535034656525
342,repvgg_a1,5,0.001,0.1,0.26516833636236997,0.038628704845905304,0.282209187746048,0.93499999999065,0.99699999999003,0.26516830921173096,0.261247843503952,1.4007619619369507,0.10000000149011612,0.005609430372714996,0.1,0.22399484755211338,0.032558418810367584,0.2561911940574646,0.9387777777767347,0.998333333332224,0.22399486601352692,0.22051319479942322,1.0181397199630737,0.10000000149011612,0.004185261204838753
343,repvgg_a1,3,1.0,0.1,0.2648719522691882,0.03871928155422211,0.1999514400959015,0.93199999999068,0.99699999999003,0.2648719847202301,0.25729596614837646,1.2208819389343262,0.10000000149011612,0.004957528784871101,0.1,0.23613270759836502,0.03430265188217163,0.17226970195770264,0.9336666666656291,0.998777777776668,0.23613274097442627,0.2302536517381668,0.9989199042320251,0.10000000149011612,0.004150686785578728
344,repvgg_a1,3,0.001,0.1,0.31600922030105894,0.04327024519443512,0.3139285445213318,0.89099999999109,0.99799999999002,0.3160092234611511,0.2713417410850525,0.8999156951904297,0.10000000149011612,0.0038852430880069733,0.1,0.282843332837335,0.024163153022527695,0.12308777868747711,0.9035555555545515,0.9967777777766702,0.28284332156181335,0.24372810125350952,0.726030707359314,0.10000000149011612,0.003199838101863861
345,repvgg_a1,3,0.5,0.1,0.24349893386052002,0.03608633950352669,0.3802300989627838,0.92499999999075,0.99799999999002,0.24349896609783173,0.23349595069885254,0.9277344346046448,0.10000000149011612,0.003888338804244995,0.1,0.2309387754152543,0.028231414034962654,0.1783716082572937,0.93488888888785,0.998333333332224,0.23093877732753754,0.2221882939338684,0.8908402919769287,0.10000000149011612,0.003753364086151123
346,repvgg_a1,4,1.0,0.1,0.2673962685548276,0.045580051839351654,0.4195648729801178,0.93499999999065,0.99899999999001,0.2673962712287903,0.2654201090335846,1.4210350513458252,0.10000000149011612,0.005744488909840584,0.1,0.2251636267517925,0.03279460221529007,0.29413163661956787,0.9473333333322806,0.9981111111100021,0.22516363859176636,0.22416427731513977,1.2072608470916748,0.10000000149011612,0.004861945286393166
347,repvgg_a1,3,0.1,0.1,0.2647264871350685,0.030140969902276993,0.3640933930873871,0.91099999999089,0.99599999999004,0.26472651958465576,0.23519989848136902,0.8276718258857727,0.10000000149011612,0.0034862402826547623,0.1,0.24285584826771117,0.02189452201128006,0.12947416305541992,0.9219999999989755,0.9986666666655569,0.24285587668418884,0.21888281404972076,0.67525714635849,0.10000000149011612,0.0029499847441911697
348,repvgg_a1,5,0.5,0.1,0.25182798253001426,0.034973785281181335,0.6111586093902588,0.9429999999905699,0.99799999999002,0.25182798504829407,0.2488735169172287,1.482935905456543,0.10000000149011612,0.005789358168840408,0.1,0.2197733684588018,0.03254985809326172,0.2119784951210022,0.944333333332284,0.9981111111100021,0.21977339684963226,0.2175348997116089,1.138073205947876,0.10000000149011612,0.00457373633980751
349,repvgg_a1,4,0.1,0.1,0.20467310939202013,0.02775246649980545,0.6363961696624756,0.95399999999046,0.99799999999002,0.20467312633991241,0.20389576256275177,1.1361489295959473,0.10000000149011612,0.004570992663502693,0.1,0.2297114975681623,0.03461303934454918,0.28682515025138855,0.9483333333322795,0.9977777777766691,0.22971150279045105,0.22892634570598602,1.3036328554153442,0.10000000149011612,0.005237577483057976
350,repvgg_a1,5,2.0,0.1,0.26603904100454184,0.03866873309016228,0.6709829568862915,0.94099999999059,0.99899999999001,0.26603907346725464,0.26409363746643066,1.620749592781067,0.10000000149011612,0.006301134824752808,0.1,0.22919139406116845,0.03204628825187683,0.7069766521453857,0.9473333333322806,0.998444444443335,0.22919140756130219,0.22768957912921906,1.2587106227874756,0.10000000149011612,0.005036795511841774
351,repvgg_a1,5,0.1,0.1,0.28335094168553354,0.04275618493556976,0.37926918268203735,0.93199999999068,0.99799999999002,0.28335097432136536,0.2802780568599701,1.6979516744613647,0.10000000149011612,0.006616119295358658,0.1,0.23516241020988288,0.03416917845606804,0.22948402166366577,0.9415555555545093,0.998333333332224,0.23516243696212769,0.2326110154390335,1.16585111618042,0.10000000149011612,0.0047460272908210754
352,repvgg_a1,0,0.1,0.1,0.2388691580250505,0.037574782967567444,0.5557834506034851,0.94899999999051,0.99799999999002,0.23886922001838684,0.2382533699274063,1.4298515319824219,0.10000000149011612,0.005702260881662369,0.1,0.23078268575192218,0.03595377504825592,0.23313581943511963,0.9484444444433905,0.997999999998891,0.23078271746635437,0.23008185625076294,1.2904771566390991,0.10000000149011612,0.005198784172534943
353,repvgg_a1,5,0.01,0.1,0.2612685833076481,0.03689510002732277,0.37679794430732727,0.93599999999064,0.99799999999002,0.26126858592033386,0.25650253891944885,1.3889814615249634,0.10000000149011612,0.005464555695652962,0.1,0.23554438657550153,0.03494653105735779,0.2438531517982483,0.9381111111100687,0.998777777776668,0.2355443835258484,0.2324986606836319,1.120495319366455,0.10000000149011612,0.004579182714223862
354,repvgg_a1,5,1.0,0.1,0.24727131179063072,0.03617054969072342,0.28621524572372437,0.94499999999055,0.99699999999003,0.2472713440656662,0.24527500569820404,1.4490704536437988,0.10000000149011612,0.005631238222122192,0.1,0.23198859036683223,0.032906342297792435,0.26120927929878235,0.9454444444433938,0.997999999998891,0.23198860883712769,0.23028716444969177,1.2260873317718506,0.10000000149011612,0.0049464888870716095
355,repvgg_a1,4,0.5,0.1,0.25775968770713215,0.03541319817304611,0.31463199853897095,0.94899999999051,0.99799999999002,0.2577597498893738,0.25665274262428284,1.5008800029754639,0.10000000149011612,0.006010597571730614,0.1,0.23021022287592047,0.03385657072067261,0.19016849994659424,0.9482222222211686,0.9989999999988899,0.23021022975444794,0.2292858362197876,1.253503441810608,0.10000000149011612,0.005060477182269096
356,repvgg_a1,4,2.0,0.1,0.27634101829753344,0.04105682671070099,0.3665156066417694,0.94099999999059,0.99999999999,0.27634111046791077,0.27460750937461853,1.6687159538269043,0.10000000149011612,0.006591286510229111,0.1,0.2218067345538868,0.03463119640946388,0.2581585645675659,0.9459999999989488,0.99788888888778,0.22180674970149994,0.22086702287197113,1.1525228023529053,0.10000000149011612,0.004674075171351433
357,repvgg_a1,3,0.01,0.1,0.31541481298698043,0.024366486817598343,0.7094957232475281,0.90199999999098,0.99499999999005,0.31541481614112854,0.26316511631011963,0.9027618765830994,0.10000000149011612,0.0038534514605998993,0.1,0.2975616683567725,0.01907588541507721,0.18850506842136383,0.8999999999989999,0.9975555555544471,0.2975616753101349,0.2486601322889328,0.7062702178955078,0.10000000149011612,0.003152472898364067
358,repvgg_a1,4,0.01,0.1,0.2607999417927879,0.04353511705994606,0.6425943374633789,0.94199999999058,0.99899999999001,0.26079994440078735,0.259604811668396,1.4092522859573364,0.10000000149011612,0.00573335587978363,0.1,0.24026948683586033,0.0341227650642395,0.20160353183746338,0.9498888888878334,0.998555555554446,0.2402694821357727,0.2396155744791031,1.390448808670044,0.10000000149011612,0.00559147447347641
359,repvgg_a1,4,0.001,0.1,0.2680472704785544,0.03907397389411926,0.45302116870880127,0.94799999999052,0.99799999999002,0.2680472433567047,0.2671542763710022,1.6140825748443604,0.10000000149011612,0.0064723901450634,0.1,0.2251620339832311,0.03287447243928909,0.284213125705719,0.9502222222211664,0.998444444443335,0.2251620590686798,0.22445635497570038,1.2564970254898071,0.10000000149011612,0.00507064163684845
360,repvgg_a1,3,2.0,0.1,0.23055131502866197,0.02970724366605282,0.5050908923149109,0.94599999999054,0.99999999999,0.2305513173341751,0.2268315851688385,1.2287657260894775,0.10000000149011612,0.004914814606308937,0.1,0.22211744032127906,0.03226429596543312,0.24363406002521515,0.9422222222211752,0.998333333332224,0.22211745381355286,0.21932965517044067,1.072176218032837,0.10000000149011612,0.004364686086773872
