name,reg,lamb,sweep_model,_runtime,_step,_timestamp,_wandb,eval/L,eval/alphaD,eval/cummulant,eval/ece,eval/lambd,eval/loss,eval/lr,eval/mce,eval/top1_acc,eval/top5_acc,eval/var,train/L,train/alphaD,train/cummulant,train/ece,train/lambd,train/loss,train/lr,train/mce,train/top1_acc,train/top5_acc,train/var
"resnet20-reg:3,lamb:0.001",3,0.001,cifar100_resnet20,878.426311013,199,1743591174.9973752,{'runtime': 878},1.3352558612823486,0.0010655494406819344,1.0655494406819344e-06,0.03388591110706329,0.0010000000474974513,1.333208366895206,0,0.07581299543380737,0.6130999999993868,0.8841999999991157,2.7842705249786377,1.0927122831344604,0.0007551861344836652,7.551861926913261e-07,0.06450613588094711,0.0010000000474974513,1.0923169327684628,0,0.11472368240356444,0.6860399999998629,0.920079999999816,1.7336955070495603
"resnet20-reg:8,lamb:0.01",8,0.01,cifar100_resnet20,2312.041124761,199,1743592611.0463183,{'runtime': 2312},1.2601985931396484,0.01279246062040329,0.0001279246062040329,0.008080089464783669,0.009999999776482582,1.25982649592852,0,0.02730366587638855,0.6405999999993593,0.8943999999991056,2.5790770053863525,0.9921088218688964,0.08347175270318985,0.011108219623565674,0.08459627628326416,0.13307759165763855,0.9919175763621572,0,0.1284160017967224,0.7094599999998581,0.9385599999998124,1.3741248846054075
"resnet20-reg:3,lamb:1.0",3,1.0,cifar100_resnet20,896.168827679,199,1743591195.724674,{'runtime': 896},1.196161150932312,0.6065710783004761,0.6065710783004761,0.02721831575036049,1.0,1.1977011156068134,0,0.05912357568740845,0.6522999999993476,0.907799999999092,2.6964592933654785,0.7261316776275635,0.24401021003723145,0.24401021003723145,0.11825621873140336,1.0,0.7259085579423918,0,0.18172121047973633,0.7882999999998423,0.9746999999998052,0.8187516927719116
"resnet20-reg:4,lamb:0.001",4,0.001,cifar100_resnet20,887.63072594,199,1743591187.732108,{'runtime': 887},1.232309103012085,0.0020693987607955933,2.0693987607955933e-06,0.10587380081415176,0.0010000000474974513,1.2246182781376589,0,0.1743537187576294,0.6847999999993152,0.9094999999990904,4.288447856903076,0.3157312870025635,6.507616490125656e-05,6.507616490125656e-08,0.08145497739315033,0.0010000000474974513,0.3154038437006072,0,0.1989290714263916,0.915159999999817,0.9942199999998012,0.35875552892684937
"resnet20-reg:8,lamb:2.0",8,2.0,cifar100_resnet20,1899.402749491,199,1743592199.197297,{'runtime': 1899},1.3010333776474,0.8169611692428589,1.6339223384857178,0.0351388156414032,2.0,1.3003005054322567,0,0.06630334258079529,0.6308999999993691,0.8983999999991015,2.890512704849243,0.8523582220077515,0.7324144840240479,21.652671813964844,0.11661135405302048,29.563413619995117,0.8519339113992906,0,0.17294979095458984,0.7537599999998493,0.960699999999808,1.0644991397857666
"resnet20-reg:4,lamb:0.1",4,0.1,cifar100_resnet20,883.397705943,199,1743591183.504628,{'runtime': 883},1.2307566404342651,0.181991383433342,0.0181991383433342,0.10566599667072296,0.10000000149011612,1.2278907221466215,0,0.19184213876724243,0.6790999999993208,0.912899999999087,4.254359245300293,0.3167684078216553,0.014634840190410614,0.0014634840190410614,0.08999937772750854,0.10000000149011612,0.3165251725020749,0,0.19779211282730105,0.9159599999998168,0.9962999999998008,0.3105117082595825
"resnet20-reg:4,lamb:0.01",4,0.01,cifar100_resnet20,875.599015317,199,1743591175.7160358,{'runtime': 875},1.2390578985214231,0.02112044021487236,0.0002112044021487236,0.10215876251459122,0.009999999776482582,1.2311381664774557,0,0.20354503393173215,0.6856999999993142,0.907999999999092,4.290685653686523,0.3101014494895935,0.0016831327229738235,1.6831327229738235e-05,0.08172197639942169,0.009999999776482582,0.3099579716665397,0,0.19846343994140625,0.9175799999998164,0.9947599999998012,0.34907713532447815
"resnet20-reg:3,lamb:2.0",3,2.0,cifar100_resnet20,891.777233233,199,1743591191.8254223,{'runtime': 891},1.197459697723389,0.7965579032897949,1.5931158065795898,0.033554933965206146,2.0,1.1983558979614812,0,0.09229238331317902,0.6603999999993395,0.9075999999990924,2.845735788345337,0.6426851153373718,0.30434292554855347,0.6086858510971069,0.1210075169801712,2.0,0.6423399372040718,0,0.19515186548233032,0.8171599999998366,0.979919999999804,0.7194911241531372
"resnet20-reg:4,lamb:2.0",4,2.0,cifar100_resnet20,891.909954261,199,1743591191.951141,{'runtime': 891},1.2294950485229492,0.91318941116333,1.82637882232666,0.09763747453689577,2.0,1.2286371436623764,0,0.15517538785934448,0.6742999999993257,0.911899999999088,3.995418548583984,0.3094008266925812,0.12448766827583312,0.24897533655166623,0.1067308858036995,2.0,0.3093413452707082,0,0.23126006126403809,0.9236199999998154,0.9968199999998006,0.2571292519569397
"resnet20-reg:4,lamb:0.5",4,0.5,cifar100_resnet20,886.94726983,199,1743591187.0616314,{'runtime': 886},1.2240740060806274,0.5445295572280884,0.2722647786140442,0.0948755294084549,0.5,1.230318066170196,0,0.15259701013565063,0.6749999999993249,0.9083999999990916,3.990733385086059,0.3181319832801819,0.0521579384803772,0.0260789692401886,0.10339857637882233,0.5,0.3180326233094575,0,0.21876704692840576,0.9178199999998164,0.9973799999998004,0.2617309093475342
"resnet20-reg:3,lamb:0.1",3,0.1,cifar100_resnet20,875.923543573,199,1743591181.2885044,{'runtime': 875},1.3016611337661743,0.12250959873199464,0.012250959873199465,0.019863588735461235,0.10000000149011612,1.3044030841904244,0,0.08985456079244614,0.6271999999993727,0.8903999999991096,2.701578378677368,1.0209839344024658,0.067853182554245,0.0067853182554244995,0.08022644370794296,0.10000000149011612,1.020501331963341,0,0.1307341456413269,0.7018399999998597,0.9339399999998133,1.4583375453948977
"resnet20-reg:8,lamb:0.1",8,0.1,cifar100_resnet20,1907.066005976,199,1743592212.78425,{'runtime': 1907},1.2155253887176514,0.11703558266162872,0.011703558266162872,0.011517733335494997,0.10000000149011612,1.2158530023634635,0,0.09256266057491302,0.653999999999346,0.8999999999991,2.605003833770752,0.8337093591690063,0.22098159790039065,0.14207494258880615,0.11287511885166168,0.6429265737533569,0.8334063795939324,0,0.17069697380065918,0.7557799999998489,0.9634599999998074,0.9764388799667358
"resnet20-reg:8,lamb:0.001",8,0.001,cifar100_resnet20,1892.839487239,199,1743592198.821332,{'runtime': 1892},1.2940120697021484,0.0008298083557747304,8.298084139823914e-07,0.0193985253572464,0.0010000000474974513,1.3040873732882894,0,0.11393335461616516,0.62999999999937,0.8893999999991106,2.687390089035034,1.0570566654205322,0.026767022907733917,0.0009153448045253754,0.07186463475227356,0.03419673442840576,1.057199337598813,0,0.11182546615600586,0.6942999999998611,0.9267399999998148,1.6081831455230713
"resnet20-reg:8,lamb:0.5",8,0.5,cifar100_resnet20,1911.317734745,199,1743592217.0891583,{'runtime': 1911},1.2128288745880127,0.453446626663208,0.226723313331604,0.04311193898320198,0.5,1.209160953457857,0,0.0931663066148758,0.6582999999993416,0.905999999999094,3.0501394271850586,0.6602276563644409,0.4177527725696564,1.667611598968506,0.10893614590168,3.9918622970581055,0.6604991484932713,0,0.24913781881332395,0.8090799999998383,0.9771399999998046,0.8054066896438599
"resnet20-reg:3,lamb:0.01",3,0.01,cifar100_resnet20,892.523287291,199,1743591197.8527658,{'runtime': 892},1.340621829032898,0.013583991676568983,0.00013583991676568985,0.026761434972286224,0.009999999776482582,1.3378792610400037,0,0.04824173450469971,0.6155999999993843,0.8821999999991177,2.751084804534912,1.1032748222351074,0.008551869541406631,8.551869541406631e-05,0.06716292351484299,0.009999999776482582,1.1031975763838249,0,0.10860681533813477,0.6825999999998635,0.919619999999816,1.7189501523971558
"resnet20-reg:4,lamb:1.0",4,1.0,cifar100_resnet20,879.492630547,199,1743591184.6183405,{'runtime': 879},1.2326250076293943,0.7500200271606445,0.7500200271606445,0.0987020879983902,1.0,1.2416936126227354,0,0.20453041791915896,0.6727999999993272,0.9093999999990904,4.111423492431641,0.3140585720539093,0.0821850597858429,0.0821850597858429,0.10753700137138368,1.0,0.31390844010191754,0,0.21698510646820068,0.920319999999816,0.9978399999998004,0.2449038326740265
"resnet20-reg:8,lamb:1.0",8,1.0,cifar100_resnet20,1895.652193986,199,1743592201.4152918,{'runtime': 1895},1.19505774974823,0.6562985181808472,0.6562985181808472,0.05780422315001488,1.0,1.192801475226702,0,0.10440385341644288,0.6651999999993348,0.9111999999990888,3.2210984230041504,0.6199820637702942,0.5252859592437744,8.681824684143066,0.090193971991539,16.527807235717773,0.6196532011932376,0,0.1467469334602356,0.8188599999998363,0.975319999999805,0.8480752110481262
"resnet20-reg:3,lamb:0.5",3,0.5,cifar100_resnet20,891.701548759,199,1743591197.006612,{'runtime': 891},1.191675305366516,0.4005929231643677,0.20029646158218384,0.013168705627322195,0.5,1.192917333245071,0,0.16019576787948608,0.653899999999346,0.9034999999990964,2.487441301345825,0.7999140024185181,0.17593443393707275,0.08796721696853638,0.1120244562625885,0.5,0.7994042154069707,0,0.17898029088974,0.7648399999998471,0.965599999999807,0.9373948574066162
resnet20-baseline,0,0.7,cifar100_resnet20,880.71407419,199,1743591188.5345447,{'runtime': 880},1.24474835395813,0.6893978714942932,0.4825785160064697,0.10032930970191956,0.699999988079071,1.2389124613883271,0,0.1815285086631775,0.6905999999993093,0.9076999999990922,4.40631628036499,0.31171783804893494,0.08185642212629318,0.05729949474334717,0.08262541145086288,0.699999988079071,0.31179510207434374,0,0.4083443880081177,0.9171199999998166,0.9945999999998012,0.35115617513656616
"resnet32-reg:4,lamb:0.01",4,0.01,cifar100_resnet32,1121.524518196,199,1743592306.9527726,{'runtime': 1121},1.2987728118896484,0.02771560102701187,0.0002771560102701187,0.13311530649662018,0.009999999776482582,1.3143980931929955,0,0.26975369453430176,0.7016999999992982,0.9112999999990886,5.662731647491455,0.1161944344639778,0.00041837338358163834,4.183733835816383e-06,0.05560581013560295,0.009999999776482582,0.1164895801992612,0,0.3586249053478241,0.9774599999998046,0.9996399999998,0.08425052464008331
"resnet32-reg:3,lamb:0.001",3,0.001,cifar100_resnet32,1113.368166665,199,1743592306.377307,{'runtime': 1113},1.3205745220184326,0.0016429693205282092,1.642969436943531e-06,0.04119101166725159,0.0010000000474974513,1.317522501616115,0,0.4043967723846435,0.627999999999372,0.8830999999991168,3.0321013927459717,1.0336401462554932,0.000810949073638767,8.109491318464279e-07,0.05642904341220856,0.0010000000474974513,1.033968750866861,0,0.08928418159484863,0.7026199999998595,0.9270999999998146,1.72745943069458
"resnet32-reg:3,lamb:0.1",3,0.1,cifar100_resnet32,1148.276530383,199,1743592340.3403423,{'runtime': 1148},1.236072659492493,0.1271781325340271,0.01271781325340271,0.04102266952395439,0.10000000149011612,1.2310976591608764,0,0.08781035244464874,0.6447999999993551,0.8964999999991035,2.8291075229644775,0.8703677654266357,0.059782788157463074,0.005978278815746307,0.06928008049726486,0.10000000149011612,0.8707951291647202,0,0.11056756973266602,0.7400799999998521,0.95081999999981,1.289241075515747
"resnet32-reg:4,lamb:0.1",4,0.1,cifar100_resnet32,1121.030051239,199,1743592317.6859093,{'runtime': 1121},1.3017330169677734,0.23758485913276672,0.023758485913276672,0.13128575682640076,0.10000000149011612,1.2884157594797607,0,0.2568206787109375,0.7020999999992978,0.9151999999990847,5.723715305328369,0.11178433150053024,0.003361096605658531,0.0003361096605658531,0.057305410504341125,0.10000000149011612,0.11203731960824656,0,0.2503316402435303,0.9789599999998042,0.9997999999998,0.07039748132228851
"resnet32-reg:4,lamb:1.0",4,1.0,cifar100_resnet32,1140.510287826,199,1743592335.992277,{'runtime': 1140},1.283565640449524,0.8646117448806763,0.8646117448806763,0.12996806204319,1.0,1.2780338090443335,0,0.24456077814102173,0.6950999999993048,0.9125999999990874,5.413297653198242,0.11345212161540984,0.020596668124198914,0.020596668124198914,0.06632339954376221,1.0,0.11377900507556876,0,0.2688091993331909,0.9819199999998036,0.9999399999998,0.0565517321228981
"resnet32-reg:4,lamb:0.5",4,0.5,cifar100_resnet32,1124.570409799,199,1743592321.353155,{'runtime': 1124},1.2614349126815796,0.6512645483016968,0.3256322741508484,0.12237381935119628,0.5,1.2582679208947682,0,0.24151384830474856,0.7046999999992952,0.9143999999990856,5.292934894561768,0.12236130237579346,0.01409447193145752,0.00704723596572876,0.0662737786769867,0.5,0.1225345851981038,0,0.28057003021240234,0.9783999999998044,0.9999599999998,0.06745859980583191
"resnet32-reg:4,lamb:0.001",4,0.001,cifar100_resnet32,1135.105498328,199,1743592333.3731978,{'runtime': 1135},1.3004717826843262,0.0025209735613316298,2.5209737941622734e-06,0.13686609268188477,0.0010000000474974513,1.288878543352726,0,0.26103442907333374,0.7002999999992996,0.9142999999990856,5.601966857910156,0.11313127726316452,-0.00035596892121247947,-3.5596895031630993e-07,0.055314697325229645,0.0010000000474974513,0.11342112981724832,0,0.2450566589832306,0.9784999999998044,0.9993999999998002,0.08235050737857819
resnet32-baseline,0,0.7,cifar100_resnet32,1100.241907623,199,1743592299.6549027,{'runtime': 1100},1.3333789110183716,0.8164343237876892,0.5715039968490601,0.14151746034622192,0.699999988079071,1.333106213474783,0,0.26623451709747314,0.6942999999993057,0.9104999999990896,5.871879577636719,0.11399611830711363,0.021481536328792572,0.01503707468509674,0.05445270985364914,0.699999988079071,0.11426230595453356,0,0.9065697193145752,0.9779399999998044,0.9994199999998,0.08552445471286774
"resnet32-reg:3,lamb:2.0",3,2.0,cifar100_resnet32,1145.377131046,199,1743592347.8541317,{'runtime': 1145},1.2021998167037964,0.8486841917037964,1.6973683834075928,0.06774862110614777,2.0,1.2001827296594425,0,0.10830390453338624,0.6684999999993314,0.90989999999909,3.450338125228882,0.491834819316864,0.22756975889205933,0.45513951778411865,0.10603341460227966,2.0,0.4923754189748524,0,0.18374228477478027,0.860179999999828,0.9887799999998024,0.5416536331176758
"resnet32-reg:4,lamb:2.0",4,2.0,cifar100_resnet32,1142.022836601,199,1743592351.6284933,{'runtime': 1142},1.3067303895950315,1.02706778049469,2.05413556098938,0.12698474526405334,2.0,1.2997967180340444,0,0.2465258836746216,0.6857999999993142,0.9124999999990874,5.318845748901367,0.16078664362430573,0.05380918085575104,0.10761836171150208,0.07896400988101959,2.0,0.1611221757236087,0,0.24724051356315613,0.9682999999998064,0.9995399999998,0.10002291202545166
"resnet32-reg:3,lamb:0.01",3,0.01,cifar100_resnet32,1144.252523321,199,1743592351.9730375,{'runtime': 1144},1.2358161211013794,0.014159362763166428,0.00014159362763166428,0.029867634177207947,0.009999999776482582,1.2331757601992897,0,0.07325644791126251,0.6522999999993476,0.8962999999991036,2.87146520614624,0.941082239151001,0.007530488073825836,7.530488073825836e-05,0.06144384294748306,0.009999999776482582,0.941590081928344,0,0.09510558843612672,0.725319999999855,0.9394199999998122,1.5247102975845337
"resnet32-reg:3,lamb:0.5",3,0.5,cifar100_resnet32,1264.120185182,199,1743592471.9389756,{'runtime': 1264},1.1434615850448608,0.4255260229110718,0.2127630114555359,0.04027684032917023,0.5,1.1407589179405755,0,0.09681305289268494,0.6715999999993284,0.915999999999084,2.834239959716797,0.6219958066940308,0.1357496976852417,0.06787484884262085,0.10024359077215196,0.5,0.6227554426191774,0,0.16684705018997192,0.8161199999998369,0.979839999999804,0.7289271354675293
"resnet32-reg:3,lamb:1.0",3,1.0,cifar100_resnet32,1126.246994142,199,1743592339.8454006,{'runtime': 1126},1.1499639749526978,0.6362844705581665,0.6362844705581665,0.05749932676553726,1.0,1.142896635544678,0,0.12418198585510254,0.6755999999993243,0.9161999999990836,3.1586334705352783,0.5133606195449829,0.16676485538482666,0.16676485538482666,0.1030968427658081,1.0,0.5139418756517143,0,0.18290436267852783,0.8498799999998301,0.9873399999998026,0.5561553239822388
"resnet32-reg:8,lamb:2.0",8,2.0,cifar100_resnet32,2197.156492681,199,1743594405.242563,{'runtime': 2197},1.2614054679870603,0.8716869354248047,1.7433738708496094,0.05949168279767037,2.0,1.2587068256569267,0,0.10946455597877502,0.6555999999993444,0.903899999999096,3.6108593940734863,0.6119137406349182,0.5670851469039917,40.086669921875,0.09098979830741882,70.68898010253906,0.6123602088912601,0,0.904775857925415,0.8181999999998364,0.9788799999998042,0.8033143281936646
"resnet32-reg:8,lamb:0.001",8,0.001,cifar100_resnet32,2177.525297981,199,1743594393.081574,{'runtime': 2177},1.2270855903625488,0.0016142147360369563,1.614214852452278e-06,0.029437653720378876,0.0010000000474974513,1.220409661226346,0,0.09467507898807526,0.6513999999993485,0.8983999999991015,2.8006250858306885,0.9248902797698976,0.02637782134115696,0.0009914934635162354,0.06371170282363892,0.037588149309158325,0.9260138221068772,0,0.10656630992889404,0.7274799999998546,0.9421599999998116,1.4472479820251465
"resnet32-reg:8,lamb:1.0",8,1.0,cifar100_resnet32,2192.310877514,199,1743594405.5130503,{'runtime': 2192},1.2532027959823608,0.7714513540267944,0.7714513540267944,0.09826737642288208,1.0,1.2485793244697498,0,0.1845024824142456,0.6771999999993228,0.9082999999990916,4.2776994705200195,0.39480817317962646,0.35698041319847107,14.047530174255373,0.07776105403900146,39.350982666015625,0.3952336405411334,0,0.16273337602615356,0.8867399999998227,0.990399999999802,0.5129409432411194
"resnet32-reg:8,lamb:0.1",8,0.1,cifar100_resnet32,2198.040368302,199,1743594420.4831996,{'runtime': 2198},1.1663964986801147,0.12959986925125122,0.012959986925125122,0.04609137028455734,0.10000000149011612,1.155373444864393,0,0.09598768502473833,0.6679999999993319,0.9092999999990906,2.9307408332824707,0.6280776858329773,0.18971452116966248,0.15197521448135376,0.09958408772945404,0.8010731935501099,0.6288568514021365,0,0.17417454719543457,0.8122399999998376,0.980019999999804,0.7281513810157776
"resnet32-reg:8,lamb:0.5",8,0.5,cifar100_resnet32,2195.803178421,199,1743594421.5569448,{'runtime': 2195},1.1805484294891355,0.5050303936004639,0.25251519680023193,0.0762166678905487,0.5,1.167340363270272,0,0.1364379525184631,0.6824999999993174,0.916899999999083,3.6806116104125977,0.41812050342559814,0.30063551664352417,2.318892478942871,0.09333114326000214,7.713302135467529,0.4185125689207854,0,0.17467397451400757,0.8812599999998239,0.990859999999802,0.47730767726898193
resnet44-baseline,0,0.7,cifar100_resnet44,1388.956781751,199,1743593699.3565862,{'runtime': 1389},1.362581729888916,0.8760074973106384,0.6132052540779114,0.14733070135116577,0.699999988079071,1.3562255468554243,0,0.3006998300552368,0.7102999999992896,0.9124999999990874,6.589813709259033,0.05284130573272705,0.007446397561579943,0.005212478339672089,0.032456472516059875,0.699999988079071,0.05288813067140227,0,0.24239051342010495,0.9923199999998016,0.9999199999998,0.028126288205385208
"resnet44-reg:3,lamb:0.001",3,0.001,cifar100_resnet44,1401.293356643,199,1743593715.2410796,{'runtime': 1401},1.3096449375152588,0.001203850843012333,1.203850843012333e-06,0.04970907419919968,0.0010000000474974513,1.3154383030225427,0,0.09298018366098404,0.6301999999993697,0.8854999999991144,3.084207057952881,1.0064961910247805,0.00036985144834034145,3.698514774441719e-07,0.04631425440311432,0.0010000000474974513,1.0065884255119495,0,0.0760543942451477,0.7060999999998588,0.9284399999998144,1.745121955871582
"resnet44-reg:4,lamb:0.01",4,0.01,cifar100_resnet44,1405.780757475,199,1743593722.5102062,{'runtime': 1405},1.3584915399551392,0.03250269219279289,0.0003250269219279289,0.14287744462490082,0.009999999776482582,1.372966175928197,0,0.2833232879638672,0.7087999999992911,0.9082999999990916,6.653656005859375,0.05359378084540367,9.264331310987473e-05,9.264331310987471e-07,0.0337928868830204,0.009999999776482582,0.0537518983565368,0,0.34649673104286194,0.9926599999998016,0.9999399999998,0.02735087089240551
"resnet44-reg:4,lamb:0.1",4,0.1,cifar100_resnet44,1405.882361901,199,1743593734.428944,{'runtime': 1405},1.326720118522644,0.25886237621307373,0.025886237621307373,0.1451101005077362,0.10000000149011612,1.3393158283461633,0,0.3209463953971863,0.7083999999992916,0.9143999999990856,6.2917351722717285,0.05545947700738907,0.0012907758355140686,0.00012907758355140686,0.03557751327753067,0.10000000149011612,0.055487172390183255,0,0.31859517097473145,0.9927799999998016,0.9999999999998,0.027053143829107285
"resnet44-reg:4,lamb:0.5",4,0.5,cifar100_resnet44,1408.564694644,199,1743593746.990141,{'runtime': 1408},1.2573628425598145,0.6715912818908691,0.33579564094543457,0.13403066992759705,0.5,1.2576966446474098,0,0.2665637135505676,0.7112999999992886,0.9183999999990816,5.599045276641846,0.06174572557210922,0.00526341050863266,0.00263170525431633,0.0424877367913723,0.5,0.06169355312541721,0,0.3372550308704376,0.9931599999998014,0.9999799999998,0.02489650622010231
"resnet44-reg:4,lamb:0.001",4,0.001,cifar100_resnet44,1418.761528217,199,1743593761.012431,{'runtime': 1418},1.3317437171936035,0.0032754612620919943,3.275461494922638e-06,0.14704415202140808,0.0010000000474974513,1.3239481252102232,0,0.29578858613967896,0.710999999999289,0.9146999999990852,6.34890079498291,0.05257142335176468,0.00011934388749068604,1.1934389476664364e-07,0.03269477188587189,0.0010000000474974513,0.05259083071455259,0,0.30706092715263367,0.9927599999998016,0.9999399999998,0.028529789298772812
"resnet44-reg:3,lamb:1.0",3,1.0,cifar100_resnet44,1404.868305178,199,1743593753.3079865,{'runtime': 1404},1.094321846961975,0.6262146234512329,0.6262146234512329,0.06096247211098671,1.0,1.105285452029949,0,0.1087520718574524,0.6963999999993036,0.9196999999990804,3.235537528991699,0.3912475109100342,0.117415189743042,0.117415189743042,0.10010145604610445,1.0,0.3913065106693426,0,0.1864444613456726,0.890399999999822,0.9945399999998012,0.3787387013435364
"resnet44-reg:4,lamb:1.0",4,1.0,cifar100_resnet44,1415.325796097,199,1743593768.048854,{'runtime': 1415},1.2710280418395996,0.8843035697937012,0.8843035697937012,0.1357952058315277,1.0,1.2950158801417535,0,0.27969464659690857,0.7095999999992904,0.9202999999990796,5.873403072357178,0.0579727478325367,0.007860977202653885,0.007860977202653885,0.04179215431213379,1.0,0.05799566207119699,0,0.5020185112953186,0.9942799999998012,0.9999799999998,0.020334070548415184
"resnet44-reg:3,lamb:0.1",3,0.1,cifar100_resnet44,1425.774307308,199,1743593777.086924,{'runtime': 1425},1.159035325050354,0.12401260435581209,0.012401260435581207,0.04067439213395119,0.10000000149011612,1.157671391674541,0,0.0971490889787674,0.6691999999993308,0.9105999999990894,2.779160499572754,0.7596081495285034,0.05249679088592529,0.005249679088592529,0.07199230790138245,0.10000000149011612,0.7593960253780576,0,0.1223936676979065,0.7738199999998453,0.960999999999808,1.136455774307251
"resnet44-reg:3,lamb:2.0",3,2.0,cifar100_resnet44,1421.259203948,199,1743593777.7702105,{'runtime': 1421},1.1933355331420898,0.8727445602416992,1.7454891204833984,0.08446773886680603,2.0,1.19078764736685,0,0.14709293842315674,0.6821999999993178,0.9143999999990856,3.8973734378814697,0.3485281467437744,0.14898371696472168,0.29796743392944336,0.10045395791530608,2.0,0.34857510089312244,0,0.19701921939849856,0.9071999999998186,0.9958599999998008,0.33180877566337585
"resnet44-reg:3,lamb:0.01",3,0.01,cifar100_resnet44,1422.07511385,199,1743593783.6194472,{'runtime': 1422},1.2358297109603882,0.014172960072755814,0.00014172960072755814,0.03589116781949997,0.009999999776482582,1.2445926037299513,0,0.09131238609552383,0.6487999999993511,0.9001999999990997,2.8723063468933105,0.925601840019226,0.007594935595989227,7.594935595989227e-05,0.06378675997257233,0.009999999776482582,0.9252614238568614,0,0.1091080904006958,0.7316199999998537,0.9410599999998118,1.5264341831207275
"resnet44-reg:4,lamb:2.0",4,2.0,cifar100_resnet44,1427.925851721,199,1743593796.1714509,{'runtime': 1427},1.432404637336731,1.1516891717910769,2.3033783435821533,0.14751069247722626,2.0,1.4331086333983605,0,0.2678781747817993,0.6731999999993268,0.9007999999990992,6.242466926574707,0.11255697160959244,0.032371558248996735,0.06474311649799347,0.06575881689786911,2.0,0.11261478126690898,0,0.26053720712661743,0.9820799999998036,0.9998999999998,0.05601585656404495
"resnet44-reg:3,lamb:0.5",3,0.5,cifar100_resnet44,1524.835602487,199,1743594007.428017,{'runtime': 1524},1.1348657608032229,0.4409723281860352,0.2204861640930176,0.0491061694920063,0.5,1.1472082448117888,0,0.09892267733812332,0.6791999999993208,0.9155999999990844,2.9864261150360107,0.568641185760498,0.1229567527770996,0.061478376388549805,0.0969257578253746,0.5,0.5688647604732369,0,0.16435593366622925,0.8314799999998338,0.9839399999998032,0.6611051559448242
"resnet32-reg:8,lamb:0.01",8,0.01,cifar100_resnet32,2832.987349473,199,1743595452.9323292,{'runtime': 2833},1.1900016069412231,0.013358239084482191,0.00013358239084482193,0.029997780919075012,0.009999999776482582,1.1858371686951064,0,0.08644218742847443,0.6582999999993416,0.9042999999990956,2.7089693546295166,0.8390325307846069,0.07687383145093918,0.010881960391998293,0.07725831121206284,0.14155611395835876,0.8399092344784878,0,0.13276034593582153,0.7511599999998498,0.9546399999998092,1.2035441398620603
resnet56-baseline,0,0.7,cifar100_resnet56,1676.954310889,199,1743595387.1538515,{'runtime': 1677},1.3487653732299805,0.8790262341499329,0.6153183579444885,0.15175101161003113,0.699999988079071,1.3278362784940392,0,0.3245857357978821,0.7154999999992845,0.9147999999990852,6.724135875701904,0.027562692761421204,0.0027617120649665594,0.0019331984221935272,0.020267052575945858,0.699999988079071,0.027634581549545845,0,0.2787749171257019,0.9972799999998004,0.9999799999998,0.010093635879456995
"resnet56-reg:3,lamb:0.001",3,0.001,cifar100_resnet56,1691.581908391,199,1743595416.5894876,{'runtime': 1691},1.2697269916534424,0.0013401730684563518,1.3401731848716736e-06,0.05073496326804161,0.0010000000474974513,1.2672077235391703,0,0.09441059827804564,0.6400999999993598,0.8910999999991088,3.109679937362671,0.9483836889266968,0.00043143515358679,4.314351826906204e-07,0.04744429513812065,0.0010000000474974513,0.9483206140876116,0,0.12924060225486755,0.7212599999998558,0.9364399999998128,1.6322667598724363
"resnet56-reg:4,lamb:0.01",4,0.01,cifar100_resnet56,1698.84480519,199,1743595432.2928276,{'runtime': 1698},1.320567011833191,0.03215279430150986,0.00032152794301509857,0.14190363883972168,0.009999999776482582,1.2996739227800829,0,0.29796433448791504,0.7239999999992759,0.9165999999990834,6.572854518890381,0.029122095555067062,3.5029370337724686e-05,3.502937033772469e-07,0.021256398409605023,0.009999999776482582,0.02915657574770351,0,0.8106476068496704,0.9972399999998006,0.9999999999998,0.011051720008254051
"resnet56-reg:4,lamb:0.1",4,0.1,cifar100_resnet56,1688.453125455,199,1743595430.7998714,{'runtime': 1688},1.293544054031372,0.26209771633148193,0.026209771633148193,0.1412862241268158,0.10000000149011612,1.2810407411829785,0,0.2852979898452759,0.7226999999992773,0.9189999999990808,6.385371208190918,0.03127238154411316,0.0005640741437673569,5.640741437673569e-05,0.023171182721853256,0.10000000149011612,0.03134453899960471,0,0.34049198031425476,0.9972999999998006,0.9999999999998,0.011831991374492644
"resnet56-reg:4,lamb:0.5",4,0.5,cifar100_resnet56,1700.289582623,199,1743595457.2159402,{'runtime': 1700},1.2602250576019287,0.6992356777191162,0.3496178388595581,0.13830912113189697,0.5,1.245709119425721,0,0.28851214051246643,0.7210999999992789,0.9225999999990774,6.043837547302246,0.03421028330922127,0.0022164173424243927,0.0011082086712121964,0.02635880187153816,0.5,0.03424425204394872,0,0.2843497395515442,0.9973399999998006,0.9999999999998,0.010237799026072024
"resnet56-reg:3,lamb:1.0",3,1.0,cifar100_resnet56,1697.522530318,199,1743595462.7322433,{'runtime': 1697},1.1229537725448608,0.6591981649398804,0.6591981649398804,0.07117395102977753,1.0,1.1144350347117018,0,0.13104164600372314,0.6960999999993038,0.9196999999990804,3.471942186355591,0.33615678548812866,0.09553331136703493,0.09553331136703493,0.0984336882829666,1.0,0.33608933810178526,0,0.20358121395111084,0.9086799999998184,0.9963799999998008,0.3008369207382202
"resnet56-reg:4,lamb:0.001",4,0.001,cifar100_resnet56,1710.815763185,199,1743595482.3216534,{'runtime': 1710},1.3267971277236938,0.003097345819696784,3.0973460525274277e-06,0.14748075604438782,0.0010000000474974513,1.3069274183820694,0,0.2824033498764038,0.7212999999992786,0.9194999999990804,6.582248210906982,0.02758178487420082,-7.477137842215598e-05,-7.4771378422156e-08,0.020127244293689728,0.0010000000474974513,0.02759495568891123,0,0.6029250621795654,0.9972799999998004,0.9999999999998,0.00984031893312931
"resnet56-reg:4,lamb:1.0",4,1.0,cifar100_resnet56,1707.041776893,199,1743595483.7431233,{'runtime': 1707},1.3050864934921265,0.9236539602279664,0.9236539602279664,0.13853850960731506,1.0,1.2951533582548935,0,0.2899928689002991,0.7136999999992862,0.9166999999990832,6.214676380157471,0.04066110774874687,0.004887830466032028,0.004887830466032028,0.030963677912950516,1.0,0.04072491865283296,0,0.2891663908958435,0.9966599999998008,0.9999599999998,0.01285041868686676
"resnet56-reg:3,lamb:0.1",3,0.1,cifar100_resnet56,1725.788393602,199,1743595520.4862056,{'runtime': 1725},1.179104208946228,0.12744955718517303,0.012744955718517303,0.04081486910581589,0.10000000149011612,1.1803983432083756,0,0.16059011220932007,0.6649999999993349,0.9064999999990936,2.8594069480895996,0.7660225629806519,0.052731484174728394,0.005273148417472839,0.07144100219011307,0.10000000149011612,0.7660265853427752,0,0.12584036588668823,0.7720599999998456,0.960039999999808,1.1399943828582764
"resnet56-reg:3,lamb:2.0",3,2.0,cifar100_resnet56,1710.082011874,199,1743595504.6680264,{'runtime': 1710},1.2949435710906982,0.9598095417022704,1.919619083404541,0.09504696726799013,2.0,1.292740711246601,0,0.1765952706336975,0.6653999999993345,0.9056999999990942,4.5247650146484375,0.35153597593307495,0.15006273984909058,0.30012547969818115,0.09841054677963255,2.0,0.3515919615544265,0,0.90035480260849,0.9040199999998192,0.995359999999801,0.3348255455493927
"resnet56-reg:3,lamb:0.01",3,0.01,cifar100_resnet56,1720.941830844,199,1743595513.550708,{'runtime': 1721},1.3587167263031006,0.015371199697256088,0.00015371199697256088,0.04470760375261307,0.009999999776482582,1.3469927501291217,0,0.10838857293128969,0.6223999999993776,0.880899999999119,3.106165647506714,1.0386184453964231,0.008459482342004776,8.459482342004776e-05,0.05760452151298523,0.009999999776482582,1.0390474138897523,0,0.08890503644943237,0.6987599999998603,0.9270599999998146,1.6996781826019287
"resnet56-reg:4,lamb:2.0",4,2.0,cifar100_resnet56,1716.887748741,199,1743595524.9419076,{'runtime': 1716},1.335855484008789,1.0841612815856934,2.1683225631713867,0.1334167122840881,2.0,1.3286866750971724,0,0.25274085998535156,0.7022999999992976,0.9072999999990926,6.097349166870117,0.05534651130437851,0.011317752301692964,0.022635504603385925,0.04210658371448517,2.0,0.05542793508564353,0,0.2980465292930603,0.9957999999998008,0.9999999999998,0.017803246155381203
"resnet56-reg:3,lamb:0.5",3,0.5,cifar100_resnet56,1844.337527265,199,1743595868.893475,{'runtime': 1844},1.096010684967041,0.4473423957824707,0.22367119789123535,0.057050012052059174,0.5,1.0882039842269269,0,0.102963387966156,0.6955999999993043,0.91989999999908,3.135507106781006,0.4496678113937378,0.09118163585662842,0.04559081792831421,0.0927695482969284,0.5,0.4498479727958319,0,0.1793307662010193,0.8678199999998265,0.9914799999998016,0.48247289657592773
"resnet44-reg:8,lamb:0.001",8,0.001,cifar100_resnet44,2467.058257719,199,1743596869.8596823,{'runtime': 2467},1.2900428771972656,0.00162888306658715,1.628883183002472e-06,0.03577528893947601,0.0010000000474974513,1.2970684525108158,0,0.09193456918001176,0.6334999999993665,0.8870999999991128,2.8823838233947754,0.9747881293296814,0.02888762205839157,0.001118488609790802,0.06476584076881409,0.038718611001968384,0.974939501053348,0,0.10811847448349,0.7147799999998571,0.9361199999998128,1.540923237800598
"resnet44-reg:8,lamb:2.0",8,2.0,cifar100_resnet44,2491.906649693,199,1743596906.8548713,{'runtime': 2491},1.2572097778320312,0.8826723098754883,1.7653446197509766,0.06737732887268066,2.0,1.2607454475588828,0,0.1346244215965271,0.6596999999993403,0.9041999999990956,3.753080368041992,0.5565364360809326,0.5131590962409973,37.94887924194336,0.09528185427188872,73.95149230957031,0.556505497592637,0,0.15326803922653198,0.8393799999998321,0.9832399999998034,0.7172322273254395
"resnet44-reg:8,lamb:1.0",8,1.0,cifar100_resnet44,2481.730186473,199,1743596899.2333546,{'runtime': 2481},1.263142466545105,0.8027971982955933,0.8027971982955933,0.11162538826465608,1.0,1.2661220890098512,0,0.19908738136291504,0.6799999999993199,0.9123999999990876,4.703525066375732,0.31519144773483276,0.29046401381492615,17.09464454650879,0.07143542915582657,58.852882385253906,0.3151511159013505,0,0.16367363929748535,0.910459999999818,0.9942599999998012,0.3806158900260926
"resnet44-reg:8,lamb:0.1",8,0.1,cifar100_resnet44,2488.269569104,199,1743596917.5078745,{'runtime': 2488},1.136736512184143,0.1343962550163269,0.01343962550163269,0.05376996845006943,0.10000000149011612,1.1371242609757517,0,0.09955578297376633,0.6787999999993212,0.9125999999990874,3.0638413429260254,0.5298875570297241,0.17111653089523315,0.16039252281188965,0.10018803179264069,0.9373291730880736,0.5298915131089331,0,0.17825192213058472,0.8446799999998311,0.9858999999998028,0.5955361127853394
"resnet44-reg:8,lamb:0.5",8,0.5,cifar100_resnet44,2492.540792593,199,1743596925.005196,{'runtime': 2492},1.231352686882019,0.5487526655197144,0.2743763327598572,0.09538842737674712,0.5,1.2288836505917125,0,0.15967494249343872,0.6760999999993238,0.90999999999909,4.110520839691162,0.35198280215263367,0.2619082033634186,2.5953903198242188,0.08877471834421158,9.909542083740234,0.3520603205600971,0,0.1864795684814453,0.9030599999998196,0.9940399999998012,0.38772884011268616
vgg11_bn-baseline,0,0.7,cifar100_vgg11_bn,899.316856918,199,1743596295.4948835,{'runtime': 899},1.5132170915603638,1.013633370399475,0.7095433473587036,0.15147358179092407,0.699999988079071,1.5019076582014883,0,0.3527933955192566,0.7062999999992936,0.8857999999991141,7.717071056365967,0.007547264453023672,0.0011508346069604158,0.0008055842481553555,0.0045077442191541195,0.699999988079071,0.007544952807848145,0,0.25191640853881836,0.9989799999998002,0.9999999999998,0.0049121202901005745
"vgg11_bn-reg:3,lamb:0.001",3,0.001,cifar100_vgg11_bn,896.423606589,199,1743596322.895691,{'runtime': 896},4.605372428894043,7.96280728536658e-05,7.962808012962341e-08,0.0004674931988120079,0.0010000000474974513,4.605504201691336,0,0.0004674931988120079,0.00999999999999,0.049999999999949994,0.0004040422209072858,4.605372905731201,7.96280728536658e-05,7.962808012962341e-08,0.0004668589681386947,0.0010000000474974513,4.605382495761935,0,0.0004668589681386947,0.009999999999998,0.04999999999999,0.00040404225001111627
"vgg11_bn-reg:4,lamb:0.1",4,0.1,cifar100_vgg11_bn,903.826119943,199,1743596343.4135785,{'runtime': 903},1.5275018215179443,0.3202454745769501,0.03202454745769501,0.1585882008075714,0.10000000149011612,1.521633392191995,0,0.3635472059249878,0.7033999999992966,0.8890999999991108,7.75786018371582,0.007759344764053821,0.0002443912671878934,2.443912671878934e-05,0.004635418299585581,0.10000000149011612,0.007749857381778724,0,0.23191088438034055,0.9988399999998004,0.9999799999998,0.005410264246165752
"vgg11_bn-reg:4,lamb:0.01",4,0.01,cifar100_vgg11_bn,895.047846013,199,1743596338.946873,{'runtime': 895},1.4955952167510986,0.03685494884848595,0.00036854948848485947,0.15300263464450836,0.009999999776482582,1.4835690405236162,0,0.34770864248275757,0.7047999999992951,0.8855999999991143,7.527156829833984,0.0068917241878807545,2.526940079405904e-05,2.526940079405904e-07,0.004409484099596739,0.009999999776482582,0.006884079124446287,0,0.33351263403892517,0.9990399999998002,0.9999999999998,0.0035923069808632135
"resnet44-reg:8,lamb:0.01",8,0.01,cifar100_resnet44,3329.047912598,199,1743598800.154623,{'runtime': 3329},1.1488665342330933,0.013326387852430344,0.00013326387852430344,0.033542245626449585,0.009999999776482582,1.155442608604057,0,0.08417754620313644,0.6693999999993305,0.9087999999990912,2.6895008087158203,0.7706468105316162,0.0753946453332901,0.01133311539888382,0.07450880110263824,0.1503172516822815,0.7706532140382412,0,0.13253819942474365,0.769799999999846,0.960619999999808,1.123002529144287
"vgg11_bn-reg:4,lamb:0.5",4,0.5,cifar100_vgg11_bn,899.185417218,199,1743596368.1464434,{'runtime': 899},1.5198442935943604,0.9043295383453368,0.45216476917266846,0.16302461922168732,0.5,1.5024061944304974,0,0.3684340417385102,0.7053999999992946,0.88999999999911,7.903223037719727,0.008299954235553741,0.0008193328976631165,0.00040966644883155823,0.005262381862848997,0.5,0.008303803197701397,0,0.3866465091705322,0.9988799999998004,0.9999999999998,0.004196647088974714
"vgg11_bn-reg:3,lamb:1.0",3,1.0,cifar100_vgg11_bn,895.147548905,199,1743596368.7077682,{'runtime': 895},4.605244159698486,7.43865966796875e-05,7.43865966796875e-05,0.0002673529088497162,1.0,4.60530553941035,0,0.0002673529088497162,0.00999999999999,0.049999999999949994,0.00014760630438104272,4.605244159698486,7.390975952148438e-05,7.390975952148438e-05,0.00026115216314792633,1.0,4.605250132092215,0,0.00026115216314792633,0.009999999999998,0.04999999999999,0.00014760630438104272
"vgg11_bn-reg:4,lamb:0.001",4,0.001,cifar100_vgg11_bn,895.344646889,199,1743596389.5546515,{'runtime': 895},1.4815964698791504,0.0034014226403087378,3.4014228731393814e-06,0.1505727916955948,0.0010000000474974513,1.4745067175516766,0,0.3343353569507599,0.7066999999992932,0.8882999999991116,7.2868428230285645,0.006627625785768032,-4.809453093912453e-05,-4.809453457710333e-08,0.004506903700530529,0.0010000000474974513,0.0066427169483073015,0,0.7029756307601929,0.9992599999998002,0.9999999999998,0.003175413468852639
"vgg11_bn-reg:4,lamb:1.0",4,1.0,cifar100_vgg11_bn,893.434455968,199,1743596389.241436,{'runtime': 893},1.5439170598983765,1.1646884679794312,1.1646884679794312,0.16652458906173706,1.0,1.52168564609394,0,0.3894709050655365,0.7033999999992966,0.8894999999991104,8.02943229675293,0.009253496304154396,0.0018358174711465836,0.0018358174711465836,0.005128334742039442,1.0,0.00929344028700244,0,0.7615097761154175,0.9984399999998004,0.9999999999998,0.006169367581605911
"vgg11_bn-reg:3,lamb:2.0",3,2.0,cifar100_vgg11_bn,902.806484229,199,1743596417.2105863,{'runtime': 902},4.6052093505859375,7.82012939453125e-05,0.000156402587890625,0.0002000425010919571,2.0,4.605233644287839,0,0.0002000425010919571,0.00999999999999,0.049999999999949994,7.827635272406042e-05,4.605208873748779,7.772445678710938e-05,0.00015544891357421875,0.000194694846868515,2.0,4.605213943557889,0,0.000194694846868515,0.009999999999998,0.04999999999999,7.827635272406042e-05
"vgg11_bn-reg:3,lamb:0.01",3,0.01,cifar100_vgg11_bn,918.788776083,199,1743596444.026568,{'runtime': 918},4.605370044708252,-1.825392246246338e-05,-1.825392246246338e-07,0.0004621222615242005,0.009999999776482582,4.605501102249809,0,0.0004621222615242005,0.00999999999999,0.049999999999949994,0.0003989929100498557,4.60537052154541,-1.862645149230957e-05,-1.862645149230957e-07,0.0004654470831155777,0.009999999776482582,4.605379904784519,0,0.0004654470831155777,0.009999999999998,0.04999999999999,0.0003989929100498557
"vgg11_bn-reg:3,lamb:0.1",3,0.1,cifar100_vgg11_bn,896.667105864,199,1743596427.7687497,{'runtime': 896},4.605347633361816,1.609325408935547e-05,1.6093254089355469e-06,0.0004271799698472023,0.10000000149011612,4.605471371453002,0,0.0004271799698472023,0.00999999999999,0.049999999999949994,0.0003537660522852093,4.605347633361816,1.609325408935547e-05,1.6093254089355469e-06,0.00043094996362924576,0.10000000149011612,4.6053566346446315,0,0.00043094996362924576,0.009999999999998,0.04999999999999,0.00035376608138903975
"vgg11_bn-reg:4,lamb:2.0",4,2.0,cifar100_vgg11_bn,905.793182471,199,1743596441.7373009,{'runtime': 905},1.5695421695709229,1.3547399044036863,2.709479808807373,0.17043498158454895,2.0,1.5595013972198353,0,0.41753488779067993,0.7037999999992961,0.8902999999991096,8.455244064331055,0.009587256237864494,0.003010241314768791,0.006020482629537582,0.004961398895829916,2.0,0.009636920563888624,0,0.493308961391449,0.9983199999998004,0.9999999999998,0.007979100570082664
"vgg11_bn-reg:3,lamb:0.5",3,0.5,cifar100_vgg11_bn,935.190782465,199,1743596812.5047572,{'runtime': 935},2.158039808273315,0.3410804271697998,0.1705402135848999,0.15864518284797668,0.5,2.1545659059860167,0,0.3567787706851959,0.41539999999958455,0.772999999999227,1.8848813772201536,2.201002597808838,0.27533769607543945,0.13766884803771973,0.110981784760952,0.5,2.2015666741590834,0,0.19370996952056885,0.35493999999992903,0.7821599999998436,1.408785343170166
vgg13_bn-baseline,0,0.7,cifar100_vgg13_bn,893.612282614,199,1743597199.304808,{'runtime': 893},1.2900371551513672,0.8616833090782166,0.6031783223152161,0.1329127699136734,0.699999988079071,1.2751817223221955,0,0.34062981605529785,0.7439999999992559,0.9116999999990882,6.517260551452637,0.005699916742742062,0.000672690337523818,0.00047088321298360825,0.003820495679974556,0.699999988079071,0.005713923908217217,0,0.6422827243804932,0.9993399999998002,0.9999999999998,0.0028677377849817276
"vgg13_bn-reg:3,lamb:0.001",3,0.001,cifar100_vgg13_bn,893.291824403,199,1743597237.0495615,{'runtime': 893},2.6730782985687256,0.0008831265731714666,8.831266313791275e-07,0.05855178087949753,0.0010000000474974513,2.6797345571971163,0,0.1701416373252869,0.26589999999973407,0.6291999999993707,1.9803531169891355,2.9000210762023926,0.0008512287749908864,8.512288331985474e-07,0.01674853265285492,0.0010000000474974513,2.8996964144200423,0,0.0629739761352539,0.21251999999995752,0.5747399999998851,2.105375289916992
"vgg13_bn-reg:4,lamb:0.01",4,0.01,cifar100_vgg13_bn,892.999474719,199,1743597243.897921,{'runtime': 893},1.3072679042816162,0.03268234431743622,0.0003268234431743622,0.13443179428577423,0.009999999776482582,1.3010445666040793,0,0.3150146007537842,0.7393999999992605,0.9090999999990907,6.681882858276367,0.006309701129794121,1.5449768397957087e-05,1.544976839795709e-07,0.004160894080996513,0.009999999776482582,0.0063254272749708376,0,0.6389603614807129,0.9992199999998004,0.9999999999998,0.0030083991587162018
"vgg13_bn-reg:4,lamb:0.1",4,0.1,cifar100_vgg13_bn,898.654917439,199,1743597260.0560448,{'runtime': 898},1.324044942855835,0.2809254825115204,0.02809254825115204,0.13588303327560425,0.10000000149011612,1.317868736056832,0,0.3733273446559906,0.7414999999992584,0.9082999999990916,6.853168487548828,0.006815583910793066,0.00016847450751811266,1.6847450751811266e-05,0.004264641553163528,0.10000000149011612,0.006827061544703201,0,0.26657888293266296,0.9990599999998002,0.9999999999998,0.003671682439744473
"vgg13_bn-reg:4,lamb:0.5",4,0.5,cifar100_vgg13_bn,895.664322541,199,1743597273.076708,{'runtime': 895},1.2946882247924805,0.7701883316040039,0.3850941658020019,0.1395060122013092,0.5,1.2887352373954446,0,0.3640502393245697,0.7432999999992567,0.913999999999086,6.775810718536377,0.007222022861242294,0.0006893537938594818,0.0003446768969297409,0.004495764616876841,0.5,0.007203043432781102,0,0.282117635011673,0.9989199999998004,0.9999999999998,0.0034429002553224564
"vgg13_bn-reg:3,lamb:1.0",3,1.0,cifar100_vgg13_bn,898.705137697,199,1743597285.282082,{'runtime': 898},4.605246067047119,7.581710815429688e-05,7.581710815429688e-05,0.00038359686732292175,1.0,4.605246387760889,0,0.00038359686732292175,0.00999999999999,0.049999999999949994,0.00015206763055175543,4.605246067047119,7.581710815429688e-05,7.581710815429688e-05,0.00037785712629556656,1.0,4.605234418361579,0,0.00037785712629556656,0.009999999999998,0.04999999999999,0.00015206763055175543
"vgg13_bn-reg:4,lamb:0.001",4,0.001,cifar100_vgg13_bn,902.709644115,199,1743597300.184033,{'runtime': 902},1.2957409620285034,0.0035124828573316336,3.5124830901622772e-06,0.1342578083276749,0.0010000000474974513,1.2880941730497684,0,0.3411110043525696,0.7411999999992588,0.9110999999990887,6.572616100311279,0.0063513764180243015,-0.00032434353488497436,-3.243435457989108e-07,0.003994039725512266,0.0010000000474974513,0.006351315457648518,0,0.31234851479530334,0.9990799999998002,0.9999999999998,0.0030780378729104996
"vgg13_bn-reg:4,lamb:1.0",4,1.0,cifar100_vgg13_bn,897.685804162,199,1743597296.8783233,{'runtime': 897},1.2997689247131348,0.9788870811462402,0.9788870811462402,0.1443631649017334,1.0,1.2972669762110036,0,0.3618884086608886,0.7442999999992557,0.9143999999990856,6.837714672088623,0.008129959926009178,0.0016421135514974594,0.0016421135514974594,0.004451157059520483,1.0,0.008131451012237344,0,0.7636418342590332,0.9986199999998004,0.9999999999998,0.0058840117417275906
"vgg13_bn-reg:3,lamb:2.0",3,2.0,cifar100_vgg13_bn,902.841758289,199,1743597331.5928097,{'runtime': 902},4.605210304260254,8.058547973632812e-05,0.00016117095947265625,0.00028208643198013306,2.0,4.605188797753121,0,0.00028208643198013306,0.00999999999999,0.049999999999949994,8.02971117082052e-05,4.605210304260254,8.0108642578125e-05,0.00016021728515625,0.00028382614254951477,2.0,4.605201090850202,0,0.00028382614254951477,0.009999999999998,0.04999999999999,8.029711898416281e-05
"vgg13_bn-reg:3,lamb:0.1",3,0.1,cifar100_vgg13_bn,901.094391013,199,1743597346.7034185,{'runtime': 901},4.605372905731201,1.2814998626708984e-05,1.2814998626708984e-06,0.0005455957725644112,0.10000000149011612,4.6054383385588755,0,0.0005455957725644112,0.00999999999999,0.049999999999949994,0.00040534220170229673,4.605372905731201,2.264976501464844e-05,2.264976501464844e-06,0.0005520274862647057,0.10000000149011612,4.605357264750876,0,0.0005520274862647057,0.009999999999998,0.04999999999999,0.0004053421434946358
"vgg13_bn-reg:4,lamb:2.0",4,2.0,cifar100_vgg13_bn,908.509103123,199,1743597358.937739,{'runtime': 908},1.3604837656021118,1.1759406328201294,2.351881265640259,0.1500458866357803,2.0,1.3439233374216066,0,0.390241265296936,0.7432999999992567,0.9104999999990896,7.399488925933838,0.007838576100766659,0.002224772237241268,0.004449544474482536,0.004406554624438286,2.0,0.00802321559518543,0,0.24257922172546387,0.9986799999998004,0.9999799999998,0.005006337538361549
"vgg13_bn-reg:3,lamb:0.01",3,0.01,cifar100_vgg13_bn,915.919306897,199,1743597370.664163,{'runtime': 915},4.605403900146484,-8.083879947662354e-05,-8.083879947662354e-07,0.0005724914371967316,0.009999999776482582,4.60547947768469,0,0.0005724914371967316,0.00999999999999,0.049999999999949994,0.00046631231089122593,4.605403900146484,1.4901161193847656e-05,1.4901161193847656e-07,0.0005661016330122948,0.009999999776482582,4.6053872860291,0,0.0005661016330122948,0.009999999999998,0.04999999999999,0.0004663123399950564
"vgg13_bn-reg:3,lamb:0.5",3,0.5,cifar100_vgg13_bn,936.552985958,199,1743597756.956962,{'runtime': 936},4.605291843414307,6.0558319091796875e-05,3.027915954589844e-05,0.00045946240425109863,0.5,4.605319892208808,0,0.00045946240425109863,0.00999999999999,0.049999999999949994,0.0002427822328172624,4.605291366577148,5.91278076171875e-05,2.956390380859375e-05,0.00046119000762701035,0.5,4.605278214394852,0,0.00046119000762701035,0.009999999999998,0.04999999999999,0.00024278224736917764
"resnet56-reg:8,lamb:0.001",8,0.001,cifar100_resnet56,2754.333811659,199,1743599635.072392,{'runtime': 2754},1.1977007389068604,0.001793261501006782,1.793261617422104e-06,0.047749146819114685,0.0010000000474974513,1.1917928901315484,0,0.1628021001815796,0.6590999999993409,0.9043999999990956,2.9387142658233643,0.8417048454284668,0.025295063853263855,0.0009507946670055388,0.05532374233007431,0.037588149309158325,0.8414800698838741,0,0.10204648971557616,0.7497599999998501,0.94963999999981,1.390730619430542
"resnet56-reg:8,lamb:1.0",8,1.0,cifar100_resnet56,2769.096679729,199,1743599679.0432498,{'runtime': 2769},1.2488456964492798,0.8342186212539673,0.8342186212539673,0.12383852899074554,1.0,1.2396724086880944,0,0.23662668466567993,0.7015999999992983,0.9192999999990806,5.312944412231445,0.18068106472492215,0.17032046616077423,23.574508666992188,0.06068796291947365,138.41265869140625,0.18063764242788177,0,0.18344801664352417,0.9538199999998092,0.9983399999998004,0.17747299373149872
"resnet56-reg:8,lamb:2.0",8,2.0,cifar100_resnet56,2778.047740757,199,1743599693.7678523,{'runtime': 2778},1.235967040061951,0.923827052116394,1.847654104232788,0.10050469636917114,2.0,1.2268777501496138,0,0.15774273872375488,0.6802999999993197,0.9142999999990856,4.434937953948975,0.3575926423072815,0.34548088908195496,82.60975646972656,0.07490263879299164,239.11526489257812,0.35750581611176546,0,0.14962852001190186,0.8956999999998209,0.9934199999998014,0.42769676446914673
"resnet56-reg:8,lamb:0.1",8,0.1,cifar100_resnet56,2767.710678875,199,1743599697.0275447,{'runtime': 2767},1.135322093963623,0.13998165726661682,0.013998165726661682,0.05999666452407837,0.10000000149011612,1.1276065108341262,0,0.09612715244293212,0.682899999999317,0.914099999999086,3.203773260116577,0.4706457853317261,0.1566384881734848,0.16365712881088257,0.09785168617963792,1.0448079109191897,0.4706210531814496,0,0.1708356738090515,0.8622999999998275,0.990419999999802,0.4994749426841736
"resnet56-reg:8,lamb:0.5",8,0.5,cifar100_resnet56,2755.551375343,199,1743599697.249266,{'runtime': 2755},1.2365056276321411,0.6242028474807739,0.31210142374038696,0.1141003593802452,0.5,1.2418189850325247,0,0.21599125862121585,0.703999999999296,0.91989999999908,5.150225639343262,0.19132116436958313,0.15751922130584717,3.885263442993164,0.0648050457239151,24.665328979492188,0.19125008338808816,0,0.1913110613822937,0.95107999999981,0.9982999999998003,0.18176643550395968
vgg16_bn-baseline,0,0.7,cifar100_vgg16_bn,909.285273078,199,1743598126.6792507,{'runtime': 909},1.5858601331710815,1.1745038032531738,0.8221526145935059,0.18454134464263916,0.699999988079071,1.5835159297799022,0,0.4324812889099121,0.7442999999992557,0.9125999999990874,10.17992115020752,0.005482242908328772,0.0008841707021929324,0.0006189194973558187,0.0031292459461838007,0.699999988079071,0.005501028948909837,0,0.2744581401348114,0.9991599999998002,0.9999799999998,0.004218725487589836
"vgg16_bn-reg:3,lamb:0.001",3,0.001,cifar100_vgg16_bn,904.855582157,199,1743598152.117163,{'runtime': 904},4.605391502380371,9.918584692059083e-05,9.918585419654846e-08,0.00038889236748218536,0.0010000000474974513,4.6053485382010795,0,0.00038889236748218536,0.00999999999999,0.049999999999949994,0.0004459318006411195,4.605391502380371,9.872018563328312e-05,9.872019290924072e-08,0.0003830278292298317,0.0010000000474974513,4.605388643555296,0,0.0003830278292298317,0.009999999999998,0.04999999999999,0.00044593182974494994
"vgg16_bn-reg:4,lamb:0.01",4,0.01,cifar100_vgg16_bn,900.813885444,199,1743598155.8158734,{'runtime': 900},1.6132397651672363,0.050644390285015106,0.0005064439028501511,0.18881236016750336,0.009999999776482582,1.6195246334795488,0,0.4537042677402496,0.7400999999992598,0.9082999999990916,10.374382972717283,0.005687383934855461,6.070476956665516e-05,6.070476956665516e-07,0.003068454097956419,0.009999999776482582,0.005700658097790923,0,0.7471398711204529,0.9990399999998002,0.9999999999998,0.004690716974437237
"vgg16_bn-reg:4,lamb:0.1",4,0.1,cifar100_vgg16_bn,907.679487977,199,1743598185.444561,{'runtime': 907},1.5941064357757568,0.4139918088912964,0.04139918088912964,0.18466365337371823,0.10000000149011612,1.6122563209079328,0,0.46052056550979614,0.7436999999992563,0.911799999999088,10.416637420654297,0.006552793085575104,0.0002490065526217222,2.4900655262172226e-05,0.0030831703916192055,0.10000000149011612,0.006586408472702054,0,0.2825823426246643,0.9987399999998005,0.9999999999998,0.005404856987297535
"vgg16_bn-reg:4,lamb:0.5",4,0.5,cifar100_vgg16_bn,907.108297684,199,1743598192.0081298,{'runtime': 907},1.5738672018051147,1.04794442653656,0.52397221326828,0.18036268651485443,0.5,1.5675097372189395,0,0.43352261185646057,0.745899999999254,0.911899999999088,10.290656089782717,0.007243135944008827,0.0010003838688135147,0.0005001919344067574,0.003571087960153818,0.5,0.007262394617045662,0,0.7488079071044922,0.9986599999998004,0.9999999999998,0.0055159153416752815
"vgg16_bn-reg:3,lamb:1.0",3,1.0,cifar100_vgg16_bn,905.419502966,199,1743598200.755982,{'runtime': 905},2.721069574356079,0.3528788089752197,0.3528788089752197,0.1321142315864563,1.0,2.724340396438437,0,0.3771971464157105,0.2523999999997476,0.6736999999993263,1.4029632806777954,2.711627960205078,0.26448822021484375,0.26448822021484375,0.06951417028903961,1.0,2.7117012543170587,0,0.22609910368919373,0.18945999999996213,0.6453599999998709,0.849928617477417
"vgg16_bn-reg:4,lamb:0.001",4,0.001,cifar100_vgg16_bn,906.760876749,199,1743598217.53488,{'runtime': 906},1.6189486980438232,0.0053317048586905,5.3317053243517876e-06,0.1889418065547943,0.0010000000474974513,1.6112203504587443,0,0.4496259093284607,0.7381999999992618,0.9084999999990916,10.27666187286377,0.005704054143279791,-1.7991624190472066e-05,-1.7991624190472066e-08,0.003007254097610712,0.0010000000474974513,0.005689599629966297,0,0.3055992126464844,0.9990799999998002,0.9999999999998,0.004503881558775902
"vgg16_bn-reg:4,lamb:1.0",4,1.0,cifar100_vgg16_bn,901.845600363,199,1743598214.24702,{'runtime': 901},1.6047308444976809,1.29162335395813,1.29162335395813,0.18730466067790985,1.0,1.614208736612172,0,0.4297206997871399,0.7394999999992604,0.912099999999088,10.614026069641112,0.008230103179812431,0.002124680206179619,0.002124680206179619,0.003523019840940833,1.0,0.008214185290731379,0,0.18968339264392853,0.9982199999998004,0.9999999999998,0.008410233072936535
"vgg16_bn-reg:3,lamb:2.0",3,2.0,cifar100_vgg16_bn,914.351313122,199,1743598257.6154065,{'runtime': 914},2.834127902984619,0.3811454772949219,0.7622909545898438,0.12880827486515045,2.0,2.8291740529616822,0,0.18776121735572815,0.22869999999977128,0.6570999999993429,1.3592745065689087,2.745049476623535,0.26020145416259766,0.5204029083251953,0.08305475115776062,2.0,2.7456257427040898,0,0.17982186377048492,0.1839399999999632,0.6375999999998725,0.5982093811035156
"vgg16_bn-reg:3,lamb:0.1",3,0.1,cifar100_vgg16_bn,906.733974158,199,1743598262.0394394,{'runtime': 906},3.5795412063598633,0.04037976264953613,0.004037976264953613,0.051329001784324646,0.10000000149011612,3.5881288698285996,0,0.667304277420044,0.10829999999989168,0.37499999999962497,0.8202295899391174,3.629226922988891,0.053139328956604,0.0053139328956604,0.0138862831518054,0.10000000149011612,3.629248577536099,0,0.08963042497634888,0.08663999999998268,0.3246799999999351,1.0876080989837646
"vgg16_bn-reg:4,lamb:2.0",4,2.0,cifar100_vgg16_bn,925.702687071,199,1743598294.0873342,{'runtime': 925},1.6457890272140503,1.4721091985702517,2.944218397140503,0.18984052538871765,2.0,1.624210632931445,0,0.4392573535442352,0.7386999999992613,0.9115999999990884,11.226861000061035,0.008452081121504307,0.0027410024777054787,0.005482004955410957,0.004002908710390329,2.0,0.008609997424123841,0,0.707856297492981,0.9983599999998004,0.9999999999998,0.006975296884775162
"vgg16_bn-reg:3,lamb:0.01",3,0.01,cifar100_vgg16_bn,926.603681602,199,1743598305.9088173,{'runtime': 926},4.605388641357422,-3.725290298461914e-07,-3.725290298461914e-09,0.000383744016289711,0.009999999776482582,4.605344759266602,0,0.000383744016289711,0.00999999999999,0.049999999999949994,0.0004393701092340052,4.605388641357422,-3.725290298461914e-07,-3.725290298461914e-09,0.0003816448152065277,0.009999999776482582,4.605385424904478,0,0.0003816448152065277,0.009999999999998,0.04999999999999,0.0004393700801301747
"vgg16_bn-reg:3,lamb:0.5",3,0.5,cifar100_vgg16_bn,953.688681716,199,1743598719.67944,{'runtime': 953},2.8536055088043213,0.2382805347442627,0.11914026737213136,0.10728277266025545,0.5,2.8582960062033793,0,0.5422683954238892,0.22149999999977849,0.6150999999993848,1.2029834985733032,2.9523348808288574,0.2213912010192871,0.11069560050964355,0.05191531404852867,0.5,2.9522124381408097,0,0.3656250834465027,0.16727999999996657,0.565579999999887,1.0677942037582395
vgg19_bn-baseline,0,0.7,cifar100_vgg19_bn,945.785682072,199,1743599083.4970767,{'runtime': 945},1.7818922996520996,1.3694145679473877,0.9585901498794556,0.19448533654212952,0.699999988079071,1.7470543640954683,0,0.4709467887878418,0.7429999999992569,0.9003999999990995,12.98315715789795,0.007742954418063164,0.001950063742697239,0.0013650446198880672,0.002869189949706197,0.699999988079071,0.00772494304059004,0,0.3642298281192779,0.9982199999998004,0.9999799999998,0.010605360381305218
"vgg19_bn-reg:3,lamb:0.001",3,0.001,cifar100_vgg19_bn,957.301392391,199,1743599119.1802745,{'runtime': 957},4.6054229736328125,0.00012991949915885925,1.2991949915885925e-07,0.0005186488851904869,0.0010000000474974513,4.60546104792853,0,0.0005186488851904869,0.00999999999999,0.049999999999949994,0.0005066031590104103,4.6054229736328125,0.00012945383787155151,1.2945383787155154e-07,0.0005217166617512703,0.0010000000474974513,4.605444966295342,0,0.0005217166617512703,0.009999999999998,0.04999999999999,0.0005066031590104103
"vgg19_bn-reg:4,lamb:0.01",4,0.01,cifar100_vgg19_bn,962.325834982,199,1743599126.715154,{'runtime': 962},1.7883386611938477,0.06266497075557709,0.0006266497075557709,0.19525903463363647,0.009999999776482582,1.7674659501067822,0,0.48480063676834106,0.7406999999992593,0.900999999999099,12.873461723327637,0.007253454066812992,5.529000191017985e-06,5.5290001910179867e-08,0.002870068419724703,0.009999999776482582,0.007255072361177153,0,0.7102984189987183,0.9986199999998004,0.9999999999998,0.010415000841021538
"vgg19_bn-reg:4,lamb:0.1",4,0.1,cifar100_vgg19_bn,957.428657888,199,1743599159.597821,{'runtime': 957},1.7873101234436035,0.5045229196548462,0.05045229196548462,0.19634747505187988,0.10000000149011612,1.7742419894074375,0,0.4558309018611908,0.7359999999992639,0.9007999999990992,13.011446952819824,0.008181881159543991,0.0004380464088171721,4.3804640881717205e-05,0.0034699845127761364,0.10000000149011612,0.008166775983645704,0,0.3666223883628845,0.9982999999998003,0.9999999999998,0.009865025989711285
"vgg19_bn-reg:4,lamb:0.5",4,0.5,cifar100_vgg19_bn,964.965397852,199,1743599173.8160655,{'runtime': 965},1.754714012145996,1.1996088027954102,0.5998044013977051,0.19311821460723877,0.5,1.7435255791358426,0,0.4397211968898773,0.7333999999992665,0.9012999999990986,12.484488487243652,0.01003007125109434,0.0019944114610552788,0.0009972057305276394,0.003857570933178067,0.5,0.010009563767448729,0,0.276946485042572,0.9978799999998004,0.9999799999998,0.01311033684760332
"vgg19_bn-reg:3,lamb:1.0",3,1.0,cifar100_vgg19_bn,959.127180544,199,1743599169.6760824,{'runtime': 959},3.1375603675842285,0.25768613815307617,0.25768613815307617,0.06653307378292084,1.0,3.1390422395964803,0,0.11930140852928162,0.1381999999998618,0.5083999999994916,0.9494537115097046,3.1444687843322754,0.2071938514709473,0.2071938514709473,0.03544788062572479,1.0,3.144299140837872,0,0.25045013427734375,0.10865999999997827,0.4641399999999072,0.6354222893714905
"vgg19_bn-reg:4,lamb:1.0",4,1.0,cifar100_vgg19_bn,980.794322364,199,1743599204.7738264,{'runtime': 980},1.756485104560852,1.4380275011062622,1.4380275011062622,0.19404616951942444,1.0,1.7523929502159317,0,0.4673658013343811,0.7332999999992666,0.8992999999991006,12.717081069946287,0.011495834216475488,0.0032656248658895493,0.0032656248658895493,0.004427521023899317,1.0,0.011476392752608653,0,0.24751438200473783,0.9974799999998004,0.9999999999998,0.013883705250918863
"vgg19_bn-reg:4,lamb:0.001",4,0.001,cifar100_vgg19_bn,976.613024391,199,1743599210.821664,{'runtime': 976},1.778564453125,0.006637535523623228,6.637535989284515e-06,0.19469185173511505,0.0010000000474974513,1.783244540841611,0,0.46972185373306274,0.7415999999992583,0.9006999999990992,12.957658767700195,0.007910994812846184,0.0002816004562191665,2.8160047804703936e-07,0.0030667742248624563,0.0010000000474974513,0.007976338510441246,0,0.33633846044540405,0.9985399999998004,0.9999799999998,0.01156335137784481
"vgg19_bn-reg:3,lamb:2.0",3,2.0,cifar100_vgg19_bn,985.561654327,199,1743599253.4706104,{'runtime': 985},4.605213165283203,8.535385131835938e-05,0.00017070770263671875,0.0001928806304931641,2.0,4.605268739502675,0,0.0001928806304931641,0.00999999999999,0.049999999999949994,8.567943586967885e-05,4.605212688446045,8.487701416015625e-05,0.0001697540283203125,0.0001928731799125671,2.0,4.605222283342472,0,0.0001928731799125671,0.009999999999998,0.04999999999999,8.567943586967885e-05
"vgg19_bn-reg:3,lamb:0.1",3,0.1,cifar100_vgg19_bn,975.008180038,199,1743599254.7826395,{'runtime': 975},3.939380645751953,0.03495216369628906,0.0034952163696289062,0.016612745821475983,0.10000000149011612,3.9403498699350936,0,0.13176092505455017,0.0588999999999411,0.23649999999976348,0.7028953433036804,3.985257387161255,0.03809511661529541,0.003809511661529541,0.006551322061568499,0.10000000149011612,3.9858870139326608,0,0.7120774984359741,0.04895999999999021,0.2174999999999565,0.7692817449569702
"vgg19_bn-reg:4,lamb:2.0",4,2.0,cifar100_vgg19_bn,978.659413641,199,1743599282.80255,{'runtime': 978},1.7899699211120603,1.6107196807861328,3.2214393615722656,0.20090225338935852,2.0,1.8152803267470696,0,0.4749476015567779,0.7271999999992728,0.9001999999990997,12.917478561401367,0.013984628021717072,0.0058211758732795715,0.011642351746559145,0.0050483099184930325,2.0,0.01408458042970026,0,0.4440515637397766,0.9971199999998006,0.9999799999998,0.02272893488407135
"vgg19_bn-reg:3,lamb:0.01",3,0.01,cifar100_vgg19_bn,972.685117506,199,1743599288.4451995,{'runtime': 972},4.028014183044434,0.0036034733057022095,3.6034733057022095e-05,0.0064009977504611015,0.009999999776482582,4.029330127423988,0,0.11181896924972534,0.0473999999999526,0.20729999999979268,0.7225722074508667,4.091830730438232,0.003619492053985596,3.619492053985596e-05,0.0032528149895370007,0.009999999776482582,4.092156026835785,0,0.6575441956520081,0.042479999999991504,0.18737999999996252,0.7353596091270447
"vgg19_bn-reg:3,lamb:0.5",3,0.5,cifar100_vgg19_bn,1027.093504064,199,1743599755.7460446,{'runtime': 1027},3.311586618423462,0.19569993019104004,0.09784996509552002,0.05870164558291435,0.5,3.314723937874856,0,0.13329246640205383,0.1268999999998731,0.46899999999953096,0.9526777863502502,3.409884452819824,0.1787881851196289,0.08939409255981445,0.028731603175401688,0.5,3.4107441742285696,0,0.5682430267333984,0.09815999999998036,0.3977799999999205,0.8385072946548462
"resnet56-reg:8,lamb:0.01",8,0.01,cifar100_resnet56,3430.589071594,199,1743602240.588255,{'runtime': 3430},1.1265281438827517,0.013208761811256409,0.0001320876181125641,0.03741804510354996,0.009999999776482582,1.1190253806296866,0,0.09457293897867204,0.6757999999993242,0.913899999999086,2.6767399311065674,0.726447582244873,0.07245994359254837,0.011255472898483276,0.07465476542711258,0.1553337275981903,0.7262898309127861,0,0.1278907060623169,0.7821999999998436,0.9658599999998068,1.0476386547088623
repvgg_a0-baseline,0,0.7,cifar100_repvgg_a0,1652.573473227,199,1743600758.3354335,{'runtime': 1652},1.0551024675369265,0.6350744962692261,0.44455212354660034,0.09330356121063232,0.699999988079071,1.037914973237912,0,0.21005375683307648,0.7548999999992451,0.9295999999990704,4.227534294128418,0.007006758823990822,0.00025201987591572106,0.0001764139160513878,0.0063093132339417934,0.699999988079071,0.0070589107210586605,0,0.7359813451766968,0.9998199999998,0.9999999999998,0.0008602074231021106
"repvgg_a0-reg:4,lamb:0.01",4,0.01,cifar100_repvgg_a0,1673.12917981,199,1743600808.3741035,{'runtime': 1673},1.0317779779434204,0.01888042315840721,0.0001888042315840721,0.09295202046632768,0.009999999776482582,1.021249441547189,0,0.20311075448989868,0.7509999999992489,0.9290999999990708,3.8442869186401367,0.007380272261798382,3.697932697832584e-05,3.6979326978325844e-07,0.006627690978348255,0.009999999776482582,0.007407785910849115,0,0.29617443680763245,0.9997799999998,0.9999999999998,0.0008567004697397351
"repvgg_a0-reg:3,lamb:1.0",3,1.0,cifar100_repvgg_a0,1668.101206696,199,1743600847.3753338,{'runtime': 1668},1.0560410022735596,0.6521904468536377,0.6521904468536377,0.0861758440732956,1.0,1.0504319352265696,0,0.1640729308128357,0.71999999999928,0.9280999999990718,3.576080322265625,0.166378915309906,0.03679555654525757,0.03679555654525757,0.07873522490262985,1.0,0.16652637673642606,0,0.2441709041595459,0.9657999999998068,0.9994599999998002,0.10691201686859132
"repvgg_a0-reg:4,lamb:0.5",4,0.5,cifar100_repvgg_a0,1671.891568401,199,1743600855.6344864,{'runtime': 1671},1.03874409198761,0.5175114870071411,0.25875574350357056,0.09097117185592651,0.5,1.03446644816763,0,0.19124102592468264,0.7466999999992533,0.9254999999990744,3.90095853805542,0.010542738251388071,0.00021444540470838547,0.00010722270235419272,0.009808843955397606,0.5,0.0105745607995906,0,0.36201030015945435,0.9998399999998,0.9999999999998,0.000922096660360694
"repvgg_a0-reg:3,lamb:0.001",3,0.001,cifar100_repvgg_a0,1666.637873062,199,1743600857.0202472,{'runtime': 1666},1.1006816625595093,0.0010952353477478027,1.0952353477478027e-06,0.0326438769698143,0.0010000000474974513,1.092363118852275,0,0.06360781192779541,0.6831999999993168,0.9152999999990846,2.542424440383911,0.7630934715270996,0.00015401745622511953,1.540174707770348e-07,0.06235454976558685,0.0010000000474974513,0.7637209998320161,0,0.1082017421722412,0.7780199999998444,0.9576799999998086,1.2881393432617188
"repvgg_a0-reg:4,lamb:0.1",4,0.1,cifar100_repvgg_a0,1664.298581848,199,1743600863.276875,{'runtime': 1664},1.054324746131897,0.172567218542099,0.0172567218542099,0.09254661947488783,0.10000000149011612,1.043676222599894,0,0.22549670934677124,0.7485999999992513,0.9276999999990724,4.032010078430176,0.008347230963408947,5.0264643505215645e-05,5.0264643505215645e-06,0.00752241862937808,0.10000000149011612,0.008375367897667551,0,0.37506815791130066,0.9997599999998,0.9999999999998,0.000998299685306847
"repvgg_a0-reg:4,lamb:1.0",4,1.0,cifar100_repvgg_a0,1685.279956908,199,1743600899.80296,{'runtime': 1685},1.0241714715957642,0.6775127649307251,0.6775127649307251,0.09191589802503586,1.0,1.0137662825434182,0,0.20769232511520383,0.747899999999252,0.9313999999990684,3.8464608192443848,0.010406481102108955,0.0003824103623628616,0.0003824103623628616,0.009647604078054428,1.0,0.010431004409640256,0,0.6523938179016113,0.9997799999998,0.9999999999998,0.0008789878338575363
"repvgg_a0-reg:4,lamb:0.001",4,0.001,cifar100_repvgg_a0,1685.647057267,199,1743600916.5123374,{'runtime': 1685},1.049350380897522,0.002216082066297531,2.216082066297531e-06,0.0939071774482727,0.0010000000474974513,1.0403658402345413,0,0.192143976688385,0.7503999999992496,0.9294999999990704,3.940798282623291,0.007308379746973515,-0.00032101478427648544,-3.2101479519042186e-07,0.006494596600532532,0.0010000000474974513,0.007356261480129289,0,0.21088355779647827,0.9997399999998,0.9999999999998,0.0008445305866189301
"repvgg_a0-reg:3,lamb:2.0",3,2.0,cifar100_repvgg_a0,1678.307612946,199,1743600941.945044,{'runtime': 1678},1.0831855535507202,0.8428834676742554,1.6857669353485107,0.10473687946796416,2.0,1.0821947258985607,0,0.191543847322464,0.7273999999992725,0.9283999999990716,4.211642742156982,0.08166811615228653,0.0211775079369545,0.042355015873909,0.053045861423015594,2.0,0.0817851223275913,0,0.31381338834762573,0.9894799999998022,0.9999799999998,0.03557198494672775
"repvgg_a0-reg:3,lamb:0.1",3,0.1,cifar100_repvgg_a0,1682.332455158,199,1743600946.7752469,{'runtime': 1682},1.052773356437683,0.11453911662101746,0.011453911662101746,0.03316792845726013,0.10000000149011612,1.042266702391411,0,0.06009018421173096,0.6963999999993036,0.921899999999078,2.5803515911102295,0.5997545123100281,0.03953762352466583,0.003953762352466583,0.07725980877876282,0.10000000149011612,0.599919525305638,0,0.13216012716293335,0.8234199999998354,0.9759399999998049,0.8540958166122437
"repvgg_a0-reg:4,lamb:2.0",4,2.0,cifar100_repvgg_a0,1680.816754802,199,1743600974.16898,{'runtime': 1680},1.114806056022644,0.8712691068649292,1.7425382137298584,0.1005362942814827,2.0,1.1090665963499688,0,0.19209527969360352,0.7215999999992784,0.9207999999990792,4.038246154785156,0.019956201314926147,0.0015202462673187256,0.003040492534637451,0.018484629690647125,2.0,0.019993406020947457,0,0.6438826322555542,0.9996799999998002,0.9999999999998,0.001941845053806901
"repvgg_a0-reg:3,lamb:0.01",3,0.01,cifar100_repvgg_a0,1677.675940442,199,1743600983.942716,{'runtime': 1677},1.106431007385254,0.01266198232769966,0.0001266198232769966,0.030843015760183334,0.009999999776482582,1.098861942910614,0,0.09257397055625916,0.6820999999993178,0.9156999999990842,2.562735795974731,0.7716459035873413,0.006322283297777176,6.322283297777176e-05,0.062313348054885864,0.009999999776482582,0.7721550284814025,0,0.1045047640800476,0.7744799999998452,0.9566799999998088,1.2763879299163818
"vgg11_bn-reg:8,lamb:0.001",8,0.001,cifar100_vgg11_bn,1680.862973215,199,1743601328.5284417,{'runtime': 1680},4.605177402496338,-0.00011548399197636172,-1.1548399925231938e-07,8.666515350341797e-05,0.0010000000474974513,4.605180238526134,0,8.666515350341797e-05,0.00999999999999,0.049999999999949994,1.4894098057993688e-05,4.605177402496338,8.818641799734905e-05,0.00104522705078125,9.3693844974041e-05,11.852472305297852,4.605180032164277,0,9.3693844974041e-05,0.009999999999998,0.04999999999999,1.4894096239004284e-05
"vgg11_bn-reg:8,lamb:0.1",8,0.1,cifar100_vgg11_bn,1710.181692559,199,1743601424.0643065,{'runtime': 1710},4.605175018310547,-3.5762786865234375e-06,-3.576278686523438e-07,6.514135748147964e-05,0.10000000149011612,4.605175827782422,0,6.514135748147964e-05,0.00999999999999,0.049999999999949994,9.674023203842808e-06,4.605175018310547,0.0007015857845544815,0.10418701171875,6.92540779709816e-05,148.50216674804688,4.605177117618791,0,6.92540779709816e-05,0.009999999999998,0.04999999999999,9.674022294348106e-06
"vgg11_bn-reg:8,lamb:0.5",8,0.5,cifar100_vgg11_bn,1708.131583152,199,1743601417.816643,{'runtime': 1708},4.605175018310547,1.9073486328125e-06,9.5367431640625e-07,6.514135748147964e-05,0.5,4.605175827782422,0,6.514135748147964e-05,0.00999999999999,0.049999999999949994,9.674023203842808e-06,4.605175018310547,0.001592010259628296,0.5731201171875,6.92540779709816e-05,359.99774169921875,4.605177117618791,0,6.92540779709816e-05,0.009999999999998,0.04999999999999,9.674022294348106e-06
"vgg11_bn-reg:8,lamb:1.0",8,1.0,cifar100_vgg11_bn,1697.092376186,199,1743601462.6714654,{'runtime': 1697},4.605175018310547,4.291534423828125e-06,4.291534423828125e-06,6.514135748147964e-05,1.0,4.605175827782422,0,6.514135748147964e-05,0.00999999999999,0.049999999999949994,9.674023203842808e-06,4.605175018310547,0.0023276926949620247,1.3388671875,6.92540779709816e-05,575.190673828125,4.605177117618791,0,6.92540779709816e-05,0.009999999999998,0.04999999999999,9.674022294348106e-06
"repvgg_a0-reg:3,lamb:0.5",3,0.5,cifar100_repvgg_a0,1682.338273246,199,1743601457.7068782,{'runtime': 1682},1.0241985321044922,0.42051124572753906,0.21025562286376953,0.059250496327877045,0.5,1.0194930506184063,0,0.124805748462677,0.7110999999992889,0.9263999999990736,2.912055730819702,0.3256504237651825,0.05774042010307312,0.02887021005153656,0.09736647456884384,0.5,0.32613954432925485,0,0.4051716923713684,0.9137399999998173,0.9961399999998009,0.2974303066730499
"vgg11_bn-reg:8,lamb:2.0",8,2.0,cifar100_vgg11_bn,1709.179777758,199,1743601504.2310054,{'runtime': 1709},4.605175018310547,9.5367431640625e-06,1.9073486328125e-05,6.514135748147964e-05,2.0,4.605175827782422,0,6.514135748147964e-05,0.00999999999999,0.049999999999949994,9.674023203842808e-06,4.605175018310547,0.0034411773085594177,3.60791015625,6.92540779709816e-05,1048.4522705078125,4.605177117618791,0,6.92540779709816e-05,0.009999999999998,0.04999999999999,9.674022294348106e-06
repvgg_a1-baseline,0,0.7,cifar100_repvgg_a1,2037.337774054,199,1743602804.2989635,{'runtime': 2037},0.981963276863098,0.5647525787353516,0.39532679319381714,0.07217983901500702,0.699999988079071,0.973481741304214,0,0.20063138008117676,0.7680999999992318,0.9343999999990656,3.4971091747283936,0.006324947811663151,0.0002009960444411263,0.00014069722965359688,0.005632446613162756,0.699999988079071,0.006348268596644741,0,0.18550008535385132,0.9997599999998,0.9999999999998,0.0006837366963736713
"repvgg_a1-reg:4,lamb:0.01",4,0.01,cifar100_repvgg_a1,2061.292220908,199,1743602881.81682,{'runtime': 2061},0.9827504754066468,0.017250608652830124,0.00017250608652830124,0.06808561086654663,0.009999999776482582,0.9790230525072622,0,0.18762826919555664,0.7644999999992355,0.9331999999990668,3.4988279342651367,0.006519976072013378,3.4990807762369514e-05,3.4990807762369514e-07,0.005931437015533447,0.009999999776482582,0.0065441607584574915,0,0.30313754081726074,0.9998599999998,0.9999999999998,0.0006952795665711164
"repvgg_a1-reg:3,lamb:1.0",3,1.0,cifar100_repvgg_a1,2050.062196227,199,1743602915.069352,{'runtime': 2050},1.0087018013000488,0.6384673118591309,0.6384673118591309,0.08969013392925262,1.0,1.0117117819640975,0,0.1803423762321472,0.7364999999992634,0.9326999999990672,3.6198842525482178,0.09553813934326172,0.016252517700195312,0.016252517700195312,0.058929506689310074,1.0,0.0955415699126072,0,0.3057938516139984,0.9861399999998028,0.9999399999998,0.04402976483106613
"repvgg_a1-reg:4,lamb:0.5",4,0.5,cifar100_repvgg_a1,2057.676339329,199,1743602924.4602463,{'runtime': 2057},0.9790412783622742,0.4653999209403992,0.2326999604701996,0.07345803081989288,0.5,0.9651652765841366,0,0.190418004989624,0.7552999999992447,0.931999999999068,3.333153009414673,0.008040864951908588,0.0001711444929242134,8.55722464621067e-05,0.0072833518497645855,0.5,0.008054155416432764,0,0.2218153476715088,0.9997399999998,0.9999999999998,0.0007639409159310162
"repvgg_a1-reg:4,lamb:0.1",4,0.1,cifar100_repvgg_a1,2056.09271792,199,1743602929.4324093,{'runtime': 2056},0.9696922898292542,0.14920808374881744,0.014920808374881744,0.06956246495246887,0.10000000149011612,0.9724194285822736,0,0.17900484800338745,0.767999999999232,0.9352999999990648,3.4523515701293945,0.006626063957810402,2.663757186383009e-05,2.663757186383009e-06,0.005973365157842636,0.10000000149011612,0.006653827294006692,0,0.17092758417129517,0.9997799999998,0.9999999999998,0.0006329583120532334
"repvgg_a1-reg:4,lamb:1.0",4,1.0,cifar100_repvgg_a1,2071.908741881,199,1743602982.017502,{'runtime': 2071},0.97446209192276,0.6267419457435608,0.6267419457435608,0.07574433088302612,1.0,0.9689091367087423,0,0.1444392204284668,0.7549999999992449,0.92989999999907,3.3344929218292236,0.00882701762020588,0.00027923472225666046,0.00027923472225666046,0.008178110234439373,1.0,0.008861189850210942,0,0.6387499570846558,0.9997799999998,0.9999999999998,0.0006490136729553342
"repvgg_a1-reg:4,lamb:0.001",4,0.001,cifar100_repvgg_a1,2072.36860559,199,1743602999.9890354,{'runtime': 2072},0.974894106388092,0.0011926167644560337,1.1926167644560335e-06,0.07194412499666214,0.0010000000474974513,0.97066681211762,0,0.17428457736968994,0.7634999999992365,0.933899999999066,3.3455991744995117,0.0067100003361701965,3.4280219551874325e-05,3.4280219551874325e-08,0.006009640172123909,0.0010000000474974513,0.006728765224143437,0,0.6409149169921875,0.9997399999998,0.9999999999998,0.0006458135903812945
"repvgg_a1-reg:3,lamb:0.001",3,0.001,cifar100_repvgg_a1,2051.295155727,199,1743603004.482197,{'runtime': 2051},1.088239669799805,0.0010509975254535675,1.0509975254535675e-06,0.04106305912137032,0.0010000000474974513,1.084842106428733,0,0.09052716195583344,0.6885999999993113,0.916899999999083,2.640040874481201,0.6899856328964233,0.00047910722787491977,4.791072569787502e-07,0.06563455611467361,0.0010000000474974513,0.6904349414925686,0,0.12708497047424316,0.7995199999998401,0.9646599999998072,1.1386005878448486
"repvgg_a1-reg:3,lamb:0.1",3,0.1,cifar100_repvgg_a1,2063.316387455,199,1743603020.0421145,{'runtime': 2063},1.0209330320358276,0.11634446680545808,0.011634446680545809,0.04046834632754326,0.10000000149011612,1.015518209084309,0,0.08474017679691315,0.7110999999992889,0.9250999999990748,2.622363567352295,0.5084719061851501,0.03242630511522293,0.003242630511522293,0.07751527428627014,0.10000000149011612,0.5086244259302308,0,0.14817041158676147,0.8515399999998298,0.9829599999998034,0.6996786594390869
"repvgg_a1-reg:4,lamb:2.0",4,2.0,cifar100_repvgg_a1,2068.694564145,199,1743603052.3181891,{'runtime': 2068},0.980369508266449,0.7759131789207458,1.5518263578414917,0.08743874728679657,2.0,0.9733972442696854,0,0.20611906051635745,0.7602999999992396,0.9324999999990674,3.6300108432769775,0.0076155224815011024,0.000499204732477665,0.00099840946495533,0.006935790181159973,2.0,0.007634617040988779,0,0.6972763538360596,0.9997599999998,0.9999999999998,0.0006602053181268275
"repvgg_a1-reg:3,lamb:0.01",3,0.01,cifar100_repvgg_a1,2059.138667796,199,1743603061.3277118,{'runtime': 2059},1.063833713531494,0.0128844752907753,0.000128844752907753,0.03688525035977363,0.009999999776482582,1.0592691657279194,0,0.09767697006464005,0.6956999999993042,0.9184999999990814,2.6146159172058105,0.6666799783706665,0.005402183160185814,5.402183160185814e-05,0.06550026684999466,0.009999999776482582,0.6670707704121008,0,0.12209635972976685,0.8058399999998389,0.9665799999998068,1.0966696739196775
"repvgg_a1-reg:3,lamb:2.0",3,2.0,cifar100_repvgg_a1,2066.731609628,199,1743603091.9030826,{'runtime': 2066},1.0672359466552734,0.8426742553710938,1.6853485107421875,0.10414473712444304,2.0,1.0610250142544353,0,0.2053731083869934,0.737899999999262,0.9282999999990716,4.280608654022217,0.049322400242090225,0.010328564792871475,0.02065712958574295,0.036372315138578415,2.0,0.04932687298276118,0,0.8208597898483276,0.9953399999998008,0.9999799999998,0.01633504591882229
"vgg13_bn-reg:8,lamb:0.001",8,0.001,cifar100_vgg13_bn,1833.160353721,199,1743603241.3942914,{'runtime': 1833},4.605177402496338,-0.00011548399197636172,-1.1548399925231938e-07,0.00010891910642385484,0.0010000000474974513,4.605159043114457,0,0.00010891910642385484,0.00999999999999,0.049999999999949994,1.4355831808643416e-05,4.605177402496338,8.739576151128858e-05,0.001064300537109375,0.00010324455797672272,12.177942276000977,4.605173147219595,0,0.00010324455797672272,0.009999999999998,0.04999999999999,1.435583362763282e-05
"vgg13_bn-reg:8,lamb:0.5",8,0.5,cifar100_vgg13_bn,1857.491448453,199,1743603285.4961257,{'runtime': 1857},4.605175495147705,3.337860107421875e-06,1.6689300537109375e-06,8.799508213996887e-05,0.5,4.605157600682054,0,8.799508213996887e-05,0.00999999999999,0.049999999999949994,1.031119882100029e-05,4.605175495147705,0.0016447358066216111,0.4962158203125,9.396113455295564e-05,301.69940185546875,4.605171928365431,0,9.396113455295564e-05,0.009999999999998,0.04999999999999,1.0311199730494993e-05
"vgg13_bn-reg:8,lamb:0.1",8,0.1,cifar100_vgg13_bn,1856.966200994,199,1743603291.317233,{'runtime': 1857},4.605175495147705,6.258487701416016e-06,6.258487701416016e-07,8.799508213996887e-05,0.10000000149011612,4.605157600682054,0,8.799508213996887e-05,0.00999999999999,0.049999999999949994,1.031119882100029e-05,4.605175495147705,0.0007234160439111292,0.09808349609375,9.396113455295564e-05,135.58380126953125,4.605171928365431,0,9.396113455295564e-05,0.009999999999998,0.04999999999999,1.0311199730494993e-05
"repvgg_a1-reg:3,lamb:0.5",3,0.5,cifar100_repvgg_a1,2067.329539082,199,1743603538.2634375,{'runtime': 2067},0.9822372794151306,0.4306911826133728,0.2153455913066864,0.06787203252315521,0.5,0.9780681309639028,0,0.1308523416519165,0.7322999999992676,0.9302999999990696,3.114771842956543,0.1963655650615692,0.029344767332077023,0.014672383666038511,0.08069504052400589,0.5,0.1964264656411887,0,0.2323368787765503,0.955639999999809,0.9990999999998004,0.14710381627082825
"vgg13_bn-reg:8,lamb:1.0",8,1.0,cifar100_vgg13_bn,1843.496790933,199,1743603320.4912531,{'runtime': 1843},4.605175495147705,5.245208740234375e-06,5.245208740234375e-06,8.799508213996887e-05,1.0,4.605157600682054,0,8.799508213996887e-05,0.00999999999999,0.049999999999949994,1.031119882100029e-05,4.605175495147705,0.002371664857491851,1.0352783203125,9.396113455295564e-05,436.5196533203125,4.605171928365431,0,9.396113455295564e-05,0.009999999999998,0.04999999999999,1.0311199730494993e-05
"vgg13_bn-reg:8,lamb:2.0",8,2.0,cifar100_vgg13_bn,1837.429515902,199,1743603360.3178508,{'runtime': 1837},4.605175495147705,1.049041748046875e-05,2.09808349609375e-05,8.799508213996887e-05,2.0,4.605157600682054,0,8.799508213996887e-05,0.00999999999999,0.049999999999949994,1.031119882100029e-05,4.605175495147705,0.0035601125564426184,2.447998046875,9.396113455295564e-05,687.6181640625,4.605171928365431,0,9.396113455295564e-05,0.009999999999998,0.04999999999999,1.0311199730494993e-05
"vgg11_bn-reg:8,lamb:0.01",8,0.01,cifar100_vgg11_bn,1905.106200395,199,1743604155.2504296,{'runtime': 1905},4.605175018310547,-2.2724270820617676e-05,-2.272427082061768e-07,6.514135748147964e-05,0.009999999776482582,4.605175827782422,0,6.514135748147964e-05,0.00999999999999,0.049999999999949994,9.674023203842808e-06,4.605175018310547,0.0002200830786023289,0.01007080078125,6.92540779709816e-05,45.75908660888672,4.605177117618791,0,6.92540779709816e-05,0.009999999999998,0.04999999999999,9.674022294348106e-06
repvgg_a2-baseline,0,0.7,cifar100_repvgg_a2,3003.215119568,199,1743605826.5511038,{'runtime': 3003},0.91581392288208,0.5037393569946289,0.3526175618171692,0.04952041432261467,0.699999988079071,0.9106490699160372,0,0.12749779224395752,0.7784999999992215,0.9382999999990616,2.944730758666992,0.005652659572660923,0.00016358282300643623,0.00011450797319412231,0.005068769678473473,0.699999988079071,0.005735109075231153,0,0.2711181044578552,0.9998199999998,0.9999999999998,0.0005710519617423415
"repvgg_a2-reg:4,lamb:0.01",4,0.01,cifar100_repvgg_a2,3026.685090302,199,1743605918.2024994,{'runtime': 3026},0.9312191009521484,0.014833547174930573,0.00014833547174930573,0.05988322198390961,0.009999999776482582,0.9257297096322302,0,0.1433996558189392,0.7766999999992232,0.935999999999064,2.9999783039093018,0.0055647618137300014,3.345085133332759e-05,3.345085133332759e-07,0.00501907616853714,0.009999999776482582,0.005638039676536511,0,0.521446704864502,0.9998199999998,0.9999999999998,0.0004881097993347794
"repvgg_a2-reg:3,lamb:1.0",3,1.0,cifar100_repvgg_a2,3019.137603909,199,1743605943.05015,{'runtime': 3019},0.9465200901031494,0.6137020587921143,0.6137020587921143,0.0931435152888298,1.0,0.9373415974419418,0,0.2301654815673828,0.7538999999992461,0.9430999999990568,3.573956251144409,0.04377162829041481,0.00557124987244606,0.00557124987244606,0.03223802149295807,1.0,0.0438480081812592,0,0.8179907202720642,0.9958799999998008,0.9999999999998,0.014538059011101724
"repvgg_a2-reg:4,lamb:0.1",4,0.1,cifar100_repvgg_a2,3014.956809976,199,1743605964.516737,{'runtime': 3015},0.9386245608329772,0.12671388685703278,0.012671388685703278,0.057502780109643936,0.10000000149011612,0.9511627612120231,0,0.12540149688720703,0.7720999999992278,0.9376999999990622,2.8583998680114746,0.006052996963262558,2.5775516405701637e-05,2.5775516405701637e-06,0.005532553419470787,0.10000000149011612,0.006111444943101634,0,0.5255981683731079,0.9998599999998,0.9999999999998,0.0005285553052090108
"repvgg_a2-reg:4,lamb:1.0",4,1.0,cifar100_repvgg_a2,3044.904621367,199,1743606037.3278208,{'runtime': 3044},0.9159907698631288,0.5677871108055115,0.5677871108055115,0.048538174480199814,1.0,0.9091222909800328,0,0.11517727375030518,0.7690999999992308,0.9365999999990632,2.761302947998047,0.006949033588171005,0.00021418556571006775,0.00021418556571006775,0.006377774756401777,1.0,0.007022397513903323,0,0.16762423515319824,0.9997999999998,0.9999999999998,0.0005162035231478512
"repvgg_a2-reg:4,lamb:0.001",4,0.001,cifar100_repvgg_a2,3034.583391494,199,1743606043.7158687,{'runtime': 3034},0.9298670887947084,0.0009883660823106766,9.883660823106766e-07,0.05821002274751663,0.0010000000474974513,0.9290703502954958,0,0.1622409224510193,0.7746999999992252,0.941999999999058,2.991441249847412,0.005689534358680248,-3.2511707104276866e-05,-3.2511707104276866e-08,0.005127812270075083,0.0010000000474974513,0.005749989305424541,0,0.5261702537536621,0.9998199999998,0.9999999999998,0.0005320173222571611
"repvgg_a2-reg:3,lamb:0.001",3,0.001,cifar100_repvgg_a2,3020.821312966,199,1743606037.279526,{'runtime': 3020},1.0349231958389282,0.0011402880772948265,1.1402880772948263e-06,0.03832978755235672,0.0010000000474974513,1.0344741550481975,0,0.41441959142684937,0.7083999999992916,0.9213999999990784,2.6731278896331787,0.5957152247428894,0.0006224726676009595,6.224727258086205e-07,0.06144136190414429,0.0010000000474974513,0.5964544749685488,0,0.1261972188949585,0.8269999999998346,0.9716999999998056,1.0009698867797852
"repvgg_a2-reg:3,lamb:0.1",3,0.1,cifar100_repvgg_a2,3028.495404299,199,1743606058.4340482,{'runtime': 3028},0.9734091758728028,0.1198897510766983,0.01198897510766983,0.05438080057501793,0.10000000149011612,0.9710161206678904,0,0.09990674257278442,0.7231999999992768,0.9314999999990684,2.7280025482177734,0.3864723742008209,0.02348490059375763,0.002348490059375763,0.07739964127540588,0.10000000149011612,0.38724982478029574,0,0.17669326066970825,0.8925599999998215,0.990459999999802,0.5068447589874268
"repvgg_a2-reg:4,lamb:0.5",4,0.5,cifar100_repvgg_a2,3032.824697128,199,1743606071.3068006,{'runtime': 3032},0.9321742057800292,0.41905927658081055,0.20952963829040527,0.05053658410906792,0.5,0.9380968762079082,0,0.12790226936340332,0.768999999999231,0.935899999999064,2.8667240142822266,0.006479516625404358,0.00010134279727935792,5.0671398639678955e-05,0.005985477939248085,0.5,0.006523941783376787,0,0.3497067391872406,0.9998399999998,0.9999999999998,0.00044548415462486446
"repvgg_a2-reg:4,lamb:2.0",4,2.0,cifar100_repvgg_a2,3034.735512847,199,1743606099.7449243,{'runtime': 3034},0.9142777919769288,0.6945159435272217,1.3890318870544434,0.04799302667379379,2.0,0.9174074185581276,0,0.11821424961090088,0.7665999999992333,0.9370999999990628,2.7464027404785156,0.006890434306114912,0.0003491821698844433,0.0006983643397688866,0.006371702067553997,2.0,0.006937895613672634,0,0.5197693109512329,0.9998399999998,0.9999999999998,0.0004989465232938528
"repvgg_a2-reg:3,lamb:0.01",3,0.01,cifar100_repvgg_a2,3021.058220692,199,1743606094.051664,{'runtime': 3021},1.0435364246368408,0.013281963765621184,0.00013281963765621185,0.04924415051937103,0.009999999776482582,1.0392259699488384,0,0.09246379137039185,0.7026999999992972,0.922899999999077,2.686025857925415,0.5814793109893799,0.004697032272815704,4.697032272815704e-05,0.0657772347331047,0.009999999776482582,0.5822914919081719,0,0.12617045640945437,0.8322999999998336,0.9729399999998056,0.9562207460403442
"repvgg_a2-reg:3,lamb:2.0",3,2.0,cifar100_repvgg_a2,3036.122003772,199,1743606139.8967135,{'runtime': 3036},0.9758355021476746,0.7713639140129089,1.542727828025818,0.09622158110141754,2.0,0.9625977208294018,0,0.1935880184173584,0.7580999999992418,0.9370999999990628,3.902244806289673,0.024273894727230072,0.003495238721370697,0.006990477442741394,0.020337218418717384,2.0,0.024294584674699585,0,0.7439059019088745,0.9986999999998004,0.9999999999998,0.005097683984786272
"vgg16_bn-reg:8,lamb:0.001",8,0.001,cifar100_vgg16_bn,1929.017839329,199,1743605180.5246098,{'runtime': 1929},4.605177402496338,-0.00011594965326366946,-1.1594966053962709e-07,0.0001160958781838417,0.0010000000474974513,4.605142592232503,0,0.0001160958781838417,0.00999999999999,0.049999999999949994,1.4120193554845171e-05,4.60517692565918,8.567683835281059e-05,0.001041412353515625,0.00010894518345594406,12.155120849609377,4.605178411891077,0,0.00010894518345594406,0.009999999999998,0.04999999999999,1.4120194464339876e-05
"vgg16_bn-reg:8,lamb:0.5",8,0.5,cifar100_vgg16_bn,1944.316329163,199,1743605243.6495612,{'runtime': 1944},4.605175018310547,1.9073486328125e-06,9.5367431640625e-07,9.139161556959152e-05,0.5,4.605144463818349,0,9.139161556959152e-05,0.00999999999999,0.049999999999949994,9.726714779390022e-06,4.605174541473389,0.0015830921474844215,0.4735107421875,9.505078196525574e-05,299.10498046875,4.605175915794525,0,9.505078196525574e-05,0.009999999999998,0.04999999999999,9.726714779390022e-06
"vgg16_bn-reg:8,lamb:0.1",8,0.1,cifar100_vgg16_bn,1945.88731231,199,1743605256.6378803,{'runtime': 1945},4.605175018310547,-4.172325134277344e-06,-4.172325134277344e-07,9.139161556959152e-05,0.10000000149011612,4.605144463818349,0,9.139161556959152e-05,0.00999999999999,0.049999999999949994,9.726714779390022e-06,4.605174541473389,0.0007032638532109559,0.09698486328125,9.505078196525574e-05,137.90679931640625,4.605175915794525,0,9.505078196525574e-05,0.009999999999998,0.04999999999999,9.726714779390022e-06
"vgg16_bn-reg:8,lamb:1.0",8,1.0,cifar100_vgg16_bn,1928.982499948,199,1743605260.4641223,{'runtime': 1929},4.605175018310547,4.76837158203125e-06,4.76837158203125e-06,9.139161556959152e-05,1.0,4.605144463818349,0,9.139161556959152e-05,0.00999999999999,0.049999999999949994,9.726714779390022e-06,4.605174541473389,0.002289410680532455,0.976806640625,9.505078196525574e-05,426.6629028320313,4.605175915794525,0,9.505078196525574e-05,0.009999999999998,0.04999999999999,9.726714779390022e-06
"vgg16_bn-reg:8,lamb:2.0",8,2.0,cifar100_vgg16_bn,1932.605604866,199,1743605310.65123,{'runtime': 1932},4.605175018310547,1.0013580322265623e-05,2.002716064453125e-05,9.139161556959152e-05,2.0,4.605144463818349,0,9.139161556959152e-05,0.00999999999999,0.049999999999949994,9.726714779390022e-06,4.605174541473389,0.003435963299125433,2.23095703125,9.505078196525574e-05,649.2959594726562,4.605175915794525,0,9.505078196525574e-05,0.009999999999998,0.04999999999999,9.726714779390022e-06
"repvgg_a2-reg:3,lamb:0.5",3,0.5,cifar100_repvgg_a2,3035.484217122,199,1743606581.3204002,{'runtime': 3035},0.958712875843048,0.44908076524734497,0.22454038262367249,0.07408998161554337,0.5,0.961965577063872,0,0.1710902452468872,0.7494999999992504,0.9352999999990648,3.38020920753479,0.10158436745405196,0.011757783591747284,0.005878891795873642,0.056239210069179535,0.5,0.1015435541186904,0,0.27267131209373474,0.9825199999998036,0.9998999999998,0.05711942911148071
"vgg13_bn-reg:8,lamb:0.01",8,0.01,cifar100_vgg13_bn,2053.578600075,199,1743606218.0954494,{'runtime': 2053},4.605175495147705,-2.2724270820617676e-05,-2.272427082061768e-07,8.799508213996887e-05,0.009999999776482582,4.605157600682054,0,8.799508213996887e-05,0.00999999999999,0.049999999999949994,1.031119882100029e-05,4.605175495147705,0.00022793655807618052,0.00994873046875,9.396113455295564e-05,43.64692687988281,4.605171928365431,0,9.396113455295564e-05,0.009999999999998,0.04999999999999,1.0311199730494993e-05
"vgg19_bn-reg:8,lamb:0.001",8,0.001,cifar100_vgg19_bn,2020.965618419,199,1743607218.2336357,{'runtime': 2021},4.605177402496338,-0.00011548399197636172,-1.1548399925231938e-07,7.831677794456482e-05,0.0010000000474974513,4.605216215889712,0,7.831677794456482e-05,0.00999999999999,0.049999999999949994,1.4998978258518036e-05,4.605177402496338,8.941889245761558e-05,0.00107574462890625,7.271673530340195e-05,12.0303955078125,4.605180978540066,0,7.271673530340195e-05,0.009999999999998,0.04999999999999,1.4998977349023336e-05
"vgg19_bn-reg:8,lamb:0.5",8,0.5,cifar100_vgg19_bn,2042.384779067,199,1743607304.7710345,{'runtime': 2042},4.6051740646362305,9.5367431640625e-07,4.76837158203125e-07,6.500072777271271e-05,0.5,4.605209552090427,0,6.500072777271271e-05,0.00999999999999,0.049999999999949994,8.718126082385425e-06,4.6051740646362305,0.0014820732176303864,0.53564453125,6.922613829374313e-05,361.4157104492187,4.605176460751276,0,6.922613829374313e-05,0.009999999999998,0.04999999999999,8.718126082385425e-06
"vgg19_bn-reg:8,lamb:1.0",8,1.0,cifar100_vgg19_bn,2026.982693923,199,1743607296.2854834,{'runtime': 2027},4.6051740646362305,3.337860107421875e-06,3.337860107421875e-06,6.500072777271271e-05,1.0,4.605209552090427,0,6.500072777271271e-05,0.00999999999999,0.049999999999949994,8.718126082385425e-06,4.6051740646362305,0.00219391449354589,1.244140625,6.922613829374313e-05,567.0870971679688,4.605176460751276,0,6.922613829374313e-05,0.009999999999998,0.04999999999999,8.718126082385425e-06
"vgg19_bn-reg:8,lamb:2.0",8,2.0,cifar100_vgg19_bn,2034.946116731,199,1743607355.189861,{'runtime': 2035},4.6051740646362305,8.106231689453125e-06,1.621246337890625e-05,6.500072777271271e-05,2.0,4.605209552090427,0,6.500072777271271e-05,0.00999999999999,0.049999999999949994,8.718126082385425e-06,4.6051740646362305,0.003348758677020669,3.46240234375,6.922613829374313e-05,1033.93603515625,4.605176460751276,0,6.922613829374313e-05,0.009999999999998,0.04999999999999,8.718126082385425e-06
"vgg19_bn-reg:8,lamb:0.1",8,0.1,cifar100_vgg19_bn,2033.668595742,199,1743607407.599312,{'runtime': 2033},4.6051740646362305,-4.172325134277344e-06,-4.172325134277344e-07,6.500072777271271e-05,0.10000000149011612,4.605209552090427,0,6.500072777271271e-05,0.00999999999999,0.049999999999949994,8.718126082385425e-06,4.6051740646362305,0.0006681286031380296,0.10467529296875,6.922613829374313e-05,156.66937255859375,4.605176460751276,0,6.922613829374313e-05,0.009999999999998,0.04999999999999,8.718126082385425e-06
mobilenetv2_x0_5-baseline,0,0.7,cifar100_mobilenetv2_x0_5,1370.820660392,199,1743607208.4396532,{'runtime': 1370},1.151638388633728,0.6722617149353027,0.4705832004547119,0.11556831002235413,0.699999988079071,1.1322918114215623,0,0.23673629760742188,0.7180999999992819,0.9226999999990771,4.485661506652832,0.11614836752414703,0.021201904863119125,0.014841333031654358,0.0545741468667984,0.699999988079071,0.11640167383985588,0,0.28922325372695923,0.9762199999998048,0.9996999999998,0.0822034552693367
"mobilenetv2_x0_5-reg:4,lamb:0.01",4,0.01,cifar100_mobilenetv2_x0_5,1392.377079468,199,1743607329.1726284,{'runtime': 1392},1.1510387659072876,0.02226978540420532,0.0002226978540420532,0.11331479251384736,0.009999999776482582,1.140982056868933,0,0.2223799824714661,0.7192999999992806,0.9215999999990784,4.5372796058654785,0.11125601828098296,0.00034369295462965965,3.4369295462965965e-06,0.05408469587564469,0.009999999776482582,0.11143309728871335,0,0.24003607034683228,0.9782999999998044,0.9996199999998,0.08003775775432587
"mobilenetv2_x0_5-reg:3,lamb:1.0",3,1.0,cifar100_mobilenetv2_x0_5,1388.636682136,199,1743607341.919574,{'runtime': 1388},1.4900175333023071,0.5591703653335571,0.5591703653335571,0.08469937741756439,1.0,1.4728711750401455,0,0.17474406957626343,0.576999999999423,0.8703999999991295,2.0269598960876465,1.3404405117034912,0.4005553722381592,0.4005553722381592,0.16125482320785522,1.0,1.3408377169878642,0,0.2297319769859314,0.6247799999998751,0.9147999999998172,1.278286337852478
"mobilenetv2_x0_5-reg:4,lamb:0.1",4,0.1,cifar100_mobilenetv2_x0_5,1386.174414956,199,1743607361.187106,{'runtime': 1386},1.1232972145080566,0.17956987023353577,0.017956987023353577,0.11174643039703368,0.10000000149011612,1.1102256712522134,0,0.2297267913818359,0.7207999999992791,0.9250999999990748,4.193361759185791,0.11352448165416718,0.0033083464950323105,0.00033083464950323105,0.058874186128377914,0.10000000149011612,0.11385352631487972,0,0.37020182609558105,0.9790999999998042,0.9998799999998,0.069080650806427
"mobilenetv2_x0_5-reg:4,lamb:1.0",4,1.0,cifar100_mobilenetv2_x0_5,1400.011228527,199,1743607447.1284192,{'runtime': 1400},1.0984511375427246,0.6961493492126465,0.6961493492126465,0.09744717180728912,1.0,1.083115902272289,0,0.1853863000869751,0.7173999999992825,0.9271999999990728,3.9437179565429688,0.14553186297416687,0.02948877215385437,0.02948877215385437,0.07462942600250244,1.0,0.14571934515741172,0,0.24856632947921753,0.9718799999998056,0.9998599999998,0.08265641331672668
"mobilenetv2_x0_5-reg:3,lamb:0.001",3,0.001,cifar100_mobilenetv2_x0_5,1387.761136916,199,1743607436.8166766,{'runtime': 1387},1.9957425594329832,0.0016097909538075328,1.6097910702228546e-06,0.012148752808570862,0.0010000000474974513,1.9795930440245264,0,0.03659099340438843,0.45969999999954025,0.7703999999992296,2.9420855045318604,1.9537924528121948,0.0006675253971479833,6.675254553556442e-07,0.04649760574102402,0.0010000000474974513,1.954793998681781,0,0.07606667280197144,0.4681799999999064,0.7858199999998429,2.460118532180786
"mobilenetv2_x0_5-reg:4,lamb:0.001",4,0.001,cifar100_mobilenetv2_x0_5,1405.092431671,199,1743607458.8303766,{'runtime': 1405},1.1818891763687134,0.0021941959857940674,2.1941959857940674e-06,0.12189095467329024,0.0010000000474974513,1.1720543739249734,0,0.25078266859054565,0.7144999999992855,0.923799999999076,4.679357528686523,0.11074861139059068,0.0001223961589857936,1.223961589857936e-07,0.05405008792877197,0.0010000000474974513,0.1109087465236359,0,0.2401079535484314,0.9779999999998044,0.9997799999998,0.07511396706104279
"mobilenetv2_x0_5-reg:4,lamb:0.5",4,0.5,cifar100_mobilenetv2_x0_5,1395.380618134,199,1743607484.813504,{'runtime': 1395},1.1467022895812988,0.5595784187316895,0.2797892093658447,0.11360462009906767,0.5,1.1334773969796808,0,0.2570109963417053,0.7110999999992889,0.9226999999990771,4.272566318511963,0.12820875644683838,0.014813065528869627,0.0074065327644348145,0.06880369782447815,0.5,0.12838924983431485,0,0.3204536437988281,0.9771999999998048,0.9999799999998,0.0709223598241806
"mobilenetv2_x0_5-reg:3,lamb:0.01",3,0.01,cifar100_mobilenetv2_x0_5,1393.037298627,199,1743607497.9213398,{'runtime': 1393},1.706648826599121,0.013304315507411957,0.00013304315507411957,0.011763215996325016,0.009999999776482582,1.6918061460795433,0,0.03181341290473938,0.525899999999474,0.8253999999991746,2.6913399696350098,1.66856050491333,0.011074542999267578,0.00011074542999267578,0.052862558513879776,0.009999999776482582,1.6689009878465122,0,0.08385670185089111,0.5322799999998936,0.8365399999998328,2.225436210632324
"mobilenetv2_x0_5-reg:4,lamb:2.0",4,2.0,cifar100_mobilenetv2_x0_5,1414.82730028,199,1743607527.7793505,{'runtime': 1414},1.1333225965499878,0.8516892194747925,1.703378438949585,0.0926087349653244,2.0,1.11534431250822,0,0.16946041584014893,0.7026999999992972,0.920899999999079,3.924887418746948,0.20121416449546817,0.07153734564781189,0.14307469129562378,0.08630916476249695,2.0,0.20129211626071977,0,0.23900628089904785,0.9547799999998092,0.9993999999998002,0.135804682970047
"mobilenetv2_x0_5-reg:3,lamb:2.0",3,2.0,cifar100_mobilenetv2_x0_5,1405.497634754,199,1743607555.7020617,{'runtime': 1405},1.6390026807785034,0.6529847383499146,1.305969476699829,0.15864725410938263,2.0,1.623595928739914,0,0.2924261689186096,0.5493999999994506,0.8693999999991305,1.687416911125183,1.4948021173477173,0.4903618097305298,0.9807236194610596,0.21610574424266815,2.0,1.4954393639093475,0,0.3246240019798279,0.5928199999998814,0.9089799999998184,1.0877900123596191
"mobilenetv2_x0_5-reg:3,lamb:0.1",3,0.1,cifar100_mobilenetv2_x0_5,1399.198124001,199,1743607557.3716035,{'runtime': 1399},1.6458698511123655,0.11720627546310423,0.011720627546310425,0.023081094026565552,0.10000000149011612,1.627563865075916,0,0.04588675498962402,0.5367999999994632,0.8365999999991633,2.513192892074585,1.5803792476654053,0.0931909680366516,0.00931909680366516,0.07583140581846237,0.10000000149011612,1.5811571587514894,0,0.1102219820022583,0.5546599999998891,0.8571599999998286,1.9723474979400637
"vgg16_bn-reg:8,lamb:0.01",8,0.01,cifar100_vgg16_bn,2325.072839797,199,1743608555.5787663,{'runtime': 2325},2.925724983215332,0.008053891360759735,8.053891360759735e-05,0.06414005160331726,0.009999999776482582,2.939736508588186,0,0.3415355682373047,0.2122999999997877,0.565999999999434,1.6229811906814575,3.070683002471924,0.08870245516300201,0.010588467121124268,0.03188503533601761,0.11937062442302704,3.070811467354639,0,0.05602484941482544,0.17287999999996542,0.5246799999998951,1.5440723896026611
"mobilenetv2_x0_5-reg:3,lamb:0.5",3,0.5,cifar100_mobilenetv2_x0_5,1400.696088338,199,1743607989.6872206,{'runtime': 1400},1.480216145515442,0.3849440813064575,0.19247204065322876,0.05889521911740303,0.5,1.462116767100539,0,0.10500037670135498,0.5774999999994225,0.8647999999991351,2.140317916870117,1.3680360317230225,0.2836740016937256,0.1418370008468628,0.12423227727413176,0.5,1.3683504187849191,0,0.1734858751296997,0.6090799999998782,0.9019199999998196,1.46921706199646
mobilenetv2_x0_75-baseline,0,0.7,cifar100_mobilenetv2_x0_75,1740.465291118,199,1743608960.5912516,{'runtime': 1740},1.0764472484588623,0.6403305530548096,0.44823139905929565,0.11097939312458038,0.699999988079071,1.0557623614711649,0,0.2353600263595581,0.7402999999992597,0.9306999999990692,4.3217453956604,0.04290715605020523,0.004794246517121792,0.003355972468852997,0.030344819650053974,0.699999988079071,0.0432355389813216,0,0.33549216389656067,0.9957199999998008,0.9999999999998,0.017300281673669815
"repvgg_a0-reg:8,lamb:0.001",8,0.001,cifar100_repvgg_a0,2730.668281909,199,1743609956.632997,{'runtime': 2730},1.107171893119812,0.0009096692665480076,9.096693247556686e-07,0.03310257941484451,0.0010000000474974513,1.101179951154072,0,0.09034519642591476,0.6801999999993198,0.9142999999990856,2.607858180999756,0.7462987303733826,0.0239662267267704,0.0010092183947563171,0.06906746327877045,0.04211002588272095,0.7465252833326111,0,0.1226508617401123,0.7814999999998438,0.9612799999998078,1.1797879934310913
"repvgg_a0-reg:8,lamb:0.5",8,0.5,cifar100_repvgg_a0,2734.720575965,199,1743610051.4588218,{'runtime': 2734},1.1685625314712524,0.6198526620864868,0.3099263310432434,0.12056336551904678,0.5,1.1500083696947403,0,0.22890520095825195,0.7273999999992725,0.9245999999990752,5.181196689605713,0.05000792443752289,0.04222620651125908,4.520333766937256,0.035102471709251404,107.05043029785156,0.05007269569626244,0,0.2626606822013855,0.9944799999998012,0.9999799999998,0.019371259957551956
"mobilenetv2_x0_75-reg:4,lamb:0.01",4,0.01,cifar100_mobilenetv2_x0_75,1766.132653365,199,1743609104.5874789,{'runtime': 1766},1.1125115156173706,0.02208016812801361,0.0002208016812801361,0.1173044741153717,0.009999999776482582,1.0922084861498442,0,0.2416173219680786,0.7359999999992639,0.9276999999990724,4.49774694442749,0.04237806797027588,3.493041731417179e-05,3.493041731417179e-07,0.030204612761735916,0.009999999776482582,0.042441677908167386,0,0.8233199119567871,0.9957199999998008,0.9999999999998,0.015897061675786972
"mobilenetv2_x0_75-reg:3,lamb:1.0",3,1.0,cifar100_mobilenetv2_x0_75,1755.14106782,199,1743609115.1286848,{'runtime': 1755},1.3502638339996338,0.5492079257965088,0.5492079257965088,0.05868583172559738,1.0,1.3377760913603878,0,0.1321098804473877,0.6097999999993902,0.8908999999991091,2.091965675354004,1.1369673013687134,0.35577070713043213,0.35577070713043213,0.1452619433403015,1.0,1.137607495033358,0,0.1985154151916504,0.6727799999998655,0.9373399999998124,1.1599218845367432
"repvgg_a0-reg:8,lamb:1.0",8,1.0,cifar100_repvgg_a0,2739.166040773,199,1743610098.8479,{'runtime': 2739},1.1986323595046997,0.8284732103347778,0.8284732103347778,0.12751226127147677,1.0,1.1932195630666778,0,0.24274450540542605,0.721899999999278,0.9250999999990748,5.403552055358887,0.05060013756155968,0.048009078949689865,26.315998077392575,0.03537346050143242,548.1463012695312,0.05071329323278146,0,0.8546191453933716,0.9947399999998012,0.9999599999998,0.021051226183772087
"mobilenetv2_x0_75-reg:4,lamb:0.1",4,0.1,cifar100_mobilenetv2_x0_75,1756.101995737,199,1743609127.9649951,{'runtime': 1756},1.1036853790283203,0.1944141834974289,0.01944141834974289,0.11557304859161376,0.10000000149011612,1.07822340397217,0,0.2389271855354309,0.7369999999992629,0.9303999999990696,4.623218059539795,0.045326411724090576,0.0007898220792412758,7.898220792412758e-05,0.03278924897313118,0.10000000149011612,0.04562584940605481,0,0.48692786693573,0.9955199999998008,0.9999999999998,0.01632862538099289
"repvgg_a0-reg:8,lamb:2.0",8,2.0,cifar100_repvgg_a0,2757.603737708,199,1743610163.659566,{'runtime': 2757},1.317671537399292,1.0689938068389893,2.1379876136779785,0.14239075779914856,2.0,1.2992821645468722,0,0.2842686176300049,0.7020999999992978,0.9165999999990834,6.105906009674072,0.097209632396698,0.09547603875398636,155.2646484375,0.042752161622047424,1626.2158203125,0.09739988827010776,0,0.2329978346824646,0.9786999999998044,0.9997799999998,0.07684966176748276
"repvgg_a0-reg:8,lamb:0.1",8,0.1,cifar100_repvgg_a0,2737.334816715,199,1743610161.715596,{'runtime': 2737},1.0393970012664795,0.13868026435375214,0.013868026435375214,0.0649275854229927,0.10000000149011612,1.030817629139211,0,0.1289941966533661,0.714999999999285,0.92979999999907,3.2085394859313965,0.26928743720054626,0.10272478312253952,0.1852978467941284,0.09675705432891846,1.8038280010223389,0.26945775388600646,0,0.22988444566726685,0.9343199999998132,0.9977599999998004,0.2217676937580109
"mobilenetv2_x0_75-reg:3,lamb:0.001",3,0.001,cifar100_mobilenetv2_x0_75,1764.523568675,199,1743609212.2042177,{'runtime': 1764},1.621307373046875,0.0010146759450435638,1.0146759450435638e-06,0.012753826566040516,0.0010000000474974513,1.6095160033255338,0,0.033234138041734695,0.5406999999994593,0.838899999999161,2.67125940322876,1.5466933250427246,0.0007874331786297262,7.874332368373871e-07,0.0539446733891964,0.0010000000474974513,1.5471300640095358,0,0.083168625831604,0.5641199999998872,0.8576999999998285,2.179429292678833
"mobilenetv2_x0_75-reg:4,lamb:1.0",4,1.0,cifar100_mobilenetv2_x0_75,1777.125583653,199,1743609236.329003,{'runtime': 1777},1.076521873474121,0.7134275436401367,0.7134275436401367,0.10622486472129822,1.0,1.056917273734031,0,0.21530866622924805,0.7357999999992642,0.9322999999990677,4.187400817871094,0.06628813594579697,0.009377621114253998,0.009377621114253998,0.04647260904312134,1.0,0.06663737936099576,0,0.3246760070323944,0.9929399999998014,0.9999999999998,0.024546882137656212
"mobilenetv2_x0_75-reg:4,lamb:0.001",4,0.001,cifar100_mobilenetv2_x0_75,1774.99218312,199,1743609251.7485886,{'runtime': 1775},1.0989234447479248,0.002198037691414356,2.198037691414356e-06,0.11384882777929306,0.0010000000474974513,1.0816316177227083,0,0.2253766655921936,0.7383999999992615,0.9305999999990692,4.539594650268555,0.04272831603884697,-0.0001870284759206697,-1.8702849047258496e-07,0.030228763818740845,0.0010000000474974513,0.04298572399795304,0,0.5024167895317078,0.9955399999998008,0.9999799999998,0.016524504870176315
"mobilenetv2_x0_75-reg:4,lamb:0.5",4,0.5,cifar100_mobilenetv2_x0_75,1766.366986765,199,1743609261.6133122,{'runtime': 1766},1.055118441581726,0.523157000541687,0.2615785002708435,0.10895194858312608,0.5,1.0356531926635597,0,0.23433458805084229,0.7337999999992662,0.9335999999990664,4.033404350280762,0.05767109990119934,0.004402667284011841,0.0022013336420059204,0.04138226434588432,0.5,0.05781674704086414,0,0.3867908716201782,0.9942399999998012,0.9999999999998,0.02035129815340042
"mobilenetv2_x0_75-reg:3,lamb:0.01",3,0.01,cifar100_mobilenetv2_x0_75,1766.911481136,199,1743609277.63786,{'runtime': 1766},1.594987392425537,0.012937001883983612,0.00012937001883983612,0.008888008072972298,0.009999999776482582,1.5830800320720722,0,0.03163880109786987,0.5477999999994522,0.844899999999155,2.6099681854248047,1.524598240852356,0.01044953241944313,0.0001044953241944313,0.055599700659513474,0.009999999776482582,1.5253608104355745,0,0.08252078294754028,0.5670799999998866,0.8627999999998275,2.1140999794006348
"mobilenetv2_x0_75-reg:4,lamb:2.0",4,2.0,cifar100_mobilenetv2_x0_75,1775.764423618,199,1743609313.5106711,{'runtime': 1775},1.135311722755432,0.8928695917129517,1.785739183425903,0.11761382967233658,2.0,1.114189457614824,0,0.2246253490447998,0.7182999999992816,0.927999999999072,4.498628616333008,0.0864851176738739,0.022280901670455933,0.044561803340911865,0.05589804053306579,2.0,0.08673205254727138,0,0.35638663172721863,0.9885399999998024,0.9999799999998,0.03675992414355278
"mobilenetv2_x0_75-reg:3,lamb:2.0",3,2.0,cifar100_mobilenetv2_x0_75,1772.715822689,199,1743609339.7804048,{'runtime': 1772},1.4365794658660889,0.693070650100708,1.386141300201416,0.10762494802474976,2.0,1.4293032791617553,0,0.219903826713562,0.5974999999994024,0.8864999999991134,1.9789167642593384,1.1927902698516846,0.4498722553253174,0.8997445106506348,0.1916746646165848,2.0,1.19331578022357,0,0.26454031467437744,0.6685599999998664,0.940459999999812,1.0233465433120728
"mobilenetv2_x0_75-reg:3,lamb:0.1",3,0.1,cifar100_mobilenetv2_x0_75,1766.467788186,199,1743609341.9479473,{'runtime': 1766},1.5225999355316162,0.11233493685722352,0.011233493685722353,0.020940177142620087,0.10000000149011612,1.513651376584249,0,0.04085296392440796,0.5662999999994337,0.8585999999991414,2.417496919631958,1.4192349910736084,0.08602693676948547,0.008602693676948547,0.08086124807596207,0.10000000149011612,1.419881619288539,0,0.11926525831222534,0.5954799999998809,0.8827399999998236,1.8290328979492188
"mobilenetv2_x0_75-reg:3,lamb:0.5",3,0.5,cifar100_mobilenetv2_x0_75,1768.360703821,199,1743609826.4024425,{'runtime': 1768},1.3617534637451172,0.37408447265625,0.187042236328125,0.04661433398723602,0.5,1.34992349710095,0,0.08798141032457352,0.6067999999993932,0.8853999999991146,2.1378660202026367,1.192976951599121,0.2528696060180664,0.1264348030090332,0.12247353047132492,0.5,1.1937267712791737,0,0.17328912019729614,0.655239999999869,0.9261399999998148,1.3228514194488523
"vgg19_bn-reg:8,lamb:0.01",8,0.01,cifar100_vgg19_bn,2306.830924896,199,1743610873.4465995,{'runtime': 2306},4.6051740646362305,7.152557373046875e-05,7.152557373046875e-07,6.500072777271271e-05,0.009999999776482582,4.605209552090427,0,6.500072777271271e-05,0.00999999999999,0.049999999999949994,8.718126082385425e-06,4.6051740646362305,0.0002045769797405228,0.009674072265625,6.922613829374313e-05,47.288177490234375,4.605176460751276,0,6.922613829374313e-05,0.009999999999998,0.04999999999999,8.718126082385425e-06
mobilenetv2_x1_0-baseline,0,0.7,cifar100_mobilenetv2_x1_0,1952.250005243,199,1743610963.6541376,{'runtime': 1952},1.0633573532104492,0.6455799341201782,0.4519059658050537,0.11004848778247832,0.699999988079071,1.0654174697715828,0,0.25088053941726685,0.7487999999992512,0.9325999999990672,4.46016263961792,0.0260990671813488,0.0021686512045562267,0.00151805579662323,0.02045847289264202,0.699999988079071,0.02616214882734044,0,0.3192873001098633,0.9980999999998004,0.9999999999998,0.007438440341502428
"mobilenetv2_x1_0-reg:4,lamb:0.01",4,0.01,cifar100_mobilenetv2_x1_0,1976.051996325,199,1743611097.305211,{'runtime': 1976},1.047600507736206,0.021160859614610672,0.00021160859614610672,0.1087346374988556,0.009999999776482582,1.05931109312516,0,0.2418307662010193,0.7494999999992504,0.932899999999067,4.312417984008789,0.02506018429994583,7.391499821096659e-05,7.391499821096659e-07,0.019437596201896667,0.009999999776482582,0.02535634747177846,0,0.5441808700561523,0.9981399999998004,0.9999999999998,0.007935890927910805
"mobilenetv2_x1_0-reg:3,lamb:1.0",3,1.0,cifar100_mobilenetv2_x1_0,1965.929129551,199,1743611092.6921823,{'runtime': 1965},1.2867943048477173,0.5490700006484985,0.5490700006484985,0.04629627242684364,1.0,1.2908046808592064,0,0.09407472610473631,0.6275999999993723,0.8966999999991032,2.1419949531555176,1.0040032863616943,0.32087111473083496,0.32087111473083496,0.13897337019443512,1.0,1.0040923198362823,0,0.1919682025909424,0.7100999999998581,0.9521799999998096,1.0567997694015503
"mobilenetv2_x1_0-reg:4,lamb:0.1",4,0.1,cifar100_mobilenetv2_x1_0,1964.115160946,199,1743611102.7671533,{'runtime': 1964},1.0465614795684814,0.18016748130321503,0.018016748130321503,0.10884103924036026,0.10000000149011612,1.062225946518463,0,0.23722094297409055,0.745899999999254,0.9355999999990644,4.266003608703613,0.03077838011085987,0.000461074523627758,4.61074523627758e-05,0.02368805930018425,0.10000000149011612,0.030895108108410015,0,0.4680589437484741,0.9976199999998006,0.9999999999998,0.00953800603747368
"mobilenetv2_x1_0-reg:3,lamb:0.001",3,0.001,cifar100_mobilenetv2_x1_0,1968.784139713,199,1743611192.9569771,{'runtime': 1968},1.712818264961243,0.0019265570444986224,1.926557160913944e-06,0.00905001349747181,0.0010000000474974513,1.7020900513446875,0,0.0295567587018013,0.521999999999478,0.8237999999991761,2.7600483894348145,1.656636118888855,0.001057516783475876,1.057516783475876e-06,0.05052646249532699,0.0010000000474974513,1.6566869810290643,0,0.08586961030960083,0.5372199999998926,0.840139999999832,2.2808022499084473
"mobilenetv2_x1_0-reg:4,lamb:1.0",4,1.0,cifar100_mobilenetv2_x1_0,1996.649900063,199,1743611248.2094903,{'runtime': 1996},1.036507248878479,0.6920963525772095,0.6920963525772095,0.10402652621269226,1.0,1.0404172656319244,0,0.20182561874389648,0.7443999999992555,0.9346999999990652,4.210909843444824,0.047250621020793915,0.0057533904910087585,0.0057533904910087585,0.03541584312915802,1.0,0.04738242165608994,0,0.3450108468532562,0.9957799999998008,0.9999999999998,0.014587093144655228
"mobilenetv2_x1_0-reg:4,lamb:0.001",4,0.001,cifar100_mobilenetv2_x1_0,1988.38573824,199,1743611250.9929116,{'runtime': 1988},1.0484925508499146,0.0023118918761610985,2.3118918761610985e-06,0.10891243815422058,0.0010000000474974513,1.0735528660116906,0,0.24490481615066528,0.7482999999992517,0.9327999999990672,4.286195755004883,0.026128847151994705,-0.0005740330088883638,-5.740330379921943e-07,0.020716873928904533,0.0010000000474974513,0.026181670555421414,0,0.4229940176010132,0.9983599999998004,0.9999999999998,0.007578440476208925
"mobilenetv2_x1_0-reg:4,lamb:0.5",4,0.5,cifar100_mobilenetv2_x1_0,1977.026388211,199,1743611248.0412476,{'runtime': 1977},1.036918878555298,0.5216219425201416,0.2608109712600708,0.10490453988313676,0.5,1.031179180483515,0,0.21893203258514404,0.7440999999992558,0.9367999999990632,4.077442169189453,0.041503891348838806,0.002773270010948181,0.0013866350054740906,0.03155285120010376,0.5,0.04153548250219089,0,0.37746813893318176,0.9965199999998008,0.9999799999998,0.012719539925456049
"mobilenetv2_x1_0-reg:3,lamb:0.01",3,0.01,cifar100_mobilenetv2_x1_0,1971.561078185,199,1743611257.3754003,{'runtime': 1971},1.5409207344055176,0.01284833997488022,0.0001284833997488022,0.010412858799099922,0.009999999776482582,1.5351917859054172,0,0.04883780330419541,0.5568999999994431,0.854899999999145,2.58923077583313,1.454485535621643,0.010336469858884811,0.00010336469858884811,0.05654602497816086,0.009999999776482582,1.4544464713931036,0,0.08604872226715088,0.5867399999998827,0.8720999999998257,2.0894057750701904
"mobilenetv2_x1_0-reg:4,lamb:2.0",4,2.0,cifar100_mobilenetv2_x1_0,1991.499817711,199,1743611314.0438972,{'runtime': 1991},1.047825574874878,0.8272058963775635,1.654411792755127,0.11179158836603165,2.0,1.059190518889274,0,0.24201416969299316,0.7382999999992617,0.9327999999990672,4.19091796875,0.05010661482810974,0.010285943746566772,0.020571887493133545,0.03758741542696953,2.0,0.05017947652406269,0,0.3837288916110992,0.995699999999801,0.9999999999998,0.015677524730563164
"mobilenetv2_x1_0-reg:3,lamb:0.1",3,0.1,cifar100_mobilenetv2_x1_0,1977.595292516,199,1743611330.3403156,{'runtime': 1977},1.4869189262390137,0.11142492294311523,0.011142492294311523,0.015610840171575546,0.10000000149011612,1.4815841909519305,0,0.057681456208229065,0.5693999999994306,0.8626999999991373,2.404873847961426,1.3854422569274902,0.08596569299697876,0.008596569299697876,0.0769149512052536,0.10000000149011612,1.3854597088535094,0,0.11447393894195557,0.6028999999998794,0.8869999999998226,1.8320529460906985
"mobilenetv2_x1_0-reg:3,lamb:2.0",3,2.0,cifar100_mobilenetv2_x1_0,1980.921592127,199,1743611338.9474783,{'runtime': 1980},1.360791802406311,0.7031556367874146,1.406311273574829,0.08470892161130905,2.0,1.3578254577103177,0,0.1577034890651703,0.6141999999993858,0.8948999999991051,2.0994486808776855,1.0601544380187988,0.4208674430847168,0.8417348861694336,0.17296063899993896,2.0,1.0602107497569633,0,0.24309730529785156,0.6987199999998603,0.9525999999998096,0.9585344791412354
"mobilenetv2_x1_0-reg:3,lamb:0.5",3,0.5,cifar100_mobilenetv2_x1_0,1979.275034562,199,1743611824.0123768,{'runtime': 1979},1.312437891960144,0.37533462047576904,0.18766731023788452,0.036380596458911896,0.5,1.309206553966331,0,0.08962006866931915,0.6193999999993806,0.8914999999991085,2.1782405376434326,1.0975522994995115,0.23446178436279297,0.11723089218139648,0.12009512633085252,0.5,1.097582581948217,0,0.1705835461616516,0.6805599999998639,0.9373799999998126,1.234165906906128
"repvgg_a1-reg:8,lamb:0.001",8,0.001,cifar100_repvgg_a1,3118.430031907,199,1743613086.244703,{'runtime': 3118},1.0224491357803345,0.0010640360414981842,1.0640360414981842e-06,0.035451099276542664,0.0010000000474974513,1.017694285257547,0,0.4126107096672058,0.7075999999992924,0.9234999999990764,2.544443368911743,0.5970258712768555,0.02226955257356167,0.0011171437799930573,0.06947554647922516,0.05016462504863739,0.5970222523929624,0,0.12687385082244873,0.8259599999998348,0.9733999999998054,0.9266671538352966
"repvgg_a1-reg:8,lamb:0.5",8,0.5,cifar100_repvgg_a1,3116.397792574,199,1743613182.3594432,{'runtime': 3116},1.1278634071350098,0.600344181060791,0.3001720905303955,0.11991456151008606,0.5,1.1193072599354557,0,0.2503930330276489,0.7361999999992638,0.9284999999990714,4.925975799560547,0.027018781751394272,0.022918004542589188,4.651677131652832,0.021485740318894383,202.97042846679688,0.02702791848063027,0,0.2676897644996643,0.9980999999998004,0.9999999999998,0.007356429006904364
"repvgg_a1-reg:8,lamb:1.0",8,1.0,cifar100_repvgg_a1,3126.832200857,199,1743613243.6172762,{'runtime': 3126},1.1419676542282104,0.800810694694519,0.800810694694519,0.1251640021800995,1.0,1.140276653779586,0,0.25164246559143066,0.7392999999992607,0.9304999999990694,5.25038480758667,0.021380240097641945,0.02036918513476849,28.807891845703125,0.01676211692392826,1414.287841796875,0.021421134694127743,0,0.2471049427986145,0.9983199999998004,0.9999999999998,0.005966337397694588
"repvgg_a1-reg:8,lamb:0.1",8,0.1,cifar100_repvgg_a1,3118.105357633,199,1743613289.8081725,{'runtime': 3118},0.98868328332901,0.14356568455696106,0.014356568455696106,0.0773175060749054,0.10000000149011612,0.9821775478649408,0,0.16429364681243896,0.7366999999992633,0.9331999999990668,3.350764036178589,0.13572750985622406,0.05855783820152283,0.2143934071063995,0.07349083572626114,3.661224842071533,0.1358405373617124,0,0.2746797800064087,0.9762999999998048,0.9997399999998,0.07591511309146881
"repvgg_a1-reg:8,lamb:2.0",8,2.0,cifar100_repvgg_a1,3131.751210351,199,1743613305.1805055,{'runtime': 3131},1.3120417594909668,1.0895085334777832,2.1790170669555664,0.14441905915737152,2.0,1.3038793575484235,0,0.2863035202026367,0.7207999999992791,0.9193999999990804,6.641402721405029,0.042423829436302185,0.04181284084916115,190.3693389892578,0.025110794231295586,4552.8916015625,0.042408281098788206,0,0.3738028407096863,0.9933199999998014,0.9999599999998,0.02341318130493164
"repvgg_a0-reg:8,lamb:0.01",8,0.01,cifar100_repvgg_a0,3005.250919987,199,1743613896.4242065,{'runtime': 3005},1.060539484024048,0.01245131716132164,0.0001245131716132164,0.028436768800020214,0.009999999776482582,1.0518726629369335,0,0.09224750101566316,0.6967999999993032,0.9189999999990808,2.51404333114624,0.5986721515655518,0.0630243793129921,0.011142395436763763,0.08488114178180695,0.17679500579833984,0.5988901745298453,0,0.15652328729629517,0.8245799999998351,0.9773999999998044,0.8083820343017578
mobilenetv2_x1_4-baseline,0,0.7,cifar100_mobilenetv2_x1_4,2583.53455302,199,1743613564.1639683,{'runtime': 2583},0.9791440963745116,0.5815640687942505,0.4070948362350464,0.09704899042844772,0.699999988079071,0.9749369827455768,0,0.21179354190826416,0.7636999999992362,0.9385999999990612,3.858057737350464,0.01573624461889267,0.001027860795147717,0.0007195025682449341,0.01322055608034134,0.699999988079071,0.015784497894681778,0,0.29811957478523254,0.9992199999998004,0.9999999999998,0.003859612857922912
"mobilenetv2_x1_4-reg:4,lamb:0.01",4,0.01,cifar100_mobilenetv2_x1_4,2608.773206218,199,1743613714.9148586,{'runtime': 2608},0.9855976104736328,0.01943018287420273,0.00019430182874202728,0.09746737033128738,0.009999999776482582,0.9913617727662282,0,0.23360675573349,0.7614999999992385,0.9384999999990614,3.9485714435577393,0.016051772981882095,3.00438841804862e-05,3.00438841804862e-07,0.013937807641923428,0.009999999776482582,0.016182297873150345,0,0.6497951149940491,0.9994799999998002,0.9999999999998,0.0030843650456517935
"mobilenetv2_x1_4-reg:3,lamb:1.0",3,1.0,cifar100_mobilenetv2_x1_4,2599.809772672,199,1743613710.2954524,{'runtime': 2599},1.2421611547470093,0.5475763082504272,0.5475763082504272,0.03086819127202034,1.0,1.2462254908545585,0,0.0958091989159584,0.6350999999993648,0.9015999999990983,2.1882433891296387,0.9190657138824464,0.2931969165802002,0.2931969165802002,0.13760387897491455,1.0,0.9186303341406582,0,0.19343656301498413,0.7336199999998533,0.960979999999808,0.9612106680870056
"mobilenetv2_x1_4-reg:4,lamb:0.1",4,0.1,cifar100_mobilenetv2_x1_4,2600.025907397,199,1743613719.8536468,{'runtime': 2600},1.006973385810852,0.1733381301164627,0.01733381301164627,0.1019742116332054,0.10000000149011612,1.0140463975517022,0,0.20594537258148193,0.7572999999992427,0.935999999999064,4.092966556549072,0.018354792147874832,0.00019683269783854485,1.9683269783854485e-05,0.015537280589342116,0.10000000149011612,0.018408915906091276,0,0.5085111856460571,0.9991799999998002,0.9999999999998,0.004076092038303614
"mobilenetv2_x1_4-reg:3,lamb:0.001",3,0.001,cifar100_mobilenetv2_x1_4,2602.067247111,199,1743613807.3783104,{'runtime': 2602},1.518354892730713,0.001059030182659626,1.059030182659626e-06,0.013532930985093117,0.0010000000474974513,1.516906159736969,0,0.08860726654529572,0.5661999999994337,0.8561999999991438,2.6412413120269775,1.4169862270355225,0.0007799825980328023,7.799826562404633e-07,0.05298289656639099,0.0010000000474974513,1.4160538065684165,0,0.07480227947235107,0.594859999999881,0.8765599999998247,2.0671684741973877
"mobilenetv2_x1_4-reg:4,lamb:1.0",4,1.0,cifar100_mobilenetv2_x1_4,2619.155185832,199,1743613875.1239345,{'runtime': 2619},0.9974270462989808,0.6676264405250549,0.6676264405250549,0.0953553020954132,1.0,1.0020085898516935,0,0.20956695079803467,0.7582999999992417,0.9403999999990597,4.0116424560546875,0.02789846993982792,0.0024363193660974503,0.0024363193660974503,0.02353903651237488,1.0,0.0279682542810354,0,0.557839572429657,0.9987999999998004,0.9999999999998,0.006022299639880657
"mobilenetv2_x1_4-reg:4,lamb:0.5",4,0.5,cifar100_mobilenetv2_x1_4,2604.476426296,199,1743613862.9656365,{'runtime': 2604},0.9846515655517578,0.4970111846923828,0.2485055923461914,0.09750857949256896,0.5,0.9984641027934632,0,0.19755184650421145,0.7561999999992437,0.9363999999990636,3.899331569671631,0.02570391446352005,0.001247890293598175,0.0006239451467990875,0.021517252549529076,0.5,0.02572514823677711,0,0.30816176533699036,0.9987399999998005,0.9999999999998,0.005648855119943619
"mobilenetv2_x1_4-reg:4,lamb:0.001",4,0.001,cifar100_mobilenetv2_x1_4,2618.126992222,199,1743613880.647503,{'runtime': 2618},0.9991233944892884,0.0015799886314198377,1.5799887478351593e-06,0.10258810222148897,0.0010000000474974513,1.0231137735074014,0,0.23467957973480225,0.7591999999992407,0.9382999999990616,4.047029495239258,0.016693919897079468,-0.0004722187295556069,-4.722187441075221e-07,0.0137974601238966,0.0010000000474974513,0.016725479857142764,0,0.286543071269989,0.9991799999998002,0.9999999999998,0.004498248919844627
"mobilenetv2_x1_4-reg:3,lamb:0.01",3,0.01,cifar100_mobilenetv2_x1_4,2605.469888862,199,1743613873.509026,{'runtime': 2605},1.5093950033187866,0.012698490172624588,0.00012698490172624588,0.010079966858029366,0.009999999776482582,1.50673851333143,0,0.027477405965328217,0.5680999999994318,0.8574999999991424,2.5725533962249756,1.4050605297088623,0.010025687515735626,0.00010025687515735626,0.05798763781785965,0.009999999776482582,1.4046747549955745,0,0.08124053478240967,0.5985199999998804,0.8799599999998241,2.0205721855163574
"mobilenetv2_x1_4-reg:4,lamb:2.0",4,2.0,cifar100_mobilenetv2_x1_4,2619.425665399,199,1743613942.502957,{'runtime': 2619},1.017470359802246,0.8097476959228516,1.6194953918457031,0.1043851673603058,2.0,1.0274059814626424,0,0.20699119567871097,0.7515999999992483,0.9381999999990616,4.211162567138672,0.029173152521252632,0.004616992548108101,0.009233985096216202,0.02398355677723885,2.0,0.029202441645398623,0,0.2964630126953125,0.9983999999998004,0.9999999999998,0.007196382619440556
"mobilenetv2_x1_4-reg:3,lamb:0.1",3,0.1,cifar100_mobilenetv2_x1_4,2611.4104841,199,1743613962.2900956,{'runtime': 2611},1.4105628728866575,0.10946497321128844,0.010946497321128843,0.016202876344323158,0.10000000149011612,1.409002029543532,0,0.04592027887701988,0.5934999999994065,0.8706999999991293,2.368623733520508,1.273169755935669,0.07977023720741272,0.007977023720741272,0.0803353488445282,0.10000000149011612,1.2721995637692238,0,0.12349224090576172,0.6319599999998736,0.9030799999998196,1.7022790908813477
"mobilenetv2_x1_4-reg:3,lamb:2.0",3,2.0,cifar100_mobilenetv2_x1_4,2616.74790528,199,1743613966.282534,{'runtime': 2616},1.2257014513015747,0.6882811784744263,1.3765623569488523,0.05619615316390991,2.0,1.229908001115405,0,0.11515027284622192,0.6487999999993511,0.90979999999909,2.1661643981933594,0.873986542224884,0.3704717755317688,0.7409435510635376,0.15296198427677157,2.0,0.8736523118716799,0,0.21461713314056396,0.7511199999998498,0.9673399999998066,0.8645994663238525
"mobilenetv2_x1_4-reg:3,lamb:0.5",3,0.5,cifar100_mobilenetv2_x1_4,2614.331174601,199,1743614450.8789885,{'runtime': 2614},1.2798784971237185,0.3681372404098511,0.1840686202049255,0.035900991410017014,0.5,1.2782620844029533,0,0.08692069351673126,0.6251999999993747,0.8975999999991023,2.141360282897949,1.0611188411712646,0.2276628017425537,0.11383140087127686,0.1184607446193695,0.5,1.060630948513763,0,0.16676634550094604,0.6896599999998622,0.9408599999998118,1.1967628002166748
"repvgg_a2-reg:8,lamb:0.001",8,0.001,cifar100_repvgg_a2,4084.621348342,199,1743617188.9238296,{'runtime': 4084},1.005527377128601,0.0013083916855975986,1.3083918020129204e-06,0.04508642479777336,0.0010000000474974513,0.9946709794299632,0,0.0946176052093506,0.7143999999992855,0.9284999999990714,2.573732852935791,0.5166411995887756,0.019718091934919357,0.0010560229420661926,0.0722467377781868,0.053556039929389954,0.5174262645029262,0,0.15155285596847534,0.8506599999998299,0.979659999999804,0.7694234848022461
"repvgg_a2-reg:8,lamb:0.5",8,0.5,cifar100_repvgg_a2,4085.674118741,199,1743617277.9366655,{'runtime': 4085},0.9943664073944092,0.5194480419158936,0.2597240209579468,0.1032944843173027,0.5,0.9951724303261008,0,0.22208523750305176,0.7608999999992391,0.9375999999990624,4.195667743682861,0.0126693956553936,0.010621829889714718,4.398155212402344,0.011127608828246592,414.0675659179687,0.012705036364702832,0,0.658011794090271,0.9995399999998,0.9999999999998,0.002023337641730905
"repvgg_a2-reg:8,lamb:1.0",8,1.0,cifar100_repvgg_a2,4095.048671629,199,1743617355.6277328,{'runtime': 4095},1.0342599153518677,0.7180625200271606,0.7180625200271606,0.11273036152124404,1.0,1.0359462482127504,0,0.2600436508655548,0.7572999999992427,0.9362999999990635,4.573945999145508,0.011439248919487,0.010847005993127825,26.557601928710938,0.009612292982637882,2448.380859375,0.011491426228130368,0,0.43021389842033386,0.9993799999998002,0.9999999999998,0.0023016694467514753
"repvgg_a2-reg:8,lamb:0.1",8,0.1,cifar100_repvgg_a2,4083.283791084,199,1743617383.7545102,{'runtime': 4083},1.0369713306427002,0.17144523561000824,0.017144523561000824,0.0994681864976883,0.10000000149011612,1.036781728008474,0,0.18915504217147827,0.7421999999992578,0.9329999999990668,4.057612419128418,0.05431152880191803,0.027112901210784912,0.2682044506072998,0.03922341018915176,9.892133712768556,0.05435413421253491,0,0.32688620686531067,0.9947199999998012,0.9999999999998,0.01939287781715393
"repvgg_a2-reg:8,lamb:2.0",8,2.0,cifar100_repvgg_a2,4109.495332828,199,1743617423.571961,{'runtime': 4109},1.2552714347839355,1.0509772300720217,2.101954460144043,0.14024338126182556,2.0,1.2598741453716578,0,0.2810470461845398,0.7372999999992627,0.9242999999990756,6.473485469818115,0.023746974766254425,0.023375023156404495,175.80758666992188,0.016421377658843994,7521.1728515625,0.023800932207089863,0,0.28964072465896606,0.9971399999998006,0.9999999999998,0.00919225811958313
shufflenetv2_x0_5-baseline,0,0.7,cifar100_shufflenetv2_x0_5,1090.656534862,199,1743614663.6468213,{'runtime': 1090},1.309199571609497,0.7441338300704956,0.5208936929702759,0.1191488951444626,0.699999988079071,1.3214267697607,0,0.23152506351470947,0.6793999999993205,0.9012999999990986,4.7696919441223145,0.20089392364025116,0.04148862138390541,0.029042035341262817,0.07911043614149094,0.699999988079071,0.20103632467628488,0,0.23829013109207153,0.9538799999998092,0.9986799999998004,0.16368050873279572
"shufflenetv2_x0_5-reg:3,lamb:1.0",3,1.0,cifar100_shufflenetv2_x0_5,1093.549745053,199,1743614813.757018,{'runtime': 1093},1.367937088012695,0.6025447845458984,0.6025447845458984,0.04182138293981552,1.0,1.3705158021600032,0,0.0865941047668457,0.6149999999993849,0.8792999999991207,2.3395140171051025,1.0487427711486816,0.33396387100219727,0.33396387100219727,0.1597284972667694,1.0,1.049221220011605,0,0.22078973054885864,0.710179999999858,0.9467199999998108,1.080087661743164
"shufflenetv2_x0_5-reg:4,lamb:0.01",4,0.01,cifar100_shufflenetv2_x0_5,1104.432885554,199,1743614831.2956371,{'runtime': 1104},1.297476887702942,0.02289116382598877,0.0002289116382598877,0.11761654913425446,0.009999999776482582,1.2990194943279931,0,0.22481930255889893,0.6790999999993208,0.9031999999990968,4.64844274520874,0.20296619832515717,0.000787246972322464,7.87246972322464e-06,0.08266766369342804,0.009999999776482582,0.20316121285238897,0,0.24626114964485168,0.9548999999998092,0.9989399999998004,0.16041716933250427
"shufflenetv2_x0_5-reg:4,lamb:0.1",4,0.1,cifar100_shufflenetv2_x0_5,1101.838849731,199,1743614833.4795115,{'runtime': 1101},1.2894436120986938,0.197267085313797,0.0197267085313797,0.11238563805818558,0.10000000149011612,1.2840279635557172,0,0.2007206678390503,0.6763999999993235,0.8997999999991001,4.603682041168213,0.20149362087249756,0.006657969206571579,0.0006657969206571579,0.08942889422178268,0.10000000149011612,0.2017527523594704,0,0.277045339345932,0.9577999999998084,0.9994999999998,0.139400914311409
"shufflenetv2_x0_5-reg:3,lamb:0.001",3,0.001,cifar100_shufflenetv2_x0_5,1093.029007705,199,1743614909.2772453,{'runtime': 1093},1.6485202312469482,0.0015246913535520434,1.5246914699673653e-06,0.024916939437389377,0.0010000000474974513,1.6506630803988347,0,0.06542360782623291,0.5386999999994613,0.832999999999167,3.025703191757202,1.484350085258484,0.0013866227818652987,1.3866228982806206e-06,0.06394198536872864,0.0010000000474974513,1.4846738156466197,0,0.09137558937072754,0.5847799999998831,0.8665599999998267,2.1147236824035645
"shufflenetv2_x0_5-reg:4,lamb:0.5",4,0.5,cifar100_shufflenetv2_x0_5,1106.091154098,199,1743614980.9064336,{'runtime': 1106},1.2673919200897217,0.591444730758667,0.2957223653793335,0.10899115353822708,0.5,1.271552252451582,0,0.19166433811187744,0.6759999999993239,0.903999999999096,4.389926433563232,0.192830890417099,0.02178749442100525,0.010893747210502625,0.10219278931617735,0.5,0.19283840393766064,0,0.3022412061691284,0.9665199999998068,0.9998799999998,0.10249289870262146
"shufflenetv2_x0_5-reg:3,lamb:0.01",3,0.01,cifar100_shufflenetv2_x0_5,1110.129664288,199,1743614992.392002,{'runtime': 1110},1.759619116783142,0.015730224549770355,0.00015730224549770355,0.01869555003941059,0.009999999776482582,1.759766768969238,0,0.0496140830218792,0.521999999999478,0.8123999999991875,3.171154499053955,1.5884060859680176,0.010933354496955872,0.00010933354496955872,0.06394380331039429,0.009999999776482582,1.5886527232167271,0,0.09775379300117493,0.560379999999888,0.85053999999983,2.200456142425537
"shufflenetv2_x0_5-reg:4,lamb:1.0",4,1.0,cifar100_shufflenetv2_x0_5,1122.546422117,199,1743615006.5550811,{'runtime': 1122},1.2555662393569946,0.7881580591201782,0.7881580591201782,0.10059644281864166,1.0,1.2524699893442846,0,0.17673742771148682,0.6824999999993174,0.903899999999096,4.393585681915283,0.1892317533493042,0.03494441509246826,0.03494441509246826,0.10631445050239564,1.0,0.1894411668845029,0,0.33150556683540344,0.970019999999806,0.9998999999998,0.09289796650409698
"shufflenetv2_x0_5-reg:4,lamb:0.001",4,0.001,cifar100_shufflenetv2_x0_5,1120.015359419,199,1743615011.3093948,{'runtime': 1120},1.2917903661727903,0.0024227192625403404,2.4227192625403404e-06,0.12067172676324844,0.0010000000474974513,1.2898153987282588,0,0.2234358191490173,0.6769999999993229,0.9041999999990956,4.6399359703063965,0.2139205038547516,0.0002974556991830468,2.974556991830468e-07,0.08342815935611725,0.0010000000474974513,0.21400828658442575,0,0.23972731828689575,0.9518399999998096,0.9984199999998004,0.18135087192058563
"repvgg_a1-reg:8,lamb:0.01",8,0.01,cifar100_repvgg_a1,3899.152038234,199,1743617805.297196,{'runtime': 3899},1.0093342065811155,0.01303069293498993,0.0001303069293498993,0.04123689234256744,0.009999999776482582,1.0042479065530228,0,0.07079815864562988,0.7136999999992862,0.925899999999074,2.6350605487823486,0.4727489948272705,0.05479616299271584,0.011480234563350676,0.08433662354946136,0.2095080018043518,0.4728182330486343,0,0.1629105806350708,0.8638999999998273,0.9859399999998028,0.605556845664978
"shufflenetv2_x0_5-reg:4,lamb:2.0",4,2.0,cifar100_shufflenetv2_x0_5,1118.112832982,199,1743615069.4186378,{'runtime': 1118},1.2697941064834597,0.9682217836380004,1.936443567276001,0.10622140765190125,2.0,1.2742823329362436,0,0.18731218576431272,0.6803999999993195,0.9030999999990968,4.462405204772949,0.15459096431732178,0.041858553886413574,0.08371710777282715,0.09639663994312286,2.0,0.15465211354319344,0,0.3236266076564789,0.979899999999804,0.9998599999998,0.06785508990287781
"shufflenetv2_x0_5-reg:3,lamb:0.1",3,0.1,cifar100_shufflenetv2_x0_5,1109.225716172,199,1743615088.410612,{'runtime': 1109},1.5615556240081787,0.1252266764640808,0.01252266764640808,0.006515768356621265,0.10000000149011612,1.560375189391095,0,0.02469625324010849,0.5621999999994377,0.848899999999151,2.711907386779785,1.385631799697876,0.08482947945594788,0.008482947945594788,0.08756020665168762,0.10000000149011612,1.3860539373595673,0,0.13188844919204712,0.6087999999998783,0.8866199999998228,1.8024885654449463
"shufflenetv2_x0_5-reg:3,lamb:2.0",3,2.0,cifar100_shufflenetv2_x0_5,1126.759593255,199,1743615110.889475,{'runtime': 1126},1.4624921083450315,0.8055092096328735,1.611018419265747,0.06912240386009216,2.0,1.465082269540727,0,0.16242045164108276,0.5923999999994075,0.8719999999991279,2.3837685585021973,1.0851560831069946,0.4496809244155884,0.8993618488311768,0.19146327674388883,2.0,1.0853145018578532,0,0.25627803802490234,0.7096599999998581,0.9472199999998108,1.017133355140686
"shufflenetv2_x0_5-reg:3,lamb:0.5",3,0.5,cifar100_shufflenetv2_x0_5,1122.391363869,199,1743615581.9549897,{'runtime': 1122},1.4488482475280762,0.42255353927612305,0.21127676963806152,0.02639162540435791,0.5,1.4498115416716963,0,0.07107925415039062,0.5875999999994124,0.8663999999991335,2.419389009475708,1.1783552169799805,0.2505674362182617,0.12528371810913086,0.13609816133975983,0.5,1.1782378091502932,0,0.1964840292930603,0.6685599999998664,0.9277999999998144,1.305245280265808
shufflenetv2_x1_0-baseline,0,0.7,cifar100_shufflenetv2_x1_0,1210.926037742,199,1743615886.468326,{'runtime': 1210},1.1754364967346191,0.7082247734069824,0.4957573413848877,0.10896173119544984,0.699999988079071,1.1780550238525198,0,0.25056272745132446,0.7293999999992705,0.9154999999990844,4.7053375244140625,0.018764715641736984,0.0010481689823791385,0.0007337182760238647,0.016170935705304146,0.699999988079071,0.01886420697827884,0,0.31750231981277466,0.9992399999998002,0.9999999999998,0.00355770206078887
"shufflenetv2_x1_0-reg:3,lamb:1.0",3,1.0,cifar100_shufflenetv2_x1_0,1225.567943049,199,1743616051.5380187,{'runtime': 1225},1.1341986656188965,0.6010022163391113,0.6010022163391113,0.03540181368589401,1.0,1.131139848843554,0,0.06903071701526642,0.6761999999993238,0.913799999999086,2.710693359375,0.5037362575531006,0.1471879482269287,0.1471879482269287,0.13252639770507812,1.0,0.5042064329542092,0,0.2201476693153381,0.865019999999827,0.9908999999998018,0.4628787040710449
"shufflenetv2_x1_0-reg:4,lamb:0.01",4,0.01,cifar100_shufflenetv2_x1_0,1233.716783361,199,1743616075.9139829,{'runtime': 1233},1.166525959968567,0.022402964532375336,0.00022402964532375336,0.1136900633573532,0.009999999776482582,1.1666831788484202,0,0.22718924283981323,0.7247999999992751,0.916099999999084,4.545010089874268,0.01883544772863388,4.806206561625004e-05,4.806206561625004e-07,0.0164585430175066,0.009999999776482582,0.018920517131215047,0,0.3063649535179138,0.9992999999998002,0.9999999999998,0.0031280810944736004
"shufflenetv2_x1_0-reg:4,lamb:0.1",4,0.1,cifar100_shufflenetv2_x1_0,1225.573631755,199,1743616067.7063882,{'runtime': 1225},1.169655442237854,0.201580673456192,0.0201580673456192,0.1109057366847992,0.10000000149011612,1.167906973964062,0,0.4151681959629059,0.7279999999992719,0.9133999999990864,4.746609210968018,0.019666288048028942,0.0001541106030344963,1.541106030344963e-05,0.01733790524303913,0.10000000149011612,0.019753196565566913,0,0.7184328436851501,0.9993599999998002,0.9999999999998,0.0031213825568556786
"shufflenetv2_x1_0-reg:3,lamb:0.001",3,0.001,cifar100_shufflenetv2_x1_0,1223.473799528,199,1743616150.870866,{'runtime': 1223},1.409504771232605,0.0009279464720748364,9.279465302824974e-07,0.021941082552075383,0.0010000000474974513,1.4152195181884848,0,0.046159714460372925,0.6013999999993985,0.8714999999991284,2.8441991806030273,1.1597195863723757,0.001005362719297409,1.005362719297409e-06,0.07105328887701035,0.0010000000474974513,1.159344811161408,0,0.10461968183517456,0.6723999999998655,0.9120999999998176,1.7917150259017944
"shufflenetv2_x1_0-reg:4,lamb:0.5",4,0.5,cifar100_shufflenetv2_x1_0,1236.671732303,199,1743616226.4507556,{'runtime': 1236},1.1237832307815552,0.5583726167678833,0.27918630838394165,0.10580810904502869,0.5,1.1148606953217943,0,0.22280579805374143,0.7239999999992759,0.9210999999990788,4.1854248046875,0.02341396175324917,0.0007546599954366684,0.0003773299977183342,0.021105552092194557,0.5,0.02346520069676795,0,0.6473422050476074,0.9995199999998,0.9999999999998,0.003271451685577631
"shufflenetv2_x1_0-reg:3,lamb:0.01",3,0.01,cifar100_shufflenetv2_x1_0,1236.220169487,199,1743616240.378499,{'runtime': 1236},1.2851130962371826,0.013007037341594696,0.00013007037341594696,0.017447397112846375,0.009999999776482582,1.2790749010226232,0,0.09694401174783708,0.6345999999993653,0.888999999999111,2.6272146701812744,1.0436182022094729,0.008023157715797424,8.023157715797424e-05,0.06913267821073532,0.009999999776482582,1.043630080510435,0,0.10897856950759888,0.6994999999998601,0.9280599999998144,1.6197510957717896
"shufflenetv2_x1_0-reg:4,lamb:1.0",4,1.0,cifar100_shufflenetv2_x1_0,1251.868999666,199,1743616269.6282294,{'runtime': 1251},1.119879126548767,0.7402509450912476,0.7402509450912476,0.10372798144817352,1.0,1.1226092201645037,0,0.21885323524475095,0.7243999999992755,0.9175999999990824,4.22833251953125,0.023510217666625977,0.0014355182647705078,0.0014355182647705078,0.021090390160679817,1.0,0.023570987442256067,0,0.8023680448532104,0.9994399999998002,0.9999999999998,0.003383477684110403
"shufflenetv2_x1_0-reg:4,lamb:0.001",4,0.001,cifar100_shufflenetv2_x1_0,1246.189196043,199,1743616268.754572,{'runtime': 1246},1.173429250717163,0.0023172469809651375,2.3172469809651375e-06,0.11239156872034071,0.0010000000474974513,1.166230250603466,0,0.25716543197631836,0.7254999999992744,0.9135999999990864,4.609544277191162,0.017814509570598602,-0.00030530281946994364,-3.0530281946994364e-07,0.015513322316110134,0.0010000000474974513,0.017882410146105907,0,0.8411755561828613,0.9993599999998002,0.9999999999998,0.003140220418572426
"shufflenetv2_x1_0-reg:4,lamb:2.0",4,2.0,cifar100_shufflenetv2_x1_0,1256.825322889,199,1743616337.1038115,{'runtime': 1256},1.26031494140625,1.003779411315918,2.007558822631836,0.12693408131599426,2.0,1.2711916309397362,0,0.2365642786026001,0.6986999999993012,0.9112999999990886,4.9866623878479,0.03695429861545563,0.005165472626686096,0.010330945253372192,0.03135089576244354,2.0,0.03701290608746065,0,0.7011157274246216,0.9983599999998004,0.9999999999998,0.007205938920378685
"shufflenetv2_x1_0-reg:3,lamb:0.1",3,0.1,cifar100_shufflenetv2_x1_0,1239.48345534,199,1743616337.2696784,{'runtime': 1239},1.2705732583999634,0.11544480919837952,0.011544480919837952,0.015571856871247292,0.10000000149011612,1.273955909589329,0,0.131703719496727,0.6344999999993655,0.8893999999991106,2.527177572250366,0.975096583366394,0.06270691752433777,0.006270691752433777,0.09046360850334167,0.10000000149011612,0.9746885299185328,0,0.13317090272903442,0.7184199999998564,0.941099999999812,1.343108296394348
"shufflenetv2_x1_0-reg:3,lamb:2.0",3,2.0,cifar100_shufflenetv2_x1_0,1254.258603275,199,1743616383.3525383,{'runtime': 1254},1.2345314025878906,0.8362288475036621,1.6724576950073242,0.04036957025527954,2.0,1.2364189562090684,0,0.09218871593475342,0.6557999999993441,0.8984999999991015,3.084827184677124,0.5114555954933167,0.2134585976600647,0.4269171953201294,0.1433885097503662,2.0,0.5115921341990236,0,0.22559845447540283,0.8679799999998264,0.990279999999802,0.45979103446006775
"shufflenetv2_x1_0-reg:3,lamb:0.5",3,0.5,cifar100_shufflenetv2_x1_0,1246.517314908,199,1743616840.3535008,{'runtime': 1246},1.161044716835022,0.4159427881240845,0.20797139406204224,0.026217877864837646,0.5,1.1533101376988093,0,0.0971774160861969,0.666899999999333,0.9067999999990932,2.6432037353515625,0.642197847366333,0.13027310371398926,0.06513655185699463,0.12610691785812378,0.5,0.6421419439547726,0,0.19295912981033325,0.8198199999998361,0.9815599999998036,0.6830765008926392
shufflenetv2_x1_5-baseline,0,0.7,cifar100_shufflenetv2_x1_5,1387.239047151,199,1743617283.5910282,{'runtime': 1387},1.0505337715148926,0.6056010723114014,0.42392075061798096,0.08449201285839081,0.699999988079071,1.054909181331121,0,0.19444531202316284,0.746899999999253,0.9210999999990788,3.755389451980591,0.011510313488543034,0.000423167715780437,0.0002962173894047737,0.010361773893237114,0.699999988079071,0.011600615432350228,0,0.5173692107200623,0.9996799999998002,0.9999999999998,0.0014039066154509785
"shufflenetv2_x1_5-reg:3,lamb:1.0",3,1.0,cifar100_shufflenetv2_x1_5,1399.305092701,199,1743617461.7762835,{'runtime': 1399},1.0832890272140503,0.6170920133590698,0.6170920133590698,0.060302671045064926,1.0,1.0851803896098389,0,0.1340925097465515,0.6980999999993018,0.9210999999990788,3.052888870239258,0.3050057291984558,0.07469052076339722,0.07469052076339722,0.11860785633325575,1.0,0.3049471181262629,0,0.2547180652618408,0.9295199999998142,0.9985199999998003,0.21730558574199677
"shufflenetv2_x1_5-reg:4,lamb:0.1",4,0.1,cifar100_shufflenetv2_x1_5,1397.183991602,199,1743617481.5836024,{'runtime': 1397},1.0339847803115845,0.15860721468925476,0.015860721468925476,0.08818301558494568,0.10000000149011612,1.0238682714525214,0,0.2127271294593811,0.7426999999992573,0.9274999999990724,3.6507561206817623,0.01216992363333702,6.779562681913376e-05,6.779562681913376e-06,0.0109039219096303,0.10000000149011612,0.012316866273534411,0,0.5333606004714966,0.9995599999998002,0.9999999999998,0.0014077962841838598
"shufflenetv2_x1_5-reg:4,lamb:0.01",4,0.01,cifar100_shufflenetv2_x1_5,1405.428372975,199,1743617490.0366056,{'runtime': 1405},1.0678131580352783,0.018866732716560364,0.00018866732716560364,0.08915875852108002,0.009999999776482582,1.0680162635755786,0,0.2200947403907776,0.7425999999992573,0.9234999999990764,3.8363826274871826,0.011064180172979832,1.5585101209580898e-06,1.5585101209580898e-08,0.009907165542244911,0.009999999776482582,0.011093487689294778,0,0.7402747869491577,0.9996199999998,0.9999999999998,0.0013182031689211726
"shufflenetv2_x1_5-reg:3,lamb:0.001",3,0.001,cifar100_shufflenetv2_x1_5,1403.647419725,199,1743617564.2854288,{'runtime': 1403},1.2671067714691162,0.001580919953994453,1.5809200704097748e-06,0.0227632075548172,0.0010000000474974513,1.266772487442897,0,0.08509849011898041,0.6408999999993591,0.8891999999991107,2.713458299636841,0.9853813648223876,0.001189415343105793,1.189415343105793e-06,0.07343996316194534,0.0010000000474974513,0.9853282019905562,0,0.12190383672714232,0.7193199999998562,0.9347999999998132,1.5619655847549438
"shufflenetv2_x1_5-reg:4,lamb:0.5",4,0.5,cifar100_shufflenetv2_x1_5,1406.551878472,199,1743617643.5873425,{'runtime': 1406},1.0379033088684082,0.4988255500793457,0.24941277503967285,0.090507835149765,0.5,1.035904793182319,0,0.2198309302330017,0.737899999999262,0.9253999999990744,3.6119370460510254,0.014642637223005297,0.0003451518714427948,0.0001725759357213974,0.013434140011668204,0.5,0.014741833857934004,0,0.5424923896789551,0.9996799999998002,0.9999999999998,0.001505125779658556
"shufflenetv2_x1_5-reg:3,lamb:0.01",3,0.01,cifar100_shufflenetv2_x1_5,1408.130043781,199,1743617660.1278114,{'runtime': 1408},1.2635831832885742,0.013030041009187698,0.00013030041009187698,0.022551918402314183,0.009999999776482582,1.2623966750326827,0,0.1972492039203644,0.6387999999993611,0.8894999999991104,2.6350605487823486,0.9991209506988524,0.007585622370243072,7.585622370243073e-05,0.07348810136318207,0.009999999776482582,0.9989193358081973,0,0.1182153820991516,0.7130999999998574,0.9335999999998134,1.5382516384124756
"shufflenetv2_x1_5-reg:4,lamb:0.001",4,0.001,cifar100_shufflenetv2_x1_5,1419.581553367,199,1743617697.0275297,{'runtime': 1419},1.0619388818740845,0.0014529795153066516,1.4529796317219734e-06,0.09391504526138306,0.0010000000474974513,1.0612033215492362,0,0.22307640314102173,0.7385999999992613,0.925799999999074,3.7967584133148193,0.011203469708561896,-0.0002406213607173413,-2.4062137526925653e-07,0.009977073408663273,0.0010000000474974513,0.011272779240039915,0,0.22281384468078613,0.9995599999998002,0.9999999999998,0.0013072870206087828
"shufflenetv2_x1_5-reg:4,lamb:1.0",4,1.0,cifar100_shufflenetv2_x1_5,1413.706568977,199,1743617700.074474,{'runtime': 1413},1.0143064260482788,0.6557992696762085,0.6557992696762085,0.08495889604091644,1.0,1.0097893161037348,0,0.900781512260437,0.7432999999992567,0.926899999999073,3.5498836040496826,0.015046810731291773,0.0006224866956472397,0.0006224866956472397,0.01391661074012518,1.0,0.015100838729759413,0,0.6438510417938232,0.9996999999998,0.9999999999998,0.0014207540079951286
"shufflenetv2_x1_5-reg:3,lamb:0.1",3,0.1,cifar100_shufflenetv2_x1_5,1413.350905491,199,1743617759.4534075,{'runtime': 1413},1.166717529296875,0.1126023381948471,0.01126023381948471,0.015790380537509918,0.10000000149011612,1.1656257015532858,0,0.08497986197471619,0.6679999999993319,0.9070999999990929,2.4942433834075928,0.8141055107116699,0.05247265100479126,0.005247265100479126,0.09177571535110474,0.10000000149011612,0.8141515975288615,0,0.14865189790725708,0.7646599999998471,0.9573599999998086,1.1270511150360107
"shufflenetv2_x1_5-reg:4,lamb:2.0",4,2.0,cifar100_shufflenetv2_x1_5,1427.500354251,199,1743617782.4333286,{'runtime': 1427},1.0884464979171753,0.8524497747421265,1.704899549484253,0.09518548101186752,2.0,1.08796274932842,0,0.19449597597122192,0.7304999999992694,0.9202999999990796,3.9061319828033447,0.015117269940674303,0.0011235298588871956,0.002247059717774391,0.013940573669970036,2.0,0.015149565160984082,0,0.36207860708236694,0.9996799999998002,0.9999999999998,0.001448210095986724
"shufflenetv2_x1_5-reg:3,lamb:2.0",3,2.0,cifar100_shufflenetv2_x1_5,1419.690457213,199,1743617812.9688146,{'runtime': 1419},1.1409220695495603,0.8419485092163086,1.6838970184326172,0.08374188095331192,2.0,1.1384163734451016,0,0.16352510452270508,0.6952999999993047,0.916899999999083,3.663267374038696,0.2011662870645523,0.06486858427524567,0.12973716855049133,0.10133317112922668,2.0,0.20138370358707144,0,0.2609899640083313,0.9625599999998076,0.9993199999998,0.11780230700969696
"shufflenetv2_x1_5-reg:3,lamb:0.5",3,0.5,cifar100_shufflenetv2_x1_5,1407.860292163,199,1743618256.9168224,{'runtime': 1407},1.1090959310531616,0.41647469997406006,0.20823734998703003,0.034754976630210876,0.5,1.106974819025815,0,0.09013944864273073,0.6858999999993141,0.9145999999990854,2.7228541374206543,0.48328155279159546,0.0908007025718689,0.04540035128593445,0.12151800841093063,0.5,0.4836731817402563,0,0.20963096618652344,0.8691999999998262,0.9909999999998018,0.4692106246948242
"mobilenetv2_x0_5-reg:8,lamb:0.001",8,0.001,cifar100_mobilenetv2_x0_5,2449.8876768,199,1743619648.4283118,{'runtime': 2449},1.9393186569213867,0.001452397438697517,1.4523975551128387e-06,0.016141878440976143,0.0010000000474974513,1.9247827972130105,0,0.04072469472885132,0.476999999999523,0.7806999999992192,2.8750925064086914,1.9016565084457395,0.03580973669886589,0.0011132508516311646,0.0545709952712059,0.03108793869614601,1.902376956988608,0,0.08966851234436035,0.479859999999904,0.7966999999998408,2.341205596923828
"mobilenetv2_x0_5-reg:8,lamb:0.5",8,0.5,cifar100_mobilenetv2_x0_5,2463.789747343,199,1743619750.2771523,{'runtime': 2463},1.5004152059555054,0.308341383934021,0.1541706919670105,0.13416826725006104,0.5,1.4898329641670696,0,0.24614399671554563,0.5806999999994192,0.8806999999991192,1.7503992319107056,1.3569231033325195,0.5083740949630737,1.0227251052856443,0.19526608288288116,2.011756896972656,1.3572173452414713,0,0.2808349132537842,0.625439999999875,0.9211799999998158,1.1304258108139038
shufflenetv2_x2_0-baseline,0,0.7,cifar100_shufflenetv2_x2_0,1804.644014948,199,1743619096.8190832,{'runtime': 1804},1.000171184539795,0.5713814496994019,0.3999670147895813,0.07333503663539886,0.699999988079071,1.0015439686655534,0,0.18505364656448364,0.7572999999992427,0.9275999999990724,3.4931912422180176,0.00878051482141018,0.0003037122660316527,0.00021259859204292295,0.007787101436406374,0.699999988079071,0.008827438900671138,0,0.24267739057540896,0.9996399999998,0.9999999999998,0.0010088123381137848
"mobilenetv2_x0_5-reg:8,lamb:1.0",8,1.0,cifar100_mobilenetv2_x0_5,2477.198858559,199,1743619842.520999,{'runtime': 2477},1.996533989906311,0.32974493503570557,0.32974493503570557,0.2367137223482132,1.0,1.9837805981444967,0,0.4335657060146332,0.4776999999995223,0.8396999999991602,1.2875642776489258,1.8307228088378904,0.4860779643058777,3.161218643188477,0.2662118375301361,6.503521919250488,1.831080209750544,0,0.4539635181427002,0.5092399999998982,0.8908199999998219,0.7348086833953857
"mobilenetv2_x0_5-reg:8,lamb:0.1",8,0.1,cifar100_mobilenetv2_x0_5,2480.017580548,199,1743619875.317984,{'runtime': 2480},1.4974522590637207,0.10087266564369202,0.010087266564369202,0.05638457462191582,0.10000000149011612,1.480116198586937,0,0.10753989219665527,0.5733999999994266,0.8660999999991338,2.1697418689727783,1.3912407159805298,0.2758525609970093,0.1276181936264038,0.12341808527708054,0.46263188123703,1.392263321172953,0,0.17777752876281738,0.6054799999998789,0.8977799999998205,1.512669324874878
"mobilenetv2_x0_5-reg:8,lamb:2.0",8,2.0,cifar100_mobilenetv2_x0_5,2482.550670188,199,1743619916.916622,{'runtime': 2482},2.792053461074829,0.28763890266418457,0.5752778053283691,0.1962856948375702,2.0,2.7888146929921427,0,0.2667164206504822,0.2935999999997064,0.6976999999993022,0.780272901058197,2.745404005050659,0.4543904960155487,6.088838577270508,0.17908591032028198,13.400012969970703,2.745989492821237,0,0.21640053391456604,0.27593999999994484,0.7189799999998563,0.565149188041687
"shufflenetv2_x2_0-reg:3,lamb:1.0",3,1.0,cifar100_shufflenetv2_x2_0,1819.774428971,199,1743619299.329185,{'runtime': 1819},1.0818774700164795,0.6318662166595459,0.6318662166595459,0.06828626990318298,1.0,1.0836218965324735,0,0.13570928573608398,0.7022999999992976,0.9201999999990798,3.2087457180023193,0.24437543749809265,0.05472108721733093,0.05472108721733093,0.11006464064121246,1.0,0.24435923695838063,0,0.25830674171447754,0.9491799999998102,0.9991799999998002,0.1553853452205658
"shufflenetv2_x2_0-reg:4,lamb:0.1",4,0.1,cifar100_shufflenetv2_x2_0,1816.954391795,199,1743619309.085488,{'runtime': 1817},0.988749861717224,0.1486486941576004,0.01486486941576004,0.07306786626577377,0.10000000149011612,0.9963921469939248,0,0.16973918676376343,0.7560999999992438,0.9340999999990658,3.418442964553833,0.009748300537467005,4.943343810737133e-05,4.943343810737133e-06,0.008753117173910141,0.10000000149011612,0.0097930068430265,0,0.21500664949417111,0.9996199999998,0.9999999999998,0.0010388672817498446
"shufflenetv2_x2_0-reg:4,lamb:0.01",4,0.01,cifar100_shufflenetv2_x2_0,1829.479010055,199,1743619328.3690376,{'runtime': 1829},1.009729266166687,0.017240457236766815,0.00017240457236766815,0.07883894443511963,0.009999999776482582,1.0080909041030264,0,0.18941748142242432,0.7544999999992454,0.930899999999069,3.491471767425537,0.008733436465263367,-4.036846803501248e-05,-4.0368468035012484e-07,0.00790056586265564,0.009999999776482582,0.008768564574353207,0,0.6230514049530029,0.9997399999998,0.9999999999998,0.0008983099833130836
"shufflenetv2_x2_0-reg:3,lamb:0.001",3,0.001,cifar100_shufflenetv2_x2_0,1822.080474862,199,1743619403.08338,{'runtime': 1822},1.2037421464920044,0.001158914528787136,1.158914528787136e-06,0.03064722940325737,0.0010000000474974513,1.211580167407886,0,0.09494414180517197,0.6511999999993487,0.900999999999099,2.583463668823242,0.9009315967559814,0.0006630434072576463,6.630434654653072e-07,0.07349501550197601,0.0010000000474974513,0.9000967798333352,0,0.1254083514213562,0.7410399999998518,0.9441399999998112,1.4247641563415527
"shufflenetv2_x2_0-reg:4,lamb:0.5",4,0.5,cifar100_shufflenetv2_x2_0,1821.210340026,199,1743619476.5838566,{'runtime': 1821},0.964955747127533,0.45456451177597046,0.22728225588798523,0.07244336605072021,0.5,0.970828856285098,0,0.15736979246139526,0.756999999999243,0.9340999999990658,3.234255075454712,0.011722836643457413,0.00021580234169960025,0.00010790117084980012,0.01086785364896059,0.5,0.011753454371421038,0,0.31847140192985535,0.9997199999998,0.9999999999998,0.0009256942430511116
"shufflenetv2_x2_0-reg:3,lamb:0.01",3,0.01,cifar100_shufflenetv2_x2_0,1827.567566656,199,1743619499.6404147,{'runtime': 1827},1.196656584739685,0.012669898569583893,0.00012669898569583893,0.027701694518327713,0.009999999776482582,1.2036307421297792,0,0.1574079543352127,0.6552999999993446,0.9001999999990997,2.5697388648986816,0.886640727519989,0.006876140832901001,6.876140832901001e-05,0.07428406178951263,0.009999999776482582,0.8860962837482403,0,0.11738741397857666,0.745019999999851,0.945559999999811,1.3841872215270996
"shufflenetv2_x2_0-reg:4,lamb:0.001",4,0.001,cifar100_shufflenetv2_x2_0,1838.28823261,199,1743619545.2278285,{'runtime': 1838},1.009300708770752,0.0012669478310272098,1.2669479474425316e-06,0.07997328042984009,0.0010000000474974513,1.0164319602094158,0,0.18159633874893188,0.7535999999992463,0.9276999999990724,3.549121856689453,0.008792227134108543,0.00020915830100420865,2.0915831555612385e-07,0.007872004993259907,0.0010000000474974513,0.00883775021199054,0,0.22240525484085083,0.9996199999998,0.9999999999998,0.0008890670724213123
"shufflenetv2_x2_0-reg:4,lamb:1.0",4,1.0,cifar100_shufflenetv2_x2_0,1838.347959658,199,1743619547.0173662,{'runtime': 1838},0.9609079957008362,0.6115923523902893,0.6115923523902893,0.07224371284246445,1.0,0.9594632861599754,0,0.15726429224014282,0.7534999999992464,0.9323999999990676,3.185464382171631,0.011892067268490791,0.0004031527787446976,0.0004031527787446976,0.01109452173113823,1.0,0.01192461875472579,0,0.2632555365562439,0.9996999999998,0.9999999999998,0.0009242073283530772
"shufflenetv2_x2_0-reg:3,lamb:0.1",3,0.1,cifar100_shufflenetv2_x2_0,1831.938305297,199,1743619608.076295,{'runtime': 1831},1.1237174272537231,0.11205978691577911,0.011205978691577911,0.02058393508195877,0.10000000149011612,1.1333296653775258,0,0.09258612245321274,0.6774999999993224,0.90989999999909,2.4819231033325195,0.7353118658065796,0.0460437685251236,0.00460437685251236,0.09320725500583649,0.10000000149011612,0.734712011314392,0,0.1536061465740204,0.7870399999998426,0.9660399999998068,0.9874030351638794
"shufflenetv2_x2_0-reg:4,lamb:2.0",4,2.0,cifar100_shufflenetv2_x2_0,1835.881704712,199,1743619629.983949,{'runtime': 1835},1.0123913288116455,0.787769079208374,1.575538158416748,0.08204207569360733,2.0,1.0085349512559114,0,0.19607222080230713,0.7455999999992543,0.9281999999990718,3.475259304046631,0.012124436907470226,0.0007990775629878044,0.0015981551259756088,0.01115149911493063,2.0,0.012136927909757945,0,0.2689981162548065,0.9996799999998002,0.9999999999998,0.001052879262715578
"repvgg_a2-reg:8,lamb:0.01",8,0.01,cifar100_repvgg_a2,5189.485227003,199,1743623006.7471972,{'runtime': 5189},1.0017765760421753,0.014342181384563446,0.00014342181384563446,0.06057575345039368,0.009999999776482582,0.9963296857965642,0,0.9084815382957458,0.720999999999279,0.9281999999990718,2.9118545055389404,0.3435558080673218,0.04398220777511597,0.01176319271326065,0.08351798355579376,0.2674534320831299,0.34410149556710684,0,0.19809949398040771,0.9058399999998188,0.9931799999998014,0.3885332345962525
"shufflenetv2_x2_0-reg:3,lamb:2.0",3,2.0,cifar100_shufflenetv2_x2_0,1833.569220915,199,1743619655.3953128,{'runtime': 1833},1.1257532835006714,0.8567990064620972,1.7135980129241943,0.09707171469926834,2.0,1.136847118749125,0,0.1924515664577484,0.7091999999992907,0.920899999999079,4.034975051879883,0.12429724633693696,0.0342012494802475,0.068402498960495,0.07480959594249725,2.0,0.12438053827174232,0,0.2977692782878876,0.9813999999998038,0.9999599999998,0.05811534821987152
"shufflenetv2_x2_0-reg:3,lamb:0.5",3,0.5,cifar100_shufflenetv2_x2_0,1833.20786175,199,1743620101.1893923,{'runtime': 1833},1.075383186340332,0.4175748825073242,0.2087874412536621,0.04238216206431389,0.5,1.087739020314079,0,0.09259147197008132,0.6964999999993035,0.917999999999082,2.7837164402008057,0.401465117931366,0.06898373365402222,0.03449186682701111,0.12081272900104524,0.5,0.4014925777099086,0,0.22441726922988892,0.8964199999998208,0.995279999999801,0.34998393058776855
"mobilenetv2_x0_75-reg:8,lamb:0.001",8,0.001,cifar100_mobilenetv2_x0_75,2820.514024746,199,1743622485.5065863,{'runtime': 2820},1.5458916425704956,0.000939355173613876,9.39355231821537e-07,0.01020997390151024,0.0010000000474974513,1.5290468316427894,0,0.030230700969696045,0.5618999999994381,0.852899999999147,2.5708248615264893,1.4625918865203855,0.033961717039346695,0.0011709779500961304,0.06264694035053253,0.034479349851608276,1.4632705948044158,0,0.08756601810455322,0.5828999999998834,0.8727799999998255,2.0161802768707275
"mobilenetv2_x0_75-reg:8,lamb:0.5",8,0.5,cifar100_mobilenetv2_x0_75,2851.31644549,199,1743622618.3672616,{'runtime': 2851},1.3105307817459106,0.34863579273223877,0.17431789636611938,0.06918884813785553,0.5,1.2969160642957889,0,0.12967664003372192,0.6264999999993734,0.8986999999991012,2.098455905914306,1.0344282388687134,0.48184269666671753,1.160215139389038,0.1602601706981659,2.40787124633789,1.0349887964756992,0,0.2204827070236206,0.7070799999998586,0.9518799999998095,1.0260214805603027
"mobilenetv2_x0_75-reg:8,lamb:1.0",8,1.0,cifar100_mobilenetv2_x0_75,2842.892346665,199,1743622694.1695144,{'runtime': 2842},1.711175560951233,0.3704720735549927,0.3704720735549927,0.21730293333530423,1.0,1.6973969038057686,0,0.3822563886642456,0.5465999999994533,0.8732999999991267,1.5114980936050415,1.48680317401886,0.4890725910663605,3.1628293991088867,0.27505582571029663,6.466993808746338,1.487292917939617,0,0.4074822068214417,0.6057199999998789,0.930519999999814,0.7513207197189331
"mobilenetv2_x0_75-reg:8,lamb:0.1",8,0.1,cifar100_mobilenetv2_x0_75,2840.16241463,199,1743622724.019714,{'runtime': 2840},1.4102847576141355,0.0991542637348175,0.00991542637348175,0.05391272157430649,0.10000000149011612,1.4043800827330113,0,0.09662538766860962,0.5983999999994015,0.8784999999991214,2.1420319080352783,1.257432222366333,0.2646055817604065,0.1303512454032898,0.12320426851511002,0.4926247000694275,1.2579608747511948,0,0.1703282594680786,0.639899999999872,0.9165999999998168,1.3946099281311035
"mobilenetv2_x0_75-reg:8,lamb:2.0",8,2.0,cifar100_mobilenetv2_x0_75,2856.399522666,199,1743622784.109546,{'runtime': 2856},2.527945756912231,0.3293123245239258,0.6586246490478516,0.21286022663116455,2.0,2.526501166188901,0,0.22512103617191315,0.34309999999965685,0.7605999999992393,0.944395899772644,2.4365792274475098,0.46081557869911194,6.364200592041016,0.20606382191181183,13.810731887817385,2.4369702775840687,0,0.30641281604766846,0.33541999999993294,0.7946399999998411,0.5911509990692139
"mobilenetv2_x1_0-reg:8,lamb:0.001",8,0.001,cifar100_mobilenetv2_x1_0,3034.309417902,199,1743625528.5645587,{'runtime': 3034},1.544032335281372,0.0009873183444142342,9.873183444142342e-07,0.013407131657004356,0.0010000000474974513,1.5333379622440764,0,0.05995552241802216,0.5615999999994383,0.8499999999991499,2.552572965621948,1.466641902923584,0.029897483065724373,0.0008956529200077057,0.06069405376911163,0.029957469552755356,1.466634388406039,0,0.09376567602157591,0.5822199999998836,0.8739199999998253,2.03593111038208
"mobilenetv2_x1_0-reg:8,lamb:0.5",8,0.5,cifar100_mobilenetv2_x1_0,3053.791818351,199,1743625688.7528214,{'runtime': 3053},1.1834787130355835,0.3479055166244507,0.17395275831222534,0.039365045726299286,0.5,1.1787162852320734,0,0.09652654081583024,0.6503999999993495,0.9150999999990848,2.115281581878662,0.8448943495750427,0.4501354992389679,1.336503505706787,0.1376306414604187,2.969113826751709,0.8454103144024597,0,0.1945024132728577,0.7581399999998484,0.9657999999998068,0.9211637377738952
"mobilenetv2_x1_0-reg:8,lamb:1.0",8,1.0,cifar100_mobilenetv2_x1_0,3046.78211245,199,1743625749.5114353,{'runtime': 3046},1.5740798711776731,0.39812028408050537,0.39812028408050537,0.1928272843360901,1.0,1.5685185637129042,0,0.3538234829902649,0.577999999999422,0.8858999999991141,1.643447995185852,1.3092763423919678,0.4925472438335418,3.2438759803771973,0.2653679847717285,6.585918426513672,1.3093425770743552,0,0.3782736659049988,0.6544799999998692,0.9459599999998108,0.7598749399185181
"mobilenetv2_x1_0-reg:8,lamb:0.1",8,0.1,cifar100_mobilenetv2_x1_0,3042.120816426,199,1743625774.678085,{'runtime': 3042},1.345102310180664,0.09834468364715576,0.009834468364715576,0.04133416712284088,0.10000000149011612,1.340629258416712,0,0.09084326028823853,0.6073999999993925,0.8862999999991136,2.1395556926727295,1.1630656719207764,0.2556052803993225,0.13190650939941406,0.11892950534820557,0.5160554647445679,1.1630841638983715,0,0.17342782020568848,0.6626199999998675,0.930079999999814,1.3103328943252563
"mobilenetv2_x1_0-reg:8,lamb:2.0",8,2.0,cifar100_mobilenetv2_x1_0,3060.39282422,199,1743625854.2039652,{'runtime': 3060},2.506740093231201,0.3044602870941162,0.6089205741882324,0.2004173249006271,2.0,2.5082927697586688,0,0.21481001377105713,0.328999999999671,0.7621999999992377,0.8750526309013367,2.4418630599975586,0.4549594819545746,6.511390686035156,0.1919081062078476,14.312023162841797,2.4422288572272057,0,0.20483922958374023,0.3184799999999363,0.7919399999998417,0.5789257287979126
"mobilenetv2_x0_5-reg:8,lamb:0.01",8,0.01,cifar100_mobilenetv2_x0_5,2848.262080251,199,1743625863.7333255,{'runtime': 2848},1.641655445098877,0.012397952377796171,0.00012397952377796173,0.02284809947013855,0.009999999776482582,1.6236994947904175,0,0.05383831262588501,0.5359999999994639,0.8397999999991601,2.500736951828003,1.5769860744476318,0.09879324585199356,0.010602891445159912,0.08064445853233337,0.1073240488767624,1.5778509249903965,0,0.11854010820388794,0.5577799999998885,0.8594399999998281,1.9577751159667969
"mobilenetv2_x1_4-reg:8,lamb:0.001",8,0.001,cifar100_mobilenetv2_x1_4,3668.236911554,199,1743629210.428233,{'runtime': 3668},1.528792381286621,0.0010060612112283709,1.0060612112283709e-06,0.01324514765292406,0.0010000000474974513,1.526967054223742,0,0.035779356956481934,0.5620999999994378,0.8542999999991456,2.5845234394073486,1.4113537073135376,0.030762773007154465,0.000982433557510376,0.06473937630653381,0.03193579241633415,1.410726448639108,0,0.08578318357467651,0.5980199999998804,0.8795999999998241,1.9672688245773315
"mobilenetv2_x1_4-reg:8,lamb:0.5",8,0.5,cifar100_mobilenetv2_x1_4,3669.286489542,199,1743629375.8721497,{'runtime': 3669},1.124383568763733,0.3694912195205689,0.1847456097602844,0.02855701558291912,0.5,1.1224007335479445,0,0.09948750585317612,0.6727999999993272,0.9171999999990827,2.368112325668335,0.6955561637878418,0.40742069482803345,1.533275842666626,0.12317930907011032,3.763372421264648,0.6951917619374839,0,0.1895720362663269,0.7988199999998403,0.9767399999998048,0.7719293832778931
"mobilenetv2_x1_4-reg:8,lamb:1.0",8,1.0,cifar100_mobilenetv2_x1_4,3681.979295128,199,1743629442.3303685,{'runtime': 3682},1.3188321590423584,0.4953010082244873,0.4953010082244873,0.11261437088251114,1.0,1.3087992039031089,0,0.19518595933914185,0.6338999999993661,0.9054999999990944,2.241271734237671,0.8887344598770142,0.46915072202682495,3.945919990539551,0.20151156187057495,8.410772323608398,0.8885425985622549,0,0.26296454668045044,0.7574199999998485,0.9743199999998052,0.6906387805938721
"mobilenetv2_x1_4-reg:8,lamb:0.1",8,0.1,cifar100_mobilenetv2_x1_4,3674.240876578,199,1743629459.7447102,{'runtime': 3674},1.3055349588394165,0.09742990136146544,0.009742990136146544,0.04088591039180755,0.10000000149011612,1.3028910693249272,0,0.08162808418273926,0.6191999999993808,0.8956999999991042,2.116250991821289,1.0938458442687988,0.24937209486961365,0.13457465171813965,0.12118883430957794,0.539654016494751,1.0932150379177834,0,0.1791052222251892,0.6827999999998635,0.9381799999998124,1.2363470792770386
"mobilenetv2_x1_4-reg:8,lamb:2.0",8,2.0,cifar100_mobilenetv2_x1_4,3692.666600007,199,1743629563.5576816,{'runtime': 3692},2.37312388420105,0.3271768093109131,0.6543536186218262,0.20923082530498505,2.0,2.3709270411762957,0,0.5417914986610413,0.35789999999964206,0.7926999999992073,1.0189965963363647,2.264266014099121,0.422641783952713,5.547458648681641,0.2017248421907425,13.125675201416016,2.2650224553139817,0,0.3567349910736084,0.34829999999993033,0.8336599999998333,0.5400814414024353
"mobilenetv2_x0_75-reg:8,lamb:0.01",8,0.01,cifar100_mobilenetv2_x0_75,3143.762568087,199,1743629016.2832727,{'runtime': 3143},1.5257140398025513,0.01204218715429306,0.0001204218715429306,0.02728364989161491,0.009999999776482582,1.5145585264949488,0,0.07915764302015305,0.5685999999994313,0.8560999999991439,2.4312944412231445,1.4243991374969482,0.0950499176979065,0.01059401035308838,0.08146043121814728,0.11145733296871184,1.4253036658863856,0,0.11641311645507812,0.5937999999998813,0.8820799999998237,1.824042558670044
"mobilenetv2_x1_0-reg:8,lamb:0.01",8,0.01,cifar100_mobilenetv2_x1_0,3738.938330576,199,1743632762.9146528,{'runtime': 3739},1.472866177558899,0.011837109923362732,0.00011837109923362732,0.02311551570892334,0.009999999776482582,1.4622213956038357,0,0.0803651288151741,0.57999999999942,0.8645999999991353,2.385007381439209,1.362650990486145,0.09335067123174667,0.010404616594314575,0.0788465142250061,0.11145733296871184,1.3627786745135162,0,0.11849945783615112,0.6088799999998783,0.8921999999998216,1.798612117767334
"shufflenetv2_x0_5-reg:8,lamb:0.001",8,0.001,cifar100_shufflenetv2_x0_5,2149.196774581,199,1743631371.1502352,{'runtime': 2149},1.6045018434524536,0.001375330495648086,1.375330612063408e-06,0.011564288288354874,0.0010000000474974513,1.6101869281081191,0,0.035023033618927,0.5560999999994438,0.840999999999159,2.8853988647460938,1.4492363929748535,0.03366157039999962,0.0011606290936470032,0.07449188828468323,0.034479349851608276,1.4491373451865677,0,0.11073952913284302,0.5944599999998812,0.8739399999998253,1.9958465099334717
"shufflenetv2_x0_5-reg:8,lamb:0.5",8,0.5,cifar100_shufflenetv2_x0_5,2191.554323514,199,1743631576.9068997,{'runtime': 2191},1.3612909317016602,0.39589595794677734,0.19794797897338867,0.04456590488553047,0.5,1.3645054813788442,0,0.09301567822694778,0.6166999999993833,0.8858999999991141,2.399052619934082,0.965392529964447,0.4773482382297516,1.2070415019989014,0.16751298308372498,2.528639316558838,0.9656671184781824,0,0.23600441217422485,0.7374399999998525,0.955139999999809,1.001323699951172
"shufflenetv2_x0_5-reg:8,lamb:1.0",8,1.0,cifar100_shufflenetv2_x0_5,2183.211870237,199,1743631635.2197745,{'runtime': 2183},1.5288318395614624,0.5388349294662476,0.5388349294662476,0.10759487748146056,1.0,1.5321417983516294,0,0.23175424337387085,0.5798999999994201,0.8701999999991298,2.1530444622039795,1.159696102142334,0.5933770537376404,3.3208565711975098,0.22766461968421936,5.596537113189697,1.1601278735683167,0,0.3016703724861145,0.6989399999998602,0.9446399999998112,0.937757134437561
"shufflenetv2_x0_5-reg:8,lamb:0.1",8,0.1,cifar100_shufflenetv2_x0_5,2184.101987878,199,1743631652.6317484,{'runtime': 2184},1.4043470621109009,0.10975316166877748,0.010975316166877748,0.02465638518333435,0.10000000149011612,1.4094291772895111,0,0.09131035208702087,0.5985999999994014,0.8765999999991233,2.380486249923706,1.1744259595870972,0.258142352104187,0.13099747896194458,0.13060589134693146,0.5074621438980103,1.1746940149953533,0,0.1831223964691162,0.6689599999998662,0.9244999999998152,1.333956241607666
"shufflenetv2_x0_5-reg:8,lamb:2.0",8,2.0,cifar100_shufflenetv2_x0_5,2199.835005164,199,1743631773.149879,{'runtime': 2199},2.2342264652252197,0.4213075637817383,0.8426151275634766,0.23930323123931885,2.0,2.235922908223978,0,0.480044960975647,0.42689999999957307,0.8060999999991938,1.1309428215026855,2.112502098083496,0.5489428639411926,7.136236190795898,0.29044339060783386,12.999961853027344,2.1127228747963733,0,0.4053463935852051,0.4735999999999053,0.8519999999998297,0.6992573738098145
"shufflenetv2_x1_0-reg:8,lamb:0.001",8,0.001,cifar100_shufflenetv2_x1_0,2279.171371232,199,1743633659.328501,{'runtime': 2279},1.3417353630065918,0.0008693895651958883,8.693896234035492e-07,0.020506374537944794,0.0010000000474974513,1.341074955128141,0,0.04833301901817322,0.6183999999993816,0.8814999999991184,2.693164825439453,1.0970665216445925,0.027426963672041893,0.0009379126131534576,0.07901829481124878,0.03419673442840576,1.0970358057338203,0,0.12560635805130005,0.689759999999862,0.9218599999998156,1.6465009450912476
"shufflenetv2_x1_0-reg:8,lamb:0.5",8,0.5,cifar100_shufflenetv2_x1_0,2320.046019918,199,1743633906.9789054,{'runtime': 2320},1.1565192937850952,0.5002158880233765,0.25010794401168823,0.07648129016160965,0.5,1.1509572100742185,0,0.1356227993965149,0.6904999999993094,0.9166999999990832,3.61760139465332,0.28453460335731506,0.20506621897220612,2.3637142181396484,0.1039360985159874,11.52659034729004,0.2846966258732141,0,0.22564363479614255,0.9328199999998136,0.9971799999998008,0.2392915785312653
"shufflenetv2_x1_0-reg:8,lamb:1.0",8,1.0,cifar100_shufflenetv2_x1_0,2312.594056777,199,1743633957.5629582,{'runtime': 2312},1.2300523519515991,0.7599443197250366,0.7599443197250366,0.09685681760311128,1.0,1.2300939050221809,0,0.18334123492240903,0.680899999999319,0.9085999999990914,4.229841232299805,0.2440523058176041,0.2157047837972641,11.708230018615724,0.09735274314880372,54.278953552246094,0.24410505515551265,0,0.23481935262680056,0.945299999999811,0.9985599999998004,0.1905381977558136
"shufflenetv2_x1_0-reg:8,lamb:0.1",8,0.1,cifar100_shufflenetv2_x1_0,2313.259507176,199,1743633975.1183577,{'runtime': 2313},1.160778284072876,0.1108783483505249,0.01108783483505249,0.01140611432492733,0.10000000149011612,1.155726805040391,0,0.1063859760761261,0.6670999999993329,0.9090999999990907,2.4608750343322754,0.6941815614700317,0.19150958955287933,0.14599227905273438,0.13300104439258575,0.7623236179351807,0.6943277333109692,0,0.19870197772979736,0.8066799999998387,0.9772799999998046,0.7403777837753296
"shufflenetv2_x1_0-reg:8,lamb:2.0",8,2.0,cifar100_shufflenetv2_x1_0,2313.268854599,199,1743634098.3403862,{'runtime': 2313},1.383639216423035,0.7493454217910767,1.498690843582153,0.08138518035411835,2.0,1.3745492335697842,0,0.15226542949676514,0.6257999999993742,0.8870999999991128,2.668311834335327,0.8554770946502686,0.5730881690979004,11.273616790771484,0.19686593115329745,19.67169761657715,0.855603217122644,0,0.25500571727752686,0.7719399999998456,0.9730799999998054,0.7082785367965698
"mobilenetv2_x1_4-reg:8,lamb:0.01",8,0.01,cifar100_mobilenetv2_x1_4,4845.250897481,199,1743637624.8727489,{'runtime': 4845},1.4096349477767944,0.011739134788513184,0.00011739134788513184,0.01996493525803089,0.009999999776482582,1.4128413494869538,0,0.062264204025268555,0.5924999999994075,0.8736999999991262,2.3661468029022217,1.2747797966003418,0.0932108536362648,0.01112663745880127,0.08245502412319183,0.11937062442302704,1.2744152958861992,0,0.12635177373886108,0.6326399999998735,0.9027999999998196,1.6836271286010742
"shufflenetv2_x1_5-reg:8,lamb:0.001",8,0.001,cifar100_shufflenetv2_x1_5,2452.807195192,199,1743636128.7587516,{'runtime': 2452},1.2276413440704346,0.001216307282447815,1.216307282447815e-06,0.025028709322214127,0.0010000000474974513,1.2258948397551908,0,0.09201555699110033,0.6416999999993582,0.9006999999990992,2.547585964202881,0.9251537919044496,0.02539803832769394,0.0009546652436256408,0.07984420657157898,0.037588149309158325,0.9250021965664292,0,0.1300666332244873,0.7342199999998532,0.9435199999998114,1.39092755317688
"shufflenetv2_x1_5-reg:8,lamb:0.5",8,0.5,cifar100_shufflenetv2_x1_5,2479.290400713,199,1743636393.752596,{'runtime': 2479},1.1589821577072144,0.5518978834152222,0.2759489417076111,0.10281640291213988,0.5,1.1612695258932877,0,0.19598594307899475,0.7047999999992951,0.9166999999990832,4.213184356689453,0.12945032119750977,0.09970305860042572,2.9570138454437256,0.07439761608839035,29.658206939697266,0.12950187932267274,0,0.26518678665161133,0.9794599999998042,0.9998399999998,0.06757353246212006
"shufflenetv2_x1_5-reg:8,lamb:1.0",8,1.0,cifar100_shufflenetv2_x1_5,2491.7887789,199,1743636466.0915232,{'runtime': 2491},1.1809422969818115,0.7719399929046631,0.7719399929046631,0.11320975422859192,1.0,1.1831845399759628,0,0.21524536609649655,0.7075999999992924,0.9226999999990771,4.592813014984131,0.1083238273859024,0.099451906979084,16.563228607177734,0.06272482872009277,166.54510498046875,0.10851920908713628,0,0.3181621730327606,0.9827599999998036,0.9998999999998,0.05695831775665283
"shufflenetv2_x1_5-reg:8,lamb:0.1",8,0.1,cifar100_shufflenetv2_x1_5,2491.760150786,199,1743636476.4171717,{'runtime': 2491},1.1071707010269165,0.12104280292987823,0.012104280292987823,0.03917970508337021,0.10000000149011612,1.1084078040928245,0,0.09522543102502824,0.6822999999993177,0.9150999999990848,2.720586061477661,0.4647326469421386,0.14480185508728027,0.1578429937362671,0.12858974933624268,1.090061902999878,0.4649885878946063,0,0.2378791570663452,0.8784999999998243,0.9921999999998016,0.4246100187301636
"shufflenetv2_x1_5-reg:8,lamb:2.0",8,2.0,cifar100_shufflenetv2_x1_5,2492.828748653,199,1743636608.0539796,{'runtime': 2492},1.2678277492523191,0.8799889087677002,1.7599778175354004,0.056159429252147675,2.0,1.267608746569351,0,0.11125674843788148,0.6607999999993391,0.9032999999990966,3.770755052566528,0.4229119122028351,0.3750233650207519,27.38991355895996,0.12194465100765228,73.03521728515625,0.4232528049815035,0,0.2030942440032959,0.8891399999998222,0.9939599999998012,0.38939908146858215
"shufflenetv2_x2_0-reg:8,lamb:0.001",8,0.001,cifar100_shufflenetv2_x2_0,2884.125318689,199,1743639030.614588,{'runtime': 2884},1.1570816040039062,0.0012282979441806674,1.2282980605959892e-06,0.02314218133687973,0.0010000000474974513,1.162488907284985,0,0.09720832109451294,0.663899999999336,0.9062999999990936,2.4735195636749268,0.8227328062057495,0.0250531155616045,0.0010549873113632202,0.08039937168359756,0.04211002588272095,0.8220816245073194,0,0.139734148979187,0.7618799999998477,0.9555599999998088,1.2297292947769165
"shufflenetv2_x2_0-reg:8,lamb:0.5",8,0.5,cifar100_shufflenetv2_x2_0,2906.146707684,199,1743639307.7378929,{'runtime': 2906},1.1710771322250366,0.5845178365707397,0.2922589182853699,0.11468809843063354,0.5,1.1796034795077075,0,0.2329159379005432,0.7127999999992871,0.9215999999990784,4.609177112579346,0.08178264647722244,0.06491439044475555,3.3414297103881836,0.054238274693489075,51.474403381347656,0.0818910707810889,0,0.2759588956832886,0.989919999999802,0.9999799999998,0.03435971587896347
"shufflenetv2_x2_0-reg:8,lamb:1.0",8,1.0,cifar100_shufflenetv2_x2_0,2899.389495974,199,1743639374.194342,{'runtime': 2899},1.1999322175979614,0.8050824403762817,0.8050824403762817,0.11921042948961258,1.0,1.2098074164942323,0,0.22916269302368164,0.712999999999287,0.9204999999990794,4.924252986907959,0.0707174614071846,0.06540253758430481,18.251487731933594,0.0474882610142231,279.06390380859375,0.07075710191353514,0,0.3464832603931427,0.9914599999998016,0.9999399999998,0.029372423887252808
"shufflenetv2_x2_0-reg:8,lamb:0.1",8,0.1,cifar100_shufflenetv2_x2_0,2890.307253909,199,1743639375.3042254,{'runtime': 2890},1.064489245414734,0.12192532420158386,0.012192532420158386,0.035051677376031876,0.10000000149011612,1.0722311583461008,0,0.07813124358654022,0.7014999999992985,0.9206999999990793,2.763134479522705,0.3999229371547699,0.1284378319978714,0.16226720809936523,0.1272498369216919,1.2633910179138184,0.3997689654124421,0,0.23664343357086184,0.8996599999998202,0.995459999999801,0.33617106080055237
"shufflenetv2_x2_0-reg:8,lamb:2.0",8,2.0,cifar100_shufflenetv2_x2_0,2910.954445388,199,1743639526.611597,{'runtime': 2911},1.245141625404358,0.9528418779373168,1.9056837558746336,0.1072477400302887,2.0,1.2423884567492631,0,0.20698517560958865,0.6894999999993104,0.9132999999990866,4.747557163238525,0.1849539279937744,0.17733532190322876,69.2176742553711,0.07653635740280151,390.32086181640625,0.18514520841257237,0,0.2060825228691101,0.9571199999998088,0.9993199999998,0.13399027287960052
"shufflenetv2_x0_5-reg:8,lamb:0.01",8,0.01,cifar100_shufflenetv2_x0_5,2457.082176539,199,1743640091.509272,{'runtime': 2457},1.5542179346084597,0.013461615890264513,0.0001346161589026451,0.011950944550335407,0.009999999776482582,1.55833342632436,0,0.059434033930301666,0.5608999999994391,0.8506999999991492,2.7132105827331543,1.375753402709961,0.09344746172428132,0.01041540503501892,0.0929839164018631,0.11145733296871184,1.3759889048487397,0,0.13529175519943237,0.614959999999877,0.8879199999998225,1.7958251237869265
"shufflenetv2_x1_0-reg:8,lamb:0.01",8,0.01,cifar100_shufflenetv2_x1_0,2676.786606964,199,1743642780.00414,{'runtime': 2676},1.3321696519851685,0.01314263790845871,0.0001314263790845871,0.016140442341566086,0.009999999776482582,1.3309012975941774,0,0.04045972228050232,0.6214999999993784,0.8812999999991187,2.659374952316284,1.0170512199401855,0.08338934183120728,0.011097252368927002,0.09647876769304276,0.13307759165763855,1.0167060864912687,0,0.1503654718399048,0.7083599999998583,0.9367399999998128,1.3671200275421145
"shufflenetv2_x1_5-reg:8,lamb:0.01",8,0.01,cifar100_shufflenetv2_x1_5,2667.542456584,199,1743645456.418564,{'runtime': 2667},1.2046167850494385,0.012714508920907974,0.00012714508920907974,0.021082859486341476,0.009999999776482582,1.2098027226284576,0,0.09426912665367126,0.654999999999345,0.8995999999991003,2.5762345790863037,0.8326738476753235,0.07559533417224884,0.011363282799720764,0.09975665807724,0.1503172516822815,0.8327071882207463,0,0.1574091911315918,0.7616599999998477,0.9568999999998088,1.113330960273743
"shufflenetv2_x2_0-reg:8,lamb:0.01",8,0.01,cifar100_shufflenetv2_x2_0,3100.720129726,199,1743648574.7132626,{'runtime': 3100},1.14086651802063,0.01247907057404518,0.0001247907057404518,0.021440688520669937,0.009999999776482582,1.151618034849749,0,0.04645472764968872,0.6703999999993295,0.908099999999092,2.517993688583374,0.739723801612854,0.06942155957221985,0.011018946766853333,0.09659165143966676,0.15872514247894287,0.7391790175547364,0,0.17004293203353882,0.785679999999843,0.9674399999998066,0.9735031723976136
"resnet20-reg:5,lamb:0.001",5,0.001,cifar100_resnet20,885.172417162,199,1743675584.992922,{'runtime': 885},1.150935173034668,0.00175763841252774,1.7576385289430618e-06,0.05717770755290985,0.0010000000474974513,1.1580841717209007,0,0.1118583083152771,0.6801999999993198,0.9083999999990916,3.0734381675720215,0.6170016527175903,-2.5611368982936256e-05,-2.5611370801925666e-08,0.07431211322546005,0.0010000000474974513,0.6166847218653795,0,0.13771992921829224,0.820079999999836,0.9722399999998056,0.9449923634529114
"resnet20-reg:5,lamb:0.01",5,0.01,cifar100_resnet20,884.956701196,199,1743675601.1417766,{'runtime': 884},1.1382346153259275,0.014710798859596252,0.00014710798859596252,0.058952633291482925,0.009999999776482582,1.139406074298679,0,0.2475697100162506,0.6781999999993218,0.9151999999990847,2.9894156455993652,0.6021995544433594,0.0044364482164382935,4.4364482164382935e-05,0.07670270651578903,0.009999999776482582,0.6020584499954542,0,0.1403583288192749,0.8239199999998352,0.975099999999805,0.8943141102790833
"resnet20-reg:5,lamb:0.1",5,0.1,cifar100_resnet20,895.205831646,199,1743675952.6767726,{'runtime': 895},1.144473433494568,0.13458944857120514,0.013458944857120514,0.0567656084895134,0.10000000149011612,1.1461646017547034,0,0.09644156694412231,0.6796999999993203,0.914899999999085,3.0520288944244385,0.5595946311950684,0.03305196762084961,0.003305196762084961,0.08862040936946869,0.10000000149011612,0.5594538643062538,0,0.24009302258491516,0.8357799999998329,0.9820999999998036,0.7085939645767212
"resnet20-reg:5,lamb:0.5",5,0.5,cifar100_resnet20,869.505798357,199,1743676023.2650397,{'runtime': 869},1.1504039764404297,0.4616260528564453,0.23081302642822263,0.06082751601934433,0.5,1.14549570353004,0,0.10865829885005952,0.6784999999993214,0.912899999999087,3.1608331203460693,0.4841635227203369,0.09452080726623537,0.04726040363311768,0.1082642823457718,0.5,0.4840207104229181,0,0.186201810836792,0.8622799999998276,0.990779999999802,0.4929806590080261
"resnet20-reg:5,lamb:1.0",5,1.0,cifar100_resnet20,903.377475755,199,1743676100.4357092,{'runtime': 903},1.1444259881973269,0.649478554725647,0.649478554725647,0.06422333419322968,1.0,1.1487362575639395,0,0.1175357699394226,0.6830999999993168,0.916899999999083,3.2098000049591064,0.4218813180923462,0.12420141696929932,0.12420141696929932,0.11181575059890748,1.0,0.4218101548385961,0,0.2087140679359436,0.8837199999998233,0.9940799999998012,0.39209386706352234
"resnet20-reg:5,lamb:2.0",5,2.0,cifar100_resnet20,1350.217677019,199,1743676550.598015,{'runtime': 1350},1.1638256311416626,0.8358737230300903,1.6717474460601809,0.06904524564743042,2.0,1.160092217930211,0,0.1247105598449707,0.6841999999993158,0.9136999999990862,3.4404959678649902,0.3976868987083435,0.1730288863182068,0.3460577726364136,0.10840697586536407,2.0,0.3973218900309961,0,0.9191118478775024,0.8920199999998216,0.9940999999998013,0.3792998194694519
"resnet32-reg:5,lamb:0.001",5,0.001,cifar100_resnet32,1140.799980804,199,1743676737.4487622,{'runtime': 1140},1.1099724769592283,0.0018028075573965907,1.8028076738119123e-06,0.07806314527988434,0.0010000000474974513,1.1039659109931963,0,0.15400952100753784,0.6971999999993027,0.91999999999908,3.42999529838562,0.4285559058189392,0.0003561726480256766,3.5617267712950706e-07,0.06889526546001434,0.0010000000474974513,0.4286940686033931,0,0.1470898985862732,0.8761599999998249,0.9857399999998028,0.6249236464500427
"resnet32-reg:5,lamb:0.01",5,0.01,cifar100_resnet32,1118.847790182,199,1743676728.7856803,{'runtime': 1118},1.1270501613616943,0.017354730516672134,0.00017354730516672134,0.08201257884502411,0.009999999776482582,1.127253262416837,0,0.15006756782531738,0.6977999999993021,0.918099999999082,3.5329854488372803,0.41360992193222046,0.0028623733669519424,2.8623733669519424e-05,0.0707564651966095,0.009999999776482582,0.4139766604713476,0,0.15545356273651123,0.8808999999998238,0.9876199999998024,0.5883115530014038
"resnet32-reg:5,lamb:0.1",5,0.1,cifar100_resnet32,1136.582688663,199,1743677107.039566,{'runtime': 1136},1.1054954528808594,0.14587029814720154,0.014587029814720154,0.08152662217617035,0.10000000149011612,1.102023483537303,0,0.15661266446113586,0.696999999999303,0.9204999999990794,3.3439362049102783,0.3589327931404114,0.01947246491909027,0.001947246491909027,0.07787962257862091,0.10000000149011612,0.35948150025329084,0,0.1825905442237854,0.8968399999998207,0.9928599999998016,0.4171041250228882
"resnet32-reg:5,lamb:0.5",5,0.5,cifar100_resnet32,1132.647668165,199,1743677167.7223413,{'runtime': 1132},1.127813696861267,0.5145915746688843,0.25729578733444214,0.09419595450162888,0.5,1.125234099941279,0,0.16507911682128906,0.7017999999992981,0.921999999999078,3.823718547821045,0.24329154193401337,0.037830039858818054,0.018915019929409027,0.08931614458560944,0.5,0.24358874330080668,0,0.22220057249069217,0.939819999999812,0.9988999999998004,0.1896200329065323
"resnet32-reg:5,lamb:1.0",5,1.0,cifar100_resnet32,1152.405718887,199,1743677263.396943,{'runtime': 1152},1.2012146711349487,0.7623385190963745,0.7623385190963745,0.10289408266544342,1.0,1.2050230202046497,0,0.1911650598049164,0.6961999999993037,0.916899999999083,4.413949966430664,0.22044599056243896,0.05407083034515381,0.05407083034515381,0.0882495790719986,1.0,0.22072221322417532,0,0.22852852940559387,0.9483399999998104,0.9989999999998004,0.16117005050182345
"resnet32-reg:5,lamb:2.0",5,2.0,cifar100_resnet32,1436.860031628,199,1743677999.2456462,{'runtime': 1436},1.2614649534225464,0.9464057683944702,1.8928115367889404,0.09984970092773438,2.0,1.2624202486696854,0,0.1773390769958496,0.6757999999993242,0.905999999999094,4.3484086990356445,0.3133509159088135,0.1287386417388916,0.2574772834777832,0.1020551174879074,2.0,0.3136267423925905,0,0.2085179090499878,0.920079999999816,0.9969599999998008,0.2737731635570526
"resnet44-reg:5,lamb:0.01",5,0.01,cifar100_resnet44,1407.050666416,199,1743678153.6248133,{'runtime': 1407},1.1361467838287354,0.01939414069056511,0.0001939414069056511,0.0967024266719818,0.009999999776482582,1.1522411209444494,0,0.18106669187545776,0.7058999999992941,0.9170999999990828,3.95151424407959,0.3050351142883301,0.0020527513697743416,2.0527513697743416e-05,0.06370750069618225,0.009999999776482582,0.30527388546198714,0,0.15874803066253662,0.9139599999998173,0.9924999999998017,0.4145563244819641
"resnet44-reg:5,lamb:0.001",5,0.001,cifar100_resnet44,1413.306783554,199,1743678167.3304212,{'runtime': 1413},1.1155366897583008,0.001645297626964748,1.6452977433800695e-06,0.08951953053474426,0.0010000000474974513,1.1139535498814428,0,0.16535210609436035,0.7081999999992917,0.9212999999990786,3.8880674839019775,0.3193201422691345,-0.00016076954489108175,-1.60769559442997e-07,0.06271490454673767,0.0010000000474974513,0.3195239809387779,0,0.16267001628875732,0.910119999999818,0.9917599999998016,0.4533708691596985
"resnet44-reg:5,lamb:0.1",5,0.1,cifar100_resnet44,1414.593332423,199,1743678538.483528,{'runtime': 1414},1.119192600250244,0.17093516886234283,0.017093516886234283,0.09842467308044434,0.10000000149011612,1.1257633444832686,0,0.186165452003479,0.7101999999992897,0.9232999999990766,4.014969825744629,0.2454306036233902,0.01216186210513115,0.001216186210513115,0.06856797635555267,0.10000000149011612,0.24564404442261303,0,0.18342918157577515,0.9335599999998132,0.9970399999998006,0.260204017162323
"resnet44-reg:5,lamb:0.5",5,0.5,cifar100_resnet44,1412.28178725,199,1743678590.5907965,{'runtime': 1412},1.1856533288955688,0.5868145227432251,0.29340726137161255,0.1123630478978157,0.5,1.1859825205818193,0,0.21577543020248413,0.7073999999992926,0.9201999999990798,4.6583051681518555,0.15869098901748657,0.021455347537994385,0.010727673768997192,0.07266988605260849,0.5,0.15878949632856296,0,0.2920209467411041,0.9662599999998068,0.9996999999998,0.10657438635826112
"resnet44-reg:5,lamb:1.0",5,1.0,cifar100_resnet44,1445.920332313,199,1743678727.0438,{'runtime': 1445},1.2053996324539185,0.8041249513626099,0.8041249513626099,0.12273961305618286,1.0,1.2059068557585513,0,0.22076082229614255,0.7065999999992933,0.9206999999990793,5.003232479095459,0.12181463837623596,0.024533182382583615,0.024533182382583615,0.06515181809663773,1.0,0.12186778077652076,0,0.5918720960617065,0.9782199999998044,0.9998199999998,0.07073382288217545
"resnet44-reg:5,lamb:2.0",5,2.0,cifar100_resnet44,1769.349631064,199,1743679786.557765,{'runtime': 1769},1.2625993490219116,1.0013946294784546,2.002789258956909,0.11820949614048004,2.0,1.2710262861650543,0,0.2192132472991943,0.705999999999294,0.9132999999990866,5.4300079345703125,0.126812681555748,0.039635881781578064,0.07927176356315613,0.06726665794849396,2.0,0.12689961477162576,0,0.23361808061599731,0.9768199999998048,0.9997599999998,0.07303205877542496
"resnet56-reg:5,lamb:0.01",5,0.01,cifar100_resnet56,1698.54876672,199,1743679863.9770584,{'runtime': 1698},1.144895315170288,0.02108551561832428,0.0002108551561832428,0.11018894612789154,0.009999999776482582,1.1440640789390473,0,0.2174932956695557,0.7096999999992902,0.9192999999990806,4.300399303436279,0.2494325041770935,0.0015725381672382357,1.5725381672382355e-05,0.05749011039733887,0.009999999776482582,0.2493755896353483,0,0.1640893816947937,0.930579999999814,0.995159999999801,0.3222842216491699
"resnet56-reg:5,lamb:0.001",5,0.001,cifar100_resnet56,1701.47100762,199,1743679876.4205515,{'runtime': 1701},1.165023684501648,0.0015411059139296412,1.541106030344963e-06,0.108118936419487,0.0010000000474974513,1.1521370229224912,0,0.2197170853614807,0.6970999999993028,0.9189999999990808,4.102379322052002,0.2867748737335205,-0.00028111389838159084,-2.8111389838159084e-07,0.06298180669546127,0.0010000000474974513,0.2867164607108542,0,0.17182177305221558,0.9213599999998158,0.9933799999998014,0.3975634276866913
"resnet56-reg:5,lamb:0.1",5,0.1,cifar100_resnet56,1704.575917494,199,1743680252.6240883,{'runtime': 1704},1.157236933708191,0.19540853798389435,0.019540853798389435,0.1094248965382576,0.10000000149011612,1.1505651545628417,0,0.19717830419540405,0.7151999999992847,0.9212999999990786,4.673152446746826,0.18010686337947843,0.007844679057598114,0.0007844679057598114,0.060924261808395386,0.10000000149011612,0.1801654558004692,0,0.1925593614578247,0.9537799999998092,0.9985999999998004,0.1665244698524475
"resnet56-reg:5,lamb:0.5",5,0.5,cifar100_resnet56,1712.42085297,199,1743680311.740796,{'runtime': 1712},1.2235429286956787,0.6332356929779053,0.31661784648895264,0.1252625286579132,0.5,1.2036893670231914,0,0.23613989353179932,0.7091999999992907,0.9214999999990784,5.195342540740967,0.10867268592119216,0.01321370154619217,0.006606850773096085,0.05744684487581253,0.5,0.10870329852668684,0,0.27595800161361694,0.980259999999804,0.9998799999998,0.0644177719950676
"resnet56-reg:5,lamb:1.0",5,1.0,cifar100_resnet56,1740.469397542,199,1743680476.0933256,{'runtime': 1740},1.2448325157165527,0.845430850982666,0.845430850982666,0.12371932715177536,1.0,1.2392525491000532,0,0.24608618021011353,0.7106999999992892,0.9196999999990804,5.455559253692627,0.10115194320678712,0.019012928009033203,0.019012928009033203,0.05750584602355957,1.0,0.10129076720896003,0,0.2426663637161255,0.9829599999998034,0.9998599999998,0.0538511760532856
"resnet56-reg:5,lamb:2.0",5,2.0,cifar100_resnet56,2111.332635346,199,1743681906.9132864,{'runtime': 2111},1.2758444547653198,1.0001777410507202,2.0003554821014404,0.12246569246053696,2.0,1.2606613126225712,0,0.20846307277679443,0.690999999999309,0.9146999999990852,5.084689140319824,0.1183035597205162,0.03478839248418808,0.06957678496837616,0.06753886491060257,2.0,0.11832394731596677,0,0.2547677755355835,0.980599999999804,0.9996799999998002,0.06229127570986748
"vgg11_bn-reg:5,lamb:0.01",5,0.01,cifar100_vgg11_bn,895.276598059,199,1743680776.9789932,{'runtime': 895},1.3980777263641355,0.030413363128900528,0.0003041336312890053,0.14558115601539612,0.009999999776482582,1.3909112539390385,0,0.314119428396225,0.6908999999993091,0.8922999999991076,6.202957630157471,0.21799388527870175,0.002272753044962883,2.272753044962883e-05,0.020999932661652565,0.009999999776482582,0.21799630024403524,0,0.13186529278755188,0.9371199999998128,0.9940199999998012,0.4590659737586975
"vgg11_bn-reg:5,lamb:0.001",5,0.001,cifar100_vgg11_bn,892.160684384,199,1743680780.106108,{'runtime': 892},1.3880610466003418,0.003326101927086711,3.3261021599173546e-06,0.14213372766971588,0.0010000000474974513,1.3667733166675171,0,0.3217952251434326,0.6935999999993063,0.8915999999991083,6.187103748321533,0.22417089343070984,5.743640576838516e-05,5.743640940636398e-08,0.019087936729192737,0.0010000000474974513,0.22423452483676515,0,0.24045032262802124,0.9349199999998132,0.9927599999998016,0.4946452677249909
"vgg11_bn-reg:5,lamb:0.1",5,0.1,cifar100_vgg11_bn,907.81931597,199,1743681177.907426,{'runtime': 907},1.4378008842468262,0.28954848647117615,0.028954848647117615,0.15333804488182068,0.10000000149011612,1.4201779898430908,0,0.33275437355041504,0.7002999999992996,0.8984999999991015,7.066356658935547,0.11837055534124374,0.008755233138799667,0.0008755233138799667,0.01934068836271763,0.10000000149011612,0.11827646603926606,0,0.9088718295097352,0.964819999999807,0.9984799999998004,0.19411766529083252
"vgg11_bn-reg:5,lamb:0.5",5,0.5,cifar100_vgg11_bn,870.409506404,199,1743681192.6689956,{'runtime': 870},1.5219392776489258,0.9021577835083008,0.4510788917541504,0.16692623496055603,0.5,1.5130700733455256,0,0.3621414303779602,0.6999999999993,0.8906999999991092,8.02985954284668,0.050422169268131256,0.00988338142633438,0.0049416907131671906,0.0161224827170372,0.5,0.05045522822341901,0,0.2380307912826538,0.9869999999998028,0.9998599999998,0.056413181126117706
"vgg11_bn-reg:5,lamb:1.0",5,1.0,cifar100_vgg11_bn,929.418290578,199,1743681416.1718972,{'runtime': 929},1.5570576190948486,1.1821129322052002,1.1821129322052002,0.17131543159484863,1.0,1.5534484978606915,0,0.3510470688343048,0.7061999999992937,0.8945999999991053,8.604007720947266,0.03699950128793717,0.010934628546237946,0.010934628546237946,0.012756645679473875,1.0,0.03699795370352596,0,0.3289060890674591,0.990779999999802,0.9998799999998,0.041769929230213165
"vgg13_bn-reg:5,lamb:0.001",5,0.001,cifar100_vgg13_bn,894.061286564,199,1743681684.9750166,{'runtime': 894},1.2481167316436768,0.0026180639397352934,2.618064172565937e-06,0.13308754563331604,0.0010000000474974513,1.2380318593864037,0,0.30780303478240967,0.7229999999992769,0.9105999999990894,5.627926826477051,0.1813158392906189,0.00011772498692153022,1.1772499419748784e-07,0.017291247844696045,0.0010000000474974513,0.1813091942377788,0,0.0968976616859436,0.9479399999998104,0.9947199999998012,0.40125733613967896
"vgg13_bn-reg:5,lamb:0.01",5,0.01,cifar100_vgg13_bn,903.26808196,199,1743681698.1604657,{'runtime': 903},1.2556222677230835,0.028338655829429623,0.00028338655829429626,0.1332397162914276,0.009999999776482582,1.2431719985476588,0,0.3015943765640259,0.7262999999992736,0.9102999999990896,5.785802364349365,0.16909852623939514,0.0017286860384047031,1.728686038404703e-05,0.01723959483206272,0.009999999776482582,0.16955190656639907,0,0.10150068998336792,0.95063999999981,0.9957399999998008,0.35656866431236267
"vgg13_bn-reg:5,lamb:0.1",5,0.1,cifar100_vgg13_bn,903.664146531,199,1743682093.285432,{'runtime': 903},1.2762188911437988,0.25615930557250977,0.025615930557250977,0.14470751583576202,0.10000000149011612,1.2718955543437769,0,0.33856022357940674,0.7272999999992726,0.9142999999990856,6.244058609008789,0.09782399237155914,0.007348908111453056,0.0007348908111453056,0.017011960968375206,0.10000000149011612,0.09775096382827178,0,0.1144734025001526,0.9715999999998056,0.9988999999998004,0.1640447974205017
"vgg13_bn-reg:5,lamb:0.5",5,0.5,cifar100_vgg13_bn,877.05959711,199,1743682080.2549434,{'runtime': 877},1.326916217803955,0.7948594093322754,0.3974297046661377,0.15372180938720703,0.5,1.3205193873918857,0,0.41969940066337585,0.7371999999992628,0.9131999999990869,7.096594333648682,0.037247054278850555,0.006937377154827118,0.003468688577413559,0.012673774734139442,0.5,0.037283545899754536,0,0.23731467127799988,0.990379999999802,0.9999399999998,0.039627719670534134
"vgg13_bn-reg:5,lamb:1.0",5,1.0,cifar100_vgg13_bn,929.910091424,199,1743682356.132324,{'runtime': 929},1.3994624614715576,1.0590331554412842,1.0590331554412842,0.16175097227096558,1.0,1.3852829378360332,0,0.9289872646331788,0.7284999999992714,0.9143999999990856,7.860446453094482,0.032239146530628204,0.009837336838245392,0.009837336838245392,0.01041429117321968,1.0,0.03238497781687145,0,0.36549317836761475,0.9917599999998016,0.9999199999998,0.036438003182411194
"vgg16_bn-reg:5,lamb:0.001",5,0.001,cifar100_vgg16_bn,901.030012751,199,1743682594.760462,{'runtime': 901},1.3357669115066528,0.0025302867870777845,2.530287019908428e-06,0.14182168245315552,0.0010000000474974513,1.3397326138246508,0,0.3313496708869934,0.7124999999992875,0.8977999999991021,6.2973761558532715,0.2673361301422119,0.00030733642051927745,3.073364496231079e-07,0.013096061535179617,0.0010000000474974513,0.26719814385539764,0,0.07890115678310394,0.9222399999998157,0.990659999999802,0.6646896600723267
"vgg16_bn-reg:5,lamb:0.01",5,0.01,cifar100_vgg16_bn,913.892709893,199,1743682625.314803,{'runtime': 913},1.3335630893707275,0.03113001585006714,0.0003113001585006714,0.13930445909500122,0.009999999776482582,1.3396223750341665,0,0.28326332569122314,0.713999999999286,0.9025999999990972,6.354375839233398,0.2539161145687103,0.002908986061811447,2.908986061811447e-05,0.013858351856470108,0.009999999776482582,0.2542451252004762,0,0.08028900623321533,0.925359999999815,0.991039999999802,0.5966814756393433
"vgg11_bn-reg:5,lamb:2.0",5,2.0,cifar100_vgg11_bn,1373.118045871,199,1743683290.5599344,{'runtime': 1373},1.6461966037750244,1.424431085586548,2.8488621711730957,0.18039804697036743,2.0,1.6289995561937975,0,0.3769364655017853,0.6974999999993025,0.8858999999991141,9.30015754699707,0.03318643197417259,0.013610836118459702,0.027221672236919403,0.01219563279300928,2.0,0.03317746928989849,0,0.82562655210495,0.9923799999998016,0.9999399999998,0.03863667696714401
"vgg16_bn-reg:5,lamb:0.5",5,0.5,cifar100_vgg16_bn,888.338993245,199,1743682979.5688488,{'runtime': 888},1.5453540086746216,0.974202275276184,0.487101137638092,0.17909163236618042,0.5,1.566105672325568,0,0.4174183905124664,0.7177999999992821,0.904999999999095,9.548686027526855,0.06026061996817589,0.013736572116613388,0.006868286058306694,0.013486023992300034,0.5,0.06055403997508565,0,0.12375319004058838,0.9825999999998036,0.9997999999998,0.08098629117012024
"vgg16_bn-reg:5,lamb:0.1",5,0.1,cifar100_vgg16_bn,912.266226159,199,1743683015.0887218,{'runtime': 912},1.39385724067688,0.2960827946662903,0.02960827946662903,0.1569792479276657,0.10000000149011612,1.4129266079708191,0,0.3597029447555542,0.7175999999992824,0.9015999999990983,7.270277976989746,0.14257803559303284,0.011838823556900024,0.0011838823556900024,0.016932543367147446,0.10000000149011612,0.14286521490770676,0,0.09663883596658708,0.9571999999998086,0.9978799999998004,0.2649950385093689
"vgg16_bn-reg:5,lamb:1.0",5,1.0,cifar100_vgg16_bn,935.290019051,199,1743683301.1304245,{'runtime': 935},1.61964213848114,1.277924418449402,1.277924418449402,0.17912280559539795,1.0,1.6360234405480636,0,0.4331007301807403,0.7243999999992755,0.9014999999990984,10.646092414855955,0.05097614973783493,0.017499320209026337,0.017499320209026337,0.013127302750945091,1.0,0.05105952799477858,0,0.16053888201713562,0.9862199999998028,0.9996799999998002,0.07514841109514236
"vgg19_bn-reg:5,lamb:0.001",5,0.001,cifar100_vgg19_bn,987.773944059,199,1743683594.333571,{'runtime': 987},1.3867429494857788,0.002961721969768405,2.9617222025990486e-06,0.12707120180130005,0.0010000000474974513,1.3869301941503758,0,0.29852789640426636,0.6886999999993112,0.8815999999991183,5.937053680419922,0.4345510303974152,0.0006292247562669218,6.292248144745827e-07,0.017497889697551727,0.0010000000474974513,0.4343539581089383,0,0.06268858909606934,0.8749599999998251,0.9782399999998044,1.0630899667739868
"vgg19_bn-reg:5,lamb:0.01",5,0.01,cifar100_vgg19_bn,963.652881271,199,1743683606.329461,{'runtime': 963},1.3362202644348145,0.02672998234629631,0.0002672998234629631,0.11712313443422318,0.009999999776482582,1.3433009978750816,0,0.250066339969635,0.6912999999993087,0.8844999999991154,5.448269367218018,0.4401429891586304,0.00517209991812706,5.17209991812706e-05,0.021110955625772476,0.009999999776482582,0.4395985315728697,0,0.05574965476989746,0.8745199999998251,0.9780599999998044,1.0427711009979248
"vgg19_bn-reg:5,lamb:0.5",5,0.5,cifar100_vgg19_bn,978.787759011,199,1743683966.9420974,{'runtime': 978},1.600177764892578,0.9869709014892578,0.4934854507446289,0.16645091772079468,0.5,1.6055468614855914,0,0.35796454548835754,0.7030999999992968,0.8869999999991129,9.713644981384276,0.13967925310134888,0.0361064076423645,0.01805320382118225,0.023231152445077896,0.5,0.13996447751306693,0,0.20031750202178955,0.9583399999998083,0.9988999999998004,0.2275151014328003
"vgg19_bn-reg:5,lamb:0.1",5,0.1,cifar100_vgg19_bn,992.054862184,199,1743684025.0440834,{'runtime': 992},1.3965520858764648,0.27169331908226013,0.027169331908226013,0.14217443764209747,0.10000000149011612,1.4214615162633633,0,0.2819514870643616,0.6968999999993031,0.8913999999991086,6.595974922180176,0.266903817653656,0.023373570293188095,0.0023373570293188095,0.023924363777041435,0.10000000149011612,0.2670209809849461,0,0.13598743081092834,0.920199999999816,0.9922999999998016,0.5213170051574707
"vgg13_bn-reg:5,lamb:2.0",5,2.0,cifar100_vgg13_bn,1366.712776266,199,1743684674.8997607,{'runtime': 1366},1.3884315490722656,1.195887565612793,2.391775131225586,0.1613900661468506,2.0,1.37755890305174,0,0.43266117572784424,0.7330999999992669,0.911999999999088,7.686112403869629,0.024601291865110397,0.010085415095090866,0.020170830190181732,0.008639207109808922,2.0,0.024900722601225896,0,0.8046562671661377,0.9940199999998012,0.9999199999998,0.02715923637151718
"vgg19_bn-reg:5,lamb:1.0",5,1.0,cifar100_vgg19_bn,986.535992823,199,1743684298.1702838,{'runtime': 986},1.677310347557068,1.2671808004379272,1.2671808004379272,0.16557028889656067,1.0,1.6641337658774922,0,0.35538575053215027,0.6874999999993124,0.8807999999991192,10.284870147705078,0.17179003357887268,0.06001272797584534,0.06001272797584534,0.035806119441986084,1.0,0.1717719779243218,0,0.11325860023498537,0.95001999999981,0.9984599999998004,0.2537485361099243
"repvgg_a0-reg:5,lamb:0.001",5,0.001,cifar100_repvgg_a0,1679.336577531,199,1743685287.167343,{'runtime': 1679},1.0694491863250732,0.002287677489221096,2.287677489221096e-06,0.10799435526132584,0.0010000000474974513,1.0682788339566776,0,0.2247512936592102,0.7365999999992633,0.9306999999990692,4.220555305480957,0.07911166548728943,-4.3306496081640944e-05,-4.330649971961975e-08,0.0397491492331028,0.0010000000474974513,0.07926656714027064,0,0.3203665614128113,0.9856399999998028,0.9995599999998002,0.06049302592873573
"repvgg_a0-reg:5,lamb:0.01",5,0.01,cifar100_repvgg_a0,1672.964149919,199,1743685289.941331,{'runtime': 1673},1.0485328435897827,0.020567327737808228,0.00020567327737808228,0.10132645070552826,0.009999999776482582,1.0480270666244182,0,0.19901731610298157,0.7426999999992573,0.92989999999907,4.187099456787109,0.07419778406620026,0.00028802896849811077,2.8802896849811077e-06,0.03934766352176666,0.009999999776482582,0.07431351636366341,0,0.25594598054885864,0.9871599999998026,0.9996599999998002,0.05345052480697632
"repvgg_a0-reg:5,lamb:0.5",5,0.5,cifar100_repvgg_a0,1679.61640491,199,1743685657.1739285,{'runtime': 1679},1.0338093042373655,0.5247989892959595,0.26239949464797974,0.09601907432079317,0.5,1.0220077750511998,0,0.20099681615829468,0.7484999999992514,0.9293999999990704,4.130702495574951,0.026041418313980103,0.001263052225112915,0.0006315261125564575,0.02213474176824093,0.5,0.026049691678729465,0,0.8041579723358154,0.9989599999998002,0.9999999999998,0.00578845851123333
"repvgg_a0-reg:5,lamb:0.1",5,0.1,cifar100_repvgg_a0,1672.858100822,199,1743685706.5460603,{'runtime': 1672},1.0730587244033811,0.1839005947113037,0.01839005947113037,0.10747293382883072,0.10000000149011612,1.0708193493192588,0,0.20953410863876343,0.7381999999992618,0.9314999999990684,4.379027843475342,0.04558104649186134,0.0009013991802930832,9.013991802930832e-05,0.031780268996953964,0.10000000149011612,0.04563679322557589,0,0.48362529277801514,0.9951399999998012,0.9999799999998,0.018734589219093323
"repvgg_a0-reg:5,lamb:1.0",5,1.0,cifar100_repvgg_a0,1692.24073798,199,1743686009.5033324,{'runtime': 1692},1.0444939136505127,0.7062990665435791,0.7062990665435791,0.10059450566768646,1.0,1.0363372457416824,0,0.19022685289382937,0.7507999999992492,0.9327999999990672,4.32597541809082,0.019701402634382248,0.001459520310163498,0.001459520310163498,0.017026197165250778,1.0,0.019753762662391233,0,0.757080078125,0.9991999999998002,0.9999999999998,0.003603025572374463
"vgg16_bn-reg:5,lamb:2.0",5,2.0,cifar100_vgg16_bn,1366.499694652,199,1743686053.275715,{'runtime': 1366},1.6729633808135986,1.473376989364624,2.946753978729248,0.1843729168176651,2.0,1.674006309686822,0,0.416664719581604,0.717899999999282,0.8951999999991047,10.965574264526367,0.05437410622835159,0.02529943734407425,0.0505988746881485,0.013668202795088291,2.0,0.05492020028420125,0,0.0950537919998169,0.985339999999803,0.9997999999998,0.08208008855581284
"repvgg_a1-reg:5,lamb:0.001",5,0.001,cifar100_repvgg_a1,2069.803564452,199,1743687367.0507607,{'runtime': 2069},1.0167077779769895,0.001998385414481163,1.998385414481163e-06,0.10303225368261336,0.0010000000474974513,1.0138943461029184,0,0.2365674376487732,0.7490999999992508,0.9349999999990648,4.035381317138672,0.04039285331964493,0.0003385320887900889,3.385321178939194e-07,0.02618943341076374,0.0010000000474974513,0.04042922776480326,0,0.382246732711792,0.995159999999801,0.9998999999998,0.023119019344449043
"repvgg_a1-reg:5,lamb:0.01",5,0.01,cifar100_repvgg_a1,2054.256050071,199,1743687353.1543908,{'runtime': 2054},1.0130642652511597,0.02000313252210617,0.0002000313252210617,0.09709233045578004,0.009999999776482582,1.0006026660384637,0,0.22106021642684937,0.7551999999992447,0.9352999999990648,4.08174467086792,0.03789699077606201,0.00013148528523743153,1.3148528523743153e-06,0.025451991707086563,0.009999999776482582,0.03787946565909801,0,0.31078991293907166,0.995699999999801,0.9999599999998,0.0193829033523798
"repvgg_a1-reg:5,lamb:0.5",5,0.5,cifar100_repvgg_a1,2064.986120834,199,1743687733.5763214,{'runtime': 2065},0.9795971512794496,0.499366819858551,0.2496834099292755,0.09744343161582948,0.5,0.9696886417825716,0,0.205314040184021,0.7594999999992404,0.935999999999064,3.8772242069244385,0.014025703072547913,0.0005464702844619751,0.00027323514223098755,0.012174841947853563,0.5,0.014050154261790604,0,0.7435017824172974,0.9994599999998002,0.9999999999998,0.0025072244461625814
"repvgg_a1-reg:5,lamb:0.1",5,0.1,cifar100_repvgg_a1,2061.747651533,199,1743687780.1549158,{'runtime': 2061},1.0172704458236694,0.1779703050851822,0.01779703050851822,0.10149102658033372,0.10000000149011612,1.0103257638670435,0,0.22373884916305545,0.7559999999992439,0.9367999999990632,4.252608299255371,0.02626115269958973,0.00041658058762550354,4.1658058762550354e-05,0.01988556608557701,0.10000000149011612,0.02626531506868601,0,0.3248179852962494,0.9977999999998004,0.9999999999998,0.008644300512969494
"repvgg_a1-reg:5,lamb:1.0",5,1.0,cifar100_repvgg_a1,2060.996665441,199,1743688087.6229148,{'runtime': 2061},0.994451940059662,0.6679510474205017,0.6679510474205017,0.10132606327533722,1.0,0.9898370561509324,0,0.20559364557266235,0.7550999999992448,0.9366999999990632,3.947721481323242,0.012279045768082142,0.0007596137002110481,0.0007596137002110481,0.01078857108950615,1.0,0.01232256670182004,0,0.6384696960449219,0.9995599999998002,0.9999999999998,0.00206887349486351
"vgg19_bn-reg:5,lamb:2.0",5,2.0,cifar100_vgg19_bn,1364.746233542,199,1743687427.0048084,{'runtime': 1364},1.7526226043701172,1.4947919845581057,2.989583969116211,0.16769340634346008,2.0,1.7496142681039324,0,0.33514219522476196,0.678899999999321,0.8754999999991244,11.223871231079102,0.1940653920173645,0.08983641862869263,0.17967283725738523,0.040392518043518066,2.0,0.19418900120696864,0,0.20454470813274384,0.9431199999998114,0.9984199999998004,0.26507940888404846
"repvgg_a2-reg:5,lamb:0.01",5,0.01,cifar100_repvgg_a2,3021.917130488,199,1743690384.1838586,{'runtime': 3021},0.9416999816894532,0.01825699582695961,0.0001825699582695961,0.0935082584619522,0.009999999776482582,0.9364280683441362,0,0.2191102504730225,0.7670999999992328,0.93999999999906,3.7199838161468506,0.018548406660556793,4.712201189249754e-05,4.712201189249754e-07,0.014423588290810583,0.009999999776482582,0.018666080174471453,0,0.5531131029129028,0.9986399999998004,0.9999999999998,0.006227034609764814
"repvgg_a2-reg:5,lamb:0.001",5,0.001,cifar100_repvgg_a2,3029.41487028,199,1743690408.1686466,{'runtime': 3029},0.9617890119552612,0.001438951469026506,1.4389515854418278e-06,0.09358809143304823,0.0010000000474974513,0.9569600609532724,0,0.22067219018936157,0.7695999999992303,0.9376999999990622,3.9621639251708984,0.019953381270170212,-7.378002919722348e-05,-7.378002919722348e-08,0.014633809216320516,0.0010000000474974513,0.02005194820247312,0,0.3625331521034241,0.9982799999998004,0.9999999999998,0.008770659565925598
"repvgg_a0-reg:5,lamb:2.0",5,2.0,cifar100_repvgg_a0,1912.468996038,199,1743689357.775522,{'runtime': 1912},1.0830944776535034,0.8707059621810913,1.7414119243621826,0.11137914657592772,2.0,1.072611991792985,0,0.24727576971054077,0.7414999999992584,0.9307999999990691,4.535079002380371,0.016433274373412132,0.001887356862425804,0.003774713724851608,0.014403312467038631,2.0,0.016482126883967725,0,0.3125203549861908,0.9993999999998002,0.9999999999998,0.0027912878431379795
"repvgg_a2-reg:5,lamb:0.5",5,0.5,cifar100_repvgg_a2,3032.435788842,199,1743690802.7076006,{'runtime': 3032},0.9329464435577391,0.45995450019836426,0.22997725009918213,0.08222085237503052,0.5,0.935539409284357,0,0.17570030689239502,0.7663999999992336,0.9392999999990608,3.474679708480835,0.009316631592810154,0.00031013134866952896,0.00015506567433476448,0.008145183324813843,0.5,0.009359636013298684,0,0.3810046911239624,0.9996399999998,0.9999999999998,0.0014313391875475645
"repvgg_a2-reg:5,lamb:0.1",5,0.1,cifar100_repvgg_a2,3030.066065634,199,1743690829.9097135,{'runtime': 3030},0.9400569796562196,0.1566707342863083,0.01566707342863083,0.08755998313426971,0.10000000149011612,0.9375495640079756,0,0.214934766292572,0.76999999999923,0.9395999999990604,3.69777250289917,0.013440586626529694,0.0001559033989906311,1.559033989906311e-05,0.01109011098742485,0.10000000149011612,0.013459731866774157,0,0.3005579113960266,0.9992599999998002,0.9999999999998,0.0032767346128821373
"repvgg_a2-reg:5,lamb:1.0",5,1.0,cifar100_repvgg_a2,3028.693492082,199,1743691125.961804,{'runtime': 3028},0.9094198942184448,0.592574954032898,0.592574954032898,0.07665695995092392,1.0,0.9116634113297586,0,0.18679481744766235,0.770999999999229,0.9403999999990597,3.296755313873291,0.00866411067545414,0.0004100594669580459,0.0004100594669580459,0.007719125133007765,1.0,0.0086849214604483,0,0.611366868019104,0.9996799999998002,0.9999999999998,0.0010343280155211687
"repvgg_a1-reg:5,lamb:2.0",5,2.0,cifar100_repvgg_a1,2181.78976,199,1743691599.4523382,{'runtime': 2181},1.020119547843933,0.8067048788070679,1.6134097576141355,0.0912710428237915,2.0,1.0211544317434411,0,0.2118626832962036,0.7510999999992488,0.9292999999990706,3.9244015216827393,0.013191333040595056,0.0010710861533880234,0.0021421723067760468,0.011944222263991833,2.0,0.01320301755549193,0,0.613180935382843,0.9996199999998,0.9999999999998,0.0014751029666513205
"mobilenetv2_x0_5-reg:5,lamb:0.01",5,0.01,cifar100_mobilenetv2_x0_5,1391.864877814,199,1743691786.861312,{'runtime': 1391},1.122913837432861,0.012646149843931198,0.00012646149843931198,0.0324932262301445,0.009999999776482582,1.1050966729441218,0,0.08804436773061752,0.6744999999993254,0.9132999999990866,2.5648858547210693,0.762436032295227,0.005790777504444122,5.790777504444122e-05,0.06949351727962494,0.009999999776482582,0.7632881013325105,0,0.11708039045333862,0.775319999999845,0.9612199999998078,1.177685022354126
"mobilenetv2_x0_5-reg:5,lamb:0.001",5,0.001,cifar100_mobilenetv2_x0_5,1396.876070574,199,1743691815.0075052,{'runtime': 1396},1.1245678663253784,0.001139473170042038,1.139473170042038e-06,0.0394672192633152,0.0010000000474974513,1.1068007645224178,0,0.10712168365716934,0.6793999999993205,0.9147999999990852,2.73244571685791,0.7299308776855469,0.00037002607132308185,3.700261004269123e-07,0.06964053213596344,0.0010000000474974513,0.7301136358287588,0,0.12012141942977904,0.7853399999998429,0.9639999999998072,1.1386433839797974
"mobilenetv2_x0_5-reg:5,lamb:0.5",5,0.5,cifar100_mobilenetv2_x0_5,1399.639366859,199,1743692211.184792,{'runtime': 1399},1.0570815801620483,0.4023956060409546,0.2011978030204773,0.04492823779582977,0.5,1.038620275744421,0,0.09999904036521912,0.6955999999993043,0.9226999999990771,2.673494815826416,0.47150719165802,0.09179794788360596,0.04589897394180298,0.10402977466583252,0.5,0.4715704140677998,0,0.20157352089881897,0.865019999999827,0.9911999999998018,0.47651463747024536
"mobilenetv2_x0_5-reg:5,lamb:0.1",5,0.1,cifar100_mobilenetv2_x0_5,1394.307072684,199,1743692236.7657208,{'runtime': 1394},1.0918391942977903,0.11811874806880952,0.011811874806880953,0.03594915568828583,0.10000000149011612,1.0730358463823415,0,0.0917145609855652,0.6878999999993121,0.9173999999990824,2.652273654937744,0.6466827392578125,0.04045113921165466,0.004045113921165466,0.08269935101270676,0.10000000149011612,0.6467969934221085,0,0.14498451352119446,0.8084999999998383,0.9747799999998052,0.869205117225647
"mobilenetv2_x0_5-reg:5,lamb:1.0",5,1.0,cifar100_mobilenetv2_x0_5,1398.067110702,199,1743692541.6307745,{'runtime': 1398},1.0570377111434937,0.5845369100570679,0.5845369100570679,0.050964511930942535,1.0,1.0374484622120037,0,0.09384584426879884,0.7007999999992991,0.9275999999990724,2.858450412750244,0.4071334898471832,0.1182045042514801,0.1182045042514801,0.1067805364727974,1.0,0.40752217916555217,0,0.1920222640037537,0.8857599999998229,0.994879999999801,0.36801016330718994
"repvgg_a2-reg:5,lamb:2.0",5,2.0,cifar100_repvgg_a2,3109.913855675,199,1743694754.484365,{'runtime': 3109},0.9194478392601012,0.7175735831260681,1.4351471662521362,0.07480812072753906,2.0,0.9162098599169932,0,0.1924092173576355,0.7673999999992326,0.9363999999990636,3.2657370567321777,0.008252924308180809,0.0005524810403585434,0.0011049620807170868,0.007478647399693728,2.0,0.008330263273023346,0,0.20159012079238892,0.9997399999998,0.9999999999998,0.0007999131921678782
"mobilenetv2_x0_75-reg:5,lamb:0.01",5,0.01,cifar100_mobilenetv2_x0_75,1761.030395988,199,1743693557.4147837,{'runtime': 1761},1.0529659986495972,0.012793391942977904,0.00012793391942977905,0.04271196573972702,0.009999999776482582,1.039266358801186,0,0.0816240906715393,0.6982999999993016,0.9204999999990794,2.58744478225708,0.6125048995018005,0.004537450149655342,4.537450149655342e-05,0.06997703015804291,0.009999999776482582,0.613588363205005,0,0.13717669248580933,0.8186599999998363,0.9740999999998052,0.92494535446167
"mobilenetv2_x0_75-reg:5,lamb:0.001",5,0.001,cifar100_mobilenetv2_x0_75,1775.999420419,199,1743693600.8296585,{'runtime': 1776},1.073614239692688,0.001684296759776771,1.684296876192093e-06,0.04634243622422218,0.0010000000474974513,1.059499554071196,0,0.08362835645675659,0.6927999999993072,0.9212999999990786,2.668405055999756,0.6251786351203918,0.0005220063030719757,5.220063030719757e-07,0.06685206294059753,0.0010000000474974513,0.6259285418035384,0,0.11570489406585692,0.8146399999998372,0.9725599999998056,0.9673776626586914
"mobilenetv2_x0_75-reg:5,lamb:0.5",5,0.5,cifar100_mobilenetv2_x0_75,1775.870356026,199,1743694004.9819963,{'runtime': 1775},1.0183477401733398,0.41768550872802734,0.20884275436401367,0.061157554388046265,0.5,1.0052502331604765,0,0.10952508449554443,0.7136999999992862,0.9301999999990698,2.9061174392700195,0.33961763978004456,0.05960550904273987,0.029802754521369938,0.0970587506890297,0.5,0.33998838133743814,0,0.9026474952697754,0.9075799999998184,0.9969399999998008,0.3056909441947937
"mobilenetv2_x0_75-reg:5,lamb:0.1",5,0.1,cifar100_mobilenetv2_x0_75,1762.652438404,199,1743694011.5171232,{'runtime': 1762},1.0448567867279053,0.1196686178445816,0.01196686178445816,0.05005669593811035,0.10000000149011612,1.0295828168500434,0,0.09566554427146912,0.697999999999302,0.926899999999073,2.702086925506592,0.5067331194877625,0.030010417103767395,0.0030010417103767395,0.08279556035995483,0.10000000149011612,0.5069804246069651,0,0.1606929898262024,0.8507999999998299,0.985019999999803,0.644524335861206
"mobilenetv2_x0_75-reg:5,lamb:1.0",5,1.0,cifar100_mobilenetv2_x0_75,1765.955409418,199,1743694316.2378223,{'runtime': 1766},1.0201610326766968,0.5947698354721069,0.5947698354721069,0.06820983439683914,1.0,1.0016852104394809,0,0.13565337657928467,0.7151999999992847,0.9334999999990664,3.088306427001953,0.2808029055595398,0.07331866025924683,0.07331866025924683,0.09657465666532516,1.0,0.28116791359405974,0,0.2269691824913025,0.9278599999998144,0.9983999999998004,0.2199806421995163
"mobilenetv2_x1_0-reg:5,lamb:0.01",5,0.01,cifar100_mobilenetv2_x1_0,1968.040340805,199,1743695535.338925,{'runtime': 1968},1.017586350440979,0.012890435755252838,0.00012890435755252838,0.0488482303917408,0.009999999776482582,1.0154773411596285,0,0.11723804473876952,0.7088999999992911,0.9289999999990708,2.6170926094055176,0.5218560695648193,0.0038200989365577698,3.82009893655777e-05,0.07012585550546646,0.009999999776482582,0.5219225489401197,0,0.24090102314949036,0.8457399999998308,0.9814799999998036,0.7695898413658142
"mobilenetv2_x1_0-reg:5,lamb:0.001",5,0.001,cifar100_mobilenetv2_x1_0,1983.426674475,199,1743695595.0682786,{'runtime': 1983},1.0438740253448486,0.0015081603778526187,1.5081604942679403e-06,0.05023757740855217,0.0010000000474974513,1.0532629785288747,0,0.09524765610694884,0.7033999999992966,0.9249999999990748,2.6675689220428467,0.552230954170227,5.349283674149774e-05,5.3492840379476554e-08,0.06809694319963455,0.0010000000474974513,0.5521979895803869,0,0.124739408493042,0.8372799999998326,0.9791199999998044,0.84348464012146
"mobilenetv2_x1_0-reg:5,lamb:0.5",5,0.5,cifar100_mobilenetv2_x1_0,1976.092568139,199,1743696000.582689,{'runtime': 1976},1.0185892581939695,0.43279480934143066,0.21639740467071533,0.07037920504808426,0.5,1.014211801931029,0,0.11686734855175018,0.7157999999992841,0.9323999999990676,3.0785539150238037,0.26922017335891724,0.04354268312454224,0.02177134156227112,0.08882651478052139,0.5,0.26945060315326574,0,0.21761929988861084,0.9290999999998142,0.9984599999998004,0.2189820110797882
"mobilenetv2_x1_0-reg:5,lamb:0.1",5,0.1,cifar100_mobilenetv2_x1_0,1974.590211465,199,1743696002.785984,{'runtime': 1974},1.00788414478302,0.11884041130542757,0.011884041130542757,0.05265996605157852,0.10000000149011612,1.0118612465712993,0,0.09908413887023926,0.7105999999992894,0.9306999999990692,2.6944711208343506,0.43067222833633423,0.02451188862323761,0.002451188862323761,0.08043979108333588,0.10000000149011612,0.43051006156199206,0,0.31541353464126587,0.875239999999825,0.990259999999802,0.5260252356529236
"mobilenetv2_x1_0-reg:5,lamb:1.0",5,1.0,cifar100_mobilenetv2_x1_0,1973.414632932,199,1743696299.5974455,{'runtime': 1973},1.0285797119140625,0.6211967468261719,0.6211967468261719,0.07774950563907623,1.0,1.0401027989767486,0,0.1356562376022339,0.721899999999278,0.9343999999990656,3.3584039211273193,0.21012625098228457,0.05028948187828064,0.05028948187828064,0.08409704267978668,1.0,0.20996347289145417,0,0.21789658069610596,0.94989999999981,0.9994799999998002,0.1464739739894867
"mobilenetv2_x0_5-reg:5,lamb:2.0",5,2.0,cifar100_mobilenetv2_x0_5,1740.521950021,199,1743696506.798632,{'runtime': 1740},1.1044977903366089,0.7507323026657104,1.501464605331421,0.04344787448644638,2.0,1.087835630502539,0,0.0856669545173645,0.6848999999993151,0.9226999999990771,2.826519250869751,0.4858875274658203,0.2144789695739746,0.4289579391479492,0.11276977509260178,2.0,0.48611014075377895,0,0.18332511186599731,0.8618599999998277,0.990859999999802,0.479819118976593
"mobilenetv2_x1_4-reg:5,lamb:0.01",5,0.01,cifar100_mobilenetv2_x1_4,2601.473354885,199,1743698153.489867,{'runtime': 2601},0.9990517497062684,0.013143103569746016,0.00013143103569746015,0.05791643261909485,0.009999999776482582,0.9991958034520786,0,0.11389172077178956,0.7105999999992894,0.9290999999990708,2.6717212200164795,0.4463120400905609,0.003044214099645614,3.0442140996456143e-05,0.07200777530670166,0.009999999776482582,0.4462214210888368,0,0.14520758390426636,0.8698399999998261,0.9864199999998028,0.6235493421554565
"mobilenetv2_x1_4-reg:5,lamb:0.001",5,0.001,cifar100_mobilenetv2_x1_4,2611.554215769,199,1743698218.160416,{'runtime': 2611},1.004449725151062,0.0011844094842672348,1.1844094842672348e-06,0.0590207539498806,0.0010000000474974513,1.0099394453027253,0,0.11765927076339722,0.7130999999992869,0.9285999999990712,2.7014148235321045,0.4382303655147553,0.0004938628990203142,4.938628990203142e-07,0.07004077732563019,0.0010000000474974513,0.43823919397424543,0,0.1413457989692688,0.8722199999998256,0.9863399999998028,0.6244919300079346
"mobilenetv2_x1_4-reg:5,lamb:0.1",5,0.1,cifar100_mobilenetv2_x1_4,2608.828658054,199,1743698621.211162,{'runtime': 2608},0.9752447009086608,0.12371838092803956,0.012371838092803957,0.05991892889142037,0.10000000149011612,0.987405994287641,0,0.11463427543640135,0.7266999999992733,0.9350999999990648,2.830979824066162,0.3165949285030365,0.01567251980304718,0.001567251980304718,0.07923591136932373,0.10000000149011612,0.31628140220135353,0,0.18055760860443115,0.9112999999998178,0.9957799999998008,0.3338663578033447
"mobilenetv2_x1_4-reg:5,lamb:0.5",5,0.5,cifar100_mobilenetv2_x1_4,2613.007225774,199,1743698625.157506,{'runtime': 2613},0.9937635660171508,0.44328558444976807,0.22164279222488403,0.07567940652370453,0.5,0.9985473943240516,0,0.15571248531341553,0.730899999999269,0.9341999999990658,3.269580841064453,0.19234821200370789,0.02702304720878601,0.013511523604393004,0.0813235342502594,0.5,0.19247880858356473,0,0.27050188183784485,0.9564199999998088,0.9996799999998002,0.1332310140132904
"mobilenetv2_x1_4-reg:5,lamb:1.0",5,1.0,cifar100_mobilenetv2_x1_4,2609.666226104,199,1743698920.867771,{'runtime': 2609},1.0049666166305542,0.6217077970504761,0.6217077970504761,0.0818956196308136,1.0,1.0046959233752488,0,0.1694808304309845,0.7323999999992675,0.935899999999064,3.506691217422486,0.15350009500980377,0.03162051737308502,0.03162051737308502,0.0762845128774643,1.0,0.15346507567661538,0,0.23928359150886536,0.9692199999998062,0.9998599999998,0.08856518566608429
"mobilenetv2_x0_75-reg:5,lamb:2.0",5,2.0,cifar100_mobilenetv2_x0_75,1968.165404944,199,1743698485.6841912,{'runtime': 1968},1.0966092348098757,0.7906991243362427,1.5813982486724854,0.07785658538341522,2.0,1.0752430689626993,0,0.14659422636032104,0.6942999999993057,0.9226999999990771,3.3342792987823486,0.30702582001686096,0.1237424910068512,0.2474849820137024,0.09781311452388763,2.0,0.30733116258420456,0,0.9193910360336304,0.9183599999998164,0.9976599999998004,0.2559053301811218
"shufflenetv2_x0_5-reg:5,lamb:0.01",5,0.01,cifar100_shufflenetv2_x0_5,1093.372840559,199,1743699254.642428,{'runtime': 1093},1.2316265106201172,0.015214923769235613,0.0001521492376923561,0.0524904727935791,0.009999999776482582,1.2291451659705992,0,0.10979610681533812,0.657999999999342,0.898999999999101,3.083221912384033,0.7028477191925049,0.005139503628015518,5.139503628015518e-05,0.08406472951173782,0.009999999776482582,0.7031160100023468,0,0.14233523607254028,0.7982999999998404,0.965339999999807,1.0337170362472534
"shufflenetv2_x0_5-reg:5,lamb:0.001",5,0.001,cifar100_shufflenetv2_x0_5,1112.204771227,199,1743699342.2503824,{'runtime': 1112},1.2209371328353882,0.001187669113278389,1.187669113278389e-06,0.05543792247772217,0.0010000000474974513,1.2138911542241917,0,0.1290472149848938,0.6541999999993457,0.9000999999990998,2.950068950653076,0.7374237775802612,0.000233529121032916,2.335291355848313e-07,0.08416374772787094,0.0010000000474974513,0.7378738938777438,0,0.13916009664535522,0.7894999999998421,0.9638599999998072,1.112879753112793
"mobilenetv2_x1_0-reg:5,lamb:2.0",5,2.0,cifar100_mobilenetv2_x1_0,2127.205581866,199,1743700621.6396775,{'runtime': 2127},1.0608632564544678,0.7966535091400146,1.5933070182800293,0.0904991626739502,2.0,1.0571410474518554,0,0.16856271028518677,0.717899999999282,0.9294999999990704,3.71230149269104,0.18545453250408173,0.06479136645793915,0.1295827329158783,0.08153970539569855,2.0,0.1854819090448111,0,0.4090871810913086,0.9589999999998082,0.9996999999998,0.12279651314020155
"shufflenetv2_x0_5-reg:5,lamb:0.1",5,0.1,cifar100_shufflenetv2_x0_5,1121.127925711,199,1743699753.6528175,{'runtime': 1121},1.1990675926208496,0.1352343708276749,0.013523437082767488,0.0538581907749176,0.10000000149011612,1.1927510482071184,0,0.09657479077577592,0.6640999999993359,0.8985999999991013,3.038780927658081,0.6075321435928345,0.03531806170940399,0.003531806170940399,0.09701551496982574,0.10000000149011612,0.6078021748023458,0,0.22262954711914065,0.8239999999998352,0.9789399999998044,0.7556003332138062
"shufflenetv2_x0_5-reg:5,lamb:0.5",5,0.5,cifar100_shufflenetv2_x0_5,1107.10128551,199,1743699741.8334048,{'runtime': 1107},1.203554630279541,0.47913408279418945,0.23956704139709473,0.05706138908863067,0.5,1.210051226313393,0,0.09250354766845705,0.6694999999993304,0.9056999999990942,3.211238145828247,0.45580798387527466,0.07925921678543091,0.039629608392715454,0.129408597946167,0.5,0.4558441757315038,0,0.22615402936935425,0.8809999999998238,0.9932599999998014,0.40124356746673584
"shufflenetv2_x0_5-reg:5,lamb:1.0",5,1.0,cifar100_shufflenetv2_x0_5,1105.639254374,199,1743700044.0891993,{'runtime': 1105},1.1926881074905396,0.6844655275344849,0.6844655275344849,0.06197509542107582,1.0,1.185470433236824,0,0.1074819564819336,0.6767999999993232,0.9050999999990949,3.3827056884765625,0.370963990688324,0.09381765127182008,0.09381765127182008,0.13511016964912417,1.0,0.3711513481388685,0,0.2558867931365967,0.9129599999998176,0.9966599999998008,0.2759740352630615
"shufflenetv2_x1_0-reg:5,lamb:0.01",5,0.01,cifar100_shufflenetv2_x1_0,1256.664303957,199,1743700522.644096,{'runtime': 1256},1.1053667068481443,0.01674741506576538,0.0001674741506576538,0.0792403295636177,0.009999999776482582,1.109056046327846,0,0.18281227350234985,0.7026999999992972,0.9163999999990836,3.393110752105713,0.2921926975250244,0.0015127472579479218,1.5127472579479218e-05,0.0869981199502945,0.009999999776482582,0.29258675772952547,0,0.22179025411605835,0.9268599999998148,0.995199999999801,0.3138405382633209
"shufflenetv2_x1_0-reg:5,lamb:0.001",5,0.001,cifar100_shufflenetv2_x1_0,1241.88848064,199,1743700595.8728113,{'runtime': 1241},1.0801421403884888,0.0015365657163783908,1.5365658327937126e-06,0.07956638932228088,0.0010000000474974513,1.0722525683344988,0,0.16160359978675842,0.7075999999992924,0.9202999999990796,3.333650588989258,0.2892427146434784,0.00027939677238464355,2.793967723846436e-07,0.08462947607040405,0.0010000000474974513,0.28918695189864124,0,0.21453768014907837,0.9269399999998148,0.995119999999801,0.319164514541626
"shufflenetv2_x1_0-reg:5,lamb:0.5",5,0.5,cifar100_shufflenetv2_x1_0,1238.630523797,199,1743700991.38461,{'runtime': 1238},1.1095353364944458,0.5211068391799927,0.26055341958999634,0.09958532452583312,0.5,1.1133993026810922,0,0.1935916543006897,0.7114999999992885,0.9214999999990784,3.90769100189209,0.10317014902830124,0.008887998759746552,0.004443999379873276,0.0698782280087471,0.5,0.10330721872274604,0,0.38598471879959106,0.9888599999998022,0.9999799999998,0.041011810302734375
"shufflenetv2_x1_0-reg:5,lamb:0.1",5,0.1,cifar100_shufflenetv2_x1_0,1236.628363602,199,1743701000.1587086,{'runtime': 1236},1.1033718585968018,0.16096048057079315,0.016096048057079315,0.08640415221452713,0.10000000149011612,1.0984913420911189,0,0.17431840300559998,0.7133999999992865,0.91989999999908,3.7353150844573975,0.20191273093223572,0.007248707115650177,0.0007248707115650177,0.0849744975566864,0.10000000149011612,0.20222887882349183,0,0.29436057806015015,0.9561799999998088,0.9989199999998004,0.15240773558616638
"shufflenetv2_x1_0-reg:5,lamb:1.0",5,1.0,cifar100_shufflenetv2_x1_0,1235.615432622,199,1743701291.2346268,{'runtime': 1235},1.1317933797836304,0.737261176109314,0.737261176109314,0.1051403135061264,1.0,1.1301982504284147,0,0.20666378736495972,0.7174999999992825,0.922099999999078,4.320894241333008,0.06968458741903305,0.0083824023604393,0.0083824023604393,0.05249031260609627,1.0,0.06981493813598855,0,0.8074756264686584,0.9942599999998012,0.9999999999998,0.02112768590450287
"shufflenetv2_x1_5-reg:5,lamb:0.01",5,0.01,cifar100_shufflenetv2_x1_5,1402.189579536,199,1743701932.7290125,{'runtime': 1402},1.0653287172317505,0.017622020095586777,0.00017622020095586777,0.09052466601133348,0.009999999776482582,1.0729657587706838,0,0.1852155923843384,0.717899999999282,0.9234999999990764,3.584432363510132,0.15667954087257385,0.0005630310624837875,5.630310624837875e-06,0.07398433983325958,0.009999999776482582,0.1568099640381858,0,0.4143140912055969,0.970179999999806,0.9991599999998002,0.1184755489230156
"shufflenetv2_x1_5-reg:5,lamb:0.001",5,0.001,cifar100_shufflenetv2_x1_5,1405.783925017,199,1743702012.531526,{'runtime': 1405},1.0524048805236816,0.001455657067708671,1.455657184123993e-06,0.08657218515872955,0.0010000000474974513,1.0488867816687018,0,0.2029041051864624,0.718899999999281,0.924899999999075,3.3650455474853516,0.17030136287212372,-0.0004063476517330855,-4.06347680836916e-07,0.07463683933019638,0.0010000000474974513,0.17048523528581896,0,0.2583180367946625,0.9659599999998068,0.9985999999998004,0.14524589478969574
"mobilenetv2_x1_4-reg:5,lamb:2.0",5,2.0,cifar100_mobilenetv2_x1_4,2695.851867916,199,1743703329.8468678,{'runtime': 2695},1.0399551391601562,0.7904376983642578,1.5808753967285156,0.0950876921415329,2.0,1.0473530155782154,0,0.16607171297073364,0.724899999999275,0.9327999999990672,3.6751976013183594,0.13609181344509125,0.042417630553245544,0.08483526110649109,0.07096487283706665,2.0,0.13622834928094874,0,0.48618650436401367,0.9740599999998052,0.9998599999998,0.07445406913757324
"shufflenetv2_x1_5-reg:5,lamb:0.5",5,0.5,cifar100_shufflenetv2_x1_5,1408.897488238,199,1743702417.9904027,{'runtime': 1408},1.0342103242874146,0.49705708026885986,0.24852854013442993,0.0993032604455948,0.5,1.0326839831869965,0,0.21544283628463745,0.7332999999992666,0.931899999999068,3.6790671348571777,0.04743911325931549,0.0026049762964248657,0.0013024881482124329,0.038796208798885345,0.5,0.04755471275914738,0,0.8005332946777344,0.9975999999998004,0.9999999999998,0.011693793348968027
"shufflenetv2_x1_5-reg:5,lamb:0.1",5,0.1,cifar100_shufflenetv2_x1_5,1407.660928389,199,1743702415.376326,{'runtime': 1407},1.053735375404358,0.15690967440605164,0.015690967440605164,0.09018616378307344,0.10000000149011612,1.0587760624622804,0,0.17883431911468506,0.7256999999992743,0.9291999999990708,3.6445553302764897,0.10164771229028702,0.0023988261818885803,0.00023988261818885803,0.06234538555145264,0.10000000149011612,0.10171199391780324,0,0.31229743361473083,0.9858799999998028,0.9999199999998,0.0498158223927021
"shufflenetv2_x1_5-reg:5,lamb:1.0",5,1.0,cifar100_shufflenetv2_x1_5,1408.246013131,199,1743702709.0419378,{'runtime': 1408},1.052862286567688,0.6873513460159302,0.6873513460159302,0.09250472486019136,1.0,1.0479740780952262,0,0.2197537422180176,0.7405999999992593,0.9272999999990726,3.8785765171051025,0.034771665930747986,0.0026624053716659546,0.0026624053716659546,0.0300280824303627,1.0,0.034904016085012854,0,0.3186225891113281,0.9987599999998004,0.9999999999998,0.006279243156313896
"shufflenetv2_x2_0-reg:5,lamb:0.01",5,0.01,cifar100_shufflenetv2_x2_0,1823.404640994,199,1743703766.8936555,{'runtime': 1823},1.0266609191894531,0.017482787370681763,0.00017482787370681763,0.094184011220932,0.009999999776482582,1.0286549193075605,0,0.20616397261619568,0.7286999999992713,0.9309999999990688,3.550919532775879,0.08960311114788055,0.0002438260708004236,2.438260708004236e-06,0.05398820340633392,0.009999999776482582,0.08969346254758444,0,0.2993050217628479,0.9877799999998024,0.9998199999998,0.051895104348659515
"shufflenetv2_x2_0-reg:5,lamb:0.001",5,0.001,cifar100_shufflenetv2_x2_0,1833.001453807,199,1743703856.3460925,{'runtime': 1833},1.0351332426071167,0.001350417616777122,1.3504177331924438e-06,0.09254591912031174,0.0010000000474974513,1.0431719032302271,0,0.18680202960968015,0.7254999999992744,0.9296999999990704,3.427236318588257,0.10384635627269743,-0.00010413349809823558,-1.041335053741932e-07,0.05947574973106384,0.0010000000474974513,0.10394738340334032,0,0.2777182161808014,0.9841399999998032,0.9998199999998,0.06117019802331925
"shufflenetv2_x2_0-reg:5,lamb:0.1",5,0.1,cifar100_shufflenetv2_x2_0,1827.261425343,199,1743704253.5310612,{'runtime': 1827},1.0163800716400146,0.1542297750711441,0.01542297750711441,0.08515487611293793,0.10000000149011612,1.0167264205655775,0,0.1843821406364441,0.7419999999992579,0.9294999999990704,3.580313920974731,0.05784457176923752,0.0009483611211180688,9.483611211180688e-05,0.042992837727069855,0.10000000149011612,0.05796251398196497,0,0.8263865113258362,0.995059999999801,0.9999799999998,0.019547540694475177
"shufflenetv2_x2_0-reg:5,lamb:0.5",5,0.5,cifar100_shufflenetv2_x2_0,1833.996171563,199,1743704270.7543292,{'runtime': 1834},1.0276068449020386,0.4984740018844605,0.24923700094223025,0.0969434529542923,0.5,1.0238421914402065,0,0.2014157772064209,0.7367999999992632,0.9324999999990674,3.7613413333892822,0.032186612486839294,0.0013600438833236694,0.0006800219416618347,0.027726903557777405,0.5,0.03227685139901019,0,0.7660496234893799,0.9987799999998004,0.9999999999998,0.006071020849049091
"shufflenetv2_x2_0-reg:5,lamb:1.0",5,1.0,cifar100_shufflenetv2_x2_0,1827.91162795,199,1743704546.8537157,{'runtime': 1827},0.9943249821662904,0.6439545750617981,0.6439545750617981,0.08617670089006424,1.0,0.9873499674116822,0,0.1927102208137512,0.74989999999925,0.9361999999990636,3.609246015548706,0.022032970562577248,0.001281971111893654,0.001281971111893654,0.01969176158308983,1.0,0.0220649258640494,0,0.6460153460502625,0.9993599999998002,0.9999999999998,0.0030240777414292097
"shufflenetv2_x0_5-reg:5,lamb:2.0",5,2.0,cifar100_shufflenetv2_x0_5,1628.960766741,199,1743704969.5218828,{'runtime': 1629},1.253921627998352,0.8890897035598755,1.778179407119751,0.07104004919528961,2.0,1.2483151700952164,0,0.1217046082019806,0.6567999999993431,0.9014999999990984,3.535728931427002,0.39191287755966187,0.15140002965927124,0.3028000593185425,0.14059486985206604,2.0,0.3918766803383383,0,0.2528594732284546,0.9089799999998184,0.9959399999998008,0.3043521046638489
"shufflenetv2_x1_0-reg:5,lamb:2.0",5,2.0,cifar100_shufflenetv2_x1_0,1693.17270543,199,1743706680.303073,{'runtime': 1693},1.2557214498519895,0.9872215986251832,1.9744431972503664,0.12532152235507965,2.0,1.251563481673632,0,0.23179590702056885,0.6920999999993078,0.9112999999990886,4.845184803009033,0.0704679936170578,0.014115855097770693,0.028231710195541385,0.053161218762397766,2.0,0.07053341809300331,0,0.32730832695961,0.9942999999998012,0.9999999999998,0.020936470478773117
"shufflenetv2_x1_5-reg:5,lamb:2.0",5,2.0,cifar100_shufflenetv2_x1_5,1771.837366189,199,1743708470.0976915,{'runtime': 1771},1.1625839471817017,0.9155346155166626,1.8310692310333252,0.10617850720882416,2.0,1.1653328937358998,0,0.21080785989761353,0.7177999999992821,0.9135999999990864,4.486086368560791,0.03682858496904373,0.005102701485157013,0.010205402970314026,0.031581323593854904,2.0,0.036924465424492986,0,0.735401451587677,0.9986399999998004,0.9999999999998,0.007308832835406065
"shufflenetv2_x2_0-reg:5,lamb:2.0",5,2.0,cifar100_shufflenetv2_x2_0,2062.626833539,199,1743710543.5946667,{'runtime': 2062},1.0720402002334597,0.8490644693374634,1.6981289386749268,0.10201990604400636,2.0,1.08746312680476,0,0.21051782369613647,0.7386999999992613,0.9282999999990716,4.208226680755615,0.01961243152618408,0.0020514726638793945,0.004102945327758789,0.017544765025377274,2.0,0.01961940214679053,0,0.6464313268661499,0.9994599999998002,0.9999999999998,0.0027313577011227608
