name,reg,lamb,sweep_model,_runtime,_step,_timestamp,_wandb,eval/L,eval/alphaD,eval/cummulant,eval/ece,eval/lambd,eval/loss,eval/lr,eval/mce,eval/top1_acc,eval/top5_acc,eval/var,train/L,train/alphaD,train/cummulant,train/ece,train/lambd,train/loss,train/lr,train/mce,train/top1_acc,train/top5_acc,train/var
"resnet20-reg:8,lamb:0.5",8,0.5,cifar10_resnet20,1902.905232357,199,1743467555.5769262,{'runtime': 1902},0.2724972069263458,0.13477137684822085,0.06738568842411041,0.03626853227615357,0.5,0.2730211890551368,0,0.2695291340351105,0.9227999999990772,0.9977999999990022,1.120441436767578,0.036619774997234344,0.036147017031908035,51.07049560546875,0.014408133924007416,1412.8551025390625,0.03669296864385019,0,0.2268424928188324,0.990879999999802,0.9999399999998,0.031128372997045517
"resnet20-reg:4,lamb:1.0",4,1.0,cifar10_resnet20,895.668476801,199,1743466548.4808755,{'runtime': 895},0.27630844712257385,0.18690243363380432,0.18690243363380432,0.03830284625291824,1.0,0.27191976544168506,0,0.2922883629798889,0.9249999999990748,0.9976999999990024,1.228825569152832,0.01242422591894865,0.0015838099643588066,0.0015838099643588066,0.009114496409893036,1.0,0.012573780085040892,0,0.6261987686157227,0.9987599999998004,0.9999999999998,0.004220511764287949
"resnet20-reg:3,lamb:1.0",3,1.0,cifar10_resnet20,884.851392112,199,1743466537.2902126,{'runtime': 884},0.25130823254585266,0.14475038647651672,0.14475038647651672,0.02443159744143486,1.0,0.2472746349252972,0,0.27846983075141907,0.9196999999990804,0.9985999999990012,0.7651538252830505,0.06904441118240356,0.018548309803009033,0.018548309803009033,0.022845707833766937,1.0,0.06908396366935288,0,0.1555362343788147,0.979899999999804,0.9999399999998,0.05751056969165802
"resnet20-reg:3,lamb:0.5",3,0.5,cifar10_resnet20,882.310481292,199,1743466534.721419,{'runtime': 882},0.2755322754383087,0.11253216862678528,0.05626608431339264,0.025964803993701935,0.5,0.27376828559349375,0,0.2196799069643021,0.9104999999990896,0.9977999999990022,0.798673689365387,0.10449982434511185,0.021068580448627472,0.010534290224313736,0.02475070208311081,0.5,0.10449190142658572,0,0.19940225780010223,0.9676999999998064,0.9996999999998,0.11407653987407684
"resnet20-reg:4,lamb:0.5",4,0.5,cifar10_resnet20,894.670787643,199,1743466547.4894695,{'runtime': 894},0.2634654641151428,0.13462978601455688,0.06731489300727844,0.03671716898679733,0.5,0.25777395086437865,0,0.2797127664089203,0.924899999999075,0.9972999999990028,1.1443618535995483,0.01198376901447773,0.0008982587605714798,0.0004491293802857399,0.008612376637756824,0.5,0.012072092206646788,0,0.25820136070251465,0.9986999999998004,0.9999999999998,0.00425781263038516
"resnet20-reg:8,lamb:2.0",8,2.0,cifar10_resnet20,1887.7601964,199,1743467540.446056,{'runtime': 1887},0.2702500820159912,0.2084486484527588,0.4168972969055176,0.03612780570983887,2.0,0.2679386480972876,0,0.277934730052948,0.9213999999990784,0.9982999999990017,1.0728029012680054,0.039059463888406754,0.03904029726982117,3903.386962890625,0.014442496001720428,99983.53125,0.03907809901441049,0,0.2074582576751709,0.9896799999998022,0.9999599999998,0.0331161692738533
"resnet20-reg:4,lamb:2.0",4,2.0,cifar10_resnet20,890.07533227,199,1743466542.750762,{'runtime': 890},0.269701212644577,0.2112290561199188,0.4224581122398377,0.03761269152164459,2.0,0.2643390557999183,0,0.19023650884628296,0.9233999999990764,0.9976999999990024,1.175100564956665,0.01221840176731348,0.0025152424350380898,0.0050304848700761795,0.008880706503987312,2.0,0.012266595315094506,0,0.6090875864028931,0.9985599999998004,0.9999999999998,0.003881991608068347
"resnet20-reg:4,lamb:0.1",4,0.1,cifar10_resnet20,899.179344487,199,1743466552.0024426,{'runtime': 899},0.27185845375061035,0.05177903920412064,0.005177903920412064,0.03910313919186592,0.10000000149011612,0.2667570052932882,0,0.207913875579834,0.927799999999072,0.9975999999990024,1.2771450281143188,0.010965473018586636,0.0002271006815135479,2.271006815135479e-05,0.007488882634788752,0.10000000149011612,0.0109782444393097,0,0.3041432201862335,0.9987199999998004,0.9999999999998,0.004682326689362526
"resnet20-reg:8,lamb:0.01",8,0.01,cifar10_resnet20,1893.999000194,199,1743467546.671356,{'runtime': 1894},0.2852436602115631,0.003623659722507,3.623659722507e-05,0.02247629500925541,0.009999999776482582,0.28305327661709717,0,0.07936763763427734,0.901899999999098,0.9973999999990024,0.7332907915115356,0.1442512571811676,0.02885894849896431,0.013253197073936462,0.026620982214808464,0.45924046635627747,0.14428783686361524,0,0.10852110385894775,0.9524399999998096,0.9995999999998,0.16569171845912933
"resnet20-reg:3,lamb:0.01",3,0.01,cifar10_resnet20,898.017154148,199,1743466550.4487686,{'runtime': 898},0.3502129912376404,0.00431528314948082,4.31528314948082e-05,0.028601111844182014,0.009999999776482582,0.3445983071881324,0,0.07454949617385864,0.8819999999991179,0.9967999999990032,0.8677107095718384,0.2437494546175003,0.001897616311907768,1.897616311907768e-05,0.013979889452457428,0.009999999776482582,0.24363082722106927,0,0.8009544014930725,0.9163999999998168,0.9979799999998004,0.39122235774993896
"resnet20-reg:4,lamb:0.001",4,0.001,cifar10_resnet20,1535.011008991,199,1743467188.0379367,{'runtime': 1535},0.2799420952796936,0.0005155452527105808,5.155452527105808e-07,0.03819620981812477,0.0010000000474974513,0.27889689237357507,0,0.2798287868499756,0.9272999999990726,0.9975999999990024,1.3256433010101318,0.010541162453591824,5.074434375273995e-05,5.074434739071877e-08,0.007322286255657673,0.0010000000474974513,0.010569191470735165,0,0.4272836446762085,0.9987199999998004,0.9999999999998,0.0039565684273839
"resnet20-reg:8,lamb:0.1",8,0.1,cifar10_resnet20,1895.829264101,199,1743467548.4726255,{'runtime': 1895},0.28245168924331665,0.042335595935583115,0.0042335595935583115,0.03763563558459282,0.10000000149011612,0.277079177112898,0,0.20127974450588224,0.9131999999990869,0.997899999999002,1.0020558834075928,0.04953564703464508,0.03757349029183388,0.5778625011444092,0.017426442354917526,15.379526138305664,0.04945690168423692,0,0.1561514139175415,0.9867599999998028,0.9999599999998,0.04538127779960632
"resnet20-reg:8,lamb:0.001",8,0.001,cifar10_resnet20,1897.1778594,199,1743467549.855384,{'runtime': 1897},0.30441537499427795,0.00019330762734171003,1.9330764189362529e-07,0.01920013502240181,0.0010000000474974513,0.30162631377487703,0,0.09256350994110107,0.8967999999991031,0.9969999999990028,0.7392013669013977,0.1991633027791977,0.012245594523847105,0.001104867085814476,0.020777292549610134,0.09022568166255952,0.1992113826960866,0,0.19183418154716492,0.9330799999998134,0.9985599999998004,0.2927333116531372
"resnet20-reg:8,lamb:1.0",8,1.0,cifar10_resnet20,1898.559018417,199,1743467551.2324028,{'runtime': 1898},0.2871522009372711,0.1898459494113922,0.1898459494113922,0.03934166207909584,1.0,0.2856514997066194,0,0.17561709880828855,0.9187999999990812,0.9975999999990024,1.213949203491211,0.035425443202257156,0.035368990153074265,793.8342895507812,0.013446131721138954,22444.359375,0.03538953524130419,0,0.20745518803596497,0.990779999999802,0.9999799999998,0.028711427003145214
"resnet20-reg:3,lamb:0.001",3,0.001,cifar10_resnet20,912.687309287,199,1743466565.7406316,{'runtime': 912},0.3427777886390686,0.0004087341658305377,4.087341949343682e-07,0.02496202476322651,0.0010000000474974513,0.33893572903146746,0,0.1620769202709198,0.8854999999991144,0.9965999999990032,0.8662285208702087,0.23673148453235623,0.00022025777434464544,2.202577888965607e-07,0.015108969062566755,0.0010000000474974513,0.23677169864891628,0,0.09236371517181396,0.919679999999816,0.9978799999998004,0.38859573006629944
"resnet20-reg:4,lamb:0.01",4,0.01,cifar10_resnet20,1343.26125583,199,1743466998.233807,{'runtime': 1343},0.27748948335647583,0.0063598621636629105,6.35986216366291e-05,0.03761105611920357,0.009999999776482582,0.27144560867653633,0,0.27025270462036133,0.9266999999990732,0.997999999999002,1.2952265739440918,0.010505938902497292,1.5521800378337502e-05,1.5521800378337502e-07,0.007299764081835747,0.009999999776482582,0.010539483852213292,0,0.391082763671875,0.9987999999998004,0.9999999999998,0.004281933419406414
"resnet20-reg:3,lamb:0.1",3,0.1,cifar10_resnet20,911.901860137,199,1743466566.3471637,{'runtime': 911},0.310212105512619,0.033694226294755936,0.0033694226294755936,0.018549244850873947,0.10000000149011612,0.3093642278732319,0,0.8008472919464111,0.8962999999991036,0.9967999999990032,0.7664622664451599,0.1911725252866745,0.012520719319581984,0.0012520719319581983,0.0217168889939785,0.10000000149011612,0.19129045637374836,0,0.8201223015785217,0.9357599999998129,0.9989799999998002,0.27141624689102173
"resnet20-reg:3,lamb:2.0",3,2.0,cifar10_resnet20,1316.886231716,199,1743466971.373045,{'runtime': 1316},0.26236438751220703,0.19456100463867188,0.38912200927734375,0.030187241733074188,2.0,0.2573173014735122,0,0.1371937394142151,0.9194999999990804,0.9980999999990018,0.8814619183540344,0.05278041586279869,0.02049281820654869,0.04098563641309738,0.019805623218417168,2.0,0.052704413124161006,0,0.325703501701355,0.9860799999998028,0.9999799999998,0.04308181256055832
resnet20-baseline,0,0.1,cifar10_resnet20,892.673414952,199,1743466547.2845244,{'runtime': 892},0.28432729840278625,0.05499722436070442,0.005499722436070442,0.03849794343113899,0.10000000149011612,0.28467158519065383,0,0.1765831708908081,0.9265999999990732,0.9973999999990024,1.3522474765777588,0.010811670683324335,0.00021634972654283047,2.1634972654283047e-05,0.007150810211896896,0.10000000149011612,0.010825621481546564,0,0.7831416130065918,0.9985599999998004,0.9999999999998,0.004449170548468828
"resnet32-reg:3,lamb:0.5",3,0.5,cifar10_resnet32,1138.923041828,199,1743467681.5679688,{'runtime': 1139},0.24442026019096377,0.09939882159233092,0.049699410796165466,0.024500727653503414,0.5,0.24454918683912075,0,0.2827126085758209,0.9189999999990808,0.9984999999990014,0.6951221227645874,0.07244284451007843,0.013408496975898744,0.006704248487949371,0.020084887742996216,0.5,0.07237574453951673,0,0.26911523938179016,0.9781799999998044,0.9999199999998,0.07141736149787903
"resnet32-reg:3,lamb:1.0",3,1.0,cifar10_resnet32,1141.395237113,199,1743467686.4579518,{'runtime': 1141},0.252092182636261,0.15581876039505005,0.15581876039505005,0.02885916829109192,1.0,0.25187642120978554,0,0.2554580271244049,0.9243999999990756,0.997899999999002,0.8921517133712769,0.04194159060716629,0.010892815887928007,0.010892815887928007,0.015684369951486588,1.0,0.041888890595756074,0,0.14889311790466309,0.9889399999998024,0.9999799999998,0.03532290831208229
"resnet32-reg:4,lamb:2.0",4,2.0,cifar10_resnet32,1145.899957563,199,1743467706.366796,{'runtime': 1145},0.2870088815689087,0.2416006326675415,0.483201265335083,0.0441720187664032,2.0,0.2990794546154481,0,0.4025281369686126,0.932899999999067,0.9981999999990018,1.6220680475234983,0.005412687081843615,0.0011511933989822865,0.002302386797964573,0.003582301316782832,2.0,0.0054514314923077446,0,0.2094324231147766,0.9992399999998002,0.9999999999998,0.0019663083367049694
resnet32-baseline,0,0.1,cifar10_resnet32,1128.840661269,199,1743467686.112497,{'runtime': 1128},0.2931760549545288,0.06678333133459091,0.006678333505988121,0.04178955033421517,0.10000000149011612,0.30435548677882196,0,0.70135498046875,0.9346999999990652,0.9967999999990032,1.6806319952011108,0.004225751850754023,9.634182788431644e-05,9.634182788431644e-06,0.002505706623196602,0.10000000149011612,0.004224140343530197,0,0.28577548265457153,0.9993399999998002,0.9999999999998,0.0020218624267727137
"resnet32-reg:3,lamb:0.01",3,0.01,cifar10_resnet32,1124.312824065,199,1743467684.44129,{'runtime': 1124},0.30604544281959534,0.003826059401035309,3.826059401035309e-05,0.02384566143155098,0.009999999776482582,0.3075228593474719,0,0.1641482710838318,0.8985999999991013,0.996899999999003,0.7833234071731567,0.1955452859401703,0.001472560688853264,1.472560688853264e-05,0.015552010387182236,0.009999999776482582,0.19524238656742343,0,0.06277483701705933,0.9334399999998134,0.9985799999998004,0.30733954906463623
"resnet32-reg:4,lamb:0.5",4,0.5,cifar10_resnet32,1144.50526293,199,1743467709.937868,{'runtime': 1144},0.2474556863307953,0.1350785195827484,0.0675392597913742,0.035295382142066956,0.5,0.2561287517950367,0,0.2493826001882553,0.9356999999990644,0.997999999999002,1.1918509006500244,0.004444856662303209,0.0002410602755844593,0.00012053013779222964,0.003585930215194822,0.5,0.004432778733993459,0,0.5905942916870117,0.9997599999998,0.9999999999998,0.0012264751130715013
"resnet32-reg:4,lamb:1.0",4,1.0,cifar10_resnet32,1149.87514948,199,1743467709.322401,{'runtime': 1149},0.28034260869026184,0.20300725102424624,0.20300725102424624,0.04070940613746643,1.0,0.2823816481271747,0,0.24478930234909055,0.9330999999990668,0.997999999999002,1.4913551807403564,0.005347719416022301,0.0007128622382879257,0.0007128622382879257,0.003701112698763609,1.0,0.00533994013411593,0,0.3716009557247162,0.9993799999998002,0.9999999999998,0.002030659932643175
"resnet32-reg:4,lamb:0.1",4,0.1,cifar10_resnet32,1143.808075353,199,1743467713.3393743,{'runtime': 1143},0.2817392945289612,0.061745718121528625,0.0061745718121528625,0.04040149971842766,0.10000000149011612,0.28518800057791677,0,0.21806150674819944,0.9356999999990644,0.9984999999990014,1.5339423418045044,0.00416435906663537,0.00011124357115477324,1.1124357115477324e-05,0.0026148930191993713,0.10000000149011612,0.004155921763219586,0,0.641525149345398,0.9994599999998002,0.9999799999998,0.0025028525851666927
"resnet32-reg:3,lamb:0.001",3,0.001,cifar10_resnet32,1242.251956911,199,1743467818.799362,{'runtime': 1242},0.34065693616867065,0.00019519937632139772,1.9519939087331298e-07,0.02301010675728321,0.0010000000474974513,0.3474437884117791,0,0.8073540925979614,0.8831999999991167,0.9961999999990038,0.8011786341667175,0.24065367877483368,0.0003277673094999045,3.2776733860373497e-07,0.015904005616903305,0.0010000000474974513,0.2404096062571619,0,0.18449348211288452,0.9187199999998164,0.9976799999998004,0.39391493797302246
"resnet32-reg:3,lamb:0.1",3,0.1,cifar10_resnet32,1170.344530507,199,1743467748.5496967,{'runtime': 1170},0.28482961654663086,0.03099968656897545,0.003099968656897545,0.01988399773836136,0.10000000149011612,0.28490255318910074,0,0.26702091097831726,0.9026999999990972,0.9975999999990024,0.704075813293457,0.15964002907276154,0.009941775351762772,0.0009941775351762772,0.02252260595560074,0.10000000149011612,0.15946796159301657,0,0.09885674715042114,0.9472199999998108,0.9992799999998002,0.21476098895072937
"resnet32-reg:3,lamb:2.0",3,2.0,cifar10_resnet32,1119.369486851,199,1743468102.88306,{'runtime': 1119},0.24456945061683655,0.18635669350624084,0.3727133870124817,0.0303049273788929,2.0,0.2508552677302263,0,0.3202940821647644,0.9292999999990706,0.997899999999002,0.9242722392082214,0.02923388779163361,0.010152772068977356,0.020305544137954712,0.012964121997356417,2.0,0.02918684971369902,0,0.18891316652297976,0.9929999999998016,0.9999999999998,0.021370472386479374
"resnet32-reg:4,lamb:0.01",4,0.01,cifar10_resnet32,1908.234087048,199,1743468918.4405508,{'runtime': 1908},0.279530793428421,0.007733632810413837,7.733632810413837e-05,0.03960291296243667,0.009999999776482582,0.2861210610002232,0,0.20398885011672976,0.9362999999990635,0.997899999999002,1.5809996128082275,0.003993290942162275,-1.2141026672907174e-05,-1.2141026672907176e-07,0.0026205871254205704,0.009999999776482582,0.003986737438231406,0,0.3393797278404236,0.9994399999998002,0.9999999999998,0.0018027001060545444
"resnet32-reg:4,lamb:0.001",4,0.001,cifar10_resnet32,1621.631639778,199,1743468827.6101446,{'runtime': 1621},0.29572945833206177,0.0010441290214657784,1.0441290214657784e-06,0.04662705957889557,0.0010000000474974513,0.3075911588197868,0,0.2884162366390228,0.92989999999907,0.9974999999990024,1.6068052053451538,0.00395544758066535,0.00014075066428631544,1.4075067156227308e-07,0.0024862647987902164,0.0010000000474974513,0.003959072640139504,0,0.2425653636455536,0.9994799999998002,0.9999999999998,0.00212137121707201
"resnet32-reg:8,lamb:2.0",8,2.0,cifar10_resnet32,2177.727975963,199,1743469728.2098775,{'runtime': 2177},0.2784355878829956,0.22277677059173584,0.4455535411834717,0.043096065521240234,2.0,0.27741743542769115,0,0.195570707321167,0.9224999999990774,0.9982999999990017,1.2561451196670532,0.024632345885038376,0.024617481976747513,2461.69970703125,0.007985852658748627,99998.03125,0.024580447149292268,0,0.1200222373008728,0.9931199999998014,0.9999999999998,0.02399144321680069
"resnet32-reg:8,lamb:0.01",8,0.01,cifar10_resnet32,2184.647715757,199,1743469739.9193058,{'runtime': 2184},0.2601863741874695,0.003361864946782589,3.361864946782589e-05,0.022600868716835976,0.009999999776482582,0.2688130590392659,0,0.11258035898208618,0.9113999999990884,0.9982999999990017,0.6870468854904175,0.1055913344025612,0.024211302399635315,0.01404447853565216,0.024538496509194378,0.5800794363021851,0.10543720672623556,0,0.13918757438659668,0.9677399999998064,0.9997199999998,0.11720336228609084
"resnet32-reg:8,lamb:0.1",8,0.1,cifar10_resnet32,2191.773657878,199,1743469750.7570765,{'runtime': 2191},0.26207834482192993,0.0446978397667408,0.00446978397667408,0.037676852196455,0.10000000149011612,0.2635774157282398,0,0.2760816812515259,0.9230999999990768,0.9976999999990024,1.0824929475784302,0.023521658033132553,0.019057603552937508,0.7684928774833679,0.011945335194468498,40.324737548828125,0.02351434430348628,0,0.7019208669662476,0.995279999999801,0.9999999999998,0.015492462553083897
"resnet32-reg:8,lamb:0.001",8,0.001,cifar10_resnet32,2184.21694398,199,1743469744.6098664,{'runtime': 2184},0.27438756823539734,0.0006830377387814224,6.830377969890833e-07,0.018081076443195343,0.0010000000474974513,0.27382234775134956,0,0.07944512367248535,0.9071999999990928,0.9977999999990022,0.6567133665084839,0.1685311794281006,0.011012574657797812,0.001086987555027008,0.020253503695130348,0.09870421886444092,0.16836513817515694,0,0.1839168816804886,0.9435799999998112,0.9990599999998002,0.24224604666233063
"resnet32-reg:8,lamb:1.0",8,1.0,cifar10_resnet32,2182.05402345,199,1743469741.780926,{'runtime': 2182},0.29149678349494934,0.2022328674793243,0.2022328674793243,0.04364997148513794,1.0,0.31037991113651825,0,0.2851439416408539,0.9222999999990776,0.9969999999990028,1.3860102891921997,0.030750323086977005,0.030706249177455906,922.4622802734376,0.008466193452477455,30041.515625,0.03070777836954353,0,0.11963337659835815,0.990979999999802,0.9999799999998,0.033037394285202026
"resnet32-reg:8,lamb:0.5",8,0.5,cifar10_resnet32,2178.077106794,199,1743469744.6408472,{'runtime': 2178},0.2634667754173279,0.13940709829330444,0.06970354914665222,0.038796041160821915,0.5,0.2635030030545466,0,0.2144526243209839,0.9293999999990704,0.9977999999990022,1.1979284286499023,0.015551182441413404,0.015328737907111645,49.310768127441406,0.00787024199962616,3216.8837890625,0.015511999331212474,0,0.7061659097671509,0.9968599999998008,0.9999999999998,0.01048217248171568
"resnet44-reg:3,lamb:0.5",3,0.5,cifar10_resnet44,1414.214762577,199,1743469113.578328,{'runtime': 1414},0.2396436184644699,0.10381560027599336,0.051907800137996674,0.026577649638056755,0.5,0.23528105368543625,0,0.28639644384384155,0.9241999999990758,0.997999999999002,0.7600544691085815,0.059786032885313034,0.010917853564023972,0.005458926782011986,0.017174094915390015,0.5,0.05985718261981425,0,0.8178116083145142,0.9821599999998036,0.9998999999998,0.05775802955031395
"resnet44-reg:3,lamb:0.01",3,0.01,cifar10_resnet44,1413.902730895,199,1743469115.889438,{'runtime': 1413},0.3085678517818451,0.003964267671108246,3.964267671108246e-05,0.022565020248293877,0.009999999776482582,0.3025234757166281,0,0.1899276971817017,0.8984999999991015,0.9969999999990028,0.8163449764251709,0.20308631658554077,0.0016703037545084951,1.6703037545084953e-05,0.012827862054109572,0.009999999776482582,0.2031892227399442,0,0.18703711032867432,0.9317199999998136,0.9983199999998004,0.34811142086982727
"resnet44-reg:3,lamb:1.0",3,1.0,cifar10_resnet44,1432.940342655,199,1743469131.409191,{'runtime': 1433},0.25513434410095215,0.16058135032653809,0.16058135032653809,0.035340823233127594,1.0,0.24934151131479804,0,0.28334757685661316,0.9214999999990784,0.9981999999990018,0.9294191002845764,0.03675846755504608,0.009059950709342957,0.009059950709342957,0.014374539256095886,1.0,0.03685011421807493,0,0.21574488282203672,0.990279999999802,0.9999799999998,0.027844155207276344
resnet44-baseline,0,0.1,cifar10_resnet44,1414.384158018,199,1743469118.3196273,{'runtime': 1414},0.2665407061576843,0.06005117669701576,0.006005117669701576,0.038968510925769806,0.10000000149011612,0.2603057943521414,0,0.2842312753200531,0.9405999999990592,0.9985999999990012,1.5008556842803955,0.002146782353520394,2.9625225579366088e-05,2.962522557936609e-06,0.0014859719667583704,0.10000000149011612,0.0021495824549153247,0,0.19875246286392212,0.9997999999998,0.9999999999998,0.0006830724887549877
"resnet44-reg:4,lamb:1.0",4,1.0,cifar10_resnet44,1431.284744747,199,1743469149.32663,{'runtime': 1431},0.2616700232028961,0.191307932138443,0.191307932138443,0.03620528802275658,1.0,0.255634468764885,0,0.7064833641052246,0.93999999999906,0.9973999999990024,1.4516286849975586,0.00323019502684474,0.00027475832030177116,0.00027475832030177116,0.002624576212838292,1.0,0.0032309020460331832,0,0.37807029485702515,0.9998199999998,0.9999999999998,0.0007542840903624892
"resnet44-reg:4,lamb:0.5",4,0.5,cifar10_resnet44,1426.362704925,199,1743469145.8108375,{'runtime': 1426},0.24370722472667697,0.13758234679698944,0.06879117339849472,0.033577051013708115,0.5,0.2384027599692384,0,0.2246016561985016,0.9411999999990588,0.9981999999990018,1.2609336376190186,0.0031559327617287636,0.00014995131641626358,7.497565820813179e-05,0.0024891565553843975,0.5,0.0031796112160205952,0,0.3646661043167114,0.9997799999998,0.9999999999998,0.0007442010100930929
"resnet44-reg:4,lamb:2.0",4,2.0,cifar10_resnet44,1420.485407671,199,1743469143.554045,{'runtime': 1420},0.2737601399421692,0.22936183214187625,0.4587236642837525,0.04019578918814659,2.0,0.2678193363622835,0,0.31077659130096436,0.9357999999990642,0.9981999999990018,1.4797470569610596,0.0034715388901531696,0.0006534312851727009,0.0013068625703454018,0.0023935302160680294,2.0,0.0035931217257827667,0,0.6009677648544312,0.9996399999998,0.9999999999998,0.0012841715943068266
"resnet44-reg:4,lamb:0.1",4,0.1,cifar10_resnet44,1419.907765444,199,1743469144.0934658,{'runtime': 1420},0.2720794379711151,0.06328200548887253,0.006328200921416283,0.03816695511341095,0.10000000149011612,0.2657463181041314,0,0.2619491219520569,0.9391999999990608,0.9982999999990017,1.609047770500183,0.0026690661907196045,3.692519385367632e-05,3.692519385367632e-06,0.0019776690751314163,0.10000000149011612,0.0026875518202213503,0,0.34333908557891846,0.9997999999998,0.9999999999998,0.0008312509162351489
"resnet44-reg:3,lamb:0.1",3,0.1,cifar10_resnet44,1442.494651775,199,1743469201.6948051,{'runtime': 1442},0.28646448254585266,0.03406502306461334,0.0034065023064613342,0.024212662130594257,0.10000000149011612,0.28073705064564963,0,0.11989688873291016,0.904899999999095,0.9973999999990024,0.7830575704574585,0.15054643154144287,0.010051149874925612,0.0010051149874925611,0.018079787492752075,0.10000000149011612,0.15065488948345315,0,0.1810496151447296,0.94997999999981,0.9991799999998002,0.2181953638792038
"resnet44-reg:3,lamb:0.001",3,0.001,cifar10_resnet44,1497.310105311,199,1743469327.0296428,{'runtime': 1497},0.31843191385269165,-9.531503746984528e-05,-9.531504474580289e-08,0.02510649338364601,0.0010000000474974513,0.31545769340854135,0,0.2316499650478363,0.8954999999991045,0.9977999999990022,0.8289151191711426,0.21106994152069092,0.00030790394521318376,3.079039743170142e-07,0.011477132327854632,0.0010000000474974513,0.21125540911681712,0,0.1839776337146759,0.9285799999998144,0.9981199999998004,0.3616257905960083
"resnet44-reg:3,lamb:2.0",3,2.0,cifar10_resnet44,1407.83841326,199,1743469527.689577,{'runtime': 1407},0.25557610392570496,0.2004089057445526,0.4008178114891052,0.03667010739445686,2.0,0.24961180412082032,0,0.27297133207321167,0.926899999999073,0.9983999999990016,1.0855754613876345,0.02422364614903927,0.008711656555533409,0.017423313111066818,0.01018719282001257,2.0,0.024195883550149937,0,0.7180048227310181,0.9941199999998012,0.9999999999998,0.017890281975269318
"resnet44-reg:4,lamb:0.001",4,0.001,cifar10_resnet44,1695.442106576,199,1743470531.0014324,{'runtime': 1695},0.2944798767566681,0.0007482303190045059,7.482303772121668e-07,0.04284998029470444,0.0010000000474974513,0.2875936286343375,0,0.36174798011779785,0.9381999999990616,0.9975999999990024,1.8352792263031008,0.002294873585924506,0.0003875252150464803,3.8752523323637433e-07,0.00166658207308501,0.0010000000474974513,0.002306243655871661,0,0.6748966574668884,0.9998199999998,0.9999999999998,0.0006556246662512422
"resnet44-reg:4,lamb:0.01",4,0.01,cifar10_resnet44,2004.112757661,199,1743470932.370581,{'runtime': 2004},0.2617417871952057,0.00682466197758913,6.82466197758913e-05,0.04050394147634506,0.009999999776482582,0.25572832878106594,0,0.30706727504730225,0.9377999999990622,0.9982999999990017,1.3882490396499634,0.00231687305495143,2.8054637368768457e-05,2.805463736876846e-07,0.001728845527395606,0.009999999776482582,0.002312604512435672,0,0.23501229286193848,0.9997799999998,0.9999999999998,0.0005088044563308358
"resnet56-reg:3,lamb:0.01",3,0.01,cifar10_resnet56,1703.425016615,199,1743470828.0240915,{'runtime': 1703},0.3139534592628479,0.00400932040065527,4.0093204006552696e-05,0.024241076782345772,0.009999999776482582,0.31723865523453976,0,0.09788739681243896,0.8947999999991051,0.996899999999003,0.8174295425415039,0.20763133466243744,0.0017330516129732132,1.7330516129732132e-05,0.010764837265014648,0.009999999776482582,0.20797580878652705,0,0.30543869733810425,0.9281599999998144,0.9982399999998004,0.3512260317802429
"resnet56-reg:3,lamb:0.5",3,0.5,cifar10_resnet56,1704.898626874,199,1743470836.1735091,{'runtime': 1704},0.2470539957284927,0.11201561987400056,0.056007809937000275,0.0293902438133955,0.5,0.24849304848657516,0,0.2893450856208801,0.923799999999076,0.9982999999990017,0.863277792930603,0.058245301246643066,0.011049866676330566,0.005524933338165283,0.015844378620386124,0.5,0.05834027257811419,0,0.12578141689300537,0.9824799999998036,0.9999199999998,0.059235766530036926
resnet56-baseline,0,0.1,cifar10_resnet56,1701.790221541,199,1743470837.608223,{'runtime': 1701},0.2553061544895172,0.05800049751996994,0.005800049751996994,0.037234727293252945,0.10000000149011612,0.256257731403421,0,0.27306216955184937,0.9426999999990572,0.9986999999990012,1.4523801803588867,0.0020563476718962193,3.455817932263017e-05,3.4558179322630167e-06,0.0014384036185219884,0.10000000149011612,0.002053665088584442,0,0.6930822730064392,0.9997999999998,0.9999999999998,0.0006706881104037166
"resnet56-reg:3,lamb:1.0",3,1.0,cifar10_resnet56,1721.143160108,199,1743470863.1643577,{'runtime': 1721},0.25901171565055847,0.16825339198112488,0.16825339198112488,0.037430234253406525,1.0,0.2617278247417351,0,0.24190586805343628,0.922899999999077,0.9983999999990016,1.042022466659546,0.03850921988487244,0.01070675253868103,0.01070675253868103,0.012776331044733524,1.0,0.03854080169664169,0,0.22933384776115415,0.9892999999998022,0.9999999999998,0.03586699068546295
"resnet56-reg:4,lamb:0.1",4,0.1,cifar10_resnet56,1709.258470366,199,1743470864.1447036,{'runtime': 1709},0.25839173793792725,0.05951249971985817,0.005951249971985817,0.03866790607571602,0.10000000149011612,0.2658986988743985,0,0.28065839409828186,0.941999999999058,0.997899999999002,1.4968734979629517,0.0020537758246064186,3.198641934432089e-05,3.1986419344320893e-06,0.0012238218914717436,0.10000000149011612,0.00205058537648355,0,0.2069075107574463,0.9996799999998002,0.9999999999998,0.000762800918892026
"resnet56-reg:4,lamb:2.0",4,2.0,cifar10_resnet56,1706.568867014,199,1743470867.102099,{'runtime': 1706},0.26764655113220215,0.2254493236541748,0.4508986473083496,0.04013768956065178,2.0,0.26653003387940477,0,0.29955798387527466,0.9376999999990622,0.9977999999990022,1.4914919137954712,0.002552445512264967,0.0003785449080169201,0.0007570898160338402,0.0019236921798437832,2.0,0.002549770779240677,0,0.23685753345489505,0.9998199999998,0.9999999999998,0.0006976212607696652
"resnet56-reg:4,lamb:0.5",4,0.5,cifar10_resnet56,1719.333769078,199,1743470882.6554542,{'runtime': 1719},0.26037463545799255,0.15101680159568787,0.07550840079784393,0.03633832558989525,0.5,0.263012547725251,0,0.24270522594451904,0.9389999999990608,0.9984999999990014,1.3775776624679563,0.0026132632046937943,0.00014896877110004425,7.448438555002213e-05,0.001944448216818273,0.5,0.002611087398334918,0,0.4928550720214844,0.9997399999998,0.9999999999998,0.0007012899732217193
"resnet56-reg:4,lamb:1.0",4,1.0,cifar10_resnet56,1732.190909824,199,1743470893.142341,{'runtime': 1732},0.26619818806648254,0.1967087090015411,0.1967087090015411,0.03890737518668175,1.0,0.2726473014120122,0,0.25994330644607544,0.9376999999990622,0.9981999999990018,1.479213833808899,0.002500103786587715,0.00019030459225177765,0.00019030459225177765,0.001981829991564154,1.0,0.002498829115603485,0,0.38578304648399353,0.9998399999998,0.9999999999998,0.0005050845211371779
"resnet56-reg:3,lamb:0.1",3,0.1,cifar10_resnet56,1732.411294321,199,1743470944.7472715,{'runtime': 1732},0.2969706952571869,0.0344146229326725,0.00344146229326725,0.02172001637518406,0.10000000149011612,0.29957505457064454,0,0.147889643907547,0.9036999999990962,0.9975999999990024,0.7863686084747314,0.1826895922422409,0.013202596455812454,0.0013202596455812454,0.013914043083786964,0.10000000149011612,0.1827502369939489,0,0.05504792928695679,0.9372999999998126,0.9988999999998004,0.2888370156288147
"resnet56-reg:3,lamb:0.001",3,0.001,cifar10_resnet56,1789.727902337,199,1743471127.9992654,{'runtime': 1789},0.3173864483833313,-0.00018710851145442575,-1.8710852600634098e-07,0.02383657917380333,0.0010000000474974513,0.3252616248211714,0,0.1007487177848816,0.8932999999991066,0.9972999999990028,0.8118368983268738,0.21905481815338135,-0.0002902525011450052,-2.902525011450052e-07,0.009729691781103613,0.0010000000474974513,0.21954021814622665,0,0.19431111216545105,0.925179999999815,0.9982599999998004,0.3812974989414215
"resnet56-reg:3,lamb:2.0",3,2.0,cifar10_resnet56,1696.549686937,199,1743471234.1258657,{'runtime': 1696},0.24974974989891052,0.19729384779930115,0.3945876955986023,0.03504269942641258,2.0,0.25679358461039836,0,0.278666228055954,0.9310999999990688,0.9980999999990018,1.0958272218704224,0.02094327285885811,0.007295239716768265,0.01459047943353653,0.00916905142366886,2.0,0.02099970347920146,0,0.26038843393325806,0.994999999999801,0.9999999999998,0.015987150371074677
"resnet44-reg:8,lamb:2.0",8,2.0,cifar10_resnet44,2477.234137875,199,1743472215.1209147,{'runtime': 2477},0.289302796125412,0.23857972025871277,0.47715944051742554,0.0437055304646492,2.0,0.2834188462457809,0,0.2477324604988098,0.9281999999990718,0.9985999999990012,1.4781862497329712,0.016951829195022583,0.016925018280744553,1692.07177734375,0.006773459725081921,99974.59375,0.017089622780968136,0,0.14084166288375854,0.9955599999998008,0.9999999999998,0.0132324555888772
"resnet44-reg:8,lamb:0.01",8,0.01,cifar10_resnet44,2477.425882357,199,1743472234.9854078,{'runtime': 2477},0.2716352343559265,0.003652786836028099,3.652786836028099e-05,0.024195965379476547,0.009999999776482582,0.2692778266293148,0,0.25712934136390686,0.9104999999990896,0.9980999999990018,0.7482895255088806,0.1052497997879982,0.024461425840854645,0.014085870236158373,0.02204703912138939,0.5758401155471802,0.10525591119738896,0,0.11751997470855712,0.9661399999998068,0.9995799999998002,0.1200636625289917
"resnet44-reg:8,lamb:0.5",8,0.5,cifar10_resnet44,2461.035828599,199,1743472215.38982,{'runtime': 2461},0.27499186992645264,0.15256869792938232,0.07628434896469116,0.039151038974523544,0.5,0.26896589438226076,0,0.18834394216537476,0.9310999999990688,0.9976999999990024,1.3668718338012695,0.018351899459958076,0.01805863343179226,49.29745101928711,0.006745345424860716,2729.85498046875,0.018387498040885825,0,0.17287051677703855,0.995379999999801,0.9999999999998,0.017230123281478882
"resnet44-reg:8,lamb:1.0",8,1.0,cifar10_resnet44,2475.939991821,199,1743472234.5117016,{'runtime': 2476},0.2891935110092163,0.2081388235092163,0.2081388235092163,0.0431060791015625,1.0,0.29016171314018807,0,0.2608545422554016,0.9289999999990708,0.9973999999990024,1.503526210784912,0.016454610973596573,0.016411805525422096,554.0493774414062,0.006035200785845518,33759.1953125,0.016714087201912135,0,0.16335421800613403,0.9959799999998008,0.9999799999998,0.017266396433115005
"resnet44-reg:8,lamb:0.001",8,0.001,cifar10_resnet44,2478.298225576,199,1743472239.4712274,{'runtime': 2478},0.29271069169044495,-6.731715984642506e-05,-6.731715984642507e-08,0.02327468618750572,0.0010000000474974513,0.28955249071332984,0,0.104511559009552,0.900899999999099,0.9973999999990024,0.7582026124000549,0.17168042063713074,0.011448314413428308,0.0010976418852806091,0.015729784965515137,0.09587803483009338,0.1715166485039629,0,0.1930476576089859,0.941099999999812,0.9991999999998002,0.25946691632270813
"resnet44-reg:8,lamb:0.1",8,0.1,cifar10_resnet44,2479.559940835,199,1743472240.1414042,{'runtime': 2479},0.2883540987968445,0.057965442538261414,0.005796544253826141,0.040675632655620575,0.10000000149011612,0.2820158262963378,0,0.2910365164279938,0.9272999999990726,0.997899999999002,1.430983304977417,0.020476259291172028,0.018028337508440018,1.2753400802612305,0.007440187036991119,70.74085998535156,0.020641153931457924,0,0.7004724740982056,0.9945399999998012,0.9999799999998,0.0186996441334486
"resnet56-reg:4,lamb:0.001",4,0.001,cifar10_resnet56,1919.63356058,199,1743472460.308707,{'runtime': 1919},0.26013970375061035,0.000740343180950731,7.40343239158392e-07,0.03749304264783859,0.0010000000474974513,0.2546141243368876,0,0.23498040437698364,0.9424999999990574,0.997899999999002,1.4990533590316772,0.0021155201829969883,0.0002081715065287426,2.0817151380470025e-07,0.0012698383070528507,0.0010000000474974513,0.002117018866225719,0,0.36214321851730347,0.9997199999998,0.9999999999998,0.0008675535209476948
"vgg11_bn-reg:3,lamb:0.01",3,0.01,cifar10_vgg11_bn,905.465244102,199,1743471750.3576398,{'runtime': 905},2.302618980407715,-2.775341272354126e-05,-2.775341272354126e-07,0.0014252588152885437,0.009999999776482582,2.30258837880744,0,0.0014252588152885437,0.0999999999999,0.4999999999995,6.735297210980207e-05,2.302618980407715,-2.775341272354126e-05,-2.775341272354126e-07,0.0014114752411842346,0.009999999776482582,2.302615435638502,0,0.0014114752411842346,0.09999999999998,0.4999999999999,6.735297938575968e-05
vgg11_bn-baseline,0,0.1,cifar10_vgg11_bn,910.433689814,199,1743471756.2160745,{'runtime': 910},0.34785038232803345,0.07848508656024933,0.007848508656024933,0.052580736577510834,0.10000000149011612,0.34977959851371754,0,0.27378594875335693,0.9243999999990756,0.9962999999990036,1.933963656425476,0.0020923204720020294,7.053080480545759e-05,7.053080480545759e-06,0.0010365925263613462,0.10000000149011612,0.002086855943222514,0,0.6164523363113403,0.9996399999998,0.9999999999998,0.0014833655441179872
"vgg11_bn-reg:3,lamb:0.5",3,0.5,cifar10_vgg11_bn,893.668226981,199,1743471741.4192588,{'runtime': 893},2.3026013374328613,8.106231689453125e-06,4.0531158447265625e-06,0.000937633216381073,0.5,2.3025765353645262,0,0.000937633216381073,0.0999999999999,0.4999999999995,3.261279562138952e-05,2.3026013374328613,8.106231689453125e-06,4.0531158447265625e-06,0.0009226053953170776,0.5,2.3025992621006064,0,0.0009226053953170776,0.09999999999998,0.4999999999999,3.261279925936833e-05
"vgg11_bn-reg:3,lamb:1.0",3,1.0,cifar10_vgg11_bn,898.986859859,199,1743471769.9876068,{'runtime': 899},0.3435721695423126,0.2307772934436798,0.2307772934436798,0.04925806075334549,1.0,0.3459910000740772,0,0.17184507846832275,0.905999999999094,0.9952999999990046,1.4460428953170776,0.07197074592113495,0.028331562876701355,0.028331562876701355,0.010457336902618408,1.0,0.07195709449613204,0,0.1831989735364914,0.9775199999998044,0.9995599999998002,0.11766387522220612
"vgg11_bn-reg:4,lamb:0.1",4,0.1,cifar10_vgg11_bn,897.257258708,199,1743471771.7790549,{'runtime': 897},0.3578508496284485,0.08106596767902374,0.008106596767902374,0.0553613118827343,0.10000000149011612,0.3587792097625238,0,0.2961215376853943,0.921899999999078,0.9975999999990024,2.005892753601074,0.001993461512029171,4.796573193743825e-05,4.796573193743825e-06,0.0011926350416615603,0.10000000149011612,0.0019882249179213117,0,0.3354703187942505,0.9997399999998,0.9999999999998,0.001109657110646367
"vgg11_bn-reg:4,lamb:2.0",4,2.0,cifar10_vgg11_bn,898.65994373,199,1743471776.7253668,{'runtime': 898},0.3476520776748657,0.29894840717315674,0.5978968143463135,0.05423691123723984,2.0,0.34830057016248234,0,0.29707038402557373,0.9240999999990758,0.9971999999990028,1.9027302265167236,0.0022468818351626396,0.0006470931693911552,0.0012941863387823105,0.001033482956700027,2.0,0.002241525898409246,0,0.6138317584991455,0.9994799999998002,0.9999999999998,0.00136067857965827
"vgg11_bn-reg:4,lamb:0.5",4,0.5,cifar10_vgg11_bn,909.405388165,199,1743471799.7252064,{'runtime': 909},0.3553701341152191,0.21925219893455505,0.10962609946727753,0.05499058589339256,0.5,0.3599350622886612,0,0.2938525080680847,0.923899999999076,0.9964999999990034,2.0215976238250732,0.0023016282357275486,0.0003237077035009861,0.00016185385175049305,0.001164497691206634,0.5,0.002295200910055038,0,0.5255135297775269,0.9996599999998002,0.9999999999998,0.0018562617478892207
"vgg11_bn-reg:4,lamb:1.0",4,1.0,cifar10_vgg11_bn,912.622806561,199,1743471817.3746643,{'runtime': 912},0.3586430549621582,0.2727169990539551,0.2727169990539551,0.056802354753017426,1.0,0.3568148861678487,0,0.29377806186676025,0.9212999999990786,0.9960999999990038,1.991199612617493,0.001989193493500352,0.0003507810179144144,0.0003507810179144144,0.0012448623310774565,1.0,0.0019923376110886405,0,0.4531326591968536,0.9997799999998,0.9999999999998,0.001406218158081174
"resnet56-reg:4,lamb:0.01",4,0.01,cifar10_resnet56,1979.514720411,199,1743472919.4750805,{'runtime': 1979},0.2573762536048889,0.006941403262317181,6.94140326231718e-05,0.039689499884843826,0.009999999776482582,0.25376519181940743,0,0.28371870517730713,0.93999999999906,0.9973999999990024,1.4325789213180542,0.0020517250522971153,-4.635840014088899e-05,-4.635840014088899e-07,0.001464263186790049,0.009999999776482582,0.0020557381113659795,0,0.3198314905166626,0.9998399999998,0.9999999999998,0.0005705895600840449
"vgg11_bn-reg:3,lamb:0.1",3,0.1,cifar10_vgg11_bn,936.192803557,199,1743471892.6276362,{'runtime': 936},0.534527599811554,0.04715237766504288,0.004715237766504288,0.018046289682388306,0.10000000149011612,0.5326569540957138,0,0.21306920051574707,0.8248999999991751,0.9869999999990128,1.0462405681610107,0.5274041295051575,0.03889396786689758,0.0038893967866897583,0.034955888986587524,0.10000000149011612,0.5280228364867253,0,0.09286145865917206,0.8316399999998337,0.9881799999998024,0.8547594547271729
"vgg11_bn-reg:3,lamb:0.001",3,0.001,cifar10_vgg11_bn,932.553504797,199,1743472069.369611,{'runtime': 932},2.302619457244873,-0.0005040783435106277,-5.040783435106277e-07,0.0014365911483764648,0.0010000000474974513,2.3025886947120573,0,0.0014365911483764648,0.0999999999999,0.4999999999995,6.85001359670423e-05,2.302618980407715,-0.0005040783435106277,-5.040783435106277e-07,0.0014137402176856997,0.0010000000474974513,2.302615823676904,0,0.0014137402176856997,0.09999999999998,0.4999999999999,6.85001359670423e-05
"vgg11_bn-reg:3,lamb:2.0",3,2.0,cifar10_vgg11_bn,900.010433446,199,1743472152.1507037,{'runtime': 900},0.34627866744995117,0.28376197814941406,0.5675239562988281,0.054902441799640656,2.0,0.3387571699536085,0,0.25873303413391113,0.9103999999990896,0.995999999999004,1.579239845275879,0.03512784093618393,0.018172942101955417,0.03634588420391083,0.006174043752253056,2.0,0.03504711829840378,0,0.08657091856002808,0.989899999999802,0.9998599999998,0.05899147316813469
"vgg13_bn-reg:3,lamb:0.5",3,0.5,cifar10_vgg13_bn,912.658512314,199,1743472662.889367,{'runtime': 912},0.29272302985191345,0.1392119824886322,0.0696059912443161,0.039719514548778534,0.5,0.289059928359842,0,0.2082294225692749,0.9126999999990872,0.9961999999990038,1.084788799285889,0.0860118418931961,0.022777512669563293,0.011388756334781648,0.011192509904503822,0.5,0.0860408087388182,0,0.17029526829719543,0.9724599999998056,0.9994399999998002,0.13838130235671997
"vgg13_bn-reg:3,lamb:0.01",3,0.01,cifar10_vgg13_bn,914.194313637,199,1743472673.2359133,{'runtime': 914},2.3026139736175537,6.277114152908325e-05,6.277114152908325e-07,0.0016855299472808838,0.009999999776482582,2.3025750392879427,0,0.0016855299472808838,0.0999999999999,0.4999999999995,5.8049587096320465e-05,2.302614212036133,-3.259629011154175e-05,-3.259629011154175e-07,0.0017100870609283447,0.009999999776482582,2.3026128337132947,0,0.0017100870609283447,0.09999999999998,0.4999999999999,5.8049587096320465e-05
vgg13_bn-baseline,0,0.1,cifar10_vgg13_bn,918.133245162,199,1743472692.3198855,{'runtime': 918},0.27165576815605164,0.06289651244878769,0.006289651617407799,0.04030723124742508,0.10000000149011612,0.2678518544212906,0,0.25222185254096985,0.9426999999990572,0.996899999999003,1.5574572086334229,0.0014343331567943096,5.15053397975862e-05,5.15053397975862e-06,0.0008392108720727265,0.10000000149011612,0.0014342633511837824,0,0.4826690256595611,0.9998399999998,0.9999999999998,0.0012903395108878613
"vgg13_bn-reg:3,lamb:1.0",3,1.0,cifar10_vgg13_bn,904.645265811,199,1743472683.4344883,{'runtime': 904},0.3029949963092804,0.2109539806842804,0.2109539806842804,0.04655097424983978,1.0,0.3004276263707826,0,0.29492640495300293,0.9205999999990794,0.9963999999990036,1.3561595678329468,0.0444234162569046,0.01791413128376007,0.01791413128376007,0.007048123050481081,1.0,0.04442050209878582,0,0.14813372492790222,0.9868199999998029,0.9998199999998,0.08084950596094131
"vgg13_bn-reg:4,lamb:0.1",4,0.1,cifar10_vgg13_bn,910.351472825,199,1743472692.235628,{'runtime': 910},0.28291863203048706,0.06436508148908615,0.006436508148908615,0.04308426007628441,0.10000000149011612,0.27631937614719015,0,0.2604754567146301,0.9386999999990612,0.9981999999990018,1.5928771495819092,0.0015520554734393954,1.6639824025332928e-05,1.6639824025332928e-06,0.0010230947518721225,0.10000000149011612,0.0015491090876884994,0,0.5672470927238464,0.9998199999998,0.9999999999998,0.00044547260040417314
"vgg13_bn-reg:4,lamb:2.0",4,2.0,cifar10_vgg13_bn,909.884902328,199,1743472696.573924,{'runtime': 910},0.28047314286231995,0.24147120118141177,0.4829424023628235,0.04530212283134461,2.0,0.2761841432432294,0,0.2952355742454529,0.9384999999990614,0.9975999999990024,1.5407299995422363,0.0018327207071706653,0.000580546329729259,0.001161092659458518,0.0008325850358232856,2.0,0.0018278902534612756,0,0.26517772674560547,0.9996999999998,0.9999999999998,0.001842522295191884
"vgg13_bn-reg:4,lamb:0.5",4,0.5,cifar10_vgg13_bn,918.928616594,199,1743472727.4773903,{'runtime': 919},0.2778887450695038,0.1693567931652069,0.08467839658260345,0.04461256414651871,0.5,0.2713939278144606,0,0.3099830150604248,0.9390999999990608,0.9981999999990018,1.5107818841934204,0.0017926172586157918,0.0001999811502173543,9.999057510867716e-05,0.000977631309069693,0.5,0.0017957736767401672,0,0.25432825088500977,0.9997199999998,0.9999999999998,0.0011034037452191114
"vgg13_bn-reg:4,lamb:1.0",4,1.0,cifar10_vgg13_bn,919.891152507,199,1743472748.311636,{'runtime': 920},0.2752772867679596,0.2104264795780182,0.2104264795780182,0.04121729359030723,1.0,0.26883797337623255,0,0.24695345759391785,0.9417999999990582,0.9974999999990024,1.5403048992156982,0.0016383149195462463,0.0002602555323392153,0.0002602555323392153,0.000991560751572251,1.0,0.001641247887377595,0,0.3040141761302948,0.9998199999998,0.9999999999998,0.0009094983106479048
"vgg13_bn-reg:3,lamb:0.1",3,0.1,cifar10_vgg13_bn,923.776024879,199,1743472825.3878877,{'runtime': 923},2.3026108741760254,2.2351741790771484e-06,2.235174179077149e-07,0.0015654489398002625,0.10000000149011612,2.302574318071741,0,0.0015654489398002625,0.0999999999999,0.4999999999995,5.111143400426954e-05,2.3026106357574463,2.384185791015625e-06,2.384185791015625e-07,0.0015630945563316343,0.10000000149011612,2.302609256218187,0,0.0015630945563316343,0.09999999999998,0.4999999999999,5.1111441280227154e-05
"vgg13_bn-reg:3,lamb:0.001",3,0.001,cifar10_vgg13_bn,939.516695478,199,1743473017.4492617,{'runtime': 939},1.10823392868042,6.449408829212189e-05,6.44940882921219e-08,0.05725867673754692,0.0010000000474974513,1.110325318297324,0,0.1071130633354187,0.5760999999994239,0.9671999999990328,0.8694716691970825,1.1768633127212524,2.91038286377443e-05,2.9103830456733704e-08,0.05525051802396774,0.0010000000474974513,1.1766714428768434,0,0.07779145240783691,0.5525399999998896,0.9644599999998072,1.011568307876587
"vgg13_bn-reg:3,lamb:2.0",3,2.0,cifar10_vgg13_bn,906.667960579,199,1743473070.6289885,{'runtime': 906},0.29910948872566223,0.2519421875476837,0.5038843750953674,0.048176757991313934,2.0,0.292442864292765,0,0.2616918087005615,0.9281999999990718,0.9967999999990032,1.527881741523743,0.02030104026198387,0.010181602090597153,0.020363204181194305,0.0040812380611896515,2.0,0.02024202055683936,0,0.7098285555839539,0.9944199999998012,0.9999599999998,0.03290107846260071
"resnet56-reg:8,lamb:2.0",8,2.0,cifar10_resnet56,2771.014835781,199,1743474994.844505,{'runtime': 2771},0.26483380794525146,0.21435201168060303,0.42870402336120605,0.03789590299129486,2.0,0.2671336748900747,0,0.2875460386276245,0.9306999999990692,0.9981999999990018,1.2703410387039185,0.013363164849579334,0.013344229198992252,1334.2623291015625,0.007279112935066223,99987.96875,0.013424240626964273,0,0.23609858751296997,0.9974599999998006,0.9999999999998,0.007910278625786304
"resnet56-reg:8,lamb:0.5",8,0.5,cifar10_resnet56,2767.5113525,199,1743474993.881784,{'runtime': 2767},0.27603524923324585,0.1524752974510193,0.07623764872550964,0.04005097597837448,0.5,0.2805803398831582,0,0.24925899505615232,0.9294999999990704,0.9980999999990018,1.3508577346801758,0.01023377850651741,0.010016578249633312,36.76284408569336,0.005780068226158619,3670.19970703125,0.010242013953939894,0,0.19395852088928223,0.9982799999998004,0.9999999999998,0.006654060911387205
"resnet56-reg:8,lamb:1.0",8,1.0,cifar10_resnet56,2767.178885821,199,1743475012.307498,{'runtime': 2767},0.28722769021987915,0.2063351273536682,0.2063351273536682,0.04112747311592102,1.0,0.28829699673001735,0,0.7354460954666138,0.92999999999907,0.9973999999990024,1.4996579885482788,0.010614166036248209,0.010530071333050728,189.13238525390625,0.005829319357872009,17961.16796875,0.010703592064092273,0,0.6004884243011475,0.9980999999998004,0.9999999999998,0.00667125079780817
"resnet56-reg:8,lamb:0.01",8,0.01,cifar10_resnet56,2773.248463907,199,1743475018.952131,{'runtime': 2773},0.26553410291671753,0.0035597477108240128,3.559747710824013e-05,0.02391936257481575,0.009999999776482582,0.26790223301210025,0,0.09154534339904784,0.9121999999990876,0.997899999999002,0.7315636277198792,0.11385877430438995,0.02642611786723137,0.013958487659692764,0.01999698579311371,0.5282080173492432,0.11389529609433592,0,0.10100984573364258,0.9623999999998076,0.9997399999998,0.1410824954509735
"resnet56-reg:8,lamb:0.001",8,0.001,cifar10_resnet56,2775.908015185,199,1743475027.0252984,{'runtime': 2776},0.2865558862686157,0.00045361227239482105,4.536123014986515e-07,0.025979241356253624,0.0010000000474974513,0.28719778985055716,0,0.10739398002624512,0.901899999999098,0.9975999999990024,0.7294423580169678,0.16470113396644592,0.011114930734038351,0.0010970905423164368,0.016705099493265152,0.09870421886444092,0.16475315220117537,0,0.1834339499473572,0.9442399999998112,0.9988799999998004,0.24476638436317444
"resnet56-reg:8,lamb:0.1",8,0.1,cifar10_resnet56,2769.125774239,199,1743475025.8774164,{'runtime': 2769},0.27491578459739685,0.05393989384174347,0.005393989384174347,0.0416339747607708,0.10000000149011612,0.2783520560015742,0,0.24939417839050293,0.9281999999990718,0.9983999999990016,1.3250453472137451,0.014272749423980711,0.012551979161798954,1.277411699295044,0.006497800350189209,101.76974487304688,0.01430956416747377,0,0.2564798593521118,0.9967999999998008,0.9999999999998,0.010738048702478409
"vgg11_bn-reg:4,lamb:0.001",4,0.001,cifar10_vgg11_bn,1341.173149386,199,1743473809.5819895,{'runtime': 1341},0.3441813886165619,0.0008586793555878103,8.586794137954712e-07,0.05393123626708984,0.0010000000474974513,0.3448243849980057,0,0.29939061403274536,0.9233999999990764,0.9970999999990028,1.8498128652572632,0.001732477219775319,-0.00017487126751802862,-1.7487127479398628e-07,0.001030166633427143,0.0010000000474974513,0.001727946898877147,0,0.4719775915145874,0.9997599999998,0.9999999999998,0.0007769108051434159
"vgg16_bn-reg:3,lamb:0.5",3,0.5,cifar10_vgg16_bn,924.316903453,199,1743473598.147072,{'runtime': 924},0.718641996383667,0.1255042552947998,0.0627521276473999,0.11371271312236786,0.5,0.7197145192015945,0,0.25124019384384155,0.7616999999992382,0.985899999999014,0.7546511888504028,0.6600133776664734,0.11347025632858276,0.05673512816429138,0.09447065740823746,0.5,0.6600440734166463,0,0.3130515217781067,0.765519999999847,0.989879999999802,0.6295068264007568
"vgg16_bn-reg:3,lamb:0.01",3,0.01,cifar10_vgg16_bn,921.454412874,199,1743473605.1163058,{'runtime': 921},2.3026139736175537,-3.2782554626464844e-05,-3.278255462646485e-07,0.00112287700176239,0.009999999776482582,2.302611880918869,0,0.00112287700176239,0.0999999999999,0.4999999999995,5.8027195336762816e-05,2.3026139736175537,-3.2782554626464844e-05,-3.278255462646485e-07,0.0010841116309165957,0.009999999776482582,2.3026148055322575,0,0.0010841116309165957,0.09999999999998,0.4999999999999,5.8027195336762816e-05
"vgg16_bn-reg:3,lamb:1.0",3,1.0,cifar10_vgg16_bn,928.059468185,199,1743473623.702982,{'runtime': 928},0.32171425223350525,0.2110947072505951,0.2110947072505951,0.04130106419324875,1.0,0.3244795004957339,0,0.31158211827278137,0.9095999999990904,0.9955999999990044,1.2971872091293335,0.08872434496879578,0.03544256091117859,0.03544256091117859,0.014202825725078584,1.0,0.08865162323023795,0,0.31493526697158813,0.9737399999998052,0.9993999999998002,0.14718380570411682
vgg16_bn-baseline,0,0.1,cifar10_vgg16_bn,927.066949715,199,1743473630.1775303,{'runtime': 927},0.31712791323661804,0.08116986602544785,0.008116986602544785,0.04786670580506325,0.10000000149011612,0.31427841253172284,0,0.3889148533344269,0.9395999999990604,0.9974999999990024,2.0374093055725098,0.0018083296017721295,0.0001489365240558982,1.489365240558982e-05,0.0006695108604617417,0.10000000149011612,0.001804966327098138,0,0.6066373586654663,0.9997399999998,0.9999999999998,0.0034839385189116
"vgg16_bn-reg:4,lamb:0.1",4,0.1,cifar10_vgg16_bn,932.677185704,199,1743473642.0899808,{'runtime': 932},0.3134476840496063,0.07947321981191635,0.007947321981191635,0.04649465158581734,0.10000000149011612,0.310766234171185,0,0.32193613052368164,0.9401999999990596,0.9969999999990028,1.9977930784225464,0.0013072798028588295,3.8892903830856085e-05,3.8892903830856085e-06,0.0007602591649629176,0.10000000149011612,0.0013065597404681702,0,0.4408037066459656,0.9998399999998,0.9999999999998,0.0008200598531402647
"vgg16_bn-reg:4,lamb:2.0",4,2.0,cifar10_vgg16_bn,932.102148949,199,1743473638.6651647,{'runtime': 932},0.32245102524757385,0.2852305471897125,0.570461094379425,0.04855059087276459,2.0,0.3164110300271437,0,0.4413158893585205,0.9384999999990614,0.9971999999990028,2.023386001586914,0.0014357154723256826,0.000407177722081542,0.000814355444163084,0.0006975305732339621,2.0,0.0014333197028400387,0,0.2371700406074524,0.9998199999998,0.9999999999998,0.0018123086774721744
"vgg16_bn-reg:4,lamb:0.5",4,0.5,cifar10_vgg16_bn,933.208758357,199,1743473670.4504576,{'runtime': 933},0.3196154832839966,0.2104865312576294,0.1052432656288147,0.04633035138249397,0.5,0.3124315199592452,0,0.3308958411216736,0.9411999999990588,0.9967999999990032,2.028881072998047,0.0014004798140376806,0.00023318245075643065,0.00011659122537821533,0.0007385645294561982,0.5,0.00139691533911047,0,0.24791210889816284,0.9998399999998,0.9999799999998,0.002549155615270138
"vgg16_bn-reg:4,lamb:1.0",4,1.0,cifar10_vgg16_bn,938.939962674,199,1743473695.9040792,{'runtime': 939},0.30150866508483887,0.23958086967468264,0.23958086967468264,0.04410559311509133,1.0,0.3077697738235664,0,0.3322224020957947,0.942899999999057,0.9969999999990028,1.906265377998352,0.0011864991392940285,0.00010407879017293452,0.00010407879017293452,0.0007771519012749195,1.0,0.001184449425353393,0,0.45591938495635986,0.9998399999998,0.9999999999998,0.00029015500331297517
"vgg16_bn-reg:3,lamb:0.1",3,0.1,cifar10_vgg16_bn,938.951355094,199,1743473774.6041348,{'runtime': 939},2.3026113510131836,2.9802322387695312e-06,2.980232238769531e-07,0.0011476054787635803,0.10000000149011612,2.302612053772339,0,0.0011476054787635803,0.0999999999999,0.4999999999995,5.320049240253866e-05,2.3026113510131836,3.2782554626464844e-06,3.278255462646485e-07,0.0011137500405311584,0.10000000149011612,2.302612311868548,0,0.0011137500405311584,0.09999999999998,0.4999999999999,5.320048512658104e-05
"vgg11_bn-reg:4,lamb:0.01",4,0.01,cifar10_vgg11_bn,1580.628150099,199,1743474509.3334525,{'runtime': 1580},0.3533906042575836,0.009495648555457592,9.495648555457592e-05,0.054991256445646286,0.009999999776482582,0.3557509354357643,0,0.29308274388313293,0.921999999999078,0.9966999999990032,1.936732530593872,0.0017911095637828112,-2.0871812012046576e-05,-2.0871812012046578e-07,0.001073445426300168,0.009999999776482582,0.001786699479566105,0,0.2634173631668091,0.9997399999998,0.9999999999998,0.0007792654796503484
"vgg16_bn-reg:3,lamb:0.001",3,0.001,cifar10_vgg16_bn,951.97929391,199,1743473987.5733418,{'runtime': 952},2.302614212036133,-0.0005092006176710129,-5.092006176710129e-07,0.0011205747723579409,0.0010000000474974513,2.3026118034328307,0,0.0011205747723579409,0.0999999999999,0.4999999999995,5.8586010709404945e-05,2.302614212036133,0.00044470650027506053,4.44706529378891e-07,0.0010836496949195862,0.0010000000474974513,2.3026151072047454,0,0.0010836496949195862,0.09999999999998,0.4999999999999,5.8586010709404945e-05
"vgg16_bn-reg:3,lamb:2.0",3,2.0,cifar10_vgg16_bn,921.189200209,199,1743474003.7857008,{'runtime': 921},0.32571831345558167,0.2674087584018707,0.5348175168037415,0.04637246951460838,2.0,0.3438596486185639,0,0.294699490070343,0.9194999999990804,0.994899999999005,1.5740751028060913,0.04579654335975647,0.023906856775283813,0.04781371355056763,0.007923760451376438,2.0,0.04570248385430063,0,0.07985901832580566,0.9866399999998028,0.9995399999998,0.07833654433488846
"vgg19_bn-reg:3,lamb:0.5",3,0.5,cifar10_vgg19_bn,1000.238801818,199,1743474610.4480157,{'runtime': 1000},2.302616834640503,1.5974044799804688e-05,7.987022399902344e-06,0.001672804355621338,0.5,2.3026244217361267,0,0.001672804355621338,0.0999999999999,0.4999999999995,6.384663720382378e-05,2.302617073059082,1.621246337890625e-05,8.106231689453125e-06,0.0016093254089355469,0.5,2.302610885006337,0,0.0016093254089355469,0.09999999999998,0.4999999999999,6.384664447978139e-05
"vgg19_bn-reg:3,lamb:0.01",3,0.01,cifar10_vgg19_bn,991.876382119,199,1743474604.7882996,{'runtime': 992},2.302654266357422,7.636845111846924e-06,7.636845111846925e-08,0.002222418785095215,0.009999999776482582,2.302667468210573,0,0.002222418785095215,0.0999999999999,0.4999999999995,0.0001380135799990967,2.302654266357422,7.82310962677002e-06,7.82310962677002e-08,0.0022073984146118164,0.009999999776482582,2.302645908209037,0,0.0022073984146118164,0.09999999999998,0.4999999999999,0.0001380135799990967
"vgg19_bn-reg:3,lamb:1.0",3,1.0,cifar10_vgg19_bn,1002.316812461,199,1743474633.907132,{'runtime': 1002},2.302603960037231,1.883506774902344e-05,1.883506774902344e-05,0.0013147369027137756,1.0,2.3026101225818487,0,0.0013147369027137756,0.0999999999999,0.4999999999995,3.756034129764885e-05,2.3026037216186523,1.9073486328125e-05,1.9073486328125e-05,0.001270890235900879,1.0,2.3025990613910885,0,0.001270890235900879,0.09999999999998,0.4999999999999,3.756034129764885e-05
vgg19_bn-baseline,0,0.1,cifar10_vgg19_bn,1001.222943113,199,1743474649.478447,{'runtime': 1001},0.3363087773323059,0.08809596300125122,0.008809596300125122,0.0495457798242569,0.10000000149011612,0.32842970134999805,0,0.6260831356048584,0.9400999999990598,0.9969999999990028,2.214733839035034,0.0012357649393379688,2.459855750203133e-05,2.4598557502031326e-06,0.0007523723179474473,0.10000000149011612,0.001233909096403708,0,0.4524645209312439,0.9998799999998,0.9999999999998,0.0005761790089309216
"vgg19_bn-reg:4,lamb:2.0",4,2.0,cifar10_vgg19_bn,1012.519203161,199,1743474659.9955451,{'runtime': 1012},0.3223116993904114,0.28604012727737427,0.5720802545547485,0.04886671528220177,2.0,0.31686793986236805,0,0.36671605706214905,0.9390999999990608,0.996899999999003,2.021895170211792,0.0011947937309741974,0.00018103793263435364,0.0003620758652687073,0.0008113487856462598,2.0,0.0011931221149918307,0,0.5322762727737427,0.9999199999998,0.9999999999998,0.0004843995557166636
"vgg19_bn-reg:4,lamb:0.1",4,0.1,cifar10_vgg19_bn,1022.767304364,199,1743474674.581807,{'runtime': 1023},0.34071698784828186,0.09053964167833328,0.009053964167833328,0.04891900345683098,0.10000000149011612,0.3327357252482564,0,0.3410009741783142,0.9401999999990596,0.9960999999990038,2.2985799312591553,0.0013982534874230623,3.4499098546803e-05,3.4499098546803e-06,0.0007547609857283533,0.10000000149011612,0.001396307119688681,0,0.4440327286720276,0.9997999999998,0.9999999999998,0.0006975500145927072
"vgg19_bn-reg:4,lamb:0.5",4,0.5,cifar10_vgg19_bn,1008.741900559,199,1743474696.8599367,{'runtime': 1008},0.3360939025878906,0.22134971618652344,0.11067485809326172,0.050079938024282455,0.5,0.3282197271031506,0,0.337344229221344,0.9371999999990628,0.9970999999990028,2.1339879035949707,0.001245866995304823,0.00013769743964076042,6.884871982038021e-05,0.0007027864921838045,0.5,0.0012442796522822233,0,0.4315180778503418,0.9998799999998,0.9999999999998,0.0008280269685201347
"vgg19_bn-reg:4,lamb:1.0",4,1.0,cifar10_vgg19_bn,1018.878268528,199,1743474722.5950935,{'runtime': 1019},0.32239511609077454,0.25623491406440735,0.25623491406440735,0.049849383533000946,1.0,0.31484110518545744,0,0.3908871114253998,0.9377999999990622,0.9967999999990032,2.0224192142486572,0.0013103130040690305,0.00018783833365887403,0.00018783833365887403,0.0007567797438241541,1.0,0.0013076167758504782,0,0.25436094403266907,0.9997599999998,0.9999999999998,0.0006474669789895415
"vgg19_bn-reg:3,lamb:0.1",3,0.1,cifar10_vgg19_bn,1105.433706673,199,1743474892.318267,{'runtime': 1105},2.3026437759399414,-3.129243850708008e-06,-3.129243850708008e-07,0.002108171582221985,0.10000000149011612,2.3026548439468124,0,0.002108171582221985,0.0999999999999,0.4999999999995,0.00011688384984154254,2.3026435375213623,6.556510925292969e-06,6.556510925292969e-07,0.002062290906906128,0.10000000149011612,2.302635777852268,0,0.002062290906906128,0.09999999999998,0.4999999999999,0.00011688384984154254
"vgg13_bn-reg:4,lamb:0.001",4,0.001,cifar10_vgg13_bn,1390.881173962,199,1743475211.395182,{'runtime': 1391},0.28977131843566895,0.0008079804829321802,8.079805411398411e-07,0.044049933552742,0.0010000000474974513,0.2829996211430713,0,0.3072693943977356,0.9384999999990614,0.9974999999990024,1.6399919986724854,0.0013188329758122563,0.0003651586885098368,3.651587121566991e-07,0.0009400370181538164,0.0010000000474974513,0.00131649268150018,0,0.15150630474090576,0.9998799999998,0.9999999999998,0.00024756905622780323
"vgg19_bn-reg:3,lamb:0.001",3,0.001,cifar10_vgg19_bn,1058.948547644,199,1743475057.7367785,{'runtime': 1059},2.3026554584503174,0.0004856846935581416,4.85684722661972e-07,0.002233661711215973,0.0010000000474974513,2.302668910642976,0,0.002233661711215973,0.0999999999999,0.4999999999995,0.00014042272232472897,2.3026554584503174,-0.0004679895646404475,-4.6798959374427795e-07,0.0022096484899520874,0.0010000000474974513,2.30264710760046,0,0.0022096484899520874,0.09999999999998,0.4999999999999,0.00014042270777281374
"vgg19_bn-reg:3,lamb:2.0",3,2.0,cifar10_vgg19_bn,980.622056716,199,1743475002.2362795,{'runtime': 980},2.3025944232940674,1.8596649169921875e-05,3.719329833984375e-05,0.0008920729160308838,2.0,2.3026007765735503,0,0.0008920729160308838,0.0999999999999,0.4999999999995,1.911177059810143e-05,2.3025946617126465,1.9073486328125e-05,3.814697265625e-05,0.0009132996201515198,2.0,2.3025913261679025,0,0.0009132996201515198,0.09999999999998,0.4999999999999,1.9111768779112023e-05
"vgg13_bn-reg:4,lamb:0.01",4,0.01,cifar10_vgg13_bn,1385.722483664,199,1743475912.8673327,{'runtime': 1385},0.2719248831272125,0.007566390559077263,7.566390559077263e-05,0.04157856106758118,0.009999999776482582,0.2656587197712509,0,0.3477698862552643,0.9413999999990584,0.996899999999003,1.5522761344909668,0.0015509995864704251,2.5120607460848987e-05,2.512060746084899e-07,0.000965338316746056,0.009999999776482582,0.001548238604889631,0,0.528388500213623,0.9998199999998,0.9999999999998,0.0005989969940856099
"repvgg_a0-reg:3,lamb:0.01",3,0.01,cifar10_repvgg_a0,1687.481712205,199,1743476301.2390127,{'runtime': 1687},0.3088837265968323,0.0038033118471503258,3.803311847150326e-05,0.02611718699336052,0.009999999776482582,0.3113703402843486,0,0.22032588720321655,0.8953999999991046,0.9972999999990028,0.7812356948852539,0.19596680998802185,0.0016079749912023544,1.6079749912023544e-05,0.010989568196237087,0.009999999776482582,0.19647331432178228,0,0.09634670615196228,0.9332199999998134,0.9982799999998004,0.33050891757011414
"repvgg_a0-reg:3,lamb:0.5",3,0.5,cifar10_repvgg_a0,1694.429884717,199,1743476315.7792008,{'runtime': 1694},0.24167276918888092,0.11461474001407625,0.05730737000703811,0.031211430206894875,0.5,0.24448588968661736,0,0.15304487943649292,0.9272999999990726,0.9983999999990016,0.90751850605011,0.043096836656332016,0.007631596177816391,0.003815798088908195,0.013527121394872664,0.5,0.04326727689612306,0,0.29743218421936035,0.9876399999998026,0.9999599999998,0.040540844202041626
"repvgg_a0-reg:3,lamb:1.0",3,1.0,cifar10_repvgg_a0,1709.662781448,199,1743476352.4605668,{'runtime': 1709},0.2549416124820709,0.17158284783363342,0.17158284783363342,0.03679221123456955,1.0,0.25310014554491167,0,0.3770551383495331,0.9296999999990704,0.9981999999990018,1.099459528923035,0.018054086714982983,0.00397690013051033,0.00397690013051033,0.008366916328668594,1.0,0.018192754197431694,0,0.17985326051712036,0.9958599999998008,0.9999999999998,0.0121232271194458
repvgg_a0-baseline,0,0.1,cifar10_repvgg_a0,1685.432895543,199,1743476346.019868,{'runtime': 1685},0.24375970661640167,0.05574282258749008,0.005574282258749008,0.03639918565750122,0.10000000149011612,0.23905764141662833,0,0.26102447509765625,0.944899999999055,0.997899999999002,1.396851897239685,0.0011490597389638424,4.6505010686814785e-06,4.650501068681479e-07,0.0008674928685650229,0.10000000149011612,0.0011516329270499324,0,0.5441373586654663,0.9999799999998,0.9999999999998,0.00010847137309610844
"repvgg_a0-reg:4,lamb:2.0",4,2.0,cifar10_repvgg_a0,1696.56489186,199,1743476365.3408082,{'runtime': 1696},0.25071820616722107,0.2140394151210785,0.428078830242157,0.036586590111255646,2.0,0.25443141193287594,0,0.26141682267189026,0.9444999999990554,0.9972999999990028,1.493139624595642,0.001687165815383196,0.0003429618664085865,0.000685923732817173,0.001055301632732153,2.0,0.00168683537278195,0,0.2683664560317993,0.9998599999998,0.9999999999998,0.0011132941581308842
"repvgg_a0-reg:4,lamb:0.1",4,0.1,cifar10_repvgg_a0,1695.883425512,199,1743476380.5307038,{'runtime': 1696},0.25753167271614075,0.058156512677669525,0.0058156512677669525,0.04004012420773506,0.10000000149011612,0.2516307748690745,0,0.27798789739608765,0.9414999999990584,0.9985999999990012,1.452209711074829,0.0014249951345846057,2.309388946741819e-05,2.3093889467418194e-06,0.0009154073195531964,0.10000000149011612,0.0014231639318938829,0,0.248565137386322,0.9998799999998,0.9999999999998,0.000430798449087888
"repvgg_a0-reg:4,lamb:0.5",4,0.5,cifar10_repvgg_a0,1701.323646282,199,1743476406.8536289,{'runtime': 1701},0.24693238735198977,0.14554345607757568,0.07277172803878784,0.037536829710006714,0.5,0.24436720603555737,0,0.23552480340003967,0.9416999999990582,0.9976999999990024,1.3340920209884644,0.0016437101876363158,0.00010829453822225332,5.414726911112666e-05,0.0011916527291759849,0.5,0.00164832885170318,0,0.33749157190322876,0.9999199999998,0.9999999999998,0.0006328058079816401
"repvgg_a0-reg:4,lamb:1.0",4,1.0,cifar10_repvgg_a0,1708.247270874,199,1743476439.7323923,{'runtime': 1708},0.25199398398399353,0.1863144338130951,0.1863144338130951,0.04061492532491684,1.0,0.24624077947475037,0,0.3012043237686157,0.9391999999990608,0.9976999999990024,1.3677034378051758,0.0014737063320353627,7.180508691817522e-05,7.180508691817522e-05,0.0011629468062892556,1.0,0.001474739077523166,0,0.43444955348968506,0.9999399999998,0.9999999999998,0.00017981481505557895
"repvgg_a0-reg:3,lamb:0.1",3,0.1,cifar10_repvgg_a0,1724.901668221,199,1743476627.3920848,{'runtime': 1725},0.27137142419815063,0.0331149622797966,0.00331149622797966,0.024230999872088432,0.10000000149011612,0.27375540912758034,0,0.1412230134010315,0.9104999999990896,0.9975999999990024,0.761580765247345,0.135848730802536,0.009153103455901146,0.0009153103455901146,0.0150015065446496,0.10000000149011612,0.13601366802356094,0,0.060171425342559814,0.9541399999998093,0.9994199999998,0.19921648502349856
"vgg11_bn-reg:8,lamb:2.0",8,2.0,cifar10_vgg11_bn,1703.522129778,199,1743476709.0174084,{'runtime': 1703},0.3787938356399536,0.29388678073883057,0.5877735614776611,0.04921390861272812,2.0,0.3830183471526804,0,0.16927367448806763,0.8951999999991047,0.9929999999990068,1.5059542655944824,0.1267884522676468,0.12654666602611542,1282.7457275390625,0.013841003179550173,10136.54296875,0.1265107999130095,0,0.1367165446281433,0.9624999999998076,0.9992799999998002,0.24205461144447327
"vgg11_bn-reg:8,lamb:0.5",8,0.5,cifar10_vgg11_bn,1697.890296703,199,1743476703.5459569,{'runtime': 1698},0.3622650802135467,0.207151859998703,0.1035759299993515,0.05595855414867401,0.5,0.36103809653137303,0,0.29014894366264343,0.9145999999990854,0.9961999999990038,1.7524398565292358,0.02728833630681038,0.0269529577344656,56.59734344482422,0.003910021856427193,2099.8564453125,0.02725329206243086,0,0.7750179767608643,0.9922199999998016,0.9997799999998,0.056177083402872086
"repvgg_a0-reg:3,lamb:2.0",3,2.0,cifar10_repvgg_a0,1682.831849532,199,1743476694.799477,{'runtime': 1682},0.2502489686012268,0.20081859827041623,0.4016371965408325,0.03648947924375534,2.0,0.25162105740276725,0,0.2179616093635559,0.9332999999990668,0.9986999999990012,1.1514438390731812,0.011620070785284042,0.003664519637823105,0.00732903927564621,0.005696713458746672,2.0,0.011646202566429772,0,0.2336101531982422,0.9975399999998006,0.9999999999998,0.007825363427400589
"vgg11_bn-reg:8,lamb:1.0",8,1.0,cifar10_vgg11_bn,1706.875479462,199,1743476729.9494448,{'runtime': 1707},0.3703799843788147,0.25725895166397095,0.25725895166397095,0.05806761607527733,1.0,0.37295276774082914,0,0.2656351923942566,0.9030999999990968,0.9943999999990056,1.6068891286849976,0.06450778245925903,0.06415466964244843,234.34115600585935,0.007371807470917702,3652.7529296875,0.06433523573812518,0,0.15162548422813416,0.9812199999998038,0.9995799999998002,0.13215163350105286
"vgg11_bn-reg:8,lamb:0.01",8,0.01,cifar10_vgg11_bn,1707.193136871,199,1743476736.7762628,{'runtime': 1707},0.4023396968841553,0.004752865061163902,4.752865061163902e-05,0.021991316229104996,0.009999999776482582,0.40457584326285634,0,0.4932514429092407,0.8730999999991268,0.9920999999990078,0.968306839466095,0.31887438893318176,0.05244097486138344,0.012455910444259644,0.02451081201434135,0.23752248287200928,0.3193280914141285,0,0.11513137817382812,0.8988199999998203,0.994779999999801,0.5490700006484985
"vgg11_bn-reg:8,lamb:0.1",8,0.1,cifar10_vgg11_bn,1713.944676314,199,1743476749.3517945,{'runtime': 1714},2.3025856018066406,-4.023313522338867e-06,-4.023313522338867e-07,0.00014674663543701172,0.10000000149011612,2.3025831872428815,0,0.00014674663543701172,0.0999999999999,0.4999999999995,8.770592216933437e-07,2.3025853633880615,0.0002074597723549232,0.10205078125,0.0001077502965927124,491.9063720703125,2.3025854569350246,0,0.0001077502965927124,0.09999999999998,0.4999999999999,8.770592216933437e-07
"vgg11_bn-reg:8,lamb:0.001",8,0.001,cifar10_vgg11_bn,1711.203633273,199,1743476755.972312,{'runtime': 1711},0.8737297654151917,0.0001640873815631494,1.6408739611506462e-07,0.03717043250799179,0.0010000000474974513,0.8734633398852604,0,0.06172436475753784,0.6641999999993358,0.9783999999990216,0.9237825870513916,0.9199569821357728,0.02132715843617916,0.001006580889225006,0.05384603887796402,0.0471971407532692,0.9200904961890208,0,0.08462220430374146,0.6559599999998689,0.9759799999998048,0.9415948390960692
"repvgg_a0-reg:3,lamb:0.001",3,0.001,cifar10_repvgg_a0,1768.981297148,199,1743476838.7278664,{'runtime': 1769},0.28582316637039185,0.0006745394202880561,6.74539478495717e-07,0.022657934576272964,0.0010000000474974513,0.28279669613026764,0,0.16378673911094666,0.9044999999990956,0.9970999999990028,0.7411385774612427,0.1834597885608673,0.00035431000287644565,3.543100319802761e-07,0.010726920329034328,0.0010000000474974513,0.18383824588667283,0,0.19421795010566711,0.9375999999998126,0.9986399999998004,0.31605762243270874
"vgg16_bn-reg:4,lamb:0.001",4,0.001,cifar10_vgg16_bn,959.337113151,199,1743476180.053057,{'runtime': 959},0.32187819480895996,0.00144363718573004,1.443637302145362e-06,0.049293287098407745,0.0010000000474974513,0.32701590276529763,0,0.34007537364959717,0.9376999999990622,0.9967999999990032,2.025110960006714,0.001328282174654305,0.00037460788735188544,3.746079073607689e-07,0.0007392187835648656,0.0010000000474974513,0.0013261017447126586,0,0.1904149055480957,0.9998599999998,0.9999999999998,0.0008908113231882453
"vgg16_bn-reg:4,lamb:0.01",4,0.01,cifar10_vgg16_bn,1284.545828745,199,1743477205.4690988,{'runtime': 1284},0.3188726305961609,0.009882147423923016,9.882147423923016e-05,0.04922659322619438,0.009999999776482582,0.31167543864933334,0,0.387688547372818,0.9385999999990612,0.9971999999990028,2.0177035331726074,0.0012678897473961117,2.8113117878092453e-05,2.8113117878092453e-07,0.0008125115418806672,0.009999999776482582,0.0012659181632781369,0,0.48907455801963806,0.9998399999998,0.9999999999998,0.0003703172551468014
"vgg19_bn-reg:4,lamb:0.001",4,0.001,cifar10_vgg19_bn,1015.807652591,199,1743477206.2196538,{'runtime': 1016},0.35630300641059875,0.0015361582627519963,1.5361583791673183e-06,0.052094295620918274,0.0010000000474974513,0.3479550635823715,0,0.39808735251426697,0.9366999999990632,0.995999999999004,2.3945605754852295,0.0015099558513611555,-0.00039739266503602266,-3.97392682316422e-07,0.0007934157038107514,0.0010000000474974513,0.0015074098366137552,0,0.32242169976234436,0.9997599999998,0.9999799999998,0.0013419183669611812
"repvgg_a1-reg:3,lamb:0.01",3,0.01,cifar10_repvgg_a1,2084.78046911,199,1743478398.8504424,{'runtime': 2084},0.2993471622467041,0.003612763248383999,3.612763248383999e-05,0.01897050067782402,0.009999999776482582,0.30190650179885103,0,0.18850499391555783,0.9001999999990997,0.9972999999990028,0.7259500026702881,0.20916491746902463,0.001740735024213791,1.740735024213791e-05,0.013140195980668068,0.009999999776482582,0.2092950242483756,0,0.1844865083694458,0.9291399999998142,0.9984199999998004,0.3493814766407013
"repvgg_a1-reg:3,lamb:0.5",3,0.5,cifar10_repvgg_a1,2085.796792857,199,1743478412.8511524,{'runtime': 2085},0.2321950197219849,0.1130448579788208,0.0565224289894104,0.028760645538568497,0.5,0.23804154539117703,0,0.13049429655075073,0.933899999999066,0.9982999999990017,0.8945462703704834,0.02966512367129326,0.004850517958402634,0.002425258979201317,0.010847821831703186,0.5,0.029684212850792924,0,0.18975865840911865,0.9922199999998016,0.9999999999998,0.025757040828466415
repvgg_a1-baseline,0,0.1,cifar10_repvgg_a1,2080.211222812,199,1743478436.8771312,{'runtime': 2080},0.2315916419029236,0.05248205736279488,0.005248205736279488,0.03609926253557205,0.10000000149011612,0.23593292658838183,0,0.2345293164253235,0.9484999999990514,0.997999999999002,1.3044241666793823,0.0011367424158379436,1.1406809790059924e-05,1.1406809790059924e-06,0.000774327025283128,0.10000000149011612,0.001135387696322495,0,0.532076895236969,0.9999599999998,0.9999999999998,0.0002014143392443657
"repvgg_a1-reg:3,lamb:1.0",3,1.0,cifar10_repvgg_a1,2101.143680338,199,1743478463.313529,{'runtime': 2101},0.239006906747818,0.16052237153053284,0.16052237153053284,0.03438049182295799,1.0,0.23519593359610536,0,0.1666405200958252,0.9334999999990664,0.9985999999990012,1.021193027496338,0.013658769428730013,0.0027077272534370422,0.0027077272534370422,0.007104381453245878,1.0,0.013753987757775692,0,0.1724374294281006,0.9972599999998006,0.9999999999998,0.007995609194040298
"repvgg_a1-reg:4,lamb:2.0",4,2.0,cifar10_repvgg_a1,2093.004962499,199,1743478467.270331,{'runtime': 2093},0.22726042568683624,0.19110901653766632,0.38221803307533264,0.03504249453544617,2.0,0.2290210157060275,0,0.25803959369659424,0.9454999999990544,0.9980999999990018,1.2044129371643066,0.0013992672320455313,0.0001428013201802969,0.0002856026403605938,0.0010206946171820164,2.0,0.0013972511962745012,0,0.4948153793811798,0.9998999999998,0.9999999999998,0.00026748658274300396
"repvgg_a1-reg:4,lamb:0.1",4,0.1,cifar10_repvgg_a1,2087.615364797,199,1743478477.89603,{'runtime': 2087},0.22720789909362793,0.051712766289711,0.0051712766289711,0.033775292336940765,0.10000000149011612,0.22575424363780724,0,0.28682559728622437,0.9488999999990512,0.9977999999990022,1.2869442701339722,0.001157587394118309,3.641471266746521e-06,3.641471266746521e-07,0.0009079959709197284,0.10000000149011612,0.0011566498735567049,0,0.4392662048339844,0.9999999999998,0.9999999999998,7.093807653291151e-05
"repvgg_a1-reg:4,lamb:0.5",4,0.5,cifar10_repvgg_a1,2095.831998357,199,1743478514.3917203,{'runtime': 2096},0.23296546936035156,0.1395397186279297,0.06976985931396484,0.033910516649484634,0.5,0.23756402128956225,0,0.2012156844139099,0.9482999999990516,0.998899999999001,1.2783132791519165,0.0012400641571730375,4.034186713397503e-05,2.017093356698751e-05,0.0009166151867248118,0.5,0.0012418430859815338,0,0.2405717372894287,0.9999599999998,0.9999999999998,0.00021465016470756384
"repvgg_a1-reg:4,lamb:1.0",4,1.0,cifar10_repvgg_a1,2106.65865532,199,1743478555.3690264,{'runtime': 2106},0.22938713431358335,0.16880783438682556,0.16880783438682556,0.034016355872154236,1.0,0.23509248917633,0,0.294131338596344,0.9460999999990538,0.9981999999990018,1.2288020849227903,0.0014464878477156162,8.177990093827248e-05,8.177990093827248e-05,0.0011457803193479776,1.0,0.0014448586158068866,0,0.48250171542167664,0.9999599999998,0.9999999999998,0.0002426505961921066
"repvgg_a1-reg:3,lamb:0.1",3,0.1,cifar10_repvgg_a1,2098.858549528,199,1743478735.0471787,{'runtime': 2099},0.2450430393218994,0.030027609318494797,0.0030027609318494797,0.022500593215227127,0.10000000149011612,0.24490424761013968,0,0.1319580078125,0.920899999999079,0.9983999999990016,0.6905432343482971,0.11065314710140228,0.007351143285632133,0.0007351143285632133,0.012752076610922812,0.10000000149011612,0.11076912043849305,0,0.0669478178024292,0.9626399999998076,0.9996199999998,0.1596640646457672
"repvgg_a1-reg:3,lamb:2.0",3,2.0,cifar10_repvgg_a1,2079.581368646,199,1743478782.0556695,{'runtime': 2079},0.22296063601970673,0.1813742369413376,0.3627484738826752,0.031811460852622986,2.0,0.2382397941649407,0,0.24802136421203613,0.9425999999990572,0.9984999999990014,1.0878403186798096,0.006849770434200764,0.0017209099605679512,0.0034418199211359024,0.004073205403983593,2.0,0.006925014036767656,0,0.18579250574111936,0.9988199999998004,0.9999999999998,0.0031590317375957966
"vgg13_bn-reg:8,lamb:0.5",8,0.5,cifar10_vgg13_bn,1852.627240427,199,1743478573.7242367,{'runtime': 1852},2.302586555480957,-9.5367431640625e-07,-4.76837158203125e-07,0.00023526698350906372,0.5,2.3025819593871995,0,0.00023526698350906372,0.0999999999999,0.4999999999995,3.2317068416887196e-06,2.302586793899536,0.0009606934618204832,0.6187744140625,0.00025030970573425293,644.0914306640625,2.3025859751305076,0,0.00025030970573425293,0.09999999999998,0.4999999999999,3.2317068416887196e-06
"vgg13_bn-reg:8,lamb:2.0",8,2.0,cifar10_vgg13_bn,1847.022618601,199,1743478567.8413286,{'runtime': 1847},2.302586555480957,3.0994415283203125e-06,6.198883056640625e-06,0.00023526698350906372,2.0,2.3025819593871995,0,0.00023526698350906372,0.0999999999999,0.4999999999995,3.2317068416887196e-06,2.302586793899536,0.002391478745266795,53.92578125,0.00025030970573425293,22549.13671875,2.3025859751305076,0,0.00025030970573425293,0.09999999999998,0.4999999999999,3.2317068416887196e-06
"vgg13_bn-reg:8,lamb:1.0",8,1.0,cifar10_vgg13_bn,1850.385328462,199,1743478591.298339,{'runtime': 1850},2.302586555480957,1.9073486328125e-06,1.9073486328125e-06,0.00023526698350906372,1.0,2.3025819593871995,0,0.00023526698350906372,0.0999999999999,0.4999999999995,3.2317068416887196e-06,2.302586793899536,0.0015784114366397262,2.242919921875,0.00025030970573425293,1420.998291015625,2.3025859751305076,0,0.00025030970573425293,0.09999999999998,0.4999999999999,3.2317068416887196e-06
"vgg13_bn-reg:8,lamb:0.01",8,0.01,cifar10_vgg13_bn,1858.151477282,199,1743478604.8766177,{'runtime': 1858},0.31326836347579956,0.004087132401764393,4.087132401764393e-05,0.023667000234127045,0.009999999776482582,0.30759557757287326,0,0.802309513092041,0.8982999999991016,0.9955999999990044,0.8313167691230774,0.20661887526512143,0.042397934943437576,0.013228200376033785,0.0197735782712698,0.3120010495185852,0.20673897196149185,0,0.220726415514946,0.9347999999998132,0.9971999999998006,0.3628884553909302
"vgg13_bn-reg:8,lamb:0.1",8,0.1,cifar10_vgg13_bn,1863.917524871,199,1743478623.02491,{'runtime': 1864},0.3087516129016876,0.06432488560676575,0.006432488560676575,0.04976435750722885,0.10000000149011612,0.3016747700227609,0,0.2986100912094116,0.9263999999990736,0.9965999999990032,1.5786889791488647,0.024444475769996643,0.022381756454706192,1.988453149795532,0.003695908933877945,88.84259033203125,0.024443188578791037,0,0.2783409357070923,0.9931999999998016,0.9998399999998,0.04908968135714531
"vgg13_bn-reg:8,lamb:0.001",8,0.001,cifar10_vgg13_bn,1852.322201331,199,1743478616.9258468,{'runtime': 1852},0.6167711019515991,0.000697502342518419,6.975024007260799e-07,0.01265910267829895,0.0010000000474974513,0.6345151869856507,0,0.13927443325519562,0.7873999999992125,0.9841999999990158,0.9847124814987184,0.659972071647644,0.022527452558279037,0.0010632313787937164,0.037351980805397034,0.0471971407532692,0.660012364353838,0,0.068478524684906,0.7815199999998438,0.9833799999998034,0.9994829297065736
"repvgg_a1-reg:3,lamb:0.001",3,0.001,cifar10_repvgg_a1,2140.69603101,199,1743478998.17074,{'runtime': 2140},0.28616002202033997,5.774199598818086e-05,5.7741999626159675e-08,0.02558208629488945,0.0010000000474974513,0.28957903601440294,0,0.10935014486312866,0.9022999999990976,0.996899999999003,0.7435199022293091,0.17262645065784454,1.140870062954491e-05,1.1408701539039612e-08,0.011370228603482246,0.0010000000474974513,0.17262574641711803,0,0.1714630126953125,0.9416399999998116,0.9988799999998004,0.2929774224758148
"vgg19_bn-reg:4,lamb:0.01",4,0.01,cifar10_vgg19_bn,1653.657281439,199,1743478876.317733,{'runtime': 1653},0.35586756467819214,0.011591101065278052,0.00011591101065278052,0.05132032185792923,0.009999999776482582,0.34753104496346293,0,0.6648012399673462,0.9374999999990624,0.995799999999004,2.382920265197754,0.0014696947764605284,3.918330548913218e-05,3.918330548913218e-07,0.0007717604166828096,0.009999999776482582,0.0014673139298137278,0,0.5333465933799744,0.9997999999998,0.9999999999998,0.0014219926670193672
"repvgg_a0-reg:4,lamb:0.001",4,0.001,cifar10_repvgg_a0,1782.840803783,199,1743479001.229277,{'runtime': 1782},0.26281851530075073,0.0005580950528383255,5.580950528383255e-07,0.03917607665061951,0.0010000000474974513,0.25738210592503613,0,0.27781257033348083,0.941999999999058,0.9980999999990018,1.500099778175354,0.001177297323010862,0.0002236230211565271,2.2362303297995825e-07,0.0009432883816771208,0.0010000000474974513,0.0011817233913155737,0,0.45944881439208984,0.9999999999998,0.9999999999998,6.494505942100659e-05
"repvgg_a2-reg:3,lamb:0.01",3,0.01,cifar10_repvgg_a2,3074.571226675,199,1743481485.3659222,{'runtime': 3075},0.2595762014389038,0.003514625132083893,3.514625132083893e-05,0.02422819659113884,0.009999999776482582,0.25949912139246356,0,0.12184679508209229,0.9144999999990854,0.9975999999990024,0.7101197242736816,0.135199636220932,0.0011130236089229584,1.1130236089229584e-05,0.013212737627327442,0.009999999776482582,0.1350389488960846,0,0.8027768731117249,0.9555999999998088,0.9992199999998004,0.22559413313865664
"repvgg_a2-reg:3,lamb:0.5",3,0.5,cifar10_repvgg_a2,3073.938879031,199,1743481504.4621446,{'runtime': 3074},0.21070443093776703,0.10328255593776704,0.051641277968883514,0.027789123356342316,0.5,0.20794291751848604,0,0.27811476588249207,0.9381999999990616,0.9984999999990014,0.8360418677330017,0.0206795334815979,0.003072798252105713,0.0015363991260528564,0.008955316618084908,0.5,0.02065755790279205,0,0.7311917543411255,0.9952399999998012,0.9999999999998,0.016110625118017197
repvgg_a2-baseline,0,0.1,cifar10_repvgg_a2,3069.742092946,199,1743481524.4581332,{'runtime': 3070},0.21427343785762787,0.04814339801669121,0.004814339801669121,0.02974928542971611,0.10000000149011612,0.20929336390406195,0,0.1756458282470703,0.9528999999990472,0.9983999999990016,1.1932162046432495,0.0011012207251042128,4.495377652347088e-06,4.495377652347088e-07,0.0007511861040256917,0.10000000149011612,0.001103268243370795,0,0.6559081673622131,0.9999199999998,0.9999999999998,0.00013767264317721128
"repvgg_a2-reg:3,lamb:1.0",3,1.0,cifar10_repvgg_a2,3082.705111323,199,1743481555.4463067,{'runtime': 3082},0.2073267251253128,0.14078982174396515,0.14078982174396515,0.0289510041475296,1.0,0.2051146238529495,0,0.2669049799442291,0.9442999999990556,0.9986999999990012,0.9129564166069032,0.008261456154286861,0.0014341017231345177,0.0014341017231345177,0.004742723423987627,1.0,0.008275080443298838,0,0.2826484739780426,0.9984399999998004,0.9999999999998,0.0042898571118712425
"repvgg_a2-reg:4,lamb:2.0",4,2.0,cifar10_repvgg_a2,3080.835744006,199,1743481556.8937008,{'runtime': 3081},0.20451374351978305,0.16954632103443146,0.3390926420688629,0.031088072806596756,2.0,0.20323862316593855,0,0.28578367829322815,0.9486999999990512,0.9980999999990018,1.0252211093902588,0.0012425559107214212,5.046301521360874e-05,0.00010092603042721748,0.0010170831810683012,2.0,0.0012418809438284211,0,0.6396667957305908,0.9999799999998,0.9999999999998,7.590554014313966e-05
"repvgg_a2-reg:4,lamb:0.1",4,0.1,cifar10_repvgg_a2,3067.435025876,199,1743481561.9489546,{'runtime': 3067},0.2137877345085144,0.046370215713977814,0.004637021571397781,0.03136954829096794,0.10000000149011612,0.21005333032795623,0,0.1826775074005127,0.9503999999990496,0.9981999999990018,1.146261215209961,0.0011476086219772696,3.199456841684878e-06,3.199456841684878e-07,0.0008487088489346206,0.10000000149011612,0.0012167388066617855,0,0.536626935005188,0.9999599999998,0.9999999999998,9.492475510342048e-05
"repvgg_a2-reg:4,lamb:0.5",4,0.5,cifar10_repvgg_a2,3081.053516166,199,1743481605.327712,{'runtime': 3081},0.208324670791626,0.1186678409576416,0.0593339204788208,0.03125128522515297,0.5,0.2079225850703066,0,0.24961575865745544,0.9487999999990512,0.9984999999990014,1.0521794557571411,0.0012532956898212433,1.5426427125930786e-05,7.713213562965393e-06,0.000998742412775755,0.5,0.0012549093632190274,0,0.2236332893371582,0.9999799999998,0.9999999999998,7.011037087067962e-05
"repvgg_a2-reg:4,lamb:1.0",4,1.0,cifar10_repvgg_a2,3091.765309138,199,1743481663.765216,{'runtime': 3092},0.21250919997692108,0.15440373122692108,0.15440373122692108,0.03200598061084747,1.0,0.2077025039184329,0,0.2340123951435089,0.9482999999990516,0.997999999999002,1.085649013519287,0.0012788025196641684,3.139651380479336e-05,3.139651380479336e-05,0.0010522634256631136,1.0,0.0012832309747747763,0,0.4584153890609741,0.9999999999998,0.9999999999998,7.147552241804078e-05
"vgg16_bn-reg:8,lamb:2.0",8,2.0,cifar10_vgg16_bn,1946.6395717,199,1743480531.0397947,{'runtime': 1946},2.3025858402252197,1.9073486328125e-06,3.814697265625e-06,0.00027705729007720947,2.0,2.302586525102988,0,0.00027705729007720947,0.0999999999999,0.4999999999995,2.0052211766596884e-06,2.302586078643799,0.002486081328243017,28.66796875,0.00025891512632369995,11531.388671875,2.302586214765508,0,0.00025891512632369995,0.09999999999998,0.4999999999999,2.0052211766596884e-06
"vgg16_bn-reg:8,lamb:0.5",8,0.5,cifar10_vgg16_bn,1938.587495868,199,1743480524.0956368,{'runtime': 1938},2.3025858402252197,2.384185791015625e-07,1.1920928955078125e-07,0.00027705729007720947,0.5,2.302586525102988,0,0.00027705729007720947,0.0999999999999,0.4999999999995,2.0052211766596884e-06,2.302586078643799,0.0007543510873802006,0.4842529296875,0.00025891512632369995,641.9463500976562,2.302586214765508,0,0.00025891512632369995,0.09999999999998,0.4999999999999,2.0052211766596884e-06
"vgg16_bn-reg:8,lamb:1.0",8,1.0,cifar10_vgg16_bn,1952.572470581,199,1743480552.664971,{'runtime': 1952},2.3025858402252197,2.384185791015625e-07,2.384185791015625e-07,0.00027705729007720947,1.0,2.302586525102988,0,0.00027705729007720947,0.0999999999999,0.4999999999995,2.0052211766596884e-06,2.302586078643799,0.0011759643675759437,1.209716796875,0.00025891512632369995,1028.701904296875,2.302586214765508,0,0.00025891512632369995,0.09999999999998,0.4999999999999,2.0052211766596884e-06
"vgg16_bn-reg:8,lamb:0.01",8,0.01,cifar10_vgg16_bn,1952.85076916,199,1743480568.4518998,{'runtime': 1953},0.4560853838920593,0.005092797800898552,5.092797800898552e-05,0.01573425531387329,0.009999999776482582,0.4503949644780699,0,0.19443941116333008,0.8533999999991465,0.9885999999990112,1.0359768867492676,0.3912814259529114,0.0562923289835453,0.012080058455467224,0.03444339334964752,0.21459510922431943,0.39107813167158073,0,0.09452670812606812,0.875479999999825,0.9925799999998016,0.6328916549682617
"vgg16_bn-reg:8,lamb:0.001",8,0.001,cifar10_vgg16_bn,1942.447615822,199,1743480571.1640437,{'runtime': 1942},2.3025858402252197,-0.0005373731255531311,-5.373731255531311e-07,0.00027705729007720947,0.0010000000474974513,2.3025864654983432,0,0.00027705729007720947,0.0999999999999,0.4999999999995,2.0038521597598447e-06,2.3025858402252197,2.9309452656889334e-05,0.0008544921875,0.00025891512632369995,29.154150009155273,2.3025861928699243,0,0.00025891512632369995,0.09999999999998,0.4999999999999,2.0038521597598447e-06
"vgg16_bn-reg:8,lamb:0.1",8,0.1,cifar10_vgg16_bn,1957.759133635,199,1743480592.567554,{'runtime': 1957},2.3025858402252197,-3.5762786865234375e-06,-3.576278686523438e-07,0.00027705729007720947,0.10000000149011612,2.302586525102988,0,0.00027705729007720947,0.0999999999999,0.4999999999995,2.0052211766596884e-06,2.302586078643799,0.00032417342299595475,0.09466552734375,0.00025891512632369995,292.021240234375,2.302586214765508,0,0.00025891512632369995,0.09999999999998,0.4999999999999,2.0052211766596884e-06
"repvgg_a2-reg:3,lamb:0.1",3,0.1,cifar10_repvgg_a2,3085.985570242,199,1743481831.85024,{'runtime': 3086},0.23925180733203888,0.032495204359292984,0.0032495204359292984,0.027440685778856277,0.10000000149011612,0.23623340403343232,0,0.12837982177734375,0.9223999999990776,0.9980999999990018,0.7634958624839783,0.08462566882371902,0.005213208496570587,0.0005213208496570587,0.014237876981496813,0.10000000149011612,0.0846223874088461,0,0.09859198331832886,0.9727399999998056,0.9997199999998,0.11348393559455872
"repvgg_a2-reg:3,lamb:2.0",3,2.0,cifar10_repvgg_a2,3068.086270338,199,1743481859.098548,{'runtime': 3068},0.2275816798210144,0.18696755170822144,0.37393510341644287,0.03220492601394653,2.0,0.22235678915429077,0,0.26232799887657166,0.9433999999990564,0.997899999999002,1.1630325317382812,0.005623821169137955,0.0013618506491184237,0.002723701298236847,0.003582861740142107,2.0,0.005626324771815966,0,0.39459729194641113,0.9992399999998002,0.9999999999998,0.002829315140843391
"repvgg_a0-reg:4,lamb:0.01",4,0.01,cifar10_repvgg_a0,2034.650042514,199,1743480928.898047,{'runtime': 2034},0.25988608598709106,0.007543852552771568,7.543852552771568e-05,0.037824276834726334,0.009999999776482582,0.25863359452278684,0,0.297238290309906,0.9455999999990544,0.9982999999990017,1.5421514511108398,0.001259798649698496,2.002198016270995e-05,2.0021980162709954e-07,0.0008807803969830275,0.009999999776482582,0.001262739242455758,0,0.36432111263275146,0.9999199999998,0.9999999999998,0.00025414302945137024
"repvgg_a2-reg:3,lamb:0.001",3,0.001,cifar10_repvgg_a2,3113.327341369,199,1743482122.7460845,{'runtime': 3113},0.26611465215682983,3.952299812226556e-05,3.9523001760244376e-08,0.02362734451889992,0.0010000000474974513,0.26300103955846393,0,0.1139032244682312,0.9123999999990876,0.9980999999990018,0.7383882403373718,0.14319708943367004,0.00014594115782529116,1.4594115782529118e-07,0.012063130736351011,0.0010000000474974513,0.14302415468437468,0,0.1849631667137146,0.9519399999998096,0.9990999999998004,0.23840150237083435
"repvgg_a1-reg:4,lamb:0.001",4,0.001,cifar10_repvgg_a1,2150.008105863,199,1743481162.3091185,{'runtime': 2150},0.22945086658000943,0.0005690526450052857,5.690526450052857e-07,0.033298954367637634,0.0010000000474974513,0.22872217124197897,0,0.27178335189819336,0.94999999999905,0.9983999999990016,1.2924253940582275,0.00118740345351398,0.00023372909345198423,2.337291107323836e-07,0.0007246129680424929,0.0010000000474974513,0.0011867153106069996,0,0.4263762235641479,0.9999199999998,0.9999999999998,0.0003315113135613501
"vgg19_bn-reg:8,lamb:0.5",8,0.5,cifar10_vgg19_bn,2057.791348115,199,1743482593.9181366,{'runtime': 2058},0.4065781235694885,0.20594412088394165,0.10297206044197084,0.04385172203183174,0.5,0.39763909535786096,0,0.1898101568222046,0.8927999999991071,0.9906999999990092,1.8666108846664429,0.1572309583425522,0.1410612314939499,7.66535758972168,0.019477955996990204,54.34063720703125,0.1571322267376761,0,0.06207342445850372,0.9539599999998092,0.9990199999998004,0.302449107170105
"vgg19_bn-reg:8,lamb:2.0",8,2.0,cifar10_vgg19_bn,2055.98017251,199,1743482604.1901596,{'runtime': 2056},0.466919481754303,0.34400850534439087,0.6880170106887817,0.030203424394130707,2.0,0.4591617434068999,0,0.15597927570343018,0.8802999999991197,0.9887999999990112,2.096864700317383,0.23445698618888855,0.22563950717449188,69.62620544433594,0.03623780608177185,308.57275390625,0.23430563508268823,0,0.08655834197998047,0.9319399999998136,0.9986799999998004,0.38832753896713257
"vgg19_bn-reg:8,lamb:1.0",8,1.0,cifar10_vgg19_bn,2061.437714817,199,1743482624.8133676,{'runtime': 2061},0.4496069252490998,0.2839803993701935,0.2839803993701935,0.0317949578166008,1.0,0.4399202416482473,0,0.1352192759513855,0.8826999999991172,0.9886999999990111,2.279174327850342,0.22666004300117493,0.20386545360088348,15.42109489440918,0.03329849988222122,75.64349365234375,0.2268170173715409,0,0.07782107591629028,0.9346999999998132,0.9983399999998004,0.4076855778694153
"vgg19_bn-reg:8,lamb:0.01",8,0.01,cifar10_vgg19_bn,2057.56005068,199,1743482636.698049,{'runtime': 2057},1.184883952140808,0.0032813288271427155,3.2813288271427155e-05,0.08000078797340393,0.009999999776482582,1.17577585697582,0,0.22325128316879272,0.5417999999994582,0.9712999999990286,0.6735956072807312,1.1968947649002075,0.06139148399233818,0.010853707790374756,0.07060463726520538,0.17679500579833984,1.1967799054722437,0,0.12191951274871826,0.5388799999998922,0.9730399999998054,0.7666206955909729
"vgg19_bn-reg:8,lamb:0.001",8,0.001,cifar10_vgg19_bn,2052.581342585,199,1743482632.541503,{'runtime': 2052},1.3176335096359253,0.0006093177944421768,6.093177944421768e-07,0.11782082915306091,0.0010000000474974513,1.312519782453471,0,0.21827104687690735,0.5153999999994846,0.9635999999990364,1.1370455026626587,1.3844341039657593,0.020290561020374295,0.0010866820812225342,0.07708002626895905,0.053556039929389954,1.3849226278211535,0,0.1409546136856079,0.4625599999999075,0.935199999999813,0.8214156627655029
"vgg19_bn-reg:8,lamb:0.1",8,0.1,cifar10_vgg19_bn,2057.112259686,199,1743482659.7394848,{'runtime': 2057},2.302586317062378,-2.9802322387695312e-06,-2.980232238769531e-07,0.0001733154058456421,0.10000000149011612,2.3025915020908254,0,0.0001733154058456421,0.0999999999999,0.4999999999995,2.3089103251550114e-06,2.3025858402252197,0.0003450557996984571,0.13470458984375,0.00013800710439682007,390.3849487304687,2.3025856564281213,0,0.00013800710439682007,0.09999999999998,0.4999999999999,2.308910097781336e-06
"repvgg_a1-reg:4,lamb:0.01",4,0.01,cifar10_repvgg_a1,2557.137740165,199,1743483502.7498302,{'runtime': 2557},0.2423228770494461,0.006765313446521759,6.765313446521759e-05,0.03462173417210579,0.009999999776482582,0.2484640262399832,0,0.19787514209747312,0.9490999999990508,0.9985999999990012,1.392371654510498,0.00109177827835083,-5.263091225060634e-05,-5.263091225060634e-07,0.0007766720955260098,0.009999999776482582,0.001091286082629848,0,0.5096155405044556,0.9999799999998,0.9999999999998,9.30464084376581e-05
"repvgg_a2-reg:4,lamb:0.001",4,0.001,cifar10_repvgg_a2,3132.776358348,199,1743484303.8960097,{'runtime': 3133},0.21665921807289124,0.00017513228522147983,1.7513229977339506e-07,0.0309787355363369,0.0010000000474974513,0.2119667859218089,0,0.255950927734375,0.9520999999990478,0.9980999999990018,1.1832828521728516,0.0011013690382242205,0.00014769476547371596,1.4769477729714708e-07,0.0008235111017711461,0.0010000000474974513,0.0011017672522191655,0,0.4188802838325501,0.9999799999998,0.9999999999998,5.59249529032968e-05
"mobilenetv2_x0_5-reg:3,lamb:0.01",3,0.01,cifar10_mobilenetv2_x0_5,1407.043580254,199,1743482904.604188,{'runtime': 1407},0.5017359256744385,0.004490185528993607,4.4901855289936066e-05,0.017453260719776154,0.009999999776482582,0.5001132941485865,0,0.1932263821363449,0.827999999999172,0.9913999999990084,0.9062636494636536,0.47343534231185913,0.003655347973108291,3.655347973108291e-05,0.009616191498935224,0.009999999776482582,0.47335404413713006,0,0.06157997250556946,0.835059999999833,0.9931199999998014,0.7342191934585571
"mobilenetv2_x0_5-reg:3,lamb:0.5",3,0.5,cifar10_mobilenetv2_x0_5,1404.065781539,199,1743482919.087412,{'runtime': 1404},0.37930941581726074,0.1152808666229248,0.0576404333114624,0.010359738022089005,0.5,0.37520946962691887,0,0.06837734580039978,0.8726999999991273,0.995899999999004,0.7028400301933289,0.30560776591300964,0.0718221366405487,0.03591106832027435,0.03319835290312767,0.5,0.3055798808831135,0,0.3129904866218567,0.8957399999998209,0.9975799999998004,0.3943305015563965
mobilenetv2_x0_5-baseline,0,0.1,cifar10_mobilenetv2_x0_5,1391.038076637,199,1743482924.2700224,{'runtime': 1391},0.27376365661621094,0.05420876666903496,0.005420876666903496,0.0370355062186718,0.10000000149011612,0.2725701055739378,0,0.15932124853134155,0.9317999999990682,0.9975999999990024,1.3363089561462402,0.014798888936638832,0.0005700683686882257,5.7006836868822575e-05,0.006537048611789942,0.10000000149011612,0.014785026207676724,0,0.19978487491607663,0.9966999999998007,0.9999999999998,0.012455916963517666
"mobilenetv2_x0_5-reg:3,lamb:1.0",3,1.0,cifar10_mobilenetv2_x0_5,1420.276630103,199,1743482987.6214309,{'runtime': 1420},0.32996001839637756,0.15857329964637756,0.15857329964637756,0.008801854215562344,1.0,0.3258650786360039,0,0.03532475233078003,0.8863999999991136,0.9969999999990028,0.6904642581939697,0.2379510998725891,0.08550149202346802,0.08550149202346802,0.032406341284513474,1.0,0.23798700595694913,0,0.1356637477874756,0.920119999999816,0.9986399999998004,0.30095893144607544
"mobilenetv2_x0_5-reg:4,lamb:2.0",4,2.0,cifar10_mobilenetv2_x0_5,1403.606791483,199,1743482973.2637446,{'runtime': 1403},0.28241589665412903,0.21985915303230288,0.4397183060646057,0.03902965039014816,2.0,0.28046768319300613,0,0.28428471088409424,0.9184999999990814,0.9977999999990022,1.1686477661132812,0.029651258140802383,0.009840104728937147,0.019680209457874295,0.013906843960285189,2.0,0.029717982203456863,0,0.7083761692047119,0.9931599999998014,0.9999799999998,0.01909545622766018
"mobilenetv2_x0_5-reg:4,lamb:0.1",4,0.1,cifar10_mobilenetv2_x0_5,1402.041008009,199,1743482976.01838,{'runtime': 1402},0.28355246782302856,0.0539744645357132,0.00539744645357132,0.04189235717058182,0.10000000149011612,0.2775519042047627,0,0.250336617231369,0.9260999999990738,0.997899999999002,1.314070224761963,0.019278250634670258,0.000672066817060113,6.72066817060113e-05,0.008499637246131897,0.10000000149011612,0.019398629975617827,0,0.7184613347053528,0.9955399999998008,0.9999999999998,0.014294223859906197
"mobilenetv2_x0_5-reg:4,lamb:0.5",4,0.5,cifar10_mobilenetv2_x0_5,1413.843579628,199,1743483037.136664,{'runtime': 1413},0.28868627548217773,0.1489577293395996,0.0744788646697998,0.041732992976903915,0.5,0.2822463348267927,0,0.2641746401786804,0.920899999999079,0.9975999999990024,1.212613821029663,0.023572999984025955,0.0028839893639087677,0.001441994681954384,0.01150880753993988,0.5,0.023714766370785272,0,0.3051067292690277,0.9947599999998012,0.9999999999998,0.01413564756512642
"mobilenetv2_x0_5-reg:4,lamb:1.0",4,1.0,cifar10_mobilenetv2_x0_5,1427.428299017,199,1743483108.2155972,{'runtime': 1427},0.28360798954963684,0.1898007690906525,0.1898007690906525,0.03866703808307648,1.0,0.2772039713110669,0,0.2910807728767395,0.9225999999990774,0.9969999999990028,1.193580985069275,0.02763834223151207,0.0062178634107112885,0.0062178634107112885,0.012299489229917526,1.0,0.027732208664349545,0,0.27769964933395386,0.9931999999998016,0.9999999999998,0.018728984519839287
"mobilenetv2_x0_5-reg:3,lamb:0.1",3,0.1,cifar10_mobilenetv2_x0_5,1437.961588805,199,1743483280.0849848,{'runtime': 1438},0.43437474966049194,0.03715984523296356,0.003715984523296356,0.010680430568754671,0.10000000149011612,0.42846170578616266,0,0.03781050443649292,0.8503999999991495,0.993999999999006,0.8175482153892517,0.3870375752449035,0.02625308930873871,0.002625308930873871,0.02003033831715584,0.10000000149011612,0.3873267108186828,0,0.04933306574821472,0.8657199999998269,0.9957399999998008,0.5670573711395264
"mobilenetv2_x0_5-reg:3,lamb:2.0",3,2.0,cifar10_mobilenetv2_x0_5,1393.980859282,199,1743483264.20484,{'runtime': 1394},0.28867095708847046,0.1880602240562439,0.3761204481124878,0.01586831919848919,2.0,0.2855057864667476,0,0.18633213639259336,0.9005999999990993,0.997899999999002,0.6683201193809509,0.17096468806266785,0.08517739176750183,0.17035478353500366,0.026441417634487152,2.0,0.1709755925488457,0,0.19766852259635925,0.9434999999998114,0.9993399999998002,0.21735933423042297
"mobilenetv2_x0_5-reg:3,lamb:0.001",3,0.001,cifar10_mobilenetv2_x0_5,1525.268372261,199,1743483657.090628,{'runtime': 1525},0.5437581539154053,0.00016385455091949552,1.638545654714108e-07,0.021762080490589145,0.0010000000474974513,0.5387430323803633,0,0.19230768084526065,0.8130999999991868,0.9907999999990093,1.034420132637024,0.5100225210189819,0.0007604830316267908,7.604830898344517e-07,0.0065612830221652985,0.0010000000474974513,0.5104264227451003,0,0.029846876859664917,0.8218599999998357,0.9920199999998016,0.7915451526641846
"repvgg_a0-reg:8,lamb:0.5",8,0.5,cifar10_repvgg_a0,2741.532050247,199,1743485352.1730812,{'runtime': 2741},0.2649426758289337,0.15550091862678528,0.07775045931339264,0.0386294350028038,0.5,0.27154729210502193,0,0.26037055253982544,0.9382999999990616,0.997999999999002,1.4623892307281494,0.0050323884934186935,0.004920797888189554,35.90735626220703,0.0034651465248316526,7297.0595703125,0.005050535672870608,0,0.6002802848815918,0.9993799999998002,0.9999999999998,0.0020766144152730703
"repvgg_a0-reg:8,lamb:2.0",8,2.0,cifar10_repvgg_a0,2755.540520681,199,1743485371.2981343,{'runtime': 2755},0.2755938470363617,0.2309161126613617,0.4618322253227234,0.038543201982975006,2.0,0.27793140851463505,0,0.23661327362060547,0.9357999999990642,0.9975999999990024,1.577600598335266,0.005898673553019762,0.005878122057765722,587.7919921875,0.0034553701989352703,99996.5625,0.005905134353024514,0,0.3888639509677887,0.9987999999998004,0.9999999999998,0.003010248299688101
"repvgg_a0-reg:8,lamb:1.0",8,1.0,cifar10_repvgg_a0,2757.405569026,199,1743485393.129557,{'runtime': 2757},0.2674894332885742,0.1946239471435547,0.1946239471435547,0.03759300708770752,1.0,0.2684067650958431,0,0.2217380404472351,0.9370999999990628,0.9981999999990018,1.42509925365448,0.005390406586229801,0.005351647734642029,205.77322387695312,0.003438258543610573,38450.44140625,0.0054125375900393015,0,0.3847366869449615,0.9991199999998004,0.9999999999998,0.0023499561939388514
"repvgg_a0-reg:8,lamb:0.001",8,0.001,cifar10_repvgg_a0,2755.47096915,199,1743485395.880129,{'runtime': 2755},0.29994502663612366,0.0004913308657705784,4.913308657705784e-07,0.026272054761648175,0.0010000000474974513,0.305201848892563,0,0.09650176763534546,0.8994999999991005,0.9981999999990018,0.7706589102745056,0.17076432704925537,0.011278209276497364,0.0010813325643539429,0.016675706952810287,0.09587803483009338,0.17077498479198092,0,0.16481776535511017,0.9416399999998116,0.9987599999998004,0.255499005317688
"repvgg_a0-reg:8,lamb:0.01",8,0.01,cifar10_repvgg_a0,2758.909494163,199,1743485405.33402,{'runtime': 2759},0.2516348659992218,0.0038702739402651782,3.870273940265179e-05,0.028154289349913597,0.009999999776482582,0.24990345605920725,0,0.15850205719470978,0.9190999999990808,0.9986999999990012,0.7905605435371399,0.07612401247024536,0.02050672471523285,0.015164770185947418,0.016978690400719643,0.7395023107528687,0.07625221846502259,0,0.1225072145462036,0.9756799999998048,0.9997999999998,0.08609255403280258
"repvgg_a0-reg:8,lamb:0.1",8,0.1,cifar10_repvgg_a0,2754.919129744,199,1743485423.509941,{'runtime': 2755},0.2813047170639038,0.06253184378147125,0.006253184750676155,0.03934908285737038,0.10000000149011612,0.284197428378939,0,0.2846127152442932,0.9333999999990664,0.9976999999990024,1.5936585664749146,0.00905732624232769,0.007977831177413464,1.3785560131072998,0.004861744586378336,172.79833984375,0.00907087862464334,0,0.3023037016391754,0.9982399999998004,0.9999999999998,0.005390709266066551
"mobilenetv2_x0_75-reg:3,lamb:0.01",3,0.01,cifar10_mobilenetv2_x0_75,1767.807852537,199,1743484681.266377,{'runtime': 1767},0.4518672823905945,0.004403293132781982,4.4032931327819824e-05,0.015768736600875854,0.009999999776482582,0.44571970503810143,0,0.1877737045288086,0.8454999999991545,0.9936999999990064,0.8891907930374146,0.4127295017242432,0.00331709161400795,3.31709161400795e-05,0.010637491941452026,0.009999999776482582,0.412706291472048,0,0.07263042777776718,0.8579399999998285,0.9944199999998012,0.6661703586578369
"mobilenetv2_x0_75-reg:3,lamb:0.5",3,0.5,cifar10_mobilenetv2_x0_75,1771.256362792,199,1743484699.135259,{'runtime': 1771},0.32934001088142395,0.1075764000415802,0.0537882000207901,0.006509894505143166,0.5,0.32501539281825936,0,0.027590274810791016,0.8892999999991106,0.996899999999003,0.6709352731704712,0.24182744324207303,0.05735631287097931,0.028678156435489655,0.029278354719281197,0.5,0.24188176313207432,0,0.07999157905578613,0.9185399999998164,0.9988199999998004,0.3196769952774048
mobilenetv2_x0_75-baseline,0,0.1,cifar10_mobilenetv2_x0_75,1758.088381323,199,1743484692.293213,{'runtime': 1758},0.26672786474227905,0.05553672090172768,0.005553672090172768,0.04015875235199928,0.10000000149011612,0.27256662242750956,0,0.22559505701065063,0.9347999999990652,0.9980999999990018,1.3716140985488892,0.006101403385400772,0.00016954843886196613,1.6954843886196613e-05,0.0034220616798847914,0.10000000149011612,0.006096173657211488,0,0.1511710286140442,0.9989799999998002,0.9999999999998,0.003656972665339708
"mobilenetv2_x0_75-reg:4,lamb:0.1",4,0.1,cifar10_mobilenetv2_x0_75,1768.70283627,199,1743484752.4242787,{'runtime': 1768},0.25540733337402344,0.05173111334443092,0.005173111334443092,0.03600204735994339,0.10000000149011612,0.25023967170419803,0,0.2366651296615601,0.9367999999990632,0.9983999999990016,1.2676130533218384,0.00790291279554367,0.00022583408281207085,2.2583408281207085e-05,0.004160833079367876,0.10000000149011612,0.007908099876997495,0,0.2143101692199707,0.9984399999998004,0.9999999999998,0.004837417975068092
"mobilenetv2_x0_75-reg:4,lamb:2.0",4,2.0,cifar10_mobilenetv2_x0_75,1770.528570681,199,1743484755.3902087,{'runtime': 1770},0.2538140118122101,0.2047598659992218,0.4095197319984436,0.035909704864025116,2.0,0.2535923435650084,0,0.2907644510269165,0.9331999999990668,0.9976999999990024,1.228031039237976,0.010959966108202934,0.002776486799120903,0.005552973598241806,0.006561466958373785,2.0,0.010989860013250856,0,0.35714539885520935,0.9979999999998004,0.9999999999998,0.004891463555395603
"mobilenetv2_x0_75-reg:3,lamb:1.0",3,1.0,cifar10_mobilenetv2_x0_75,1784.792520506,199,1743484784.4389205,{'runtime': 1784},0.30900901556015015,0.1513943076133728,0.1513943076133728,0.007528088055551052,1.0,0.3048679079098279,0,0.16688275337219238,0.8955999999991043,0.9973999999990024,0.6646690964698792,0.2107073962688446,0.07579109072685242,0.07579109072685242,0.029160134494304657,1.0,0.2108763026308103,0,0.17711728811264038,0.929499999999814,0.9992799999998002,0.2693951725959778
"mobilenetv2_x0_75-reg:4,lamb:0.5",4,0.5,cifar10_mobilenetv2_x0_75,1779.508114002,199,1743484834.5295255,{'runtime': 1779},0.25269651412963867,0.13486623764038086,0.06743311882019043,0.03668126463890076,0.5,0.2515258838725104,0,0.21838068962097168,0.9331999999990668,0.9981999999990018,1.147902250289917,0.010952899232506752,0.001118609681725502,0.000559304840862751,0.006504787597805262,0.5,0.011041576307112246,0,0.19734138250350952,0.9981399999998004,0.9999999999998,0.005610275082290173
"mobilenetv2_x0_75-reg:4,lamb:1.0",4,1.0,cifar10_mobilenetv2_x0_75,1790.47510646,199,1743484909.4051003,{'runtime': 1790},0.26516127586364746,0.1868035793304443,0.1868035793304443,0.03964809328317642,1.0,0.269363921440852,0,0.2457568645477295,0.9321999999990678,0.9982999999990017,1.2750624418258667,0.01036748569458723,0.0016652075573801994,0.0016652075573801994,0.006326443515717983,1.0,0.01040273594583661,0,0.3872378170490265,0.9983199999998004,0.9999999999998,0.004614032339304686
"mobilenetv2_x0_75-reg:3,lamb:2.0",3,2.0,cifar10_mobilenetv2_x0_75,1763.756874756,199,1743485039.71507,{'runtime': 1763},0.27919983863830566,0.19369769096374512,0.38739538192749023,0.023747537285089493,2.0,0.2761587853784386,0,0.0949610471725464,0.9084999999990916,0.997899999999002,0.7722358107566833,0.12439748644828796,0.05949804186820984,0.11899608373641968,0.023346705362200737,2.0,0.12437880122209467,0,0.2105322778224945,0.9591199999998082,0.9996799999998002,0.1459813117980957
"mobilenetv2_x0_75-reg:3,lamb:0.1",3,0.1,cifar10_mobilenetv2_x0_75,1799.716243813,199,1743485090.772387,{'runtime': 1799},0.4060295522212982,0.03527916967868805,0.003527916967868805,0.009524991735816002,0.10000000149011612,0.3994856434806845,0,0.18986402451992035,0.8600999999991399,0.994899999999005,0.7786339521408081,0.3578619062900543,0.024428777396678925,0.0024428777396678925,0.021182850003242493,0.10000000149011612,0.35781033472138074,0,0.1831793189048767,0.8766399999998247,0.9964599999998008,0.5286434292793274
"repvgg_a2-reg:4,lamb:0.01",4,0.01,cifar10_repvgg_a2,3793.799744996,199,1743487308.3367774,{'runtime': 3794},0.2137182354927063,0.005531124770641327,5.531124770641327e-05,0.0322677344083786,0.009999999776482582,0.21000739405269417,0,0.26136428117752075,0.9489999999990508,0.9984999999990014,1.1322236061096191,0.0010895254090428352,-5.4883821576368064e-05,-5.488382157636806e-07,0.000793465762399137,0.009999999776482582,0.0010894125271080255,0,0.5034635663032532,0.9999599999998,0.9999999999998,6.481896707555279e-05
"mobilenetv2_x0_75-reg:3,lamb:0.001",3,0.001,cifar10_mobilenetv2_x0_75,1918.831110347,199,1743485586.9808693,{'runtime': 1919},0.5759168863296509,0.0008513451903127134,8.513452485203743e-07,0.017871905118227005,0.0010000000474974513,0.5689510843225507,0,0.19499298930168152,0.8004999999991994,0.9894999999990104,1.019789218902588,0.5399161577224731,0.00013655517250299454,1.3655517250299456e-07,0.010958408936858175,0.0010000000474974513,0.5397223525842384,0,0.12063877284526824,0.8115599999998377,0.9913199999998018,0.8059773445129395
"mobilenetv2_x0_5-reg:4,lamb:0.001",4,0.001,cifar10_mobilenetv2_x0_5,1481.64337185,199,1743485796.4158998,{'runtime': 1481},0.2745252251625061,0.0008206697530113161,8.20669811218977e-07,0.0381612665951252,0.0010000000474974513,0.26866640707280526,0,0.729012668132782,0.9314999999990684,0.997999999999002,1.3442153930664062,0.016146712005138397,-6.575100996997207e-05,-6.575100996997207e-08,0.006764927878975868,0.0010000000474974513,0.016157072229075732,0,0.2762884199619293,0.9960799999998008,0.9999999999998,0.011952726170420648
"mobilenetv2_x1_0-reg:3,lamb:0.01",3,0.01,cifar10_mobilenetv2_x1_0,1980.029756117,199,1743486673.4196315,{'runtime': 1980},0.4356004297733307,0.0043489038944244385,4.3489038944244385e-05,0.01959213986992836,0.009999999776482582,0.4471598117425725,0,0.18236947059631348,0.84989999999915,0.9935999999990064,0.8756614327430725,0.3904859125614166,0.0031033996492624283,3.103399649262428e-05,0.013176591135561466,0.009999999776482582,0.3908167174076644,0,0.042504265904426575,0.8659399999998268,0.995299999999801,0.6298441886901855
mobilenetv2_x1_0-baseline,0,0.1,cifar10_mobilenetv2_x1_0,1972.879271966,199,1743486682.9252057,{'runtime': 1973},0.2418358623981476,0.04946067929267883,0.004946067929267883,0.03651230409741402,0.10000000149011612,0.2572946909171836,0,0.2934010326862335,0.9404999999990594,0.997999999999002,1.2119117975234983,0.004145724233239889,0.00012121861800551414,1.2121861800551414e-05,0.0023575695231556892,0.10000000149011612,0.0042600062321978835,0,0.6211761236190796,0.9992799999998002,0.9999999999998,0.002776832552626729
"mobilenetv2_x1_0-reg:3,lamb:0.5",3,0.5,cifar10_mobilenetv2_x1_0,1985.232294847,199,1743486694.631998,{'runtime': 1985},0.2995249032974243,0.10289061069488524,0.05144530534744263,0.01324017345905304,0.5,0.30999419606922807,0,0.11485296487808228,0.9000999999990998,0.996899999999003,0.6644319891929626,0.19525784254074097,0.04448002576828003,0.022240012884140015,0.029322374612092972,0.5,0.19568628885222009,0,0.19033248722553253,0.935159999999813,0.9991199999998004,0.24636568129062653
"mobilenetv2_x1_0-reg:4,lamb:0.1",4,0.1,cifar10_mobilenetv2_x1_0,1982.089212337,199,1743486743.5497224,{'runtime': 1982},0.23869310319423676,0.04943646490573883,0.004943646490573883,0.03658941388130188,0.10000000149011612,0.2527683622503169,0,0.23448237776756287,0.9401999999990596,0.9984999999990014,1.2297712564468384,0.0042212302796542645,9.182054782286286e-05,9.182054782286286e-06,0.002706719096750021,0.10000000149011612,0.004234327085703603,0,0.5394511222839355,0.9994599999998002,0.9999999999998,0.001955614658072591
"mobilenetv2_x1_0-reg:4,lamb:2.0",4,2.0,cifar10_mobilenetv2_x1_0,1983.791314666,199,1743486756.136443,{'runtime': 1983},0.24400250613689425,0.19793479144573212,0.39586958289146423,0.03578907623887062,2.0,0.2512971106288423,0,0.20786720514297485,0.9373999999990624,0.997999999999002,1.1729589700698853,0.007375904358923435,0.0017835581675171852,0.0035671163350343704,0.004580277483910322,2.0,0.007488515858431977,0,0.7010376453399658,0.9988399999998004,0.9999999999998,0.0033140508458018303
"mobilenetv2_x1_0-reg:3,lamb:1.0",3,1.0,cifar10_mobilenetv2_x1_0,1996.491903409,199,1743486789.8462307,{'runtime': 1996},0.2850126028060913,0.14390313625335693,0.14390313625335693,0.012245966121554376,1.0,0.2873110189315635,0,0.16709768772125244,0.9041999999990956,0.9974999999990024,0.6465177536010742,0.16316775977611542,0.056412503123283386,0.056412503123283386,0.02650545910000801,1.0,0.16347475504923034,0,0.10522866249084473,0.945399999999811,0.9994999999998,0.1975727677345276
"mobilenetv2_x1_0-reg:4,lamb:0.5",4,0.5,cifar10_mobilenetv2_x1_0,1991.820048002,199,1743486834.936371,{'runtime': 1991},0.24924930930137632,0.14075550436973572,0.07037775218486786,0.03572207689285278,0.5,0.26182987199138436,0,0.278677374124527,0.9384999999990614,0.997899999999002,1.274982213973999,0.005826777778565884,0.0005071824416518211,0.00025359122082591057,0.003771034302189946,0.5,0.0058737760442353305,0,0.3211439251899719,0.9992199999998004,0.9999999999998,0.0025536632165312767
"mobilenetv2_x1_0-reg:4,lamb:1.0",4,1.0,cifar10_mobilenetv2_x1_0,2001.246760688,199,1743486918.4297905,{'runtime': 2001},0.2576170265674591,0.185367614030838,0.185367614030838,0.03735288232564926,1.0,0.27373419061910365,0,0.26381802558898926,0.9367999999990632,0.9981999999990018,1.3279123306274414,0.0067018866539001465,0.0010971426963806152,0.0010971426963806152,0.003967869561165571,1.0,0.006717262381810704,0,0.20019841194152832,0.9989199999998004,0.9999999999998,0.0033438801765441895
"mobilenetv2_x1_0-reg:3,lamb:2.0",3,2.0,cifar10_mobilenetv2_x1_0,1975.261059452,199,1743487023.7913857,{'runtime': 1975},0.2809484601020813,0.1975687146186829,0.3951374292373657,0.027082566171884537,2.0,0.27960975423915574,0,0.265723317861557,0.9084999999990916,0.9974999999990024,0.79244464635849,0.10925064980983734,0.05060540139675141,0.1012108027935028,0.02261519804596901,2.0,0.10954833505306344,0,0.11053067445755003,0.9642999999998072,0.9997999999998,0.1199028417468071
"mobilenetv2_x1_0-reg:3,lamb:0.1",3,0.1,cifar10_mobilenetv2_x1_0,2006.214496023,199,1743487107.0252063,{'runtime': 2006},0.38437479734420776,0.03393765538930893,0.003393765538930893,0.013166076503694056,0.10000000149011612,0.3933510816603998,0,0.18287985026836395,0.864899999999135,0.9971999999990028,0.7506167888641357,0.3331729471683502,0.023257434368133545,0.0023257434368133545,0.020228013396263123,0.10000000149011612,0.3335816692770848,0,0.05100417137145996,0.885499999999823,0.9967399999998008,0.5046743154525757
"repvgg_a1-reg:8,lamb:0.5",8,0.5,cifar10_repvgg_a1,3126.491134028,199,1743488488.5568032,{'runtime': 3126},0.2547340393066406,0.1515941619873047,0.07579708099365234,0.03773185610771179,0.5,0.25202166599440246,0,0.31681013107299805,0.93999999999906,0.997899999999002,1.439939260482788,0.0036086062900722022,0.003474863013252616,23.50916862487793,0.00218435563147068,6765.4951171875,0.0036091676623885823,0,0.26457566022872925,0.9993599999998002,0.9999799999998,0.002282345201820135
"repvgg_a1-reg:8,lamb:2.0",8,2.0,cifar10_repvgg_a1,3146.775025916,199,1743488528.935824,{'runtime': 3146},0.23944854736328125,0.19752931594848633,0.39505863189697266,0.03454963490366936,2.0,0.24907483768941785,0,0.20775610208511353,0.940899999999059,0.9981999999990018,1.2460812330245972,0.003910760395228863,0.0038890584837645297,388.89703369140625,0.002760251984000206,99997.734375,0.00391052193962499,0,0.6631225347518921,0.9995199999998,0.9999999999998,0.0012550675310194492
"repvgg_a1-reg:8,lamb:1.0",8,1.0,cifar10_repvgg_a1,3151.383783294,199,1743488553.4843795,{'runtime': 3151},0.2599719762802124,0.19133508205413816,0.19133508205413816,0.037242621183395386,1.0,0.26686731551621423,0,0.2992868721485138,0.9389999999990608,0.9982999999990017,1.4738335609436035,0.00367265404202044,0.003617167240008712,102.77011108398438,0.002378990175202489,28411.765625,0.003669689229278982,0,0.21156591176986697,0.9994999999998,0.9999999999998,0.001651603146456182
"repvgg_a1-reg:8,lamb:0.001",8,0.001,cifar10_repvgg_a1,3143.553509889,199,1743488551.4377482,{'runtime': 3143},0.2553183138370514,0.0006872577941976488,6.872578524053097e-07,0.02448301762342453,0.0010000000474974513,0.2587063401290719,0,0.1187833845615387,0.912899999999087,0.9984999999990014,0.6802570819854736,0.12884654104709625,0.009821456857025623,0.001139084808528423,0.014781603589653969,0.11597920954227448,0.12898286446575008,0,0.2282789647579193,0.9563799999998088,0.9995799999998002,0.18636542558670044
"repvgg_a1-reg:8,lamb:0.01",8,0.01,cifar10_repvgg_a1,3142.845368522,199,1743488556.6562488,{'runtime': 3143},0.24575042724609375,0.00418471172451973,4.1847117245197296e-05,0.030314680188894272,0.009999999776482582,0.24166902297653953,0,0.12090170383453368,0.9235999999990764,0.997899999999002,0.8456569910049438,0.0530579537153244,0.01593046635389328,0.016388773918151855,0.014531007036566734,1.0287692546844482,0.053262189788193144,0,0.28415149450302124,0.9835999999998032,0.9999199999998,0.05134092643857002
"repvgg_a1-reg:8,lamb:0.1",8,0.1,cifar10_repvgg_a1,3152.342811965,199,1743488585.4981952,{'runtime': 3152},0.2483217716217041,0.051397569477558136,0.005139756947755814,0.03592377528548241,0.10000000149011612,0.25096306869074014,0,0.2220640778541565,0.937999999999062,0.9976999999990024,1.2780601978302002,0.005373358726501465,0.004704921040683985,1.3678486347198486,0.003443810855969786,290.72723388671875,0.005410457956827539,0,0.3552771806716919,0.9991599999998002,0.9999999999998,0.002379674930125475
"mobilenetv2_x1_0-reg:3,lamb:0.001",3,0.001,cifar10_mobilenetv2_x1_0,2497.619105831,199,1743488095.6022902,{'runtime': 2497},0.4677103757858277,0.00041007294203154743,4.100729711353779e-07,0.014205854386091232,0.0010000000474974513,0.4741762219674087,0,0.18522006273269653,0.841899999999158,0.9930999999990068,0.8963255882263184,0.43057671189308167,0.0004696193791460246,4.696194082498551e-07,0.010708853602409365,0.0010000000474974513,0.430983809618224,0,0.1904435157775879,0.85027999999983,0.9946399999998012,0.6886675357818604
"mobilenetv2_x0_75-reg:4,lamb:0.001",4,0.001,cifar10_mobilenetv2_x0_75,1889.324130081,199,1743487695.6760695,{'runtime': 1889},0.25156423449516296,0.0007478810730390251,7.47881131246686e-07,0.037012729793787,0.0010000000474974513,0.24762897652902416,0,0.2662632167339325,0.9377999999990622,0.9984999999990014,1.280765175819397,0.005481963511556387,-0.00024008203763514757,-2.400820449111052e-07,0.0033911566715687513,0.0010000000474974513,0.005504486328945476,0,0.19257742166519165,0.9991199999998004,0.9999999999998,0.002763687865808606
"mobilenetv2_x1_4-reg:3,lamb:0.01",3,0.01,cifar10_mobilenetv2_x1_4,2617.704665685,199,1743489300.849573,{'runtime': 2617},0.4140804708003998,0.004382012411952019,4.382012411952019e-05,0.01891927421092987,0.009999999776482582,0.4159565701040835,0,0.058002471923828125,0.8600999999991399,0.9955999999990044,0.8965520262718201,0.3610265851020813,0.0029218848794698715,2.9218848794698715e-05,0.011156849563121796,0.009999999776482582,0.36171107418054066,0,0.029901444911956787,0.875119999999825,0.9958999999998008,0.5912129282951355
mobilenetv2_x1_4-baseline,0,0.1,cifar10_mobilenetv2_x1_4,2611.972036221,199,1743489303.6643505,{'runtime': 2612},0.2319517582654953,0.04643348976969719,0.004643348976969719,0.03586442023515701,0.10000000149011612,0.2266060125738577,0,0.2833463251590729,0.9414999999990584,0.9986999999990012,1.1333372592926023,0.0023338114842772484,2.5919434847310185e-05,2.5919434847310185e-06,0.001800749218091369,0.10000000149011612,0.0023803049331974813,0,0.3432813286781311,0.9998599999998,0.9999999999998,0.0004680324636865407
"mobilenetv2_x1_4-reg:3,lamb:0.5",3,0.5,cifar10_mobilenetv2_x1_4,2620.603568483,199,1743489324.9882834,{'runtime': 2620},0.30147024989128113,0.09977385401725768,0.049886927008628845,0.010185232385993004,0.5,0.3015721152713963,0,0.06350576877593994,0.8960999999991038,0.9970999999990028,0.6281641721725464,0.2059859484434128,0.04780380427837372,0.02390190213918686,0.027574332430958748,0.5,0.206058759003704,0,0.8118356466293335,0.930439999999814,0.9988599999998002,0.2648891508579254
"mobilenetv2_x1_4-reg:4,lamb:0.1",4,0.1,cifar10_mobilenetv2_x1_4,2616.660476732,199,1743489376.9037333,{'runtime': 2616},0.23307928442955017,0.04820952191948891,0.004820952191948891,0.03278040513396263,0.10000000149011612,0.2276927981014635,0,0.2050995826721191,0.9435999999990564,0.9982999999990017,1.1875028610229492,0.0029973338823765516,4.0943268686532974e-05,4.0943268686532974e-06,0.0021812303457409143,0.10000000149011612,0.003021266766223027,0,0.2788783311843872,0.9996799999998002,0.9999999999998,0.000833135680295527
"mobilenetv2_x1_4-reg:4,lamb:2.0",4,2.0,cifar10_mobilenetv2_x1_4,2623.21732821,199,1743489391.037879,{'runtime': 2623},0.2252107858657837,0.1817871332168579,0.3635742664337158,0.03091719001531601,2.0,0.22083488501675436,0,0.2952377200126648,0.9411999999990588,0.9982999999990017,1.063483715057373,0.006026969291269779,0.0012571671977639198,0.0025143343955278397,0.004182998090982437,2.0,0.006069497893995991,0,0.6456250548362732,0.9993199999998,0.9999999999998,0.002325337613001466
"mobilenetv2_x1_4-reg:3,lamb:1.0",3,1.0,cifar10_mobilenetv2_x1_4,2629.891337353,199,1743489429.307969,{'runtime': 2630},0.27443090081214905,0.14256063103675842,0.14256063103675842,0.014702333137392998,1.0,0.27129682817233197,0,0.12928806245326996,0.9082999999990916,0.9980999999990018,0.662828803062439,0.1442606896162033,0.05030755698680878,0.05030755698680878,0.023959815502166748,1.0,0.14477324104908507,0,0.08938002586364746,0.9522199999998096,0.9994399999998002,0.17813126742839813
"mobilenetv2_x1_4-reg:4,lamb:0.5",4,0.5,cifar10_mobilenetv2_x1_4,2630.083573396,199,1743489474.893544,{'runtime': 2630},0.23499996960163116,0.12731678783893585,0.06365839391946793,0.034253839403390884,0.5,0.22972554088414973,0,0.28871893882751465,0.937899999999062,0.997999999999002,1.1210490465164185,0.005204715766012669,0.0002952003851532936,0.0001476001925766468,0.004070091061294079,0.5,0.005221464442849154,0,0.3429141044616699,0.9995999999998,0.9999999999998,0.0013891019625589252
"mobilenetv2_x1_4-reg:4,lamb:1.0",4,1.0,cifar10_mobilenetv2_x1_4,2639.63249119,199,1743489568.948491,{'runtime': 2639},0.24394501745700836,0.170554056763649,0.170554056763649,0.03459588810801506,1.0,0.23832530992666728,0,0.26127591729164124,0.9375999999990624,0.997999999999002,1.158192157745361,0.00575975701212883,0.0007195882499217987,0.0007195882499217987,0.004300995264202356,1.0,0.005771914437921758,0,0.34369951486587524,0.9995599999998002,0.9999999999998,0.002170730382204056
"mobilenetv2_x1_4-reg:3,lamb:2.0",3,2.0,cifar10_mobilenetv2_x1_4,2611.547960548,199,1743489652.2926252,{'runtime': 2611},0.27333036065101624,0.19626346230506897,0.39252692461013794,0.028190620243549347,2.0,0.26806815520677807,0,0.1497674584388733,0.9136999999990862,0.996899999999003,0.8343017101287842,0.0908195823431015,0.04257224500179291,0.08514449000358582,0.01849125139415264,2.0,0.09102268605883904,0,0.10773986577987672,0.970479999999806,0.9998599999998,0.10492736101150511
"mobilenetv2_x1_4-reg:3,lamb:0.1",3,0.1,cifar10_mobilenetv2_x1_4,2632.990893041,199,1743489751.9819908,{'runtime': 2633},0.3642573058605194,0.03235958516597748,0.003235958516597748,0.011708643287420273,0.10000000149011612,0.364489676712228,0,0.08557483553886414,0.8772999999991227,0.9963999999990036,0.7132067084312439,0.3108782172203064,0.021609719842672348,0.002160971984267235,0.0196244977414608,0.10000000149011612,0.3114300371578003,0,0.0729268491268158,0.8931599999998214,0.9968999999998008,0.46888065338134766
"mobilenetv2_x0_5-reg:4,lamb:0.01",4,0.01,cifar10_mobilenetv2_x0_5,2028.680690067,199,1743489349.718714,{'runtime': 2028},0.27716943621635437,0.006421282887458801,6.421282887458801e-05,0.03927485644817352,0.009999999776482582,0.2712371471591204,0,0.2691124975681305,0.927899999999072,0.9980999999990018,1.3161135911941528,0.01574643701314926,1.0809162631630898e-05,1.0809162631630901e-07,0.007197526283562183,0.009999999776482582,0.015875151482246996,0,0.302948921918869,0.9964399999998008,0.9999999999998,0.0109744630753994
"mobilenetv2_x1_0-reg:4,lamb:0.001",4,0.001,cifar10_mobilenetv2_x1_0,2281.903981273,199,1743489995.8595257,{'runtime': 2282},0.23991307616233823,0.000540821929462254,5.40821929462254e-07,0.03697587922215462,0.0010000000474974513,0.2592100565605041,0,0.29727035760879517,0.9412999999990588,0.9987999999990012,1.2172132730484009,0.00420747697353363,0.0003927798243239522,3.927798388758674e-07,0.002483560238033533,0.0010000000474974513,0.004243413327111828,0,0.18645042181015015,0.9993199999998,0.9999999999998,0.0020191329531371593
"mobilenetv2_x1_4-reg:3,lamb:0.001",3,0.001,cifar10_mobilenetv2_x1_4,2943.663394761,199,1743491056.136031,{'runtime': 2943},0.5029576420783997,0.0003713648475240916,3.713648766279221e-07,0.013828742317855358,0.0010000000474974513,0.504170530908427,0,0.19175462424755096,0.8271999999991727,0.9926999999990072,0.9249836802482604,0.4682130217552185,-4.109460496692918e-05,-4.1094608604908e-08,0.011972444131970406,0.0010000000474974513,0.4688550666951826,0,0.059995174407958984,0.8378999999998324,0.9934799999998014,0.719488799571991
"repvgg_a2-reg:8,lamb:0.5",8,0.5,cifar10_repvgg_a2,4126.455048452,199,1743492622.9478388,{'runtime': 4126},0.2158018499612808,0.1242605596780777,0.06213027983903885,0.030994940549135208,0.5,0.21083995410558123,0,0.20746320486068728,0.9472999999990528,0.9984999999990014,1.1483482122421265,0.0030160292517393827,0.0028770288918167353,18.646240234375,0.0019920675549656153,6481.0751953125,0.0030175289072276886,0,0.1836531162261963,0.9996199999998,0.9999999999998,0.001120498636737466
"repvgg_a2-reg:8,lamb:2.0",8,2.0,cifar10_repvgg_a2,4126.98707662,199,1743492673.742252,{'runtime': 4127},0.2211521863937378,0.1838449239730835,0.367689847946167,0.03143046423792839,2.0,0.22242919350070145,0,0.16596269607543945,0.9474999999990524,0.9984999999990014,1.194223403930664,0.0027807974256575108,0.00275457464158535,275.4562683105469,0.00193712767213583,99999.5625,0.002785281612744941,0,0.27882128953933716,0.9996799999998002,0.9999999999998,0.0009097473230212928
"repvgg_a2-reg:8,lamb:0.001",8,0.001,cifar10_repvgg_a2,4141.802612789,199,1743492703.0794532,{'runtime': 4142},0.25019529461860657,0.00033262764918617904,3.326276782900095e-07,0.02471141703426838,0.0010000000474974513,0.24534314706375937,0,0.14048203825950625,0.9162999999990836,0.997999999999002,0.7095217704772949,0.10833468288183212,0.008842055685818195,0.0011204537004232409,0.014862457290291786,0.1267186850309372,0.1082292717769262,0,0.8295325040817261,0.9643199999998072,0.9996399999998,0.15546926856040957
"repvgg_a2-reg:8,lamb:1.0",8,1.0,cifar10_repvgg_a2,4137.648788347,199,1743492701.930572,{'runtime': 4137},0.21875712275505063,0.15930888056755066,0.15930888056755066,0.031962987035512924,1.0,0.21364308722011105,0,0.7856073379516602,0.9477999999990522,0.9986999999990012,1.157406449317932,0.002728242427110672,0.0026614239905029535,63.1479606628418,0.0020390283316373825,23727.1328125,0.002738466596967825,0,0.2857741713523865,0.9997199999998,0.9999999999998,0.0006048341747373343
"repvgg_a2-reg:8,lamb:0.01",8,0.01,cifar10_repvgg_a2,4133.531021813,199,1743492701.2271545,{'runtime': 4133},0.23048561811447144,0.004274072125554085,4.274072125554085e-05,0.028555214405059814,0.009999999776482582,0.2257670655282178,0,0.2711543142795563,0.9327999999990672,0.9986999999990012,0.8843459486961365,0.03357445448637009,0.011358169838786123,0.01812005415558815,0.01255718246102333,1.595332145690918,0.03351910068121383,0,0.21245929598808289,0.990939999999802,0.9999799999998,0.027375295758247375
"repvgg_a2-reg:8,lamb:0.1",8,0.1,cifar10_repvgg_a2,4134.752241736,199,1743492729.9728973,{'runtime': 4135},0.2198483794927597,0.046775564551353455,0.0046775564551353455,0.031460199505090714,0.10000000149011612,0.2166680158505576,0,0.21410948038101196,0.944899999999055,0.9983999999990016,1.1826988458633425,0.004164867103099823,0.003574526170268655,1.2485079765319824,0.0027293467428535223,349.279296875,0.0041866343898691386,0,0.19503241777420044,0.9994199999998,0.9999999999998,0.0022368915379047394
"shufflenetv2_x0_5-reg:3,lamb:0.01",3,0.01,cifar10_shufflenetv2_x0_5,1100.691002691,199,1743490418.5235784,{'runtime': 1100},0.5030680894851685,0.004868628457188606,4.868628457188606e-05,0.02024584263563156,0.009999999776482582,0.5000295853854849,0,0.19833140075206757,0.8245999999991753,0.9907999999990093,0.9820621013641356,0.4597243070602417,0.003486499190330506,3.4864991903305054e-05,0.01666858419775963,0.009999999776482582,0.4606106586671369,0,0.19068613648414612,0.8412599999998318,0.9938799999998011,0.6984528303146362
shufflenetv2_x0_5-baseline,0,0.1,cifar10_shufflenetv2_x0_5,1098.618740883,199,1743490419.2294776,{'runtime': 1098},0.3414628803730011,0.059823766350746155,0.0059823766350746155,0.0483379140496254,0.10000000149011612,0.342499601382819,0,0.2207513451576233,0.9031999999990968,0.9960999999990038,1.4480128288269043,0.04799973964691162,0.002232911065220833,0.00022329110652208328,0.013604750856757164,0.10000000149011612,0.048842805226179266,0,0.12395000457763672,0.9857799999998028,0.9999999999998,0.047636426985263824
"shufflenetv2_x0_5-reg:3,lamb:0.5",3,0.5,cifar10_shufflenetv2_x0_5,1122.983668398,199,1743490456.8962946,{'runtime': 1123},0.4181479811668396,0.12785714864730835,0.06392857432365417,0.007218027487397194,0.5,0.41751394782953377,0,0.024929285049438477,0.8540999999991459,0.9944999999990054,0.7734193205833435,0.33429622650146484,0.07591915130615234,0.03795957565307617,0.03706083446741104,0.5,0.3349337989711662,0,0.186632439494133,0.8844999999998232,0.9974599999998006,0.4122257530689239
"mobilenetv2_x0_75-reg:4,lamb:0.01",4,0.01,cifar10_mobilenetv2_x0_75,2184.788414204,199,1743491544.218191,{'runtime': 2184},0.25100716948509216,0.0061989761888980865,6.198976188898087e-05,0.03692052885890007,0.009999999776482582,0.2516654682647847,0,0.26765313744544983,0.937899999999062,0.997999999999002,1.2802255153656006,0.006060040555894375,5.189176590647549e-05,5.189176590647548e-07,0.003573390655219555,0.009999999776482582,0.0060971488255975705,0,0.4062694311141968,0.9990599999998002,0.9999999999998,0.003327437210828066
"shufflenetv2_x0_5-reg:4,lamb:2.0",4,2.0,cifar10_shufflenetv2_x0_5,1120.848587849,199,1743490520.4888086,{'runtime': 1120},0.3519423305988312,0.26775482296943665,0.5355096459388733,0.04540715366601944,2.0,0.3512175965176157,0,0.15032202005386353,0.8962999999991036,0.9964999999990034,1.350723147392273,0.06936585158109665,0.02777229994535446,0.05554459989070892,0.022491272538900375,2.0,0.0696561227193942,0,0.14624908566474917,0.9796799999998042,0.9999999999998,0.05813572555780411
"shufflenetv2_x0_5-reg:4,lamb:0.1",4,0.1,cifar10_shufflenetv2_x0_5,1124.692686796,199,1743490550.93323,{'runtime': 1124},0.33753129839897156,0.05746573209762573,0.005746573209762573,0.048241060227155685,0.10000000149011612,0.3388395293699982,0,0.20035386085510257,0.903799999999096,0.9971999999990028,1.3818250894546509,0.04579559341073036,0.001917034387588501,0.0001917034387588501,0.014760836958885191,0.10000000149011612,0.04610256285988715,0,0.13525307178497314,0.9869599999998028,0.9999999999998,0.040721021592617035
"shufflenetv2_x0_5-reg:3,lamb:1.0",3,1.0,cifar10_shufflenetv2_x0_5,1133.317549273,199,1743490572.2871263,{'runtime': 1133},0.37630072236061096,0.17469683289527893,0.17469683289527893,0.006963035091757774,1.0,0.3739946982819648,0,0.105391725897789,0.8707999999991292,0.9949999999990048,0.7294706106185913,0.2781164050102234,0.09688490629196168,0.09688490629196168,0.03947398439049721,1.0,0.27853714992600714,0,0.8230209350585938,0.9063399999998188,0.9982399999998004,0.3326457738876343
"shufflenetv2_x0_5-reg:4,lamb:0.5",4,0.5,cifar10_shufflenetv2_x0_5,1133.735188741,199,1743490626.471173,{'runtime': 1133},0.33212462067604065,0.16088667511940002,0.08044333755970001,0.04151110351085663,0.5,0.33884540713302963,0,0.2869175672531128,0.9051999999990948,0.995899999999004,1.284385323524475,0.0576828196644783,0.00928003340959549,0.004640016704797745,0.019419319927692413,0.5,0.05794994202051771,0,0.14036786556243896,0.9834799999998034,0.9999999999998,0.04749899357557297
"shufflenetv2_x0_5-reg:4,lamb:1.0",4,1.0,cifar10_shufflenetv2_x0_5,1133.268100174,199,1743490720.1115594,{'runtime': 1133},0.3551393449306488,0.23098048567771912,0.23098048567771912,0.047899071127176285,1.0,0.3592021035995124,0,0.15144109725952148,0.8993999999991005,0.9974999999990024,1.390222430229187,0.051391541957855225,0.013215959072113035,0.013215959072113035,0.018444765359163284,1.0,0.05170858777529571,0,0.7277141213417053,0.9858399999998028,0.9999999999998,0.0405704490840435
"shufflenetv2_x0_5-reg:3,lamb:2.0",3,2.0,cifar10_shufflenetv2_x0_5,1087.302208154,199,1743490756.5950367,{'runtime': 1087},0.3495374917984009,0.22502577304840088,0.45005154609680176,0.016283145174384117,2.0,0.35174285164622565,0,0.1696104258298874,0.8795999999991203,0.995899999999004,0.784898042678833,0.21230512857437137,0.1036434769630432,0.20728695392608645,0.034163445234298706,2.0,0.21330158198494503,0,0.09936368465423584,0.9293399999998142,0.9990599999998002,0.25534170866012573
"shufflenetv2_x0_5-reg:3,lamb:0.1",3,0.1,cifar10_shufflenetv2_x0_5,1170.566506352,199,1743490929.355464,{'runtime': 1170},0.5596987009048462,0.04441902041435242,0.004441902041435242,0.014831848442554474,0.10000000149011612,0.5594120054038558,0,0.037343114614486694,0.8056999999991943,0.9911999999990088,0.9727382659912108,0.5108861923217773,0.0318460538983345,0.0031846053898334503,0.02916296012699604,0.10000000149011612,0.5115110413195475,0,0.14815598726272583,0.8232999999998354,0.9927999999998016,0.6827932000160217
"mobilenetv2_x1_4-reg:4,lamb:0.001",4,0.001,cifar10_mobilenetv2_x1_4,2615.417145007,199,1743492622.152998,{'runtime': 2615},0.22651571035385132,0.0004949106369167566,4.949106369167566e-07,0.033316418528556824,0.0010000000474974513,0.22121701463110396,0,0.24236196279525757,0.9453999999990546,0.9985999999990012,1.1562790870666504,0.0028806431218981743,1.962007263500709e-05,1.9620074453996498e-08,0.0018754805205389855,0.0010000000474974513,0.002910752116544486,0,0.21213364601135257,0.9996599999998002,0.9999999999998,0.00109632418025285
shufflenetv2_x1_0-baseline,0,0.1,cifar10_shufflenetv2_x1_0,1222.416095439,199,1743491650.399114,{'runtime': 1222},0.28610795736312866,0.05824655294418335,0.005824655294418335,0.04104173183441162,0.10000000149011612,0.28224040672577605,0,0.20507705211639404,0.9289999999990708,0.9969999999990028,1.446058988571167,0.005178293213248253,0.00010474584996700288,1.0474584996700289e-05,0.003394931321963668,0.10000000149011612,0.005187308726738671,0,0.7108700275421143,0.9993399999998002,0.9999999999998,0.0022020498290657997
"shufflenetv2_x1_0-reg:3,lamb:0.01",3,0.01,cifar10_shufflenetv2_x1_0,1236.888416221,199,1743491667.1297798,{'runtime': 1236},0.4143978953361511,0.004317937418818474,4.317937418818474e-05,0.021407634019851685,0.009999999776482582,0.4086770291349819,0,0.072398841381073,0.8561999999991438,0.9945999999990052,0.8651853203773499,0.3530982434749603,0.002813665196299553,2.813665196299553e-05,0.01533791795372963,0.009999999776482582,0.3531142904870234,0,0.14964918792247772,0.8789399999998243,0.9961999999998008,0.5612356662750244
"shufflenetv2_x1_0-reg:3,lamb:0.5",3,0.5,cifar10_shufflenetv2_x1_0,1250.749806548,199,1743491716.7536304,{'runtime': 1250},0.3081680238246918,0.10957106947898863,0.05478553473949432,0.01612909510731697,0.5,0.3028791028249045,0,0.07374507188796997,0.8953999999991046,0.9975999999990024,0.7195347547531128,0.1777321994304657,0.03925105929374695,0.01962552964687347,0.027741720899939537,0.5,0.17760048121524208,0,0.1895089894533157,0.939979999999812,0.9992999999998002,0.21419811248779297
"shufflenetv2_x1_0-reg:4,lamb:2.0",4,2.0,cifar10_shufflenetv2_x1_0,1249.026240078,199,1743491786.468034,{'runtime': 1249},0.3264143466949463,0.26940274238586426,0.5388054847717285,0.0443267896771431,2.0,0.32945903680432725,0,0.26842859387397766,0.921999999999078,0.9960999999990038,1.694007396697998,0.008548754267394543,0.0018758950755000112,0.003751790151000023,0.005933764390647411,2.0,0.008553700569856281,0,0.6008758544921875,0.9990199999998004,0.9999999999998,0.003328405087813735
"shufflenetv2_x1_0-reg:4,lamb:0.1",4,0.1,cifar10_shufflenetv2_x1_0,1252.937360661,199,1743491820.8060534,{'runtime': 1253},0.28145700693130493,0.057572443038225174,0.005757244303822517,0.041170500218868256,0.10000000149011612,0.2780775918861424,0,0.2732580602169037,0.9311999999990688,0.9974999999990024,1.4169776439666748,0.004491024650633335,6.597605533897877e-05,6.597605533897877e-06,0.003373648039996624,0.10000000149011612,0.004483209874570588,0,0.4215862154960632,0.9996399999998,0.9999999999998,0.0013502432266250253
"shufflenetv2_x1_0-reg:3,lamb:1.0",3,1.0,cifar10_shufflenetv2_x1_0,1263.807886614,199,1743491844.9492638,{'runtime': 1263},0.28821229934692383,0.1545090675354004,0.1545090675354004,0.02100386843085289,1.0,0.2849082983317976,0,0.1444985270500183,0.9030999999990968,0.9972999999990028,0.7524289488792419,0.1323232650756836,0.04244232177734375,0.04244232177734375,0.02806713432073593,1.0,0.132302659652003,0,0.30955538153648376,0.9568999999998088,0.9997999999998,0.14123082160949707
"shufflenetv2_x1_0-reg:4,lamb:0.5",4,0.5,cifar10_shufflenetv2_x1_0,1260.802130479,199,1743491896.239119,{'runtime': 1260},0.2740771770477295,0.14792132377624512,0.07396066188812256,0.04021165519952774,0.5,0.26906127876394836,0,0.2709864377975464,0.9262999999990736,0.997899999999002,1.2933121919631958,0.00698712095618248,0.0005116723477840424,0.0002558361738920212,0.0049834782257676125,0.5,0.0069791654213952285,0,0.30040204524993896,0.9992799999998002,0.9999999999998,0.0024392851628363132
"shufflenetv2_x1_0-reg:4,lamb:1.0",4,1.0,cifar10_shufflenetv2_x1_0,1266.742274389,199,1743491999.1100786,{'runtime': 1266},0.29452598094940186,0.20389831066131592,0.20389831066131592,0.04478481411933899,1.0,0.2876544442501928,0,0.2015865445137024,0.9204999999990794,0.9969999999990028,1.3817187547683716,0.01038242783397436,0.0015351912006735802,0.0015351912006735802,0.006807397119700909,1.0,0.010507349166673103,0,0.34079599380493164,0.9984999999998004,0.9999999999998,0.004274982959032059
"shufflenetv2_x1_0-reg:3,lamb:2.0",3,2.0,cifar10_shufflenetv2_x1_0,1221.100902748,199,1743491994.5289829,{'runtime': 1221},0.2831721007823944,0.2017206847667694,0.4034413695335388,0.03342917934060097,2.0,0.27841598365946046,0,0.14969241619110107,0.9046999999990952,0.9967999999990032,0.8416511416435242,0.08820345997810364,0.039152175188064575,0.07830435037612915,0.022505683824419975,2.0,0.08813667353933353,0,0.1307721734046936,0.9729799999998054,0.9998999999998,0.09028014540672302
"shufflenetv2_x1_0-reg:3,lamb:0.1",3,0.1,cifar10_shufflenetv2_x1_0,1277.204016337,199,1743492218.1648653,{'runtime': 1277},0.385356605052948,0.03603525459766388,0.003603525459766388,0.013779360800981522,0.10000000149011612,0.3847420378557607,0,0.04587686061859131,0.8685999999991313,0.9953999999990044,0.8028167486190796,0.3096688389778137,0.02052435651421547,0.002052435651421547,0.023691635578870773,0.10000000149011612,0.3099347037314157,0,0.1889243870973587,0.8939599999998212,0.9975199999998006,0.44380271434783936
"shufflenetv2_x0_5-reg:3,lamb:0.001",3,0.001,cifar10_shufflenetv2_x0_5,1271.540246116,199,1743492338.3682745,{'runtime': 1271},0.6060038805007935,0.000420724943978712,4.207249730825424e-07,0.026543641462922096,0.0010000000474974513,0.6045218518355162,0,0.30974268913269043,0.7874999999992124,0.9889999999990108,1.128575563430786,0.5541295409202576,4.4819895265391096e-05,4.4819898903369904e-08,0.016070103272795677,0.0010000000474974513,0.5544881595357865,0,0.07522976398468018,0.8057399999998389,0.990659999999802,0.7939403653144836
"mobilenetv2_x1_0-reg:4,lamb:0.01",4,0.01,cifar10_mobilenetv2_x1_0,2081.980094261,199,1743493635.8951216,{'runtime': 2082},0.2371717244386673,0.006001046858727932,6.001046858727932e-05,0.03583173081278801,0.009999999776482582,0.25300354634605804,0,0.2455323338508606,0.9412999999990588,0.9984999999990014,1.223722219467163,0.003966910764575005,-3.852182999253273e-05,-3.852182999253273e-07,0.0024370618630200624,0.009999999776482582,0.004010367926304908,0,0.3929212093353271,0.9994199999998,0.9999999999998,0.0017117946408689022
shufflenetv2_x1_5-baseline,0,0.1,cifar10_shufflenetv2_x1_5,1404.832729774,199,1743493063.9595082,{'runtime': 1404},0.27324116230010986,0.05792055279016495,0.005792055279016495,0.04170357808470726,0.10000000149011612,0.2673227250839035,0,0.20731192827224731,0.9340999999990658,0.9972999999990028,1.433837890625,0.0021582627668976784,2.203218173235655e-05,2.203218173235655e-06,0.0016233326168730855,0.10000000149011612,0.0021727858312098705,0,0.45946842432022095,0.9998599999998,0.9999999999998,0.000548859010450542
"shufflenetv2_x1_5-reg:3,lamb:0.01",3,0.01,cifar10_shufflenetv2_x1_5,1415.341049781,199,1743493093.162793,{'runtime': 1415},0.3925211429595947,0.004280358552932739,4.280358552932739e-05,0.022881925106048584,0.009999999776482582,0.3851644345527591,0,0.06934595108032227,0.8664999999991334,0.995999999999004,0.864453911781311,0.30982664227485657,0.0024573877453804016,2.4573877453804016e-05,0.016110757365822792,0.009999999776482582,0.31020657952280556,0,0.17911659181118011,0.8938599999998212,0.9973199999998006,0.49523282051086426
"shufflenetv2_x1_5-reg:3,lamb:0.5",3,0.5,cifar10_shufflenetv2_x1_5,1416.552041918,199,1743493151.0866024,{'runtime': 1416},0.30634599924087524,0.11545664072036745,0.05772832036018371,0.025986339896917343,0.5,0.3002607244247565,0,0.10024315118789671,0.8950999999991048,0.9967999999990032,0.7806886434555054,0.1501951813697815,0.031992971897125244,0.015996485948562622,0.02694677747786045,0.5,0.1503711167114036,0,0.3109857141971588,0.95013999999981,0.9996799999998002,0.17350691556930542
"shufflenetv2_x1_5-reg:4,lamb:2.0",4,2.0,cifar10_shufflenetv2_x1_5,1414.399433606,199,1743493211.5103648,{'runtime': 1414},0.27270740270614624,0.2245616316795349,0.4491232633590698,0.039571285247802734,2.0,0.2674852640630654,0,0.2210554480552673,0.9325999999990672,0.9975999999990024,1.3312588930130005,0.003757108468562365,0.0005355966277420521,0.0010711932554841042,0.0029655727557837963,2.0,0.003780400811511188,0,0.6099308729171753,0.9997199999998,0.9999999999998,0.0007799954619258642
"shufflenetv2_x1_5-reg:4,lamb:0.1",4,0.1,cifar10_shufflenetv2_x1_5,1419.638559641,199,1743493252.0228994,{'runtime': 1419},0.2565808594226837,0.05224660038948059,0.005224660038948059,0.037233978509902954,0.10000000149011612,0.2545943414155933,0,0.2958669066429138,0.9362999999990635,0.9973999999990024,1.28791081905365,0.0024166188668459654,1.3359531294554472e-05,1.3359531294554472e-06,0.0020165671594440937,0.10000000149011612,0.0024346498446365995,0,0.6207787990570068,0.9999199999998,0.9999999999998,0.0003353752545081079
"shufflenetv2_x1_5-reg:3,lamb:1.0",3,1.0,cifar10_shufflenetv2_x1_5,1434.02151341,199,1743493289.7891371,{'runtime': 1434},0.28895899653434753,0.1663899123668671,0.1663899123668671,0.02838204801082611,1.0,0.2869799114046287,0,0.11274203658103944,0.9070999999990929,0.9965999999990032,0.8884514570236206,0.09012339264154434,0.026045061647892,0.026045061647892,0.025128012523055077,1.0,0.09028729155427104,0,0.1333221197128296,0.9723799999998056,0.9999199999998,0.08356879651546478
"shufflenetv2_x1_5-reg:4,lamb:0.5",4,0.5,cifar10_shufflenetv2_x1_5,1433.19518462,199,1743493337.1766846,{'runtime': 1433},0.24343588948249817,0.1328287422657013,0.06641437113285065,0.033923324197530746,0.5,0.23791567123135085,0,0.17130184173583984,0.9372999999990628,0.9983999999990016,1.167059063911438,0.0034478134475648403,0.00015000766143202782,7.500383071601391e-05,0.002782566240057349,0.5,0.003480643302865682,0,0.2752254605293274,0.9997799999998,0.9999999999998,0.0006838903063908219
"shufflenetv2_x1_5-reg:3,lamb:2.0",3,2.0,cifar10_shufflenetv2_x1_5,1403.386515633,199,1743493408.6372025,{'runtime': 1403},0.285651296377182,0.21337661147117615,0.4267532229423523,0.034303005784749985,2.0,0.2791207148927023,0,0.22154587507247925,0.914099999999086,0.9971999999990028,1.0377960205078125,0.053630851209163666,0.020736239850521088,0.041472479701042175,0.019184136763215065,2.0,0.05365415385707554,0,0.33021053671836853,0.985299999999803,0.9999599999998,0.04389750957489014
"shufflenetv2_x1_5-reg:4,lamb:1.0",4,1.0,cifar10_shufflenetv2_x1_5,1441.941898713,199,1743493458.7949393,{'runtime': 1442},0.26073628664016724,0.18471890687942505,0.18471890687942505,0.03806681931018829,1.0,0.25772465926671173,0,0.18746602535247803,0.9336999999990664,0.9967999999990032,1.309493899345398,0.004152663052082062,0.0003866031765937805,0.0003866031765937805,0.0032823451329022646,1.0,0.004271883990668497,0,0.602655291557312,0.9996199999998,0.9999999999998,0.0010210956679657102
"shufflenetv2_x1_5-reg:3,lamb:0.1",3,0.1,cifar10_shufflenetv2_x1_5,1443.106041023,199,1743493671.822353,{'runtime': 1443},0.35063430666923523,0.03451991826295853,0.0034519918262958527,0.020269500091671944,0.10000000149011612,0.34350893339867705,0,0.08393371105194092,0.8786999999991212,0.9963999999990036,0.7711213827133179,0.2453235685825348,0.016107968986034393,0.0016107968986034391,0.022304927930235863,0.10000000149011612,0.2458557023408316,0,0.816005289554596,0.9158799999998168,0.9983199999998004,0.34852132201194763
"shufflenetv2_x1_0-reg:3,lamb:0.001",3,0.001,cifar10_shufflenetv2_x1_0,1383.509711162,199,1743493733.909142,{'runtime': 1383},0.4388319253921509,0.00014176475815474987,1.417647581547499e-07,0.026148295029997826,0.0010000000474974513,0.43414795946652,0,0.18219268321990967,0.8512999999991486,0.9940999999990058,0.9650170803070068,0.3607829213142395,0.0002940359991043806,2.940359991043806e-07,0.014838054776191711,0.0010000000474974513,0.36054111848057263,0,0.06459647417068481,0.875019999999825,0.9961999999998008,0.5702340006828308
"mobilenetv2_x0_5-reg:8,lamb:0.5",8,0.5,cifar10_mobilenetv2_x0_5,2461.21705293,199,1743495093.2100017,{'runtime': 2461},0.29787376523017883,0.12526443600654602,0.06263221800327301,0.03045603260397911,0.5,0.2912069395620653,0,0.2723349630832672,0.905899999999094,0.9975999999990024,0.8942303657531738,0.1206386610865593,0.1160314679145813,18.96086883544922,0.017833765596151352,163.41143798828125,0.12054121238989993,0,0.08786219358444214,0.960179999999808,0.9996399999998,0.16624648869037628
"shufflenetv2_x0_5-reg:4,lamb:0.001",4,0.001,cifar10_shufflenetv2_x0_5,1299.634507617,199,1743493933.768376,{'runtime': 1299},0.33863189816474915,0.0010312069207429886,1.0312069207429886e-06,0.046595171093940735,0.0010000000474974513,0.3369597110054903,0,0.1918654441833496,0.9055999999990944,0.9970999999990028,1.3855799436569214,0.04774947091937065,6.575646693818271e-05,6.575646693818271e-08,0.013106701895594597,0.0010000000474974513,0.048115402809265184,0,0.1324995756149292,0.9858599999998028,0.9999999999998,0.04954681918025017
"mobilenetv2_x0_5-reg:8,lamb:2.0",8,2.0,cifar10_mobilenetv2_x0_5,2469.78755621,199,1743495155.338036,{'runtime': 2469},0.28955864906311035,0.2046654224395752,0.4093308448791504,0.026396194472908977,2.0,0.2831038291556806,0,0.1548946350812912,0.907899999999092,0.9975999999990024,0.8541470766067505,0.12913183867931366,0.12874281406402588,941.9116821289062,0.016657328233122826,7316.2275390625,0.1291307295625719,0,0.1837940216064453,0.9577599999998084,0.9995999999998,0.1877375096082687
"mobilenetv2_x0_5-reg:8,lamb:1.0",8,1.0,cifar10_mobilenetv2_x0_5,2476.230098602,199,1743495188.191962,{'runtime': 2476},0.2984813451766968,0.16978394985198977,0.16978394985198977,0.030592065304517743,1.0,0.29261982424319766,0,0.2756732106208801,0.9025999999990972,0.9974999999990024,0.8618634343147278,0.1301400363445282,0.12871362268924713,132.1066131591797,0.01580575667321682,1026.3607177734375,0.13022472655534498,0,0.1986192762851715,0.9559399999998088,0.9996399999998,0.1853444278240204
"mobilenetv2_x0_5-reg:8,lamb:0.01",8,0.01,cifar10_mobilenetv2_x0_5,2470.241426702,199,1743495183.5692215,{'runtime': 2470},0.4308139979839325,0.003853999078273773,3.853999078273773e-05,0.008458662778139114,0.009999999776482582,0.43061644200646065,0,0.1807097494602203,0.8524999999991474,0.9949999999990048,0.7732282280921936,0.38535076379776,0.05122450739145279,0.01164580136537552,0.02812480926513672,0.2273482382297516,0.3853649717311915,0,0.14533177018165588,0.8676999999998265,0.9961199999998008,0.5284537672996521
"mobilenetv2_x0_5-reg:8,lamb:0.001",8,0.001,cifar10_mobilenetv2_x0_5,2469.979413726,199,1743495190.0848503,{'runtime': 2470},0.4743576049804687,0.0003814638766925782,3.8146390579640865e-07,0.011084780097007751,0.0010000000474974513,0.4702806635515392,0,0.19542264938354492,0.8347999999991651,0.9926999999990072,0.8604551553726196,0.4429801106452942,0.01863091252744198,0.001092575490474701,0.01550270989537239,0.0586431547999382,0.4431805692539065,0,0.1138150617480278,0.845019999999831,0.9937399999998012,0.6656144857406616
"mobilenetv2_x0_5-reg:8,lamb:0.1",8,0.1,cifar10_mobilenetv2_x0_5,2467.590987538,199,1743495207.5912666,{'runtime': 2467},0.32783159613609314,0.030475929379463196,0.0030475929379463196,0.011699764989316463,0.10000000149011612,0.3218485997185152,0,0.06285008788108826,0.8892999999991106,0.9973999999990024,0.6784591674804688,0.2287464290857315,0.11784298717975616,0.2453954815864563,0.03164772316813469,2.0823936462402344,0.2286619559117838,0,0.19621385633945465,0.9236399999998152,0.9987399999998005,0.2921087145805359
shufflenetv2_x2_0-baseline,0,0.1,cifar10_shufflenetv2_x2_0,1833.733804669,199,1743494908.8340929,{'runtime': 1833},0.24845439195632937,0.05127266049385071,0.005127266049385071,0.03814885765314102,0.10000000149011612,0.24266383668627628,0,0.27496159076690674,0.938899999999061,0.9975999999990024,1.2569628953933716,0.0016675462247803807,8.153001544997096e-06,8.153001544997096e-07,0.0013157655484974384,0.10000000149011612,0.0016713752612398107,0,0.3476629853248596,0.9999399999998,0.9999999999998,0.0002050057373708114
"shufflenetv2_x2_0-reg:3,lamb:0.01",3,0.01,cifar10_shufflenetv2_x2_0,1841.546956967,199,1743494944.5795407,{'runtime': 1841},0.3606100380420685,0.003935839049518108,3.935839049518109e-05,0.017575521022081375,0.009999999776482582,0.35753287403287876,0,0.08049345016479492,0.8760999999991238,0.995999999999004,0.8046263456344604,0.28621935844421387,0.0023104948922991753,2.3104948922991753e-05,0.015649180859327316,0.009999999776482582,0.28586384705805046,0,0.3014139235019684,0.9021999999998196,0.9972999999998006,0.4679730534553528
"shufflenetv2_x2_0-reg:3,lamb:0.5",3,0.5,cifar10_shufflenetv2_x2_0,1843.437568825,199,1743495011.1989207,{'runtime': 1843},0.29245200753211975,0.11103835701942444,0.05551917850971222,0.02555100992321968,0.5,0.28764472876003566,0,0.11038798093795776,0.9002999999990996,0.9973999999990024,0.7524127960205078,0.13997192680835724,0.03042145073413849,0.015210725367069244,0.02360747754573822,0.5,0.13977275115237855,0,0.10127639770507812,0.9528599999998096,0.9995799999998002,0.16630780696868896
"shufflenetv2_x2_0-reg:4,lamb:2.0",4,2.0,cifar10_shufflenetv2_x2_0,1846.519863982,199,1743495075.795411,{'runtime': 1846},0.2760087549686432,0.2244035303592682,0.4488070607185364,0.03938569128513336,2.0,0.27366576299680245,0,0.2675754129886627,0.9291999999990708,0.9974999999990024,1.3124542236328125,0.0036076244432479143,0.00048052635975182056,0.0009610527195036412,0.002871065866202116,2.0,0.003601625889987931,0,0.21822458505630493,0.9997399999998,0.9999999999998,0.0007313371752388775
"shufflenetv2_x2_0-reg:4,lamb:0.1",4,0.1,cifar10_shufflenetv2_x2_0,1845.000054964,199,1743495108.7272935,{'runtime': 1845},0.2440306544303894,0.04829851910471916,0.004829851910471916,0.03597163036465645,0.10000000149011612,0.2441992852226349,0,0.18393510580062863,0.9396999999990602,0.9976999999990024,1.1716864109039309,0.0018729331204667687,2.2804888430982828e-05,2.280488843098283e-06,0.0013915186282247305,0.10000000149011612,0.001878585737893894,0,0.5081461071968079,0.9998599999998,0.9999999999998,0.0005420125089585781
"shufflenetv2_x2_0-reg:3,lamb:1.0",3,1.0,cifar10_shufflenetv2_x2_0,1853.479809195,199,1743495152.1148791,{'runtime': 1853},0.27977049350738525,0.1576896905899048,0.1576896905899048,0.027148405089974403,1.0,0.2764560158604657,0,0.11028832197189332,0.9101999999990896,0.9977999999990022,0.8063690066337585,0.08841826766729355,0.025680802762508392,0.025680802762508392,0.024008627980947495,1.0,0.08836237819680609,0,0.13364708423614502,0.9725399999998056,0.9999599999998,0.08209063857793808
"shufflenetv2_x2_0-reg:4,lamb:0.5",4,0.5,cifar10_shufflenetv2_x2_0,1852.884831354,199,1743495201.7101989,{'runtime': 1853},0.25563719868659973,0.1442728340625763,0.07213641703128815,0.03610954061150551,0.5,0.2502148841347857,0,0.2681882977485657,0.9367999999990632,0.9973999999990024,1.3109002113342283,0.003016119822859764,0.0001913364976644516,9.56682488322258e-05,0.002069844864308834,0.5,0.003013421953454517,0,0.24137359857559204,0.9996599999998002,0.9999999999998,0.0009246389381587504
"shufflenetv2_x2_0-reg:3,lamb:2.0",3,2.0,cifar10_shufflenetv2_x2_0,1836.18671275,199,1743495255.7718494,{'runtime': 1836},0.28149518370628357,0.2110496461391449,0.4220992922782898,0.03698424994945526,2.0,0.2790283098119301,0,0.21627074480056763,0.9132999999990866,0.9975999999990024,1.015182614326477,0.04751069471240043,0.018616747111082077,0.037233494222164154,0.017089489847421646,2.0,0.04743902232940131,0,0.24798035621643064,0.9874199999998026,0.9999799999998,0.04077056050300598
"shufflenetv2_x2_0-reg:4,lamb:1.0",4,1.0,cifar10_shufflenetv2_x2_0,1861.206286291,199,1743495336.793892,{'runtime': 1861},0.2575967609882355,0.1855314075946808,0.1855314075946808,0.038534726947546005,1.0,0.256228233064729,0,0.2439515590667725,0.9366999999990632,0.9974999999990024,1.33324933052063,0.0030509023927152157,0.00035295775160193443,0.00035295775160193443,0.0021405168808996677,1.0,0.0030986982917647274,0,0.5161639451980591,0.9996999999998,0.9999999999998,0.0011572015937417746
"shufflenetv2_x2_0-reg:3,lamb:0.1",3,0.1,cifar10_shufflenetv2_x2_0,1870.32752362,199,1743495549.83517,{'runtime': 1870},0.33723223209381104,0.03434527665376663,0.003434527665376663,0.016105923801660538,0.10000000149011612,0.33400321035677727,0,0.06640422344207764,0.8861999999991137,0.9964999999990034,0.773911714553833,0.2394913136959076,0.016026347875595093,0.0016026347875595093,0.02267005667090416,0.10000000149011612,0.23938324947437403,0,0.06917005777359009,0.9190599999998162,0.9981799999998004,0.3474235236644745
"mobilenetv2_x1_4-reg:4,lamb:0.01",4,0.01,cifar10_mobilenetv2_x1_4,3002.386976784,199,1743496715.540448,{'runtime': 3002},0.2476065307855606,0.006422284059226513,6.422284059226513e-05,0.037669673562049866,0.009999999776482582,0.24187993678270917,0,0.2811623513698578,0.9406999999990592,0.997999999999002,1.3214561939239502,0.0027875325176864862,2.1876985556446016e-05,2.1876985556446018e-07,0.001972428523004055,0.009999999776482582,0.0028272935874477053,0,0.27346211671829224,0.9997399999998,0.9999999999998,0.0008466005092486739
"shufflenetv2_x1_5-reg:3,lamb:0.001",3,0.001,cifar10_shufflenetv2_x1_5,1626.895559486,199,1743495371.761044,{'runtime': 1627},0.4395108222961426,0.0008206697530113161,8.20669811218977e-07,0.022166267037391663,0.0010000000474974513,0.43129852570986765,0,0.07216143608093262,0.8532999999991466,0.9931999999990068,0.9875288605690002,0.3590511083602905,0.0004695611714851111,4.695612005889416e-07,0.01583169214427471,0.0010000000474974513,0.35948615207650475,0,0.07454118132591248,0.8768599999998247,0.9957799999998008,0.5742765069007874
"shufflenetv2_x1_0-reg:4,lamb:0.001",4,0.001,cifar10_shufflenetv2_x1_0,1357.198307719,199,1743495298.9938147,{'runtime': 1357},0.27977752685546875,0.0003509630623739213,3.5096309147775173e-07,0.03955890238285065,0.0010000000474974513,0.2808927345318705,0,0.2755914032459259,0.932899999999067,0.9972999999990028,1.461074709892273,0.004629440139979124,-0.00013893167488276958,-1.389316821587272e-07,0.003297993913292885,0.0010000000474974513,0.0046221516639182855,0,0.6148884296417236,0.9995199999998,0.9999999999998,0.0017041437095031142
"mobilenetv2_x0_75-reg:8,lamb:0.5",8,0.5,cifar10_mobilenetv2_x0_75,2841.33995779,199,1743497944.254434,{'runtime': 2841},0.27692654728889465,0.1285100281238556,0.0642550140619278,0.035034965723752975,0.5,0.27558549449408715,0,0.19575165212154388,0.9169999999990828,0.9977999999990022,0.9747585654258728,0.0713958740234375,0.06955220550298691,28.563413619995117,0.01365819200873375,410.6759033203125,0.0713793227070523,0,0.11792585253715517,0.9767999999998048,0.9998999999998,0.0876455157995224
"mobilenetv2_x0_75-reg:8,lamb:2.0",8,2.0,cifar10_mobilenetv2_x0_75,2841.187662636,199,1743498006.1263075,{'runtime': 2841},0.2735537588596344,0.1979593336582184,0.3959186673164368,0.03087477385997772,2.0,0.2690378845928057,0,0.13753646612167358,0.9127999999990872,0.997899999999002,0.8359837532043457,0.09139488637447356,0.0910911038517952,892.4057006835938,0.01347388792783022,9796.84765625,0.09144424625719023,0,0.07733786106109619,0.969639999999806,0.9997399999998,0.12774404883384705
"mobilenetv2_x0_75-reg:8,lamb:0.01",8,0.01,cifar10_mobilenetv2_x0_75,2843.891981136,199,1743498045.6160538,{'runtime': 2844},0.3768690824508667,0.0034102238714694977,3.410223871469498e-05,0.006873633712530136,0.009999999776482582,0.371752869617388,0,0.18529385328292847,0.8680999999991318,0.9962999999990036,0.6946428418159485,0.3264766335487366,0.04770676791667938,0.012017786502838137,0.027678366750478745,0.251909464597702,0.32647605535182,0,0.06909924745559692,0.8881199999998224,0.9971599999998008,0.45493751764297485
"mobilenetv2_x0_75-reg:8,lamb:0.001",8,0.001,cifar10_mobilenetv2_x0_75,2837.587089346,199,1743498036.2733912,{'runtime': 2837},0.48654159903526306,0.00016769625653978437,1.676962710916996e-07,0.013733353465795515,0.0010000000474974513,0.478606636702572,0,0.1866994351148605,0.8317999999991681,0.9927999999990073,0.8724066019058228,0.4488306939601898,0.018594512715935707,0.0010904408991336825,0.016495760530233383,0.0586431547999382,0.4485185275347716,0,0.14343388378620148,0.8438599999998313,0.9944999999998012,0.6641230583190918
"mobilenetv2_x0_75-reg:8,lamb:1.0",8,1.0,cifar10_mobilenetv2_x0_75,2851.032914629,199,1743498051.437876,{'runtime': 2851},0.2875444293022156,0.170087993144989,0.170087993144989,0.03231917321681976,1.0,0.28210124683033116,0,0.14560434222221377,0.9093999999990904,0.997899999999002,0.8946698307991028,0.10508707910776138,0.10341380536556244,104.02021026611328,0.013667934574186802,1005.8638916015624,0.10540382759297871,0,0.07013517618179321,0.965179999999807,0.9997399999998,0.1528332233428955
"mobilenetv2_x0_75-reg:8,lamb:0.1",8,0.1,cifar10_mobilenetv2_x0_75,2842.206743422,199,1743498058.6023376,{'runtime': 2842},0.3021423816680908,0.03364488482475281,0.0033644884824752808,0.018974777311086655,0.10000000149011612,0.2987008954582904,0,0.16989821195602417,0.9011999999990988,0.9973999999990024,0.7652966380119324,0.16559234261512756,0.09642145782709122,0.29646599292755127,0.025410711765289307,3.0746889114379883,0.1655944866632983,0,0.1881463527679443,0.9439599999998112,0.9994999999998,0.20289815962314608
"shufflenetv2_x1_5-reg:4,lamb:0.001",4,0.001,cifar10_shufflenetv2_x1_5,1523.462335823,199,1743496833.0774882,{'runtime': 1523},0.26881030201911926,0.0008278292953036726,8.278293535113335e-07,0.03993794322013855,0.0010000000474974513,0.2625156015781979,0,0.2592077851295471,0.9355999999990644,0.9977999999990022,1.37651789188385,0.002219069050624966,0.0003117204178124666,3.117204414593289e-07,0.001712934346869588,0.0010000000474974513,0.002298329498772423,0,0.46817004680633545,0.9998399999998,0.9999999999998,0.0004122224636375904
"shufflenetv2_x2_0-reg:3,lamb:0.001",3,0.001,cifar10_shufflenetv2_x2_0,2252.8317645,199,1743497632.5514455,{'runtime': 2253},0.3658903837203979,0.0006331246695481241,6.33124727755785e-07,0.018629146739840508,0.0010000000474974513,0.3629465418891723,0,0.11340342462062836,0.8757999999991242,0.995799999999004,0.8148090839385986,0.2892584204673767,0.00029511284083127975,2.951128408312798e-07,0.015390438959002497,0.0010000000474974513,0.2889678139016091,0,0.17950034141540527,0.90027999999982,0.9973799999998004,0.4654374122619629
"shufflenetv2_x0_5-reg:4,lamb:0.01",4,0.01,cifar10_shufflenetv2_x0_5,2125.459160029,199,1743498850.7670207,{'runtime': 2125},0.3393186628818512,0.007058563642203808,7.058563642203808e-05,0.04764161631464958,0.009999999776482582,0.3509043286608577,0,0.1985485553741455,0.9061999999990936,0.9970999999990028,1.4433305263519287,0.04150059074163437,0.00020648876670747995,2.0648876670747995e-06,0.013469812460243702,0.009999999776482582,0.041845990048144974,0,0.23474055528640747,0.9884599999998024,0.9999999999998,0.03845744580030441
"shufflenetv2_x2_0-reg:4,lamb:0.001",4,0.001,cifar10_shufflenetv2_x2_0,1983.961608419,199,1743498825.6422088,{'runtime': 1984},0.25298643112182617,0.00026272027753293514,2.6272027753293514e-07,0.037143364548683167,0.0010000000474974513,0.2532409358136553,0,0.26429468393325806,0.9376999999990622,0.9977999999990022,1.2840956449508667,0.0018631548155099151,-4.4193708163220435e-05,-4.419371180119924e-08,0.0014084336580708623,0.0010000000474974513,0.0018653009259330692,0,0.524909496307373,0.9999199999998,0.9999999999998,0.0005831989110447466
"mobilenetv2_x1_0-reg:8,lamb:0.5",8,0.5,cifar10_mobilenetv2_x1_0,3036.328178438,199,1743500998.207372,{'runtime': 3036},0.2666415572166443,0.12350839376449584,0.061754196882247925,0.03358399495482445,0.5,0.2652248955600003,0,0.14485614001750946,0.92009999999908,0.9981999999990018,0.9423761367797852,0.06150192022323608,0.060075901448726654,32.96869659423828,0.012603947892785072,548.7840576171875,0.06161824332197776,0,0.09791401028633118,0.980619999999804,0.9998399999998,0.07638950645923615
"mobilenetv2_x1_0-reg:8,lamb:2.0",8,2.0,cifar10_mobilenetv2_x1_0,3055.325484324,199,1743501073.3647263,{'runtime': 3055},0.27737200260162354,0.21272003650665283,0.42544007301330566,0.03571515530347824,2.0,0.29102406755264737,0,0.2808789014816284,0.9205999999990794,0.9982999999990017,1.024104118347168,0.06317389011383057,0.06301847845315933,1191.510009765625,0.012632622383534908,18907.3125,0.06330948837766794,0,0.32574039697647095,0.9796799999998042,0.9998399999998,0.07640887796878815
"mobilenetv2_x1_0-reg:8,lamb:0.001",8,0.001,cifar10_mobilenetv2_x1_0,3048.965547252,199,1743501096.8869414,{'runtime': 3049},0.4132426679134369,0.0003017194103449583,3.017194103449583e-07,0.012483413331210612,0.0010000000474974513,0.42214083064969854,0,0.04162454605102539,0.8553999999991445,0.9951999999990048,0.7901106476783752,0.36433953046798706,0.017377786338329315,0.0011369585990905762,0.016595540568232536,0.06542597711086273,0.3646344980228995,0,0.05719068646430969,0.8740399999998253,0.9961999999998008,0.560595691204071
"mobilenetv2_x1_0-reg:8,lamb:0.01",8,0.01,cifar10_mobilenetv2_x1_0,3050.402083372,199,1743501103.6772745,{'runtime': 3050},0.3799612820148468,0.0035460572689771652,3.546057268977165e-05,0.012041362002491953,0.009999999776482582,0.38588089709767687,0,0.17863304913043976,0.8716999999991283,0.9965999999990032,0.7243926525115967,0.3137965202331543,0.046548254787921906,0.01188381016254425,0.02572555840015411,0.2553008794784546,0.31424927458996604,0,0.06756514310836792,0.8916399999998217,0.9974799999998004,0.4382846355438232
"mobilenetv2_x1_0-reg:8,lamb:1.0",8,1.0,cifar10_mobilenetv2_x1_0,3057.438393791,199,1743501118.6144335,{'runtime': 3057},0.27234208583831787,0.17013871669769287,0.17013871669769287,0.035998761653900146,1.0,0.2787820807892503,0,0.21840624511241913,0.917799999999082,0.9974999999990024,0.942621648311615,0.06574597209692001,0.06520281732082367,188.65679931640625,0.012394542805850506,2893.38427734375,0.06582732382369771,0,0.2348804771900177,0.979339999999804,0.9998799999998,0.08924567699432373
"mobilenetv2_x1_0-reg:8,lamb:0.1",8,0.1,cifar10_mobilenetv2_x1_0,3051.306769405,199,1743501121.562441,{'runtime': 3051},0.27680283784866333,0.0325191393494606,0.00325191393494606,0.01959129050374031,0.10000000149011612,0.27792110920454943,0,0.07701539993286133,0.90999999999909,0.9973999999990024,0.7457084059715271,0.13371700048446655,0.08469078689813614,0.350593626499176,0.023760493844747543,4.139690399169922,0.13401114890542462,0,0.13065019249916077,0.9567999999998088,0.9996399999998,0.16500720381736755
"shufflenetv2_x1_0-reg:4,lamb:0.01",4,0.01,cifar10_shufflenetv2_x1_0,1593.783013709,199,1743500455.423025,{'runtime': 1593},0.2866586148738861,0.007422757335007191,7.422757335007191e-05,0.04136854410171509,0.009999999776482582,0.2803604566722562,0,0.2679799795150757,0.931899999999068,0.9974999999990024,1.5246673822402954,0.004674346651881933,1.342414179816842e-06,1.342414179816842e-08,0.0031434795819222927,0.009999999776482582,0.0046711749072910974,0,0.5236508846282959,0.9994599999998002,0.9999999999998,0.001868631923571229
"shufflenetv2_x1_5-reg:4,lamb:0.01",4,0.01,cifar10_shufflenetv2_x1_5,1885.264025431,199,1743502350.568596,{'runtime': 1885},0.2631501257419586,0.006611738353967667,6.611738353967667e-05,0.037223562598228455,0.009999999776482582,0.25701102063735864,0,0.28952014446258545,0.9375999999990624,0.9972999999990028,1.3525240421295166,0.0021821160335093737,-1.133485056925565e-05,-1.133485056925565e-07,0.001422579982317984,0.009999999776482582,0.0022070627032997818,0,0.2002702355384827,0.9997799999998,0.9999999999998,0.000828698044642806
"mobilenetv2_x1_4-reg:8,lamb:0.5",8,0.5,cifar10_mobilenetv2_x1_4,3669.45174055,199,1743504678.4379826,{'runtime': 3669},0.27522173523902893,0.12909594178199768,0.06454797089099884,0.03234461694955826,0.5,0.26988723289924926,0,0.3742962181568146,0.9196999999990804,0.9977999999990022,0.981146275997162,0.06415921449661255,0.06268949061632156,33.57252883911133,0.011740928515791891,535.5368041992188,0.06463087333644736,0,0.24004653096199036,0.979899999999804,0.9998399999998,0.0872998982667923
"mobilenetv2_x1_4-reg:8,lamb:2.0",8,2.0,cifar10_mobilenetv2_x1_4,3684.439757167,199,1743504774.5396962,{'runtime': 3684},0.25986385345458984,0.19871282577514648,0.39742565155029297,0.03522863984107971,2.0,0.25541855742357356,0,0.25654858350753784,0.923799999999076,0.9975999999990024,0.9664225578308104,0.05005969479680061,0.04995070397853851,1341.89599609375,0.011379997245967388,26864.40625,0.05024441390289043,0,0.14663445949554443,0.9848199999998032,0.9999399999998,0.06100253760814667
"mobilenetv2_x1_4-reg:8,lamb:0.001",8,0.001,cifar10_mobilenetv2_x1_4,3679.585768968,199,1743504786.3424778,{'runtime': 3679},0.45381492376327515,-0.00013399403542280197,-1.3399403542280197e-07,0.008451743051409721,0.0010000000474974513,0.45251407388460746,0,0.039708733558654785,0.8425999999991574,0.9943999999990056,0.7911266684532166,0.4124282896518707,0.01758047565817833,0.0010707229375839231,0.019502246752381325,0.06090409681200981,0.4129421687949433,0,0.06579725444316864,0.8571799999998286,0.9952399999998012,0.6055022478103638
"mobilenetv2_x1_4-reg:8,lamb:0.01",8,0.01,cifar10_mobilenetv2_x1_4,3684.190364429,199,1743504795.6082428,{'runtime': 3684},0.34658461809158325,0.003357231616973877,3.357231616973877e-05,0.008121383376419544,0.009999999776482582,0.34677879205617335,0,0.05345511436462402,0.8799999999991199,0.9971999999990028,0.6798404455184937,0.2786298990249634,0.044611625373363495,0.012442156672477722,0.026103898882865902,0.2788994312286377,0.27905135547116794,0,0.8221698999404907,0.904979999999819,0.9974399999998006,0.39235252141952515
"mobilenetv2_x1_4-reg:8,lamb:1.0",8,1.0,cifar10_mobilenetv2_x1_4,3690.811935977,199,1743504819.240049,{'runtime': 3690},0.2645155191421509,0.1698967218399048,0.1698967218399048,0.03780663013458252,1.0,0.2623564980268238,0,0.2583804726600647,0.921899999999078,0.9984999999990014,0.9752377867698668,0.045647818595170975,0.04534158855676651,234.32498168945312,0.011100787669420242,5167.9921875,0.04578997218291605,0,0.2770098149776459,0.9862999999998028,0.9999199999998,0.05312464013695717
"mobilenetv2_x1_4-reg:8,lamb:0.1",8,0.1,cifar10_mobilenetv2_x1_4,3684.942504959,199,1743504817.1169753,{'runtime': 3685},0.27074843645095825,0.03367457538843155,0.003367457538843155,0.025316257029771805,0.10000000149011612,0.2667984205562452,0,0.08353811502456665,0.912099999999088,0.997899999999002,0.7732862830162048,0.11196045577526093,0.0753735825419426,0.40795814990997314,0.02114754728972912,5.412481784820557,0.11204503970219223,0,0.1259639710187912,0.9643599999998071,0.9998399999998,0.13833557069301605
"shufflenetv2_x2_0-reg:4,lamb:0.01",4,0.01,cifar10_shufflenetv2_x2_0,2517.82261869,199,1743504885.2878115,{'runtime': 2517},0.253340482711792,0.006434204988181591,6.434204988181591e-05,0.036389049142599106,0.009999999776482582,0.26001633715834693,0,0.2675495743751526,0.9414999999990584,0.9975999999990024,1.3231699466705322,0.0017460323870182035,2.9418515623547137e-05,2.9418515623547137e-07,0.0013867000816389918,0.009999999776482582,0.0017430778462453262,0,0.4543434977531433,0.9999599999998,0.9999999999998,0.0002492532366886735
"shufflenetv2_x0_5-reg:8,lamb:0.5",8,0.5,cifar10_shufflenetv2_x0_5,2155.754303557,199,1743506846.3208542,{'runtime': 2155},0.35851967334747314,0.14146339893341064,0.07073169946670532,0.029739931225776672,0.5,0.3647035985273315,0,0.09557545185089111,0.8838999999991161,0.9956999999990044,0.9834901094436646,0.18177664279937744,0.17007333040237427,10.801605224609377,0.02018517442047596,63.51145935058594,0.1825385918861673,0,0.196591317653656,0.9371399999998128,0.9992999999998002,0.24907618761062625
"shufflenetv2_x0_5-reg:8,lamb:2.0",8,2.0,cifar10_shufflenetv2_x0_5,2177.492069634,199,1743506968.8739283,{'runtime': 2177},0.3889849781990051,0.2619360089302063,0.5238720178604126,0.02710654027760029,2.0,0.3917932665858686,0,0.08985596895217896,0.8724999999991274,0.9960999999990038,0.9928696751594543,0.21623949706554413,0.21444952487945557,357.2098693847656,0.02305091917514801,1665.7060546875,0.21706789495190248,0,0.14618131518363953,0.9260199999998148,0.9990999999998004,0.2960730791091919
"shufflenetv2_x0_5-reg:8,lamb:0.001",8,0.001,cifar10_shufflenetv2_x0_5,2169.197779067,199,1743506964.2508512,{'runtime': 2169},0.5886115431785583,0.00019452998822089285,1.945300027728081e-07,0.01479069236665964,0.0010000000474974513,0.5877421191355485,0,0.04230326414108277,0.7965999999992034,0.9883999999990116,1.0483267307281494,0.5393474102020264,0.019377227872610092,0.0010815784335136414,0.02362789958715439,0.05581698566675186,0.5397404397049262,0,0.04122650623321533,0.8105999999998379,0.9915199999998018,0.7219885587692261
"shufflenetv2_x0_5-reg:8,lamb:0.01",8,0.01,cifar10_shufflenetv2_x0_5,2183.271141364,199,1743506988.6532702,{'runtime': 2183},0.4829813838005066,0.004236865788698196,4.236865788698197e-05,0.008962990716099739,0.009999999776482582,0.4843290633242474,0,0.193562775850296,0.8326999999991672,0.9925999999990072,0.8488065004348755,0.4317644238471985,0.05293959379196167,0.011480271816253662,0.033465657383203506,0.21685606241226196,0.4324784657260113,0,0.22173818945884705,0.8511199999998298,0.995199999999801,0.5653865337371826
"shufflenetv2_x0_5-reg:8,lamb:0.1",8,0.1,cifar10_shufflenetv2_x0_5,2176.240400274,199,1743507005.1064742,{'runtime': 2176},0.3822006583213806,0.03421444445848465,0.003421444445848465,0.010007135570049286,0.10000000149011612,0.3800938270035846,0,0.19942085444927216,0.8665999999991333,0.9953999999990044,0.7609544992446899,0.2808949649333954,0.12726402282714844,0.2095901370048523,0.04001989960670471,1.6468923091888428,0.2813583518025814,0,0.14249195158481598,0.9055399999998188,0.9984199999998004,0.33256441354751587
"shufflenetv2_x0_5-reg:8,lamb:1.0",8,1.0,cifar10_shufflenetv2_x0_5,2189.627228575,199,1743507020.6293826,{'runtime': 2189},0.3619115650653839,0.19236257672309875,0.19236257672309875,0.02918459102511406,1.0,0.364472322819906,0,0.1131884902715683,0.878899999999121,0.995899999999004,0.8982884287834167,0.20190514624118805,0.19788146018981936,71.8484115600586,0.022050440311431885,363.088134765625,0.20228781017906255,0,0.1944020837545395,0.9314199999998136,0.9991599999998002,0.2874782085418701
"shufflenetv2_x1_0-reg:8,lamb:0.5",8,0.5,cifar10_shufflenetv2_x1_0,2292.411813689,199,1743509147.53022,{'runtime': 2292},0.3079196810722351,0.15096014738082886,0.07548007369041443,0.0391259603202343,0.5,0.30073232655462134,0,0.26941999793052673,0.9121999999990876,0.9975999999990024,1.2212090492248535,0.04865912348031998,0.04754301533102989,31.36769676208496,0.014581041410565376,659.7750854492188,0.0485968091690409,0,0.1407026648521423,0.9862399999998028,0.9999999999998,0.050018563866615295
"shufflenetv2_x1_0-reg:8,lamb:0.001",8,0.001,cifar10_shufflenetv2_x1_0,2301.183058872,199,1743509283.1127589,{'runtime': 2301},0.39609494805336,0.00032011300208978355,3.20113031193614e-07,0.01786681078374386,0.0010000000474974513,0.3910012408113493,0,0.0696319043636322,0.8647999999991351,0.9952999999990046,0.8365330100059509,0.3252817392349243,0.015752265229821205,0.001079577952623367,0.020021473988890648,0.06853477656841278,0.3252301440997499,0,0.1425725668668747,0.8876399999998226,0.9970399999998006,0.4862649440765381
"shufflenetv2_x1_0-reg:8,lamb:2.0",8,2.0,cifar10_shufflenetv2_x1_0,2316.087873256,199,1743509293.6471424,{'runtime': 2316},0.287009060382843,0.21726495027542111,0.4345299005508423,0.039950162172317505,2.0,0.2812884807814771,0,0.3809983432292938,0.9121999999990876,0.9975999999990024,1.0456199645996094,0.05369576811790466,0.0536593496799469,3861.219482421875,0.014119524508714676,71958.0,0.05372781282472853,0,0.22253581881523132,0.9838199999998032,0.9999199999998,0.059253446757793427
"shufflenetv2_x1_0-reg:8,lamb:0.01",8,0.01,cifar10_shufflenetv2_x1_0,2311.574922485,199,1743509309.1650524,{'runtime': 2311},0.36558377742767334,0.0036643818020820618,3.664381802082062e-05,0.014784388244152067,0.009999999776482582,0.359555883243198,0,0.192842036485672,0.8729999999991269,0.9963999999990036,0.7443059086799622,0.273127019405365,0.042574018239974976,0.012186706066131592,0.028949808329343796,0.28624749183654785,0.27309754215764204,0,0.3126566410064697,0.9068799999998188,0.9979999999998004,0.362354040145874
"shufflenetv2_x1_0-reg:8,lamb:0.1",8,0.1,cifar10_shufflenetv2_x1_0,2307.55756997,199,1743509324.4352293,{'runtime': 2307},0.29974687099456787,0.0400041788816452,0.00400041788816452,0.0324033722281456,0.10000000149011612,0.29568691879569287,0,0.2679324746131897,0.9033999999990964,0.9965999999990032,0.936521291732788,0.10043926537036896,0.06581050157546997,0.37501996755599976,0.02356329932808876,5.698482036590576,0.10037565211804536,0,0.18064767122268677,0.9681199999998064,0.9999599999998,0.10467222332954408
"shufflenetv2_x1_0-reg:8,lamb:1.0",8,1.0,cifar10_shufflenetv2_x1_0,2322.67484939,199,1743509352.3671546,{'runtime': 2322},0.3056620657444,0.1946324408054352,0.1946324408054352,0.041266340762376785,1.0,0.3019903323789454,0,0.27187636494636536,0.9091999999990908,0.9976999999990024,1.1550472974777222,0.05515929311513901,0.05490446835756302,294.8907775878906,0.016115430742502213,5370.9794921875,0.055085913151809184,0,0.18709343671798703,0.9840999999998032,0.9999599999998,0.05656721442937851
"shufflenetv2_x1_5-reg:8,lamb:0.5",8,0.5,cifar10_shufflenetv2_x1_5,2475.742772178,199,1743511632.1530366,{'runtime': 2475},0.30946895480155945,0.15880367159843445,0.07940183579921722,0.04456989467144013,0.5,0.3030270724731095,0,0.185710608959198,0.9135999999990864,0.9972999999990028,1.3315171003341677,0.027728375047445297,0.02716953121125698,35.83787155151367,0.011004200205206873,1319.04638671875,0.027953278561768245,0,0.28038647770881653,0.9928199999998016,0.9999799999998,0.02108188346028328
"shufflenetv2_x1_5-reg:8,lamb:0.001",8,0.001,cifar10_shufflenetv2_x1_5,2482.39193764,199,1743511783.137201,{'runtime': 2482},0.3634732961654663,0.0001234002411365509,1.234002411365509e-07,0.016603030264377594,0.0010000000474974513,0.35920551633795395,0,0.06498163938522339,0.8750999999991248,0.9949999999990048,0.8077706098556519,0.2838338613510132,0.014414941892027857,0.0010520890355110168,0.019702326506376263,0.07298600673675537,0.2841612799138213,0,0.18641901016235352,0.9013799999998198,0.9978399999998004,0.4191021621227264
"shufflenetv2_x1_5-reg:8,lamb:2.0",8,2.0,cifar10_shufflenetv2_x1_5,2498.823729236,199,1743511802.1817296,{'runtime': 2498},0.3064139783382416,0.24135670065879825,0.4827134013175965,0.04357418417930603,2.0,0.299787531857869,0,0.2400609850883484,0.9145999999990854,0.9980999999990018,1.2895370721817017,0.030826378613710403,0.030799247324466705,3030.8779296875,0.011621134355664252,98407.53125,0.030896974773451488,0,0.7042139768600464,0.9919799999998016,0.9999999999998,0.02572391927242279
"shufflenetv2_x1_5-reg:8,lamb:0.01",8,0.01,cifar10_shufflenetv2_x1_5,2485.559923428,199,1743511806.5222049,{'runtime': 2485},0.3265678584575653,0.0036537181586027145,3.6537181586027145e-05,0.015386084094643593,0.009999999776482582,0.31926358131626464,0,0.07766157388687134,0.888999999999111,0.9967999999990032,0.7497897744178772,0.20630525052547455,0.035850219428539276,0.012489154934883118,0.02697892114520073,0.34837040305137634,0.2066452320635716,0,0.18965893983840945,0.9291199999998142,0.9991199999998004,0.2585583031177521
"shufflenetv2_x1_5-reg:8,lamb:0.1",8,0.1,cifar10_shufflenetv2_x1_5,2489.483654175,199,1743511821.6083694,{'runtime': 2489},0.2979136109352112,0.04498966038227081,0.004498966038227081,0.036726243793964386,0.10000000149011612,0.29218537800159966,0,0.2701999545097351,0.9111999999990888,0.9975999999990024,1.0613863468170166,0.06252191215753555,0.046197328716516495,0.5340733528137207,0.01786009594798088,11.560697555541992,0.06270409506254658,0,0.16897857189178467,0.9817599999998036,0.9999199999998,0.06296594440937042
"shufflenetv2_x1_5-reg:8,lamb:1.0",8,1.0,cifar10_shufflenetv2_x1_5,2493.063309479,199,1743511862.1120088,{'runtime': 2493},0.29072654247283936,0.193292498588562,0.193292498588562,0.03925057500600815,1.0,0.28539484583157104,0,0.28310588002204895,0.9194999999990804,0.9980999999990018,1.2381964921951294,0.030479799956083298,0.03033914789557457,305.6346130371094,0.011130821891129015,10073.935546875,0.03056965560059197,0,0.2830098569393158,0.9918399999998015,0.9999999999998,0.025855887681245804
"shufflenetv2_x2_0-reg:8,lamb:0.5",8,0.5,cifar10_shufflenetv2_x2_0,2892.778097005,199,1743514536.707118,{'runtime': 2892},0.2865428626537323,0.1499461829662323,0.07497309148311615,0.04040295630693436,0.5,0.2846217683736211,0,0.290780633687973,0.9241999999990758,0.9974999999990024,1.2413716316223145,0.019100729376077652,0.018794074654579163,45.5190544128418,0.008581254631280899,2421.98974609375,0.019069734665219464,0,0.18751472234725952,0.995579999999801,0.9999999999998,0.01348111592233181
"shufflenetv2_x2_0-reg:8,lamb:0.001",8,0.001,cifar10_shufflenetv2_x2_0,2898.686900501,199,1743514699.711383,{'runtime': 2898},0.3563345968723297,0.0006140907644294202,6.140908226370811e-07,0.01644820347428322,0.0010000000474974513,0.35526727801620367,0,0.16491767764091492,0.8805999999991193,0.9954999999990044,0.8310140371322632,0.2612372636795044,0.013913024216890337,0.0010547768324613571,0.020469341427087784,0.0758121907711029,0.26100351226761964,0,0.18781089782714844,0.910459999999818,0.9977999999998004,0.3914867043495178
"shufflenetv2_x2_0-reg:8,lamb:2.0",8,2.0,cifar10_shufflenetv2_x2_0,2906.75986537,199,1743514718.8774238,{'runtime': 2906},0.27181655168533325,0.214527428150177,0.429054856300354,0.03856249153614044,2.0,0.2667896674278976,0,0.21832197904586792,0.9245999999990752,0.997999999999002,1.1714067459106443,0.018550124019384384,0.018523607403039932,1852.2799072265625,0.008061189204454422,99995.640625,0.01859099260312971,0,0.3887617290019989,0.9956599999998008,0.9999999999998,0.013766422867774963
"shufflenetv2_x2_0-reg:8,lamb:0.01",8,0.01,cifar10_shufflenetv2_x2_0,2906.389952319,199,1743514720.8513882,{'runtime': 2906},0.3147661089897156,0.003582146018743515,3.582146018743515e-05,0.01479320414364338,0.009999999776482582,0.31026363644442917,0,0.0936102569103241,0.8945999999991053,0.996899999999003,0.7282453179359436,0.19786536693573,0.035622596740722656,0.012772291898727415,0.026675790548324585,0.35854464769363403,0.19767619105833997,0,0.30576416850090027,0.9331799999998134,0.9991999999998002,0.2520845830440521
"shufflenetv2_x2_0-reg:8,lamb:0.1",8,0.1,cifar10_shufflenetv2_x2_0,2907.9869851,199,1743514741.5619223,{'runtime': 2908},0.2999328076839447,0.046655964106321335,0.0046655964106321335,0.0390264093875885,0.10000000149011612,0.2938436360295135,0,0.27756667137145996,0.9102999999990896,0.9974999999990024,1.1053123474121094,0.04713503271341324,0.03575222194194794,0.5832267999649048,0.01610606536269188,16.31302261352539,0.04707833002936523,0,0.1473149061203003,0.9866999999998028,0.9999799999998,0.04046051576733589
"shufflenetv2_x2_0-reg:8,lamb:1.0",8,1.0,cifar10_shufflenetv2_x2_0,2922.201977879,199,1743514792.491476,{'runtime': 2922},0.2785596251487732,0.192715585231781,0.192715585231781,0.03968401998281479,1.0,0.2743299954816327,0,0.21100860834121704,0.9273999999990724,0.9982999999990017,1.32927668094635,0.02013338729739189,0.020045656710863113,331.14093017578125,0.008338848128914833,16519.3359375,0.020156390864171946,0,0.2382181286811829,0.995199999999801,0.9999999999998,0.015988806262612343
"resnet20-reg:5,lamb:0.001",5,0.001,cifar10_resnet20,911.005963513,199,1743671973.3321402,{'runtime': 911},0.2641424536705017,-2.532033067836892e-05,-2.5320332497358322e-08,0.03298930078744888,0.0010000000474974513,0.2593335230186448,0,0.12608912587165833,0.9162999999990836,0.9976999999990024,0.8773565292358398,0.06721034646034241,0.0004531466111075133,4.531466402113438e-07,0.016390083357691765,0.0010000000474974513,0.06727924209923233,0,0.1310110092163086,0.980099999999804,0.9998599999998,0.0796806588768959
"resnet32-reg:5,lamb:0.001",5,0.001,cifar10_resnet32,1181.128671575,199,1743673172.3962555,{'runtime': 1181},0.2521328628063202,0.0003628083213698119,3.6280835047364235e-07,0.035405345261096954,0.0010000000474974513,0.25266252526284794,0,0.23806828260421753,0.9253999999990744,0.9984999999990014,0.9719591736793518,0.03603643551468849,-0.00020318837778177112,-2.031883923336864e-07,0.010780686512589456,0.0010000000474974513,0.035960816115929085,0,0.5284534692764282,0.990179999999802,0.9999199999998,0.04109196364879608
"resnet20-reg:5,lamb:0.01",5,0.01,cifar10_resnet20,890.561983018,199,1743673228.2060893,{'runtime': 890},0.2763778269290924,0.00486674252897501,4.86674252897501e-05,0.03239570930600166,0.009999999776482582,0.270097121133,0,0.14748883247375488,0.9169999999990828,0.997999999999002,0.9952735304832458,0.06516579538583755,0.0004113069735467434,4.113069735467434e-06,0.016475383192300797,0.009999999776482582,0.06510280615945177,0,0.14394688606262207,0.980599999999804,0.9997399999998,0.07431885600090027
"resnet20-reg:5,lamb:0.1",5,0.1,cifar10_resnet20,1354.637923493,199,1743673754.3650196,{'runtime': 1354},0.2545296549797058,0.03751153126358986,0.003751153126358986,0.03147658705711365,0.10000000149011612,0.24869456083582855,0,0.3750441074371338,0.9205999999990794,0.997899999999002,0.8872332572937012,0.04738692194223404,0.0019920291379094124,0.00019920291379094124,0.016998032107949257,0.10000000149011612,0.04735117882476649,0,0.16408133506774902,0.9874799999998024,0.9999199999998,0.042477142065763474
"resnet20-reg:5,lamb:0.5",5,0.5,cifar10_resnet20,886.23974662,199,1743673525.643206,{'runtime': 886},0.27945056557655334,0.13588252663612366,0.06794126331806183,0.036451417952775955,0.5,0.2739798645735291,0,0.15008407831192017,0.9194999999990804,0.9977999999990022,1.085537672042847,0.03230252116918564,0.004026077687740326,0.002013038843870163,0.015860356390476227,0.5,0.03244695051559724,0,0.7125909328460693,0.9929399999998014,0.9999999999998,0.01971330493688583
"resnet44-reg:5,lamb:0.001",5,0.001,cifar10_resnet44,1460.708039901,199,1743674644.9649622,{'runtime': 1460},0.25710994005203247,0.0005715701263397932,5.715701263397932e-07,0.03784532472491264,0.0010000000474974513,0.25171024290139976,0,0.2872350215911865,0.9263999999990736,0.9983999999990016,1.0616967678070068,0.027093809098005295,0.00039092625956982374,3.909262886736542e-07,0.008609609678387642,0.0010000000474974513,0.02721443267552347,0,0.27223220467567444,0.9926399999998016,0.9999999999998,0.029185213148593903
"resnet32-reg:5,lamb:0.01",5,0.01,cifar10_resnet32,1141.030984301,199,1743674379.9764962,{'runtime': 1141},0.24533261358737943,0.004625227302312851,4.625227302312851e-05,0.03182857483625412,0.009999999776482582,0.2500315281868751,0,0.21226882934570312,0.9290999999990708,0.9980999999990018,0.9513805508613586,0.03524992987513542,0.00015471596270799637,1.5471596270799637e-06,0.010532227344810964,0.009999999776482582,0.03523338947987642,0,0.12080417573451996,0.990359999999802,0.9999199999998,0.03937172144651413
"resnet32-reg:5,lamb:0.5",5,0.5,cifar10_resnet32,1158.675430272,199,1743674695.1486373,{'runtime': 1158},0.24651971459388733,0.12577882409095764,0.06288941204547882,0.03510553389787674,0.5,0.248829727930208,0,0.3893808126449585,0.9306999999990692,0.9982999999990017,1.0593892335891724,0.01370302587747574,0.001322425901889801,0.0006612129509449005,0.008357900194823742,0.5,0.013679322524590755,0,0.4955853223800659,0.9976999999998004,0.9999999999998,0.006479669827967882
"resnet32-reg:5,lamb:0.1",5,0.1,cifar10_resnet32,1444.372221516,199,1743675207.3077917,{'runtime': 1444},0.24907074868679047,0.04193270578980446,0.004193270578980446,0.03383822739124298,0.10000000149011612,0.2510068132845879,0,0.29865705966949463,0.9290999999990708,0.997999999999002,1.0110726356506348,0.023128654807806015,0.0008031399920582771,8.031399920582771e-05,0.010378013364970684,0.10000000149011612,0.023074729685273614,0,0.7165610790252686,0.9947599999998012,0.9999999999998,0.01695709303021431
"resnet44-reg:5,lamb:0.01",5,0.01,cifar10_resnet44,1425.53632913,199,1743675812.9865031,{'runtime': 1425},0.24593859910964969,0.005135824903845787,5.135824903845787e-05,0.0368259996175766,0.009999999776482582,0.24036871908276947,0,0.7103517055511475,0.9311999999990688,0.9983999999990016,1.049919843673706,0.023790661245584488,0.00013953977031633258,1.3953977031633258e-06,0.00802604015916586,0.009999999776482582,0.023899000110690967,0,0.3142405152320862,0.9938999999998012,0.9999799999998,0.025415051728487015
"resnet20-reg:5,lamb:1.0",5,1.0,cifar10_resnet20,885.182838465,199,1743675369.84593,{'runtime': 885},0.26785093545913696,0.1729479432106018,0.1729479432106018,0.034720197319984436,1.0,0.2667361787784831,0,0.26575130224227905,0.9222999999990776,0.9976999999990024,1.0914517641067505,0.02586066536605358,0.004872201010584831,0.004872201010584831,0.014158803969621658,1.0,0.02591189522905243,0,0.2749525308609009,0.9949399999998012,0.9999999999998,0.013631610199809074
"resnet20-reg:5,lamb:2.0",5,2.0,cifar10_resnet20,894.696352979,199,1743675433.0527067,{'runtime': 894},0.2615269422531128,0.20197570323944092,0.40395140647888184,0.03340867534279823,2.0,0.25704946455638744,0,0.19583070278167725,0.9252999999990746,0.997899999999002,1.0786128044128418,0.021579928696155548,0.0058800652623176575,0.011760130524635317,0.012877220287919044,2.0,0.021607292354030846,0,0.7422517538070679,0.9962199999998008,0.9999999999998,0.010009201243519785
"resnet56-reg:5,lamb:0.001",5,0.001,cifar10_resnet56,1756.090995965,199,1743676409.629433,{'runtime': 1756},0.2442879378795624,0.000147323589771986,1.47323589771986e-07,0.037023670971393585,0.0010000000474974513,0.2520377359654234,0,0.2741251587867737,0.9296999999990704,0.9980999999990018,1.0511105060577393,0.02400193177163601,0.00016007469093892723,1.6007470549084246e-07,0.007711514830589294,0.0010000000474974513,0.02403184310030363,0,0.20713189244270325,0.9936399999998012,0.9999799999998,0.02805335819721222
"resnet44-reg:5,lamb:0.5",5,0.5,cifar10_resnet44,1420.686235416,199,1743676127.3816094,{'runtime': 1420},0.23799699544906616,0.1259574294090271,0.06297871470451355,0.032665543258190155,0.5,0.2324955943565256,0,0.21318399906158447,0.9371999999990628,0.9983999999990016,1.0618454217910769,0.008979191072285175,0.0008538858965039253,0.00042694294825196266,0.005642678588628769,0.5,0.009110852879510911,0,0.240904301404953,0.9986599999998004,0.9999999999998,0.004254896659404039
"resnet44-reg:5,lamb:0.1",5,0.1,cifar10_resnet44,1778.628112978,199,1743676996.5934615,{'runtime': 1778},0.2526732087135315,0.044705457985401154,0.004470545798540115,0.03744110465049744,0.10000000149011612,0.24684991649932855,0,0.25948578119277954,0.9290999999990708,0.9982999999990017,1.0788509845733645,0.016833579167723656,0.0006020441651344299,6.020441651344299e-05,0.007404765579849482,0.10000000149011612,0.01705534883203132,0,0.17528778314590454,0.9960799999998008,0.9999999999998,0.012786219827830791
"resnet32-reg:5,lamb:1.0",5,1.0,cifar10_resnet32,1117.519199885,199,1743676498.9892144,{'runtime': 1117},0.26491913199424744,0.18241199851036072,0.18241199851036072,0.03703880310058594,1.0,0.2664293791432687,0,0.7220780849456787,0.92989999999907,0.9980999999990018,1.2285844087600708,0.010254007764160631,0.0014487328007817268,0.0014487328007817268,0.007109398953616619,1.0,0.010254142604653746,0,0.26715850830078125,0.9987999999998004,0.9999999999998,0.004063221160322428
"resnet32-reg:5,lamb:2.0",5,2.0,cifar10_resnet32,1160.112243025,199,1743676610.9511952,{'runtime': 1160},0.26002147793769836,0.2083642780780792,0.4167285561561585,0.034537091851234436,2.0,0.2693528614264877,0,0.14913451671600342,0.9321999999990678,0.9984999999990014,1.1954044103622437,0.00879639107733965,0.0017983289435505867,0.0035966578871011734,0.006281061097979546,2.0,0.008774399876916637,0,0.35527998208999634,0.9989399999998004,0.9999999999998,0.0028288098983466625
"resnet56-reg:5,lamb:0.01",5,0.01,cifar10_resnet56,1716.99295151,199,1743677546.6118617,{'runtime': 1717},0.2560800611972809,0.005359086208045483,5.3590862080454826e-05,0.03630450740456581,0.009999999776482582,0.2561510536179319,0,0.24091659486293793,0.9294999999990704,0.9985999999990012,1.0890450477600098,0.02254676818847656,0.00013542157830670476,1.3542157830670476e-06,0.007377143949270248,0.009999999776482582,0.02255536888477931,0,0.1442720592021942,0.9941599999998012,0.9999799999998,0.02706696093082428
"resnet56-reg:5,lamb:0.5",5,0.5,cifar10_resnet56,1748.894902258,199,1743677887.934398,{'runtime': 1748},0.2573104500770569,0.13488727807998657,0.06744363903999329,0.036603908985853195,0.5,0.2536939137912351,0,0.22337889671325684,0.92979999999907,0.9985999999990012,1.158455729484558,0.010404309257864952,0.001085003837943077,0.0005425019189715385,0.006646925117820501,0.5,0.01040475718547932,0,0.4571070671081543,0.9986599999998004,0.9999999999998,0.005888097919523716
"vgg11_bn-reg:5,lamb:0.001",5,0.001,cifar10_vgg11_bn,891.866086062,199,1743677309.9884915,{'runtime': 891},0.3260728418827057,0.0008699425379745662,8.699425961822271e-07,0.052638620138168335,0.0010000000474974513,0.3264585982192,0,0.7193225026130676,0.9151999999990847,0.9965999999990032,1.4459623098373413,0.03807762265205383,-6.935078999958932e-05,-6.935078999958932e-08,0.0034365400206297636,0.0010000000474974513,0.03799689677825241,0,0.1750546395778656,0.9893399999998022,0.9996199999998,0.08913865685462952
"resnet44-reg:5,lamb:1.0",5,1.0,cifar10_resnet44,1404.598593392,199,1743677915.1452022,{'runtime': 1404},0.2581625282764435,0.1823654472827911,0.1823654472827911,0.03758471459150314,1.0,0.25227762453237523,0,0.183169424533844,0.933899999999066,0.9972999999990028,1.291167378425598,0.007422993890941143,0.001060078851878643,0.001060078851878643,0.004866808652877808,1.0,0.007561392254969723,0,0.2303714156150818,0.9989399999998004,0.9999999999998,0.0030295136384665966
"resnet44-reg:5,lamb:2.0",5,2.0,cifar10_resnet44,1440.275100402,199,1743678062.0037243,{'runtime': 1440},0.26035675406455994,0.20822414755821228,0.41644829511642456,0.0336742140352726,2.0,0.2549868862438504,0,0.2564118504524231,0.9321999999990678,0.9970999999990028,1.2318401336669922,0.007633359171450138,0.0015160152688622477,0.003032030537724495,0.0056200698018074036,2.0,0.0076410103661424195,0,0.3504059314727783,0.9992799999998002,0.9999999999998,0.002559046493843198
"resnet56-reg:5,lamb:0.1",5,0.1,cifar10_resnet56,2111.414897949,199,1743679123.732466,{'runtime': 2111},0.23963913321495056,0.045795273035764694,0.004579527303576469,0.03305315226316452,0.10000000149011612,0.2424931849678105,0,0.2655949592590332,0.9361999999990636,0.9981999999990018,1.1255970001220703,0.014025770127773283,0.0005598890129476786,5.5988901294767857e-05,0.00621320866048336,0.10000000149011612,0.014021242766077763,0,0.27534401416778564,0.9969599999998008,0.9999799999998,0.01228517759591341
"vgg13_bn-reg:5,lamb:0.001",5,0.001,cifar10_vgg13_bn,899.928153751,199,1743678221.5638754,{'runtime': 900},0.2706058919429779,0.0007160705863498151,7.16070644557476e-07,0.04346407949924469,0.0010000000474974513,0.26784756474951305,0,0.26824069023132324,0.933999999999066,0.9983999999990016,1.287347674369812,0.02410649880766869,0.00026464113034307957,2.6464113034307957e-07,0.002624199725687504,0.0010000000474974513,0.02403222522171839,0,0.28062260150909424,0.9932599999998014,0.9998399999998,0.05075797438621521
"vgg11_bn-reg:5,lamb:0.01",5,0.01,cifar10_vgg11_bn,880.203845461,199,1743678444.4223864,{'runtime': 880},0.34059056639671326,0.007567484863102436,7.567484863102436e-05,0.05537009239196777,0.009999999776482582,0.3391902281986077,0,0.2673904001712799,0.9136999999990862,0.996899999999003,1.5495874881744385,0.03593316674232483,0.0003611145075410605,3.611145075410605e-06,0.002797412220388651,0.009999999776482582,0.03589795272357604,0,0.26939505338668823,0.9888599999998022,0.9996799999998002,0.0731186643242836
"vgg11_bn-reg:5,lamb:0.5",5,0.5,cifar10_vgg11_bn,909.589861275,199,1743678809.012207,{'runtime': 909},0.3543413579463959,0.21204552054405212,0.10602276027202606,0.056061554700136185,0.5,0.3582892357407347,0,0.2598447799682617,0.9210999999990788,0.9965999999990032,1.884925365447998,0.007975708693265915,0.0019313208758831024,0.0009656604379415512,0.002094112802296877,0.5,0.0079816124630745,0,0.3881635069847107,0.9979799999998004,0.9999799999998,0.012850182130932808
"resnet56-reg:5,lamb:1.0",5,1.0,cifar10_resnet56,1697.158064238,199,1743679622.945091,{'runtime': 1697},0.2814035415649414,0.20467758178710935,0.20467758178710935,0.04280838742852211,1.0,0.2821506529341086,0,0.2856822609901428,0.9315999999990684,0.9970999999990028,1.501483917236328,0.008021436631679535,0.0015240535140037537,0.0015240535140037537,0.004460510797798634,1.0,0.00802252292877224,0,0.19170045852661133,0.9985399999998004,0.9999999999998,0.004815033636987209
"resnet56-reg:5,lamb:2.0",5,2.0,cifar10_resnet56,1726.098645183,199,1743679805.6086068,{'runtime': 1726},0.25321468710899353,0.2095101773738861,0.4190203547477722,0.038019344210624695,2.0,0.2480725187188094,0,0.2551051378250122,0.9375999999990624,0.9982999999990017,1.3210675716400146,0.005050326697528362,0.001180793158710003,0.002361586317420006,0.0032149692997336388,2.0,0.005056103293844359,0,0.17027604579925537,0.9993399999998002,0.9999999999998,0.0026827894616872072
"vgg16_bn-reg:5,lamb:0.001",5,0.001,cifar10_vgg16_bn,920.742363669,199,1743679159.9438124,{'runtime': 920},0.2820710241794586,0.0007371417596004903,7.371418178081512e-07,0.04424162581562996,0.0010000000474974513,0.28523884669265875,0,0.29499122500419617,0.9309999999990688,0.996899999999003,1.360759973526001,0.02575402893126011,4.822140454052715e-06,4.8221409088000655e-09,0.00309123657643795,0.0010000000474974513,0.02567239905747616,0,0.25532016158103943,0.9930999999998016,0.9997599999998,0.058236464858055115
"vgg13_bn-reg:5,lamb:0.01",5,0.01,cifar10_vgg13_bn,882.618918651,199,1743679338.8533292,{'runtime': 882},0.27862536907196045,0.006542075425386429,6.542075425386429e-05,0.04663533717393875,0.009999999776482582,0.2721150583794966,0,0.2726847529411316,0.9301999999990698,0.9980999999990018,1.3317136764526367,0.02324213832616806,0.0002585846232250333,2.585846232250333e-06,0.0028276010416448116,0.009999999776482582,0.02318806154059959,0,0.27010050415992737,0.9931999999998016,0.9998199999998,0.04870450869202614
"vgg13_bn-reg:5,lamb:0.5",5,0.5,cifar10_vgg13_bn,906.146311175,199,1743679724.0855486,{'runtime': 906},0.27690359950065613,0.1663956344127655,0.08319781720638275,0.04394729062914848,0.5,0.27172165524872044,0,0.24892985820770264,0.9383999999990617,0.9974999999990024,1.4786922931671145,0.004207450430840254,0.0006731334142386913,0.00033656670711934566,0.001715614111162722,0.5,0.004197532377984723,0,0.378976434469223,0.9990399999998002,0.9999999999998,0.003983368165791035
"vgg11_bn-reg:5,lamb:0.1",5,0.1,cifar10_vgg11_bn,1343.980290534,199,1743680485.5111053,{'runtime': 1344},0.3376162052154541,0.06764054298400879,0.006764054298400879,0.057203229516744614,0.10000000149011612,0.34058718859085285,0,0.2533745765686035,0.914899999999085,0.9970999999990028,1.6428331136703491,0.01919959671795368,0.0015852320939302444,0.00015852320939302444,0.0029289694502949715,0.10000000149011612,0.01917284049889212,0,0.0632178783416748,0.9945399999998012,0.9999199999998,0.03541695326566696
"vgg19_bn-reg:5,lamb:0.001",5,0.001,cifar10_vgg19_bn,1009.596179153,199,1743680179.4861436,{'runtime': 1009},0.29633209109306335,0.0006930785602889955,6.930786184966564e-07,0.048002924770116806,0.0010000000474974513,0.28945209052511567,0,0.2806069254875183,0.9269999999990728,0.9966999999990032,1.4174209833145142,0.029462089762091637,-0.0001018142866087146,-1.0181429388467222e-07,0.002182974945753813,0.0010000000474974513,0.029387369885852783,0,0.1680359244346619,0.9917799999998016,0.9996799999998002,0.07115934789180756
"vgg16_bn-reg:5,lamb:0.01",5,0.01,cifar10_vgg16_bn,896.466566714,199,1743680253.1066358,{'runtime': 896},0.29409536719322205,0.007134769111871719,7.13476911187172e-05,0.04708549380302429,0.009999999776482582,0.28863555288176984,0,0.3872443437576294,0.9306999999990692,0.9961999999990038,1.4540501832962036,0.021694999188184735,0.0002373242750763893,2.373242750763893e-06,0.0027838689275085926,0.009999999776482582,0.021724558140857934,0,0.20354324579238892,0.9940799999998012,0.9996599999998002,0.0479767881333828
"vgg11_bn-reg:5,lamb:1.0",5,1.0,cifar10_vgg11_bn,890.205616873,199,1743680530.7675653,{'runtime': 890},0.3515625298023224,0.263919860124588,0.263919860124588,0.05666380375623703,1.0,0.35274443058791655,0,0.3259584903717041,0.91989999999908,0.9971999999990028,1.8917065858840945,0.0051585715264081955,0.0013972800225019455,0.0013972800225019455,0.0019345976179465652,1.0,0.005148050963630231,0,0.14842122793197632,0.9986999999998004,0.9999999999998,0.00546101201325655
"vgg16_bn-reg:5,lamb:0.5",5,0.5,cifar10_vgg16_bn,968.330153389,199,1743680701.164538,{'runtime': 968},0.3073948323726654,0.1902397572994232,0.0951198786497116,0.05010846257209778,0.5,0.32691208712034414,0,0.3181433379650116,0.9326999999990672,0.996899999999003,1.7533880472183228,0.0043966094963252544,0.0008737365715205669,0.0004368682857602834,0.0013917594915255904,0.5,0.004386754296448698,0,0.10915619134902954,0.9989199999998004,0.9999799999998,0.005205536726862192
"vgg11_bn-reg:5,lamb:2.0",5,2.0,cifar10_vgg11_bn,895.602303877,199,1743680709.7645357,{'runtime': 895},0.3645775318145752,0.31479668617248535,0.6295933723449707,0.05467817187309265,2.0,0.360732728897749,0,0.2801470458507538,0.9229999999990768,0.9971999999990028,2.0797810554504395,0.004013113211840391,0.0013528387062251568,0.0027056774124503136,0.0017186955083161592,2.0,0.004004870237084096,0,0.134879469871521,0.9991199999998004,0.9999999999998,0.0033597962465137243
"repvgg_a0-reg:5,lamb:0.001",5,0.001,cifar10_repvgg_a0,1730.801414529,199,1743681921.9349787,{'runtime': 1730},0.24500805139541623,0.0008674687123857439,8.674687705934048e-07,0.03508523479104042,0.0010000000474974513,0.2478906999653739,0,0.21438300609588623,0.9369999999990628,0.997999999999002,1.1748204231262207,0.01699346862733364,-0.00017266937356907874,-1.7266938812099397e-07,0.005288918502628803,0.0010000000474974513,0.016985114820964976,0,0.25575336813926697,0.9958199999998008,0.9999999999998,0.02313322015106678
"vgg19_bn-reg:5,lamb:0.01",5,0.01,cifar10_vgg19_bn,990.947343007,199,1743681255.9442606,{'runtime': 991},0.2942725121974945,0.006930413655936718,6.930413655936718e-05,0.046859487891197205,0.009999999776482582,0.28742564541552656,0,0.33407360315322876,0.9282999999990716,0.995999999999004,1.4206128120422363,0.028141744434833527,0.0003898225259035826,3.898225259035826e-06,0.002241784241050482,0.009999999776482582,0.02805484146477865,0,0.26089125871658325,0.9921599999998016,0.9996799999998002,0.07497923821210861
"vgg13_bn-reg:5,lamb:0.1",5,0.1,cifar10_vgg13_bn,1351.147645398,199,1743681844.2733288,{'runtime': 1351},0.28227782249450684,0.05794500932097435,0.005794500932097435,0.047616541385650635,0.10000000149011612,0.2761418401504622,0,0.3220730423927307,0.9316999999990684,0.9971999999990028,1.4053301811218262,0.009973710402846336,0.0006372388452291489,6.372388452291489e-05,0.002331079449504614,0.10000000149011612,0.009944501716126696,0,0.3727278411388397,0.9972199999998006,0.9999999999998,0.014064529910683632
"vgg13_bn-reg:5,lamb:1.0",5,1.0,cifar10_vgg13_bn,894.051268793,199,1743681436.4552872,{'runtime': 894},0.280257910490036,0.21230670809745789,0.21230670809745789,0.044723618775606155,1.0,0.27375088867988956,0,0.29548338055610657,0.9375999999990624,0.9977999999990022,1.5303707122802734,0.0036567775532603264,0.000984582118690014,0.000984582118690014,0.001413219142705202,1.0,0.0036491942186213473,0,0.47595641016960144,0.9992199999998004,0.9999999999998,0.00400202302262187
"vgg19_bn-reg:5,lamb:0.5",5,0.5,cifar10_vgg19_bn,1031.596587047,199,1743681743.6189735,{'runtime': 1031},0.30713582038879395,0.19223523139953613,0.09611761569976808,0.046645358204841614,0.5,0.2999402168459283,0,0.3598347306251526,0.935999999999064,0.9960999999990038,1.8097882270812988,0.003718453925102949,0.0006857695989310741,0.00034288479946553707,0.0017233153339475391,0.5,0.003708873501057833,0,0.5325497388839722,0.9994199999998,0.9999599999998,0.004486464895308018
"vgg13_bn-reg:5,lamb:2.0",5,2.0,cifar10_vgg13_bn,895.487113696,199,1743681617.1710784,{'runtime': 895},0.2902078330516815,0.2521938979625702,0.5043877959251404,0.044488415122032166,2.0,0.28342735276864195,0,0.32394492626190186,0.9397999999990602,0.997999999999002,1.686455249786377,0.002951160306110978,0.0010237845126539469,0.0020475690253078938,0.001286206184886396,2.0,0.002944430088229422,0,0.14333295822143555,0.9993399999998002,0.9999999999998,0.0033076382242143154
"repvgg_a0-reg:5,lamb:0.01",5,0.01,cifar10_repvgg_a0,1686.106694898,199,1743682950.434387,{'runtime': 1686},0.2505311071872711,0.006199721246957779,6.199721246957779e-05,0.035214923322200775,0.009999999776482582,0.2471025695406542,0,0.20953428745269775,0.9382999999990616,0.9983999999990016,1.2752459049224854,0.014653780497610567,6.25630491413176e-05,6.256304914131761e-07,0.004827513359487057,0.009999999776482582,0.014633517806640968,0,0.27774518728256226,0.9961799999998008,0.9999799999998,0.01798134110867977
"vgg16_bn-reg:5,lamb:1.0",5,1.0,cifar10_vgg16_bn,901.140374597,199,1743682355.463229,{'runtime': 901},0.30678513646125793,0.2372927963733673,0.2372927963733673,0.04706200957298279,1.0,0.30146571371618275,0,0.35112297534942627,0.9363999999990636,0.9972999999990028,1.7861032485961914,0.003114578314125538,0.0007389755919575691,0.0007389755919575691,0.0012260922230780125,1.0,0.0031098495990266387,0,0.3854370415210724,0.9992599999998002,0.9999999999998,0.002566995332017541
"vgg16_bn-reg:5,lamb:2.0",5,2.0,cifar10_vgg16_bn,909.65705262,199,1743682538.7888734,{'runtime': 909},0.31363821029663086,0.2736964225769043,0.5473928451538086,0.04926621541380882,2.0,0.3093063320191309,0,0.41040149331092834,0.9353999999990644,0.9967999999990032,1.8450738191604616,0.0026394985616207123,0.0008599422872066498,0.0017198845744132996,0.0011833587195724249,2.0,0.0026410365664734773,0,0.609948992729187,0.9994799999998002,0.9999799999998,0.002382995095103979
"repvgg_a0-reg:5,lamb:0.5",5,0.5,cifar10_repvgg_a0,1722.122720133,199,1743683477.654514,{'runtime': 1722},0.26476994156837463,0.1575407087802887,0.07877035439014435,0.036582283675670624,0.5,0.26192126751848593,0,0.23751266300678253,0.93999999999906,0.9977999999990022,1.4988442659378052,0.004364171996712685,0.0003625545650720596,0.00018127728253602984,0.0027051670476794243,0.5,0.004361320413279264,0,0.15731114149093628,0.9992799999998002,0.9999999999998,0.0017663826001808047
"vgg16_bn-reg:5,lamb:0.1",5,0.1,cifar10_vgg16_bn,1361.670393656,199,1743683217.768762,{'runtime': 1361},0.2961686849594116,0.06383456289768219,0.006383456289768219,0.04664439707994461,0.10000000149011612,0.29406034752825627,0,0.2273138165473938,0.9332999999990668,0.9964999999990034,1.561394453048706,0.010326746851205826,0.0007804669439792633,7.804669439792633e-05,0.0024037801194936037,0.10000000149011612,0.010320887886701362,0,0.18438798189163208,0.9973399999998006,0.9999399999998,0.017624711617827415
"repvgg_a1-reg:5,lamb:0.001",5,0.001,cifar10_repvgg_a1,2063.200898402,199,1743684002.8162336,{'runtime': 2063},0.22811239957809448,0.00018424178415443748,1.842417987063527e-07,0.033096492290496826,0.0010000000474974513,0.2266941079303131,0,0.2561909258365631,0.9383999999990617,0.9981999999990018,1.056557059288025,0.00991024449467659,0.0003735021746251732,3.735021891770885e-07,0.004830269142985344,0.0010000000474974513,0.009955485268909863,0,0.2996554672718048,0.9980399999998004,0.9999799999998,0.007835389114916325
"vgg19_bn-reg:5,lamb:1.0",5,1.0,cifar10_vgg19_bn,959.853655375,199,1743683332.0795448,{'runtime': 959},0.31528735160827637,0.2448422908782959,0.2448422908782959,0.04861808568239212,1.0,0.3079096137125475,0,0.2906729578971863,0.9345999999990652,0.9972999999990028,1.8906352519989016,0.002673043869435787,0.0005186935886740685,0.0005186935886740685,0.001411740784533322,1.0,0.002671357739772916,0,0.2767180800437927,0.9995599999998002,0.9999999999998,0.001935222651809454
"vgg19_bn-reg:5,lamb:2.0",5,2.0,cifar10_vgg19_bn,998.133750362,199,1743683554.129144,{'runtime': 998},0.30751627683639526,0.2684924006462097,0.5369848012924194,0.046239446848630905,2.0,0.3003173683994186,0,0.28117460012435913,0.9375999999990624,0.9961999999990038,1.857038974761963,0.0029789083637297153,0.0012241476215422151,0.0024482952430844307,0.0009602638892829418,2.0,0.002971046919751982,0,0.18176057934761047,0.9993399999998002,0.9999999999998,0.004426708444952965
"repvgg_a1-reg:5,lamb:0.01",5,0.01,cifar10_repvgg_a1,2075.522183978,199,1743685034.53555,{'runtime': 2075},0.2381170392036438,0.005611195228993893,5.611195228993893e-05,0.03503155708312988,0.009999999776482582,0.23811748413004055,0,0.2522817850112915,0.937899999999062,0.9986999999990012,1.147405982017517,0.009216811507940292,6.153786671347916e-05,6.153786671347916e-07,0.004346311558037996,0.009999999776482582,0.009231645352097247,0,0.7055388689041138,0.9981199999998004,0.9999799999998,0.007185684517025948
"vgg19_bn-reg:5,lamb:0.1",5,0.1,cifar10_vgg19_bn,1364.632867759,199,1743684594.580176,{'runtime': 1364},0.29549944400787354,0.061820633709430695,0.0061820633709430695,0.04572287946939469,0.10000000149011612,0.28857877205325716,0,0.26597005128860474,0.9323999999990676,0.9969999999990028,1.5031462907791138,0.013094015419483185,0.0011063297279179096,0.00011063297279179096,0.0025897370651364326,0.10000000149011612,0.013055250506505123,0,0.7535868883132935,0.9965599999998008,0.9999199999998,0.025386646389961243
"repvgg_a0-reg:5,lamb:1.0",5,1.0,cifar10_repvgg_a0,1667.848935822,199,1743685008.3759046,{'runtime': 1667},0.25513678789138794,0.18801337480545044,0.18801337480545044,0.03814978897571564,1.0,0.2543677057434979,0,0.2751859426498413,0.9396999999990602,0.997899999999002,1.4302875995635986,0.0031165459658950567,0.0003880837466567755,0.0003880837466567755,0.002128457883372903,1.0,0.0031148086090132887,0,0.25965815782546997,0.9996399999998,0.9999999999998,0.0012071128003299236
"repvgg_a1-reg:5,lamb:0.5",5,0.5,cifar10_repvgg_a1,2099.393961914,199,1743685586.8767211,{'runtime': 2099},0.2229790985584259,0.12661603093147278,0.06330801546573639,0.032541967928409576,0.5,0.221667885538653,0,0.20953911542892456,0.9441999999990556,0.9980999999990018,1.172655463218689,0.003566943109035492,0.00030919164419174194,0.00015459582209587097,0.0023582938592880964,0.5,0.0035924466597625567,0,0.6204224824905396,0.9994999999998,0.9999999999998,0.0016107570845633743
"repvgg_a0-reg:5,lamb:2.0",5,2.0,cifar10_repvgg_a0,1693.019028237,199,1743685255.8938668,{'runtime': 1693},0.2461978942155838,0.2050010710954666,0.4100021421909332,0.03647986054420471,2.0,0.24053403672103968,0,0.18337219953536987,0.93999999999906,0.9981999999990018,1.346243381500244,0.0028802489396184683,0.0006329154130071402,0.0012658308260142803,0.0017649272922426462,2.0,0.002891024635667351,0,0.4756277203559875,0.9995999999998,0.9999999999998,0.0014203216414898634
"repvgg_a2-reg:5,lamb:0.001",5,0.001,cifar10_repvgg_a2,3022.358603795,199,1743687042.7735536,{'runtime': 3022},0.22595080733299255,0.0008836649940349162,8.836650522425771e-07,0.03517616167664528,0.0010000000474974513,0.22085097554672117,0,0.25467395782470703,0.9411999999990588,0.9983999999990016,1.0760722160339355,0.007112947758287191,-0.000516446540132165,-5.164465619600378e-07,0.003112931968644262,0.0010000000474974513,0.007104752125801601,0,0.17058730125427246,0.9984599999998004,0.9999999999998,0.005399487912654877
"repvgg_a0-reg:5,lamb:0.1",5,0.1,cifar10_repvgg_a0,1923.577412609,199,1743686535.960597,{'runtime': 1923},0.2442520409822464,0.04880601540207863,0.004880601540207863,0.035676877945661545,0.10000000149011612,0.24965894942449657,0,0.2996062934398651,0.9385999999990612,0.9982999999990017,1.198285698890686,0.008043747395277023,0.00024269160348922017,2.4269160348922018e-05,0.004145598970353603,0.10000000149011612,0.008070092823666901,0,0.24734368920326233,0.9984599999998004,0.9999999999998,0.005148738622665405
"repvgg_a1-reg:5,lamb:1.0",5,1.0,cifar10_repvgg_a1,2054.889905194,199,1743687070.8926067,{'runtime': 2054},0.2335171103477478,0.17038863897323608,0.17038863897323608,0.032729387283325195,1.0,0.22823345981420395,0,0.2612096667289734,0.9453999999990546,0.997899999999002,1.2484099864959717,0.0025130303110927343,0.0002251656260341406,0.0002251656260341406,0.0018853943329304457,1.0,0.002509266065783138,0,0.3868429660797119,0.9997799999998,0.9999999999998,0.000573062221519649
"repvgg_a2-reg:5,lamb:0.01",5,0.01,cifar10_repvgg_a2,3038.324640602,199,1743688081.5097623,{'runtime': 3038},0.2170938402414322,0.0051874201744794846,5.1874201744794846e-05,0.029763253405690193,0.009999999776482582,0.21497390208979453,0,0.2968091070652008,0.9456999999990542,0.9987999999990012,1.0626744031906128,0.006437203846871853,4.7585490392521024e-05,4.758549039252103e-07,0.0035329689271748066,0.009999999776482582,0.006420767366230685,0,0.6416401863098145,0.9989199999998004,0.9999999999998,0.004147928208112717
"repvgg_a1-reg:5,lamb:2.0",5,2.0,cifar10_repvgg_a1,2083.881074753,199,1743687351.502462,{'runtime': 2083},0.23287636041641235,0.19526392221450808,0.3905278444290161,0.032632872462272644,2.0,0.23375666862097705,0,0.706976056098938,0.9466999999990532,0.9984999999990014,1.2950396537780762,0.0023560619447380304,0.0003657436463981867,0.0007314872927963734,0.001726318383589387,2.0,0.0023536214167809463,0,0.6374152898788452,0.9997599999998,0.9999999999998,0.0007042003562673926
"repvgg_a2-reg:5,lamb:0.5",5,0.5,cifar10_repvgg_a2,3065.626103336,199,1743688664.4145591,{'runtime': 3065},0.21038192510604856,0.11536163091659546,0.05768081545829773,0.03281690180301666,0.5,0.2062230253076576,0,0.2458805739879608,0.9441999999990556,0.9984999999990014,1.0123053789138794,0.002916330471634865,0.0001850072294473648,9.25036147236824e-05,0.0020840815268456936,0.5,0.002920074475250349,0,0.6327427625656128,0.9997199999998,0.9999999999998,0.000889927614480257
"repvgg_a1-reg:5,lamb:0.1",5,0.1,cifar10_repvgg_a1,2198.404901377,199,1743688742.1950774,{'runtime': 2198},0.2399815171957016,0.049322955310344696,0.00493229553103447,0.0348355770111084,0.10000000149011612,0.23952994433762664,0,0.22811359167099,0.9405999999990592,0.9982999999990017,1.2192730903625488,0.006330537609755993,0.00021748594008386135,2.1748594008386135e-05,0.0030651376582682133,0.10000000149011612,0.006385663244191112,0,0.2253408432006836,0.9987599999998004,0.9999999999998,0.004753942135721445
"mobilenetv2_x0_5-reg:5,lamb:0.001",5,0.001,cifar10_mobilenetv2_x0_5,1394.247343042,199,1743688474.8144877,{'runtime': 1394},0.2984137237071991,-8.635105768917128e-05,-8.63510649651289e-08,0.022269807755947113,0.0010000000474974513,0.29435755491348353,0,0.07787644863128662,0.903799999999096,0.9970999999990028,0.7941786646842957,0.17645901441574097,2.9278451620484706e-05,2.9278453439474106e-08,0.012635698541998863,0.0010000000474974513,0.1763599302757795,0,0.8006482720375061,0.939379999999812,0.9989399999998004,0.28959423303604126
"repvgg_a2-reg:5,lamb:1.0",5,1.0,cifar10_repvgg_a2,3018.817020778,199,1743690108.1347792,{'runtime': 3018},0.2152227908372879,0.15659566223621368,0.15659566223621368,0.03186967223882675,1.0,0.21440061697964305,0,0.7383428812026978,0.9483999999990516,0.9983999999990016,1.124387502670288,0.002262209076434374,0.00023088278248906136,0.00023088278248906136,0.0016460279002785685,1.0,0.0022600781651277084,0,0.4777710735797882,0.9998199999998,0.9999999999998,0.0007262063445523381
"repvgg_a2-reg:5,lamb:2.0",5,2.0,cifar10_repvgg_a2,3038.594200062,199,1743690401.5855792,{'runtime': 3038},0.20484916865825653,0.1687273234128952,0.3374546468257904,0.030917972326278687,2.0,0.20417060884199417,0,0.26480409502983093,0.9481999999990516,0.9983999999990016,1.0330897569656372,0.0019717738032341003,0.0002313181757926941,0.0004626363515853882,0.001500784303061664,2.0,0.00197077708543981,0,0.3394150733947754,0.9998199999998,0.9999999999998,0.000360142788849771
"mobilenetv2_x0_5-reg:5,lamb:0.01",5,0.01,cifar10_mobilenetv2_x0_5,1414.829806866,199,1743689508.141465,{'runtime': 1414},0.3000083565711975,0.003797095268964767,3.7970952689647675e-05,0.027890725061297417,0.009999999776482582,0.29382573573023707,0,0.1552126109600067,0.8984999999991015,0.9971999999990028,0.7768632769584656,0.18056192994117737,0.0014618737623095512,1.4618737623095512e-05,0.010961074382066728,0.009999999776482582,0.180505407622796,0,0.3020400404930115,0.9382799999998124,0.9991399999998002,0.3038315176963806
"mobilenetv2_x0_75-reg:5,lamb:0.001",5,0.001,cifar10_mobilenetv2_x0_75,1765.81748173,199,1743690250.8675268,{'runtime': 1765},0.27138590812683105,0.000542408088222146,5.42408088222146e-07,0.02852281928062439,0.0010000000474974513,0.2700142984534787,0,0.12589210271835327,0.912099999999088,0.9976999999990024,0.7789817452430725,0.12998899817466736,0.000289292074739933,2.89292074739933e-07,0.01186973787844181,0.0010000000474974513,0.12999506351083834,0,0.07341331243515015,0.9560599999998088,0.9994999999998,0.2083006501197815
"mobilenetv2_x0_5-reg:5,lamb:0.5",5,0.5,cifar10_mobilenetv2_x0_5,1454.426324644,199,1743690144.6965098,{'runtime': 1454},0.26904988288879395,0.11089253425598145,0.05544626712799072,0.025885889306664467,0.5,0.265231427484008,0,0.11317303776741028,0.913799999999086,0.9976999999990024,0.7905080914497375,0.100894495844841,0.020480677485466003,0.010240338742733002,0.021723827347159386,0.5,0.10106730445399688,0,0.12771189212799072,0.9676399999998064,0.9998399999998,0.11013588309288024
"repvgg_a2-reg:5,lamb:0.1",5,0.1,cifar10_repvgg_a2,3117.763988329,199,1743691882.1201198,{'runtime': 3117},0.20952215790748596,0.04198066890239715,0.004198066890239716,0.030751463025808334,0.10000000149011612,0.21117983958061023,0,0.28121858835220337,0.9463999999990536,0.9980999999990018,1.0360407829284668,0.004181697964668274,9.04354965314269e-05,9.04354965314269e-06,0.0025717969983816147,0.10000000149011612,0.004173188828840352,0,0.6345418691635132,0.9993599999998002,0.9999999999998,0.0018466569017618897
"mobilenetv2_x0_75-reg:5,lamb:0.01",5,0.01,cifar10_mobilenetv2_x0_75,1778.435846045,199,1743691295.1552918,{'runtime': 1778},0.2719171941280365,0.003934698179364204,3.934698179364205e-05,0.02675662934780121,0.009999999776482582,0.27332714267692465,0,0.11410926282405852,0.9123999999990876,0.9976999999990024,0.8016416430473328,0.12483571469783784,0.0009534182026982309,9.534182026982307e-06,0.01389031857252121,0.009999999776482582,0.12483795174729936,0,0.0767403244972229,0.9591799999998082,0.9994799999998002,0.2002563178539276
"mobilenetv2_x0_5-reg:5,lamb:1.0",5,1.0,cifar10_mobilenetv2_x0_5,1393.083200558,199,1743691519.983714,{'runtime': 1393},0.2746020555496216,0.1586066484451294,0.1586066484451294,0.02601651661098003,1.0,0.2714361000127503,0,0.13415521383285522,0.9133999999990864,0.997899999999002,0.8285712599754333,0.09202410280704498,0.028352990746498108,0.028352990746498108,0.022167552262544632,1.0,0.09185197526994704,0,0.11950534582138062,0.9710199999998058,0.9999399999998,0.09279756247997284
"mobilenetv2_x0_75-reg:5,lamb:0.5",5,0.5,cifar10_mobilenetv2_x0_75,1779.770591289,199,1743691934.418197,{'runtime': 1779},0.2564525306224823,0.11799618601799013,0.058998093008995056,0.030054107308387756,0.5,0.2550733587998238,0,0.1270577907562256,0.9232999999990766,0.9983999999990016,0.9105772972106934,0.05677372962236405,0.00987202674150467,0.004936013370752335,0.01681266725063324,0.5,0.05679345722685713,0,0.25366654992103577,0.9830599999998034,0.9999599999998,0.05131093040108681
"mobilenetv2_x1_0-reg:5,lamb:0.001",5,0.001,cifar10_mobilenetv2_x1_0,1975.695702323,199,1743692270.942248,{'runtime': 1975},0.25965559482574463,0.0002562010195106268,2.562010195106268e-07,0.02741142362356186,0.0010000000474974513,0.2597716111040377,0,0.16203159093856812,0.9162999999990836,0.9981999999990018,0.7923684120178223,0.11238417029380798,-0.0001493899617344141,-1.493899617344141e-07,0.013106060214340689,0.0010000000474974513,0.11286985098131566,0,0.18055911362171173,0.9634999999998074,0.9994199999998,0.17748050391674042
"mobilenetv2_x0_5-reg:5,lamb:2.0",5,2.0,cifar10_mobilenetv2_x0_5,1423.878381093,199,1743691835.021461,{'runtime': 1423},0.2881374657154083,0.2180095016956329,0.4360190033912658,0.036515526473522186,2.0,0.2822390069479468,0,0.18176281452178955,0.913999999999086,0.9970999999990028,1.06963050365448,0.06374013423919678,0.027318358421325684,0.05463671684265137,0.01738831400871277,2.0,0.06378716302292027,0,0.21913790702819824,0.980379999999804,0.9998999999998,0.0626932829618454
"mobilenetv2_x1_0-reg:5,lamb:0.01",5,0.01,cifar10_mobilenetv2_x1_0,1983.405042116,199,1743693290.2735388,{'runtime': 1983},0.26107528805732727,0.004060007631778717,4.060007631778717e-05,0.025119749829173088,0.009999999776482582,0.2682909279390994,0,0.1708122193813324,0.9189999999990808,0.9975999999990024,0.8232011795043945,0.10605699568986891,0.0007713446393609047,7.713446393609047e-06,0.011360534466803074,0.009999999776482582,0.10655295785581072,0,0.0592835545539856,0.9640199999998073,0.9997199999998,0.16316771507263184
"mobilenetv2_x0_75-reg:5,lamb:1.0",5,1.0,cifar10_mobilenetv2_x0_75,1758.934027814,199,1743693295.8171067,{'runtime': 1758},0.25701287388801575,0.16076043248176575,0.16076043248176575,0.028605446219444275,1.0,0.25929626555218893,0,0.12691056728363037,0.9250999999990748,0.997899999999002,0.930124580860138,0.04560914635658264,0.01206079125404358,0.01206079125404358,0.015430503524839878,1.0,0.04571103940161544,0,0.1440628170967102,0.9869999999998028,0.9999799999998,0.03805258125066757
"mobilenetv2_x0_75-reg:5,lamb:2.0",5,2.0,cifar10_mobilenetv2_x0_75,1780.471782661,199,1743693626.012355,{'runtime': 1780},0.251329243183136,0.19204789400100708,0.38409578800201416,0.03192106634378433,2.0,0.25143544611754437,0,0.27983200550079346,0.9271999999990728,0.9982999999990017,0.955840229988098,0.03307298570871353,0.011877574026584624,0.02375514805316925,0.013240933418273926,2.0,0.03320417840966742,0,0.29412728548049927,0.9912799999998018,0.9999999999998,0.023480769246816635
"mobilenetv2_x0_5-reg:5,lamb:0.1",5,0.1,cifar10_mobilenetv2_x0_5,1756.955300843,199,1743693664.3561091,{'runtime': 1757},0.28840455412864685,0.03302965313196182,0.0033029653131961823,0.02764654904603958,0.10000000149011612,0.2825595683643138,0,0.19892212748527527,0.9026999999990972,0.9972999999990028,0.7486711740493774,0.14855539798736572,0.009519234299659727,0.0009519234299659728,0.016640160232782364,0.10000000149011612,0.1484336078243283,0,0.17000818252563477,0.9490199999998102,0.9994399999998002,0.20589953660964969
"mobilenetv2_x1_0-reg:5,lamb:0.5",5,0.5,cifar10_mobilenetv2_x1_0,1986.181578959,199,1743693930.1095314,{'runtime': 1986},0.2439112663269043,0.11684751510620116,0.058423757553100586,0.02904823049902916,0.5,0.2469204205402339,0,0.21476519107818604,0.9302999999990696,0.9987999999990012,0.9225733280181884,0.03729981929063797,0.0059868767857551575,0.0029934383928775787,0.013188029639422894,0.5,0.03738479623950497,0,0.24370333552360535,0.989659999999802,0.9999799999998,0.031285353004932404
"mobilenetv2_x1_4-reg:5,lamb:0.001",5,0.001,cifar10_mobilenetv2_x1_4,2669.205925811,199,1743694957.7177122,{'runtime': 2669},0.2578244209289551,0.0003323366108816117,3.3233663998544216e-07,0.02955424413084984,0.0010000000474974513,0.2525303636046237,0,0.22416582703590393,0.9202999999990796,0.9974999999990024,0.8416231274604797,0.08835925906896591,-0.00033245302620343864,-3.324530553072691e-07,0.01215028390288353,0.0010000000474974513,0.08881061350739733,0,0.10448527336120604,0.9712999999998058,0.9997399999998,0.1338469684123993
"mobilenetv2_x1_4-reg:5,lamb:0.01",5,0.01,cifar10_mobilenetv2_x1_4,2614.95476518,199,1743695913.8362906,{'runtime': 2615},0.2497255802154541,0.004154420457780361,4.154420457780361e-05,0.02629294991493225,0.009999999776482582,0.24419816668094,0,0.11779773235321044,0.9233999999990764,0.9975999999990024,0.8407208919525146,0.08117006719112396,0.0005845911800861359,5.845911800861359e-06,0.013070505112409592,0.009999999776482582,0.08151681308351723,0,0.19899460673332217,0.9738199999998052,0.9997599999998,0.11385218054056168
"mobilenetv2_x1_0-reg:5,lamb:1.0",5,1.0,cifar10_mobilenetv2_x1_0,1967.173156716,199,1743695273.6911645,{'runtime': 1967},0.24772028625011444,0.15668825805187225,0.15668825805187225,0.03371255844831467,1.0,0.2506715162961845,0,0.15793079137802124,0.9249999999990748,0.9982999999990017,0.9088372588157654,0.033958353102207184,0.008398927748203278,0.008398927748203278,0.012990441173315048,1.0,0.03411250392618285,0,0.28516602516174316,0.990879999999802,0.9999999999998,0.025992073118686676
"mobilenetv2_x1_0-reg:5,lamb:2.0",5,2.0,cifar10_mobilenetv2_x1_0,1991.598130168,199,1743695628.160257,{'runtime': 1991},0.2587379813194275,0.2059325575828552,0.4118651151657105,0.035933852195739746,2.0,0.25505197060437407,0,0.1622696816921234,0.9303999999990696,0.9980999999990018,1.1589194536209106,0.02008440718054771,0.006354358047246933,0.012708716094493866,0.010070106945931911,2.0,0.020251761251331383,0,0.4936341643333435,0.9957799999998008,0.9999999999998,0.012691961601376534
"mobilenetv2_x0_75-reg:5,lamb:0.1",5,0.1,cifar10_mobilenetv2_x0_75,1975.403708188,199,1743695676.9424691,{'runtime': 1975},0.2528868317604065,0.03406627103686333,0.0034066271036863327,0.025941934436559677,0.10000000149011612,0.2513597025838924,0,0.227952241897583,0.9195999999990804,0.997999999999002,0.7938981056213379,0.09121550619602203,0.00543251633644104,0.000543251633644104,0.015535690821707249,0.10000000149011612,0.09121716341336658,0,0.19416844844818115,0.970059999999806,0.9997399999998,0.11763498187065125
"mobilenetv2_x1_4-reg:5,lamb:0.5",5,0.5,cifar10_mobilenetv2_x1_4,2612.406537911,199,1743696551.229157,{'runtime': 2612},0.23673924803733823,0.11474904417991638,0.05737452208995819,0.0329950675368309,0.5,0.23473772978129617,0,0.23027384281158447,0.9289999999990708,0.9980999999990018,0.9065263271331788,0.029449421912431717,0.004325825721025467,0.0021629128605127335,0.012118637561798096,0.5,0.029648079216982298,0,0.23521536588668823,0.9927799999998016,0.9999999999998,0.02215268462896347
"shufflenetv2_x0_5-reg:5,lamb:0.001",5,0.001,cifar10_shufflenetv2_x0_5,1209.414150591,199,1743696184.3682923,{'runtime': 1209},0.34806007146835327,-3.105378709733486e-05,-3.105378709733486e-08,0.030553661286830906,0.0010000000474974513,0.34934349647371454,0,0.16663315892219543,0.8830999999991168,0.9953999999990044,0.904151439666748,0.2185574173927307,0.00016600823437329382,1.6600824892520905e-07,0.013596780598163605,0.0010000000474974513,0.2194869469511193,0,0.18278829753398895,0.9249999999998152,0.9981599999998004,0.34985795617103577
"mobilenetv2_x1_4-reg:5,lamb:1.0",5,1.0,cifar10_mobilenetv2_x1_4,2600.860892824,199,1743697891.3279288,{'runtime': 2600},0.23796717822551727,0.15828482806682587,0.15828482806682587,0.03286329284310341,1.0,0.232452663610551,0,0.237678661942482,0.9329999999990668,0.9989999999990008,1.0087319612503052,0.018225833773612976,0.003712818026542664,0.003712818026542664,0.00910323951393366,1.0,0.01825002533509131,0,0.2451065480709076,0.9961399999998009,0.9999999999998,0.011016507633030416
"mobilenetv2_x1_4-reg:5,lamb:2.0",5,2.0,cifar10_mobilenetv2_x1_4,2621.594216722,199,1743698259.5546496,{'runtime': 2621},0.2364528328180313,0.18402506411075592,0.36805012822151184,0.028653541579842567,2.0,0.23124545031499633,0,0.1346346139907837,0.935899999999064,0.9981999999990018,0.9761831760406494,0.020193208009004593,0.00627671554684639,0.01255343109369278,0.010464124381542206,2.0,0.02036113556541623,0,0.2320519983768463,0.9958799999998008,0.9999999999998,0.012096021324396132
"mobilenetv2_x1_0-reg:5,lamb:0.1",5,0.1,cifar10_mobilenetv2_x1_0,2142.340015885,199,1743697828.119486,{'runtime': 2142},0.2613857388496399,0.037195999175310135,0.0037195999175310135,0.0288845244795084,0.10000000149011612,0.26435167149551086,0,0.28319284319877625,0.9206999999990793,0.9984999999990014,0.8684382438659668,0.07614386081695557,0.004427554085850716,0.0004427554085850715,0.014235497452318668,0.10000000149011612,0.07659965010007082,0,0.31550559401512146,0.975519999999805,0.9998399999998,0.09593895077705385
"shufflenetv2_x0_5-reg:5,lamb:0.01",5,0.01,cifar10_shufflenetv2_x0_5,1135.268578794,199,1743697059.776343,{'runtime': 1135},0.3487834930419922,0.004220963455736637,4.220963455736637e-05,0.029074933379888535,0.009999999776482582,0.35479406444799216,0,0.1596393883228302,0.8836999999991162,0.9960999999990038,0.8640040755271912,0.2155565768480301,0.00164741650223732,1.64741650223732e-05,0.015726320445537567,0.009999999776482582,0.21635525246776535,0,0.19761888682842255,0.9261999999998148,0.9984199999998004,0.3366515040397644
"shufflenetv2_x1_0-reg:5,lamb:0.001",5,0.001,cifar10_shufflenetv2_x1_0,1341.723398569,199,1743697537.9577253,{'runtime': 1341},0.2845117747783661,0.0003168533730786294,3.168534021824599e-07,0.03287263959646225,0.0010000000474974513,0.2840955647861014,0,0.4053772091865539,0.9083999999990916,0.9972999999990028,0.9000934362411499,0.10443675518035889,-0.0004674074880313128,-4.674075171351433e-07,0.013750658370554447,0.0010000000474974513,0.10427981027231067,0,0.07941287755966187,0.9650799999998072,0.9996999999998,0.14606860280036926
"shufflenetv2_x0_5-reg:5,lamb:0.5",5,0.5,cifar10_shufflenetv2_x0_5,1131.621717463,199,1743697692.8087316,{'runtime': 1131},0.3284864127635956,0.13109681010246277,0.06554840505123138,0.03185511752963066,0.5,0.3243391028725876,0,0.18529856204986572,0.8912999999991086,0.9970999999990028,0.9246801733970642,0.14244765043258667,0.029469668865203857,0.014734834432601929,0.027818547561764717,0.5,0.1426973614616842,0,0.1863838881254196,0.9535399999998092,0.9997199999998,0.1583998203277588
"shufflenetv2_x1_0-reg:5,lamb:0.01",5,0.01,cifar10_shufflenetv2_x1_0,1257.8068914,199,1743698336.5636694,{'runtime': 1257},0.2900979518890381,0.0047585926949977875,4.7585926949977875e-05,0.03412233293056488,0.009999999776482582,0.2861602655827854,0,0.15512686967849731,0.9091999999990908,0.9970999999990028,0.9697026014328004,0.09749665856361388,0.0006987131200730801,6.987131200730801e-06,0.013002410531044006,0.009999999776482582,0.09746049581624684,0,0.09065485000610352,0.9672199999998066,0.9997199999998,0.13549557328224182
"shufflenetv2_x1_5-reg:5,lamb:0.001",5,0.001,cifar10_shufflenetv2_x1_5,1476.096125288,199,1743699022.6815994,{'runtime': 1476},0.2881404459476471,0.000130821717903018,1.30821717903018e-07,0.035972144454717636,0.0010000000474974513,0.2815311749111182,0,0.2136465311050415,0.9101999999990896,0.9973999999990024,0.9873228073120116,0.07696281373500824,-0.000284810084849596,-2.84810084849596e-07,0.015459767542779446,0.0010000000474974513,0.07707896267563964,0,0.11195188760757446,0.9761399999998048,0.9997799999998,0.099736750125885
"shufflenetv2_x1_0-reg:5,lamb:0.5",5,0.5,cifar10_shufflenetv2_x1_0,1252.037100734,199,1743698961.4637368,{'runtime': 1252},0.27927273511886597,0.13901013135910034,0.06950506567955017,0.0345027893781662,0.5,0.27350824151801006,0,0.26369768381118774,0.9224999999990774,0.9976999999990024,1.1423521041870115,0.032914698123931885,0.004432260990142822,0.002216130495071411,0.014357445761561394,0.5,0.03286863805805559,0,0.17362159490585327,0.9918799999998016,0.9999999999998,0.021883413195610046
"mobilenetv2_x1_4-reg:5,lamb:0.1",5,0.1,cifar10_mobilenetv2_x1_4,2710.071478136,199,1743700555.9524782,{'runtime': 2710},0.23842796683311465,0.03504740074276924,0.003504740074276924,0.02740139327943325,0.10000000149011612,0.23378507470455373,0,0.21531516313552856,0.925899999999074,0.997999999999002,0.827436089515686,0.062325213104486465,0.003359531983733177,0.0003359531983733177,0.013626569882035255,0.10000000149011612,0.06253225862546807,0,0.11799895763397215,0.980479999999804,0.9999599999998,0.07253089547157288
"shufflenetv2_x0_5-reg:5,lamb:1.0",5,1.0,cifar10_shufflenetv2_x0_5,1111.614907931,199,1743699012.5299757,{'runtime': 1111},0.35288989543914795,0.1976240873336792,0.1976240873336792,0.02833266742527485,1.0,0.3555952205365017,0,0.07801663875579834,0.8877999999991121,0.9961999999990038,1.0082491636276243,0.14517615735530853,0.045333132147789,0.045333132147789,0.03148125857114792,1.0,0.14580007573339976,0,0.13455864787101746,0.9523999999998096,0.9995599999998002,0.14837563037872314
"shufflenetv2_x0_5-reg:5,lamb:2.0",5,2.0,cifar10_shufflenetv2_x0_5,1156.155207403,199,1743699423.176978,{'runtime': 1156},0.3356083035469055,0.23898249864578247,0.47796499729156494,0.03437035158276558,2.0,0.3413373994718985,0,0.11967533826828004,0.8921999999991077,0.9964999999990034,1.0169527530670166,0.11557486653327942,0.05258181691169739,0.10516363382339478,0.02576841600239277,2.0,0.11610992913663386,0,0.11651751399040222,0.9629199999998076,0.9998199999998,0.1230168119072914
"shufflenetv2_x1_5-reg:5,lamb:0.01",5,0.01,cifar10_shufflenetv2_x1_5,1424.777451687,199,1743699779.1449068,{'runtime': 1424},0.2688744366168976,0.0045159365981817245,4.5159365981817245e-05,0.03339642658829689,0.009999999776482582,0.262799875232815,0,0.1760546863079071,0.916899999999083,0.9972999999990028,0.913549780845642,0.06379558145999908,0.0003762426786124706,3.7624267861247063e-06,0.013924784027040005,0.009999999776482582,0.06395672000998436,0,0.19084209203720093,0.979959999999804,0.9999599999998,0.07643049955368042
"shufflenetv2_x1_5-reg:5,lamb:0.5",5,0.5,cifar10_shufflenetv2_x1_5,1428.324228613,199,1743700401.4542265,{'runtime': 1428},0.2696439325809479,0.13721290230751038,0.06860645115375519,0.03856728971004486,0.5,0.26962289840692993,0,0.2181638479232788,0.9241999999990758,0.9976999999990024,1.135385274887085,0.018580850213766095,0.002059396356344223,0.0010296981781721115,0.009960862807929516,0.5,0.01873857487961838,0,0.26485517621040344,0.9962999999998008,0.9999999999998,0.010026693344116213
"shufflenetv2_x1_0-reg:5,lamb:1.0",5,1.0,cifar10_shufflenetv2_x1_0,1228.187409721,199,1743700251.452192,{'runtime': 1228},0.2916681468486786,0.1927759349346161,0.1927759349346161,0.04109098762273789,1.0,0.28693904999920666,0,0.2947496771812439,0.9171999999990827,0.9976999999990024,1.218240737915039,0.0269322469830513,0.0057778432965278625,0.0057778432965278625,0.012639964930713177,1.0,0.026970966708211575,0,0.23905670642852783,0.9938799999998011,0.9999999999998,0.017051484435796738
"shufflenetv2_x2_0-reg:5,lamb:0.001",5,0.001,cifar10_shufflenetv2_x2_0,1891.946146459,199,1743700922.1496656,{'runtime': 1892},0.2615794241428375,0.00027267378754913807,2.726737875491381e-07,0.03458597883582115,0.0010000000474974513,0.26486820683712137,0,0.19087496399879456,0.918899999999081,0.9980999999990018,0.9204557538032532,0.05529096722602844,-2.2144375179777853e-05,-2.2144376998767257e-08,0.012750275433063509,0.0010000000474974513,0.05529938406047842,0,0.25041642785072327,0.9833999999998032,0.9998999999998,0.06985501945018768
"shufflenetv2_x1_0-reg:5,lamb:2.0",5,2.0,cifar10_shufflenetv2_x1_0,1266.851325369,199,1743700701.6805398,{'runtime': 1266},0.2796330749988556,0.2199573814868927,0.4399147629737854,0.040268175303936005,2.0,0.2745426634571543,0,0.2792070806026459,0.9210999999990788,0.9977999999990022,1.1908090114593506,0.025943264365196228,0.008083328604698181,0.016166657209396362,0.013434724882245064,2.0,0.025920277550368374,0,0.2045210003852844,0.9946399999998012,0.9999999999998,0.01521054282784462
"shufflenetv2_x2_0-reg:5,lamb:0.01",5,0.01,cifar10_shufflenetv2_x2_0,1842.315821579,199,1743701632.0992658,{'runtime': 1842},0.26349595189094543,0.004668720066547394,4.668720066547394e-05,0.034898027777671814,0.009999999776482582,0.26141286970100136,0,0.21506112813949585,0.9215999999990784,0.9982999999990017,0.9516513347625732,0.05379856377840042,0.00029742950573563576,2.9742950573563576e-06,0.01277121528983116,0.009999999776482582,0.0538103122673844,0,0.13068121671676636,0.9837199999998032,0.9998399999998,0.06430312246084213
"shufflenetv2_x1_5-reg:5,lamb:1.0",5,1.0,cifar10_shufflenetv2_x1_5,1408.482356139,199,1743701668.9282718,{'runtime': 1408},0.2795884609222412,0.19050288200378415,0.19050288200378415,0.0401172935962677,1.0,0.2779093540510156,0,0.2606695890426636,0.9246999999990752,0.9966999999990032,1.265620470046997,0.014026757329702376,0.00230228528380394,0.00230228528380394,0.008445747196674347,1.0,0.014032682091973328,0,0.21817749738693237,0.9976199999998006,0.9999999999998,0.0064580063335597515
"shufflenetv2_x2_0-reg:5,lamb:0.5",5,0.5,cifar10_shufflenetv2_x2_0,1838.355476443,199,1743702248.4262974,{'runtime': 1838},0.2749370038509369,0.14609560370445251,0.07304780185222626,0.035157203674316406,0.5,0.27250017591458864,0,0.16428518295288086,0.9291999999990708,0.9977999999990022,1.272765040397644,0.015323331579566002,0.001693418249487877,0.0008467091247439384,0.008756589144468307,0.5,0.015323639585215862,0,0.2871464788913727,0.9972999999998006,0.9999999999998,0.00854501686990261
"shufflenetv2_x0_5-reg:5,lamb:0.1",5,0.1,cifar10_shufflenetv2_x0_5,1659.521140661,199,1743702224.3157816,{'runtime': 1659},0.35367143154144287,0.04068505018949509,0.004068505018949509,0.0314771942794323,0.10000000149011612,0.3575946315229022,0,0.10715141892433168,0.8814999999991184,0.995999999999004,0.9233704805374146,0.20246797800064087,0.01323990523815155,0.001323990523815155,0.019555073231458664,0.10000000149011612,0.20320983959883665,0,0.19934886693954468,0.929879999999814,0.9990799999998002,0.2871403098106384
"shufflenetv2_x1_5-reg:5,lamb:2.0",5,2.0,cifar10_shufflenetv2_x1_5,1443.865405773,199,1743702153.282923,{'runtime': 1443},0.2726708948612213,0.21774592995643616,0.4354918599128723,0.03920675814151764,2.0,0.26663032728566505,0,0.7539608478546143,0.9260999999990738,0.9977999999990022,1.1994632482528689,0.012416262179613112,0.0031041093170642853,0.0062082186341285706,0.007942892611026764,2.0,0.012504154468761764,0,0.381714791059494,0.9981799999998004,0.9999999999998,0.005570193752646446
"shufflenetv2_x2_0-reg:5,lamb:1.0",5,1.0,cifar10_shufflenetv2_x2_0,1816.649541461,199,1743703502.6240242,{'runtime': 1816},0.2736373543739319,0.1869540810585022,0.1869540810585022,0.038770321756601334,1.0,0.26781193788918645,0,0.7229103446006775,0.9273999999990724,0.997999999999002,1.221232771873474,0.010955902747809889,0.001743408851325512,0.001743408851325512,0.006598734762519598,1.0,0.01096106376276706,0,0.631080150604248,0.9981199999998004,0.9999999999998,0.004927982576191425
"shufflenetv2_x2_0-reg:5,lamb:2.0",5,2.0,cifar10_shufflenetv2_x2_0,1855.995808705,199,1743704018.9202144,{'runtime': 1856},0.28771206736564636,0.23509642481803897,0.4701928496360779,0.04030859470367432,2.0,0.2821587472448671,0,0.17235291004180908,0.9282999999990716,0.9976999999990024,1.434343934059143,0.008800413459539413,0.0020936988294124603,0.004187397658824921,0.005662017501890659,2.0,0.008865375425309288,0,0.2372889518737793,0.9987599999998004,0.9999999999998,0.003860773518681526
"shufflenetv2_x1_0-reg:5,lamb:0.1",5,0.1,cifar10_shufflenetv2_x1_0,1711.870791924,199,1743703947.924605,{'runtime': 1711},0.28263750672340393,0.04013720899820328,0.004013720899820328,0.03678368777036667,0.10000000149011612,0.27993034750675483,0,0.2701307535171509,0.9085999999990914,0.9975999999990024,0.9459277391433716,0.07215167582035065,0.0035634171217679977,0.0003563417121767998,0.01781216450035572,0.10000000149011612,0.07207547796864526,0,0.17956164479255676,0.9777999999998044,0.9999399999998,0.07616963982582092
"shufflenetv2_x1_5-reg:5,lamb:0.1",5,0.1,cifar10_shufflenetv2_x1_5,1797.997527178,199,1743705755.6999662,{'runtime': 1798},0.26483044028282166,0.04225239157676697,0.004225239157676697,0.033932384103536606,0.10000000149011612,0.2620506509483385,0,0.27229398488998413,0.921799999999078,0.997899999999002,1.0122878551483154,0.04138459265232086,0.0018357206135988235,0.00018357206135988235,0.013785009272396564,0.10000000149011612,0.04151247492874622,0,0.2252568006515503,0.9886599999998024,0.9999799999998,0.039199210703372955
"shufflenetv2_x2_0-reg:5,lamb:0.1",5,0.1,cifar10_shufflenetv2_x2_0,2078.049304339,199,1743707843.8235085,{'runtime': 2078},0.25664517283439636,0.04319380968809128,0.004319380968809128,0.03331789746880531,0.10000000149011612,0.2531214072667558,0,0.17672252655029297,0.9265999999990732,0.9976999999990024,1.0479960441589355,0.034883126616477966,0.0014186953194439411,0.0001418695319443941,0.012485558167099953,0.10000000149011612,0.03485966070700407,0,0.24276220798492432,0.990639999999802,0.9999999999998,0.03009771928191185
