id,name,reg,lamb,eval/lr,eval/loss,eval/ece,eval/mce,eval/top1_acc,eval/top5_acc,eval/L,eval/alphaD,eval/var,eval/lambd,eval/cummulant,test/lr,test/loss,test/mce,test/alphaD,test/lambd,test/cummulant,test/top1_acc,test/top5_acc,test/L,test/var,test/ece
0,resnet56,3,0.5,0.1,1.1383522635111918,0.0634679645299911,0.1219815611839294,0.68299999999317,0.91799999999082,1.138352394104004,0.6432764530181885,3.0452535152435303,0.1000000014901161,0.0134381353855133,0.1,1.0913083673643325,0.1098899245262146,0.6417765021324158,0.1000000014901161,0.0136947482824325,0.8678199999998265,0.9914799999998016,0.4496678113937378,0.4824728965759277,0.0927695482969284
1,resnet56,3,1.0,0.1,1.176577317869847,0.0852474942803382,0.1627345383167266,0.6809999999931899,0.92299999999077,1.1765774488449097,0.6767160296440125,3.3936781883239746,0.1000000014901161,0.0148397237062454,0.1,1.1169953068931848,0.1279262900352478,0.6716969013214111,0.1000000014901161,0.0150131657719612,0.9086799999998184,0.9963799999998008,0.3361567854881286,0.3008369207382202,0.0984336882829666
2,resnet56,4,2.0,0.1,1.390345440312549,0.1409712135791778,0.2760425508022308,0.68899999999311,0.90699999999093,1.3903456926345823,0.9143951535224916,6.335580348968506,0.1000000014901161,0.0263794213533401,0.1,1.3297990413301304,0.2546119093894958,0.8839557766914368,0.1000000014901161,0.0250954926013946,0.9957999999998008,0.9999999999998,0.0553465113043785,0.0178032461553812,0.0421065837144851
3,resnet56,3,0.1,0.1,1.1991212248099352,0.044966772198677,0.1213046312332153,0.65199999999348,0.9099999999909,1.199121356010437,0.6187005043029785,2.67118763923645,0.1000000014901161,0.0120386928319931,0.1,1.1768800139596216,0.16059011220932,0.633677065372467,0.1000000014901161,0.0128229260444641,0.7720599999998456,0.960039999999808,0.7660225629806519,1.1399943828582764,0.071441002190113
4,resnet56,5,1.0,0.1,1.34758053862533,0.1582509577274322,0.3365747332572937,0.66699999999333,0.91599999999084,1.3475807905197144,0.8457016348838806,5.473517894744873,0.1000000014901161,0.0229045003652572,0.1,1.233417748034443,0.2398069500923156,0.8259022831916809,0.1000000014901161,0.0225040763616561,0.9829599999998034,0.9998599999998,0.1011519432067871,0.0538511760532856,0.0575058460235595
5,resnet56,3,0.01,0.1,1.3961626151658764,0.0584935843944549,0.0946884155273437,0.59799999999402,0.8809999999911899,1.3961628675460815,0.66746586561203,2.976957082748413,0.1000000014901161,0.0134990513324737,0.1,1.3545563868200987,0.1083885729312896,0.6775521636009216,0.1000000014901161,0.0140672028064727,0.6987599999998603,0.9270599999998146,1.0386184453964231,1.6996781826019287,0.0576045215129852
6,resnet56,4,0.1,0.1,1.4157948352378036,0.1654199510812759,0.2926318645477295,0.6899999999931,0.90499999999095,1.415794849395752,0.9326937794685364,6.3931403160095215,0.1000000014901161,0.0269340276718139,0.1,1.2799615448399255,0.2880379557609558,0.8970552086830139,0.1000000014901161,0.0261218100786209,0.9972999999998006,0.9999999999998,0.0312723815441131,0.0118319913744926,0.0231711827218532
7,resnet56,4,0.001,0.1,1.4151371575939289,0.1679224371910095,0.4028925597667694,0.69299999999307,0.90899999999091,1.4151372909545898,0.925093114376068,6.277659893035889,0.1000000014901161,0.0264338552951812,0.1,1.3169798968834838,0.2888282537460327,0.91920268535614,0.1000000014901161,0.0270970910787582,0.9972799999998004,0.9999999999998,0.0275817848742008,0.0098403189331293,0.0201272442936897
8,resnet56,4,0.5,0.1,1.321976767671651,0.1453742831945419,0.300873339176178,0.70799999999292,0.91699999999083,1.321976900100708,0.8970399498939514,6.188903331756592,0.1000000014901161,0.0256851464509964,0.1,1.2533633695027595,0.2878444790840149,0.8688780665397644,0.1000000014901161,0.0246960371732711,0.9973399999998006,0.9999999999998,0.0342102833092212,0.010237799026072,0.0263588018715381
9,resnet56,5,0.5,0.1,1.3099770414961769,0.1339720338582992,0.2362895458936691,0.69299999999307,0.91699999999083,1.3099769353866575,0.8399025797843933,5.330626010894775,0.1000000014901161,0.0224805176258087,0.1,1.213941625729762,0.2426790595054626,0.8084502816200256,0.1000000014901161,0.0215244367718696,0.980259999999804,0.9998799999998,0.1086726859211921,0.0644177719950676,0.0574468448758125
10,resnet56,5,2.0,0.1,1.3932280401143506,0.1415151357650756,0.2600740194320678,0.65499999999345,0.90699999999093,1.3932280540466309,0.8323509693145752,5.0338287353515625,0.1000000014901161,0.0216121971607208,0.1,1.2628019371836514,0.2014505863189697,0.8104361295700073,0.1000000014901161,0.0213397741317749,0.980599999999804,0.9996799999998002,0.1183035597205162,0.0622912757098674,0.0675388649106025
11,resnet56,5,0.01,0.1,1.158957231376126,0.1206109821796417,0.267867237329483,0.69099999999309,0.92299999999077,1.1589572429656982,0.7241027355194092,3.920105218887329,0.1000000014901161,0.0169863477349281,0.1,1.14333270528701,0.2170419692993164,0.7450237274169922,0.1000000014901161,0.0183936282992362,0.930579999999814,0.995159999999801,0.2494325041770935,0.3222842216491699,0.0574901103973388
12,resnet56,5,0.001,0.1,1.154753673450022,0.1146489903330802,0.1926703453063964,0.6899999999931,0.92899999999071,1.154753804206848,0.7059804797172546,3.655158281326294,0.1000000014901161,0.0159937962889671,0.1,1.1661646088252466,0.2225200533866882,0.7357152700424194,0.1000000014901161,0.0177423804998397,0.9213599999998158,0.9933799999998014,0.2867748737335205,0.3975634276866913,0.0629818066954612
13,resnet56,4,0.01,0.1,1.322211133132564,0.1275425553321838,0.307466447353363,0.7309999999926899,0.91699999999083,1.3222110271453855,0.9147434830665588,6.524177074432373,0.1000000014901161,0.0268081575632095,0.1,1.320383030695892,0.2970004677772522,0.9171226620674132,0.1000000014901161,0.0269510298967361,0.9972399999998006,0.9999999999998,0.029122095555067,0.011051720008254,0.021256398409605
14,resnet56,5,0.1,0.1,1.2277283545745232,0.1324954777956009,0.2577475309371948,0.68899999999311,0.91499999999085,1.2277286052703855,0.7823954820632935,4.657635688781738,0.1000000014901161,0.0197850987315177,0.1,1.1494047364073454,0.2013968825340271,0.763160765171051,0.1000000014901161,0.0195110663771629,0.9537799999998092,0.9985999999998004,0.1801068633794784,0.1665244698524475,0.0609242618083953
15,resnet56,3,2.0,0.1,1.3097106087366952,0.1070087850093841,0.2245627641677856,0.64099999999359,0.9099999999909,1.3097107410430908,0.7395191192626953,4.113050937652588,0.1000000014901161,0.0176116228103637,0.1,1.2933029186925606,0.1741062402725219,0.7681801915168762,0.1000000014901161,0.0192734152078628,0.9040199999998192,0.995359999999801,0.3515359759330749,0.3348255455493927,0.0984105467796325
16,resnet56,4,1.0,0.1,1.3864620785349764,0.1506546437740326,0.4054710865020752,0.69799999999302,0.92099999999079,1.3864619731903076,0.9209365248680116,6.585324764251709,0.1000000014901161,0.0270458161830902,0.1,1.2960431693829433,0.2794812619686126,0.8863179683685303,0.1000000014901161,0.0253991931676864,0.9966599999998008,0.9999599999998,0.0406611077487468,0.0128504186868667,0.0309636779129505
17,resnet56,3,0.001,0.1,1.2843729129146328,0.0475057028234005,0.1170968413352966,0.63299999999367,0.89699999999103,1.2843728065490725,0.6468267440795898,2.875791072845459,0.1000000014901161,0.0129549652338027,0.1,1.2680997437056445,0.0944105982780456,0.6659916639328003,0.1000000014901161,0.0139473974704742,0.7212599999998558,0.9364399999998128,0.9483836889266968,1.6322667598724363,0.0474442951381206
18,resnet56,0,0.0,0.1,1.4514044378098694,0.1585657447576522,0.3143511414527893,0.7059999999929399,0.90599999999094,1.4514045715332031,0.9964089393615724,7.591954231262207,0.1000000014901161,0.0310042351484298,0.1,1.337361374004867,0.3258629441261291,0.9228912591934204,0.1000000014901161,0.0271763801574707,0.9972799999998004,0.9999799999998,0.0275626927614212,0.0100936358794569,0.0202670525759458
19,resnet20,3,0.01,0.1,1.3391227588255694,0.0490044392645359,0.4112855195999145,0.59799999999402,0.88199999999118,1.3391228914260864,0.6116905808448792,2.424274444580078,0.1000000014901161,0.0112020671367645,0.1,1.3407891311582782,0.0859312266111373,0.6432103514671326,0.1000000014901161,0.0126580595970153,0.6825999999998635,0.919619999999816,1.1032748222351074,1.7189501523971558,0.0671629235148429
20,resnet20,3,0.1,0.1,1.3071492779670204,0.0350625738501548,0.0989490523934364,0.62299999999377,0.89799999999102,1.3071495294570925,0.6084917783737183,2.4768154621124268,0.1000000014901161,0.011325404047966,0.1,1.3010511516314072,0.0889451056718826,0.6322444081306458,0.1000000014901161,0.0123540014028549,0.7018399999998597,0.9339399999998133,1.0209839344024658,1.4583375453948977,0.0802264437079429
21,resnet20,5,2.0,0.1,1.174216973960345,0.0638865679502487,0.1190562844276428,0.67599999999324,0.92699999999073,1.1742171049118042,0.6587135195732117,3.2372970581054688,0.1000000014901161,0.0141612067818641,0.1,1.1626705580614425,0.1272994875907898,0.6794156432151794,0.1000000014901161,0.0150745883584022,0.8920199999998216,0.9940999999998013,0.3976868987083435,0.3792998194694519,0.108406975865364
22,resnet20,5,0.1,0.1,1.1844015003019812,0.0578257218003273,0.1160750985145568,0.67399999999326,0.91699999999083,1.184401512145996,0.6578633189201355,3.153614282608032,0.1000000014901161,0.013919360935688,0.1,1.140035786951474,0.097886174917221,0.6437186598777771,0.1000000014901161,0.0134081095457077,0.8357799999998329,0.9820999999998036,0.5595946311950684,0.7085939645767212,0.0886204093694686
23,resnet20,3,2.0,0.1,1.2337295885690762,0.045522816479206,0.1228489279747009,0.64099999999359,0.91299999999087,1.2337297201156616,0.6167093515396118,2.64265513420105,0.1000000014901161,0.0119437575340271,0.1,1.1934301045190998,0.092292383313179,0.6277017593383789,0.1000000014901161,0.0127193704247474,0.8171599999998366,0.979919999999804,0.6426851153373718,0.7194911241531372,0.1210075169801712
24,resnet20,4,0.1,0.1,1.329562293108491,0.1293864250183105,0.223120629787445,0.64899999999351,0.90499999999095,1.3295621871948242,0.7780091762542725,4.411910533905029,0.1000000014901161,0.0190932154655456,0.1,1.2197791721778115,0.1980720162391662,0.7459124326705933,0.1000000014901161,0.0180951282382011,0.9159599999998168,0.9962999999998008,0.3167684078216553,0.3105117082595825,0.0899993777275085
25,resnet20,5,0.001,0.1,1.1654627206604364,0.0522833466529846,0.1394527554512024,0.67699999999323,0.91199999999088,1.165462851524353,0.6381546854972839,2.902038335800171,0.1000000014901161,0.0129786878824234,0.1,1.1493202567575775,0.108613908290863,0.6522859930992126,0.1000000014901161,0.0136794671416282,0.820079999999836,0.9722399999998056,0.6170016527175903,0.9449923634529114,0.07431211322546
26,resnet20,3,1.0,0.1,1.2428090448076274,0.0342075787484645,0.0694336891174316,0.62799999999372,0.91199999999088,1.2428094148635864,0.5998352766036987,2.474095344543457,0.1000000014901161,0.0112390592694282,0.1,1.1909788701281738,0.062960147857666,0.6138785481452942,0.1000000014901161,0.0121185332536697,0.7882999999998423,0.9746999999998052,0.7261316776275635,0.8187516927719116,0.1182562187314033
27,resnet20,3,0.001,0.1,1.3419955834657251,0.0330105796456337,0.0831130146980285,0.60299999999397,0.89099999999109,1.3419957160949707,0.6226888298988342,2.596353769302368,0.1000000014901161,0.0118445754051208,0.1,1.3345064572235408,0.0757749080657959,0.6439046859741211,0.1000000014901161,0.0127135813236236,0.6860399999998629,0.920079999999816,1.0927122831344604,1.7336955070495603,0.0645061358809471
28,resnet20,0,0.0,0.1,1.2411018485890426,0.0976708158850669,0.1935889720916748,0.68899999999311,0.90699999999093,1.241101861000061,0.7546538710594177,4.266406059265137,0.1000000014901161,0.0183200612664222,0.1,1.2451537568774345,0.180317223072052,0.7678755521774292,0.1000000014901161,0.018951267004013,0.9171199999998166,0.9945999999998012,0.3117178380489349,0.3511561751365661,0.0826254114508628
29,resnet20,5,1.0,0.1,1.2642643325264242,0.0923197418451309,0.189970463514328,0.64899999999351,0.90699999999093,1.2642642259597778,0.7025805711746216,3.5580484867095947,0.1000000014901161,0.015649527311325,0.1,1.1311109318351154,0.1095297932624816,0.6512406468391418,0.1000000014901161,0.0138793736696243,0.8837199999998233,0.9940799999998012,0.4218813180923462,0.3920938670635223,0.1118157505989074
30,resnet20,5,0.01,0.1,1.184371578770603,0.0725758969783783,0.2021505236625671,0.65099999999349,0.92099999999079,1.184371829032898,0.6330450773239136,2.805351734161377,0.1000000014901161,0.0126279667019844,0.1,1.1331086543526645,0.4144965410232544,0.6415768265724182,0.1000000014901161,0.0133085772395133,0.8239199999998352,0.975099999999805,0.6021995544433594,0.8943141102790833,0.076702706515789
31,resnet20,3,0.5,0.1,1.2489731186900783,0.0238339081406593,0.2460844814777374,0.64399999999356,0.89599999999104,1.2489731311798096,0.5958530306816101,2.382787704467773,0.1000000014901161,0.0109222680330276,0.1,1.1853086935224677,0.0974703878164291,0.5949779152870178,0.1000000014901161,0.011252999305725,0.7648399999998471,0.965599999999807,0.7999140024185181,0.9373948574066162,0.1120244562625885
32,resnet20,5,0.5,0.1,1.177106726319448,0.0817881599068641,0.1846193373203277,0.65699999999343,0.90299999999097,1.1771069765090942,0.6385946869850159,2.828873634338379,0.1000000014901161,0.0127578899264335,0.1,1.147437081121683,0.1190667599439621,0.6550726890563965,0.1000000014901161,0.0140089988708496,0.8622799999998276,0.990779999999802,0.4841635227203369,0.4929806590080261,0.1082642823457718
33,resnet20,4,0.01,0.1,1.29772041930429,0.1164385229349136,0.2789676785469055,0.66699999999333,0.91099999999089,1.297720432281494,0.7651920318603516,4.2468695640563965,0.1000000014901161,0.0184291303157806,0.1,1.2325395464447748,0.1950347423553466,0.7558057904243469,0.1000000014901161,0.0184146389365196,0.9175799999998164,0.9947599999998012,0.3101014494895935,0.3490771353244781,0.0817219763994216
34,resnet20,4,0.5,0.1,1.271377193134922,0.0895887017250061,0.2144132852554321,0.67099999999329,0.90899999999091,1.2713772058486938,0.7432236671447754,4.166977882385254,0.1000000014901161,0.0178495198488235,0.1,1.2188170075119629,0.1593885123729705,0.726395845413208,0.1000000014901161,0.0170977041125297,0.9178199999998164,0.9973799999998004,0.3181319832801819,0.2617309093475342,0.1033985763788223
35,resnet20,4,2.0,0.1,1.272231327686012,0.0940820276737213,0.2005338668823242,0.66299999999337,0.90599999999094,1.2722314596176147,0.7431312799453735,4.108755588531494,0.1000000014901161,0.0177313238382339,0.1,1.2247461729216689,0.1653628945350647,0.7293511629104614,0.1000000014901161,0.0171880275011062,0.9236199999998154,0.9968199999998006,0.3094008266925812,0.2571292519569397,0.1067308858036995
36,resnet20,4,0.001,0.1,1.3344925508564296,0.1160506233572959,0.2079108953475952,0.6559999999934399,0.899999999991,1.3344926834106443,0.776911735534668,4.375144481658936,0.1000000014901161,0.0189434885978698,0.1,1.2209553042726893,0.1768843531608581,0.7526860237121582,0.1000000014901161,0.018319547176361,0.915159999999817,0.9942199999998012,0.3157312870025635,0.3587555289268493,0.0814549773931503
37,resnet20,4,1.0,0.1,1.3376928434117068,0.1117233783006668,0.2450510859489441,0.65399999999346,0.90599999999094,1.3376929759979248,0.7688001394271851,4.255874633789063,0.1000000014901161,0.0185263156890869,0.1,1.220951039229223,0.2051106095314026,0.731172502040863,0.1000000014901161,0.0174837112426757,0.920319999999816,0.9978399999998004,0.3140585720539093,0.2449038326740265,0.1075370013713836
38,resnet32,5,1.0,0.1,1.2474735850518146,0.1203630864620208,0.2381751537322998,0.66799999999332,0.91499999999085,1.2474737167358398,0.7538536787033081,4.298408508300781,0.1000000014901161,0.0183678716421127,0.1,1.1960742592767346,0.1871060132980346,0.7540941834449768,0.1000000014901161,0.0187182277441024,0.9483399999998104,0.9989999999998004,0.2204459905624389,0.1611700505018234,0.0882495790719986
39,resnet32,5,2.0,0.1,1.3324738607673636,0.1212347745895385,0.2186734229326248,0.65799999999342,0.90299999999097,1.3324739933013916,0.7829379439353943,4.4480881690979,0.1000000014901161,0.0192837715148925,0.1,1.2535748467821877,0.1745145916938781,0.7554446458816528,0.1000000014901161,0.0185135453939437,0.920079999999816,0.9969599999998008,0.3133509159088135,0.2737731635570526,0.1020551174879074
40,resnet32,3,0.1,0.1,1.3022618163536026,0.0539296977221965,0.1220035851001739,0.62199999999378,0.89599999999104,1.3022620677947998,0.638742208480835,2.708747625350952,0.1000000014901161,0.0123911648988723,0.1,1.228717537680304,0.0878103524446487,0.6371071934700012,0.1000000014901161,0.0127519369125366,0.7400799999998521,0.95081999999981,0.8703677654266357,1.289241075515747,0.0692800804972648
41,resnet32,4,0.5,0.1,1.240230905528294,0.11723493039608,0.2646641731262207,0.70099999999299,0.91199999999088,1.240231156349182,0.794076144695282,4.719018936157227,0.1000000014901161,0.0201994627714157,0.1,1.2637904338569848,0.2446752190589904,0.8294113278388977,0.1000000014901161,0.0223493874073028,0.9783999999998044,0.9999599999998,0.1223613023757934,0.0674585998058319,0.0662737786769867
42,resnet32,4,0.1,0.1,1.4163501121029785,0.14952053129673,0.3145875930786133,0.67699999999323,0.91099999999089,1.4163498878479004,0.905907928943634,6.294787406921387,0.1000000014901161,0.0260100811719894,0.1,1.288995940047783,0.251394510269165,0.8527864813804626,0.1000000014901161,0.0235042870044708,0.9789599999998042,0.9997999999998,0.1117843315005302,0.0703974813222885,0.0573054105043411
43,resnet32,4,0.001,0.1,1.3714138132283058,0.1471720039844513,0.2882217764854431,0.6809999999931899,0.91699999999083,1.3714138269424438,0.88258296251297,6.058213233947754,0.1000000014901161,0.0249368250370025,0.1,1.2925904047697074,0.2607877850532532,0.8518157005310059,0.1000000014901161,0.0232505053281784,0.9784999999998044,0.9993999999998002,0.1131312772631645,0.0823505073785781,0.0553146973252296
44,resnet32,4,0.01,0.1,1.3548673255855432,0.1526156663894653,0.2931650280952453,0.67199999999328,0.90599999999094,1.3548672199249268,0.8441550731658936,5.161674499511719,0.1000000014901161,0.0221825987100601,0.1,1.2925387474109595,0.2735387086868286,0.8581730127334595,0.1000000014901161,0.0237584263086318,0.9774599999998046,0.9996399999998,0.1161944344639778,0.0842505246400833,0.0556058101356029
45,resnet32,4,2.0,0.1,1.3751289707000045,0.128390371799469,0.2184876799583435,0.66699999999333,0.90399999999096,1.3751291036605835,0.8443900942802429,5.462996006011963,0.1000000014901161,0.0227968692779541,0.1,1.2991315376893804,0.2559925615787506,0.8289021849632263,0.1000000014901161,0.0221937447786331,0.9682999999998064,0.9995399999998,0.1607866436243057,0.1000229120254516,0.0789640098810195
46,resnet32,3,1.0,0.1,1.1713094594172766,0.0695438832044601,0.1173535585403442,0.6599999999934,0.93099999999069,1.1713095903396606,0.6366252899169922,2.9587464332580566,0.1000000014901161,0.0131017789244651,0.1,1.147592053197927,0.1250786185264587,0.6486179232597351,0.1000000014901161,0.0138728693127632,0.8498799999998301,0.9873399999998026,0.5133606195449829,0.5561553239822388,0.1030968427658081
47,resnet32,5,0.01,0.1,1.166853773846294,0.0922352969646453,0.1973035335540771,0.69299999999307,0.91899999999081,1.1668537855148315,0.6889330148696899,3.487433671951294,0.1000000014901161,0.0152811929583549,0.1,1.12262748222652,0.1435134410858154,0.6826753616333008,0.1000000014901161,0.0153150931000709,0.8808999999998238,0.9876199999998024,0.4136099219322204,0.5883115530014038,0.0707564651966095
48,resnet32,5,0.001,0.1,1.1413781528776004,0.0868837237358093,0.1802315711975097,0.67899999999321,0.91699999999083,1.1413782835006714,0.6668652892112732,3.268709182739258,0.1000000014901161,0.0143734887242317,0.1,1.1064848357727968,0.1508141160011291,0.6722415089607239,0.1000000014901161,0.0149434506893157,0.8761599999998249,0.9857399999998028,0.4285559058189392,0.6249236464500427,0.0688952654600143
49,resnet32,4,1.0,0.1,1.2286182519121207,0.1306963860988617,0.2664424479007721,0.6899999999931,0.91599999999084,1.2286185026168823,0.7837339043617249,4.59909200668335,0.1000000014901161,0.0197205394506454,0.1,1.289669922879201,0.2443543076515197,0.8400949239730835,0.1000000014901161,0.0228726416826248,0.9819199999998036,0.9999399999998,0.1134521216154098,0.0565517321228981,0.0663233995437622
50,resnet32,3,0.001,0.1,1.3652500969737198,0.0517840236425399,0.1375327706336975,0.60899999999391,0.8799999999912,1.3652501106262207,0.6525474786758423,2.7939906120300293,0.1000000014901161,0.0127996057271957,0.1,1.3156108046854675,0.5051113367080688,0.6657451391220093,0.1000000014901161,0.0137269794940948,0.7026199999998595,0.9270999999998146,1.0336401462554932,1.72745943069458,0.0564290434122085
51,resnet32,3,2.0,0.1,1.217736232024298,0.0728042647242546,0.1515368223190307,0.65699999999343,0.92099999999079,1.2177363634109497,0.6662015914916992,3.2588815689086914,0.1000000014901161,0.0142992958426475,0.1,1.200474313885595,0.115020751953125,0.6799861788749695,0.1000000014901161,0.0150850862264633,0.860179999999828,0.9887799999998024,0.491834819316864,0.5416536331176758,0.1060334146022796
52,resnet32,3,0.5,0.1,1.153352487474654,0.0452775582671165,0.1148521900177002,0.66299999999337,0.92699999999073,1.1533526182174685,0.6041919589042664,2.6512668132781982,0.1000000014901161,0.0118124783039093,0.1,1.14236263307163,0.0968130528926849,0.6219788789749146,0.1000000014901161,0.0126213058829307,0.8161199999998369,0.979839999999804,0.6219958066940308,0.7289271354675293,0.1002435907721519
53,resnet32,5,0.5,0.1,1.1556450012990798,0.1016649529337883,0.419232577085495,0.68499999999315,0.92599999999074,1.1556452512741089,0.6988697052001953,3.714653491973877,0.1000000014901161,0.0160247609019279,0.1,1.1247210887491907,0.1704743206501007,0.7048050165176392,0.1000000014901161,0.0164485499262809,0.939819999999812,0.9988999999998004,0.2432915419340133,0.1896200329065323,0.0893161445856094
54,resnet32,3,0.01,0.1,1.2594120376530722,0.0430587381124496,0.1248812675476074,0.62699999999373,0.88599999999114,1.2594122886657717,0.6222389936447144,2.6280078887939453,0.1000000014901161,0.0119390040636062,0.1,1.23319362132486,0.0732564479112625,0.6408892273902893,0.1000000014901161,0.0129630342125892,0.725319999999855,0.9394199999998122,0.941082239151001,1.5247102975845337,0.061443842947483
55,resnet32,0,0.0,0.1,1.367428169881321,0.1508741676807403,0.2941544950008392,0.6809999999931899,0.91099999999089,1.367428421974182,0.8922368884086609,6.059282779693604,0.1000000014901161,0.0252812057733535,0.1,1.3295942000344798,0.271458089351654,0.8714636564254761,0.1000000014901161,0.0243082791566848,0.9779399999998044,0.9994199999998,0.1139961183071136,0.0855244547128677,0.0544527098536491
56,resnet32,5,0.1,0.1,1.1608384731557144,0.0982141196727752,0.191769003868103,0.68199999999318,0.91899999999081,1.160838603973389,0.6943346261978149,3.605934858322144,0.1000000014901161,0.0156690999865531,0.1,1.0993493783179904,0.1590042114257812,0.6640865802764893,0.1000000014901161,0.0144664198160171,0.8968399999998207,0.9928599999998016,0.3589327931404114,0.4171041250228882,0.0778796225786209
57,vgg11_bn,4,1.0,0.1,1.6602408719931725,0.1835189461708068,0.4143668711185455,0.68499999999315,0.88199999999118,1.6602407693862915,1.0644539594650269,7.797954559326172,0.1000000014901161,0.0332411527633667,0.1,1.5309864795416137,0.3861836194992065,1.0402226448059082,0.1000000014901161,0.0330024510622024,0.9984399999998004,0.9999999999998,0.0092534963041543,0.0061693675816059,0.0051283347420394
58,vgg11_bn,5,0.1,0.1,1.518549546315054,0.1741332113742828,0.3870968520641327,0.66899999999331,0.89399999999106,1.518549919128418,0.955532968044281,6.559174060821533,0.1000000014901161,0.0277323722839355,0.1,1.4288233502724648,0.3252609968185425,0.9627482891082764,0.1000000014901161,0.0290861129760742,0.964819999999807,0.9984799999998004,0.1183705553412437,0.1941176652908325,0.0193406883627176
59,vgg11_bn,3,1.0,0.1,4.605286552152701,0.0002669775858521,0.0002669775858521,0.0099999999999,0.04499999999955,4.605286121368408,0.0055449823848903,0.0001512574672233,0.1000000014901161,7.450580596923828e-07,0.1,4.605239439191878,0.0002671517431735,0.0054783779196441,0.1000000014901161,1.2814998626708984e-06,0.009999999999998,0.04999999999999,4.605244159698486,0.000147606304381,0.0002611521631479
60,vgg11_bn,4,0.01,0.1,1.5549347245171812,0.1591781973838806,0.3942473232746124,0.68499999999315,0.86299999999137,1.554934859275818,1.0048233270645142,7.124687671661377,0.1000000014901161,0.0302355289459228,0.1,1.488993179468237,0.3531861901283264,1.005859613418579,0.1000000014901161,0.0311148166656494,0.9990399999998002,0.9999999999998,0.0068917241878807,0.0035923069808632,0.0044094840995967
61,vgg11_bn,5,0.5,0.1,1.6818042825365105,0.2004592418670654,0.9340921640396118,0.66499999999335,0.87899999999121,1.6818045377731323,1.08399498462677,8.460443496704102,0.1000000014901161,0.0350093841552734,0.1,1.5041729989822814,0.3608065843582153,1.0238512754440308,0.1000000014901161,0.0323924869298934,0.9869999999998028,0.9998599999998,0.0504221692681312,0.0564131811261177,0.0161224827170372
62,vgg11_bn,3,0.5,0.1,2.118524053369203,0.1638884246349334,0.3254126906394958,0.40899999999591,0.78699999999213,2.1185245513916016,0.4925106465816498,1.5444825887680054,0.1000000014901161,0.0072468519210815,0.1,2.162432085389588,0.3668918013572693,0.5420185327529907,0.1000000014901161,0.0088934302330017,0.354939999999929,0.7821599999998436,2.201002597808838,1.408785343170166,0.110981784760952
63,vgg11_bn,3,0.001,0.1,4.604922725404631,0.0025328304618597,0.0025328304618597,0.01299999999987,0.05599999999944,4.604924201965332,0.0092167137190699,0.0004088360001333,0.1000000014901161,1.6987323760986328e-06,0.1,4.605422703606143,0.00080082193017,0.0091539686545729,0.1000000014901161,2.5033950805664062e-06,0.009999999999998,0.04999999999999,4.605372905731201,0.0004040422500111,0.0004668589681386
64,vgg11_bn,4,0.5,0.1,1.5998972494352928,0.1760917901992797,0.9026700258255004,0.67899999999321,0.88299999999117,1.5998971462249756,1.0334457159042358,7.575389862060547,0.1000000014901161,0.0318907648324966,0.1,1.5109457158148645,0.3757273256778717,1.0280535221099854,0.1000000014901161,0.0324107706546783,0.9988799999998004,0.9999999999998,0.0082999542355537,0.0041966470889747,0.0052623818628489
65,vgg11_bn,3,0.01,0.1,4.604930831636239,0.0025368928909301,0.0025368928909301,0.01299999999987,0.05599999999944,4.604930877685547,0.0091595696285367,0.0004037535982206,0.1000000014901161,2.3245811462402344e-06,0.1,4.605418941890789,0.0007957024499773,0.0090967658907175,0.1000000014901161,2.115964889526367e-06,0.009999999999998,0.04999999999999,4.60537052154541,0.0003989929100498,0.0004654470831155
66,vgg11_bn,4,0.1,0.1,1.578481181572366,0.1596355885267257,0.3499747514724731,0.68899999999311,0.8799999999912,1.5784813165664673,1.0099852085113523,7.157023906707764,0.1000000014901161,0.0304052829742431,0.1,1.5218265437065222,0.3649981021881103,1.0272209644317627,0.1000000014901161,0.0322018563747406,0.9988399999998004,0.9999799999998,0.0077593447640538,0.0054102642461657,0.0046354182995855
67,vgg11_bn,5,0.001,0.1,1.4388588523030008,0.14742311835289,0.2866963148117065,0.67099999999329,0.88499999999115,1.438859224319458,0.8878917694091797,5.5786309242248535,0.1000000014901161,0.0240281373262405,0.1,1.3824166441498131,0.3261830806732178,0.9081765413284302,0.1000000014901161,0.0259446203708648,0.9349199999998132,0.9927599999998016,0.2241708934307098,0.4946452677249909,0.0190879367291927
68,vgg11_bn,0,0.0,0.1,1.5995037395744207,0.1612430661916732,0.4025577306747436,0.68799999999312,0.87799999999122,1.599503755569458,1.0161705017089844,7.097992420196533,0.1000000014901161,0.030473843216896,0.1,1.503624570023574,0.3472387194633484,1.0159574747085571,0.1000000014901161,0.0317606627941131,0.9989799999998002,0.9999999999998,0.0075472644530236,0.0049121202901005,0.0045077442191541
69,vgg11_bn,4,0.001,0.1,1.5850150426673058,0.175192579627037,0.4167957305908203,0.66799999999332,0.86799999999132,1.5850151777267456,0.9892582893371582,6.74972677230835,0.1000000014901161,0.0290059149265289,0.1,1.4701040172136983,0.33939328789711,0.992771327495575,0.1000000014901161,0.0303159654140472,0.9992599999998002,0.9999999999998,0.006627625785768,0.0031754134688526,0.0045069037005305
70,vgg11_bn,3,2.0,0.1,4.605368568143092,0.0001994594931602,0.0001994594931602,0.0099999999999,0.04499999999955,4.605369091033936,0.0040108659304678,8.105230517685413e-05,0.1000000014901161,4.172325134277344e-07,0.1,4.605191596530391,0.0001999922096729,0.0039391163736581,0.1000000014901161,1.2814998626708984e-06,0.009999999999998,0.04999999999999,4.605208873748779,7.827635272406042e-05,0.0001946948468685
71,vgg11_bn,5,2.0,0.1,1.7146205730637554,0.192651093006134,0.4705909788608551,0.67099999999329,0.87499999999125,1.7146207094192505,1.094720721244812,8.409327507019043,0.1000000014901161,0.0352506786584854,0.1,1.638592334092258,0.3819198608398437,1.116741418838501,0.1000000014901161,0.0376785993576049,0.9923799999998016,0.9999399999998,0.0331864319741725,0.038636676967144,0.0121956327930092
72,vgg11_bn,5,1.0,0.1,1.6245550946858456,0.1730394959449768,0.3311095833778381,0.68799999999312,0.88599999999114,1.6245553493499756,1.061864137649536,8.168243408203125,0.1000000014901161,0.0338530391454696,0.1,1.549559300078465,0.3538715839385986,1.0674500465393066,0.1000000014901161,0.0349007546901702,0.990779999999802,0.9998799999998,0.0369995012879371,0.0417699292302131,0.0127566456794738
73,vgg11_bn,5,0.01,0.1,1.452966437115233,0.1542051583528518,0.2865581512451172,0.66699999999333,0.89199999999108,1.452966570854187,0.9042885899543762,5.82499361038208,0.1000000014901161,0.0249377191066741,0.1,1.3919766463601924,0.3257174491882324,0.9123075008392334,0.1000000014901161,0.0260394364595413,0.9371199999998128,0.9940199999998012,0.2179938852787017,0.4590659737586975,0.0209999326616525
74,vgg11_bn,4,2.0,0.1,1.5994514066968313,0.1888979226350784,0.4108871221542358,0.67499999999325,0.88699999999113,1.5994514226913452,1.0282058715820312,7.401159763336182,0.1000000014901161,0.03138267993927,0.1,1.5662124139549545,0.4224076569080353,1.070236325263977,0.1000000014901161,0.0348456352949142,0.9983199999998004,0.9999999999998,0.0095872562378644,0.0079791005700826,0.0049613988958299
75,vgg11_bn,3,0.1,0.1,4.604992343629032,0.0025735534727573,0.0025735534727573,0.01299999999987,0.05599999999944,4.604991436004639,0.0086245387792587,0.0003582701901905,0.1000000014901161,1.7881393432617188e-06,0.1,4.60538720572885,0.000760268419981,0.0085635688155889,0.1000000014901161,2.7418136596679688e-06,0.009999999999998,0.04999999999999,4.605347633361816,0.000353766081389,0.0004309499636292
76,vgg19_bn,3,2.0,0.1,4.605474902828308,0.0028070406988263,0.0028070406988263,0.01299999999987,0.04799999999952,4.605476379394531,0.004009052645415,8.439976954832673e-05,0.1000000014901161,6.556510925292969e-07,0.1,4.605183914153962,0.0005262149497866,0.0040208646096289,0.1000000014901161,5.066394805908203e-07,0.009999999999998,0.04999999999999,4.605212688446045,8.567943586967885e-05,0.0001928731799125
77,vgg19_bn,4,0.01,0.1,1.763901692871237,0.2022267580032348,0.5337371826171875,0.7309999999926899,0.90099999999099,1.763901948928833,1.271458864212036,11.921996116638184,0.1000000014901161,0.0473590195178985,0.1,1.7910538362099793,0.4845033884048462,1.31507670879364,0.1000000014901161,0.0505901426076889,0.9986199999998004,0.9999999999998,0.0072534540668129,0.0104150008410215,0.0028700684197247
78,vgg19_bn,5,0.5,0.1,1.6401840284361116,0.1886596977710724,0.4100487530231476,0.67899999999321,0.88199999999118,1.6401840448379517,1.0812501907348633,8.556612968444824,0.1000000014901161,0.0351364761590957,0.1,1.595719944982281,0.3519487380981445,1.1120386123657229,0.1000000014901161,0.0383437722921371,0.9583399999998083,0.9988999999998004,0.1396792531013488,0.2275151014328003,0.0232311524450778
79,vgg19_bn,0,0.0,0.1,1.7990079938278525,0.195445641875267,0.5123472213745117,0.73899999999261,0.89899999999101,1.799008011817932,1.316113829612732,13.138768196105955,0.1000000014901161,0.0508205294609069,0.1,1.7799837569486316,0.4639336764812469,1.3145052194595337,0.1000000014901161,0.0505874902009964,0.9982199999998004,0.9999799999998,0.0077429544180631,0.0106053603813052,0.0028691899497061
80,vgg19_bn,4,0.5,0.1,1.743714911189865,0.1955050379037857,0.3837809562683105,0.73599999999264,0.90899999999091,1.7437149286270142,1.2605687379837036,11.81714153289795,0.1000000014901161,0.0467898994684219,0.1,1.755928964783112,0.4464900493621826,1.2823119163513184,0.1000000014901161,0.0486712604761123,0.9978799999998004,0.9999799999998,0.0100300712510943,0.0131103368476033,0.003857570933178
81,vgg19_bn,5,0.01,0.1,1.3898001770275965,0.129769742488861,0.3310046792030334,0.67099999999329,0.87499999999125,1.3898000717163086,0.8437367081642151,5.018828392028809,0.1000000014901161,0.0218063443899154,0.1,1.3302554804538365,0.2391708493232727,0.8546724319458008,0.1000000014901161,0.0231222212314605,0.8745199999998251,0.9780599999998044,0.4401429891586304,1.0427711009979248,0.0211109556257724
82,vgg19_bn,3,0.1,0.1,3.925263842430712,0.021374138072133,0.1532986611127853,0.06399999999936,0.25099999999749,3.9252641201019287,0.3799728453159332,0.7028651833534241,0.1000000014901161,0.0035202503204345,0.1,3.940965515632203,0.1287491470575332,0.3730193376541137,0.1000000014901161,0.0034916102886199,0.0489599999999902,0.2174999999999565,3.985257387161255,0.7692817449569702,0.0065513220615684
83,vgg19_bn,5,0.001,0.1,1.445325836987171,0.1467551290988922,0.3456620573997497,0.65799999999342,0.87699999999123,1.4453259706497192,0.8788084387779236,5.4383745193481445,0.1000000014901161,0.0234860628843307,0.1,1.3802194844910671,0.30209481716156,0.8920904994010925,0.1000000014901161,0.0250191688537597,0.8749599999998251,0.9782399999998044,0.4345510303974152,1.0630899667739868,0.0174978896975517
84,vgg19_bn,5,0.1,0.1,1.3659475905199066,0.1400555968284607,0.328401505947113,0.69199999999308,0.89899999999101,1.3659478425979614,0.8921402096748352,5.977479934692383,0.1000000014901161,0.0250096470117568,0.1,1.399939906366196,0.2765789031982422,0.9323202967643738,0.1000000014901161,0.0274098962545394,0.920199999999816,0.9922999999998016,0.266903817653656,0.5213170051574707,0.0239243637770414
85,vgg19_bn,5,1.0,0.1,1.7740602315880112,0.1860474348068237,0.3576221168041229,0.66599999999334,0.87399999999126,1.7740603685379028,1.1838204860687256,10.93336296081543,0.1000000014901161,0.042436808347702,0.1,1.6665457203679614,0.3551269471645355,1.1350986957550049,0.1000000014901161,0.0396738052368164,0.95001999999981,0.9984599999998004,0.1717900335788726,0.2537485361099243,0.035806119441986
86,vgg19_bn,5,2.0,0.1,1.77396081104152,0.1679518818855285,0.3088716566562652,0.67499999999325,0.88299999999117,1.7739611864089966,1.1873396635055542,11.478164672851562,0.1000000014901161,0.0433829426765441,0.1,1.750233224407564,0.340090274810791,1.1842695474624634,0.1000000014901161,0.0428888946771621,0.9431199999998114,0.9984199999998004,0.1940653920173645,0.2650794088840484,0.040392518043518
87,vgg19_bn,3,0.01,0.1,4.005838354106656,0.0178916230797767,0.0885329842567443,0.0599999999994,0.22899999999771,4.005838394165039,0.3993293344974518,0.7569278478622437,0.1000000014901161,0.0037961900234222,0.1,4.030472009207136,0.1400762796401977,0.3860000371932983,0.1000000014901161,0.0035978555679321,0.0424799999999915,0.1873799999999625,4.091830730438232,0.7353596091270447,0.003252814989537
88,vgg19_bn,3,1.0,0.1,3.136464564430032,0.064204454421997,0.0885194316506385,0.13499999999865,0.51899999999481,3.136464834213257,0.3431641459465027,0.9811711311340332,0.1000000014901161,0.0043675303459167,0.1,3.1376966865432383,0.1226475983858108,0.3483946919441223,0.1000000014901161,0.0042861700057983,0.1086599999999782,0.4641399999999072,3.1444687843322754,0.6354222893714905,0.0354478806257247
89,vgg19_bn,4,0.001,0.1,1.753001672380872,0.2083436846733093,0.465713769197464,0.72899999999271,0.90499999999095,1.753001689910889,1.2602012157440186,11.497787475585938,0.1000000014901161,0.0462933033704757,0.1,1.7813973936844607,0.4787893891334533,1.3170037269592283,0.1000000014901161,0.0508909672498703,0.9985399999998004,0.9999799999998,0.0079109948128461,0.0115633513778448,0.0030667742248624
90,vgg19_bn,4,0.1,0.1,1.9815547268122604,0.2153024822473526,0.4531509578227997,0.71399999999286,0.90299999999097,1.981554746627808,1.4091931581497192,15.19989776611328,0.1000000014901161,0.0573249608278274,0.1,1.76572149133524,0.4561580121517181,1.299238204956055,0.1000000014901161,0.0496791154146194,0.9982999999998003,0.9999999999998,0.0081818811595439,0.0098650259897112,0.0034699845127761
91,vgg19_bn,4,1.0,0.1,1.827420335615262,0.2082547396421432,0.4371576011180877,0.70799999999292,0.90299999999097,1.8274201154708865,1.284493327140808,12.456937789916992,0.1000000014901161,0.0484684854745864,0.1,1.7485914078463118,0.4709734320640564,1.2862015962600708,0.1000000014901161,0.0490819215774536,0.9974799999998004,0.9999999999998,0.0114958342164754,0.0138837052509188,0.0044275210238993
92,vgg19_bn,4,2.0,0.1,1.8789608290650064,0.2145436108112335,0.5612801909446716,0.70899999999291,0.89899999999101,1.8789610862731931,1.3115278482437134,12.804450988769531,0.1000000014901161,0.0499805212020874,0.1,1.7800672829240842,0.475023865699768,1.2972924709320068,0.1000000014901161,0.0497480183839798,0.9971199999998006,0.9999799999998,0.013984628021717,0.0227289348840713,0.005048309918493
93,vgg19_bn,3,0.5,0.1,3.346157278931616,0.0700451284646987,0.1934883147478103,0.13699999999863,0.46099999999539,3.346157550811768,0.4065144062042236,1.0201256275177002,0.1000000014901161,0.0048461854457855,0.1,3.307750168409954,0.1266399472951889,0.3922419846057892,0.1000000014901161,0.004509687423706,0.0981599999999803,0.3977799999999205,3.409884452819824,0.8385072946548462,0.0287316031754016
94,vgg19_bn,3,0.001,0.1,4.606307460498205,0.005517465993762,0.005517465993762,0.00499999999995,0.04499999999955,4.606308460235596,0.0097064916044473,0.0004897268372587,0.1000000014901161,2.80141830444336e-06,0.1,4.605324740061195,3.716070204973221e-05,0.009835785254836,0.1000000014901161,3.129243850708008e-06,0.009999999999998,0.04999999999999,4.6054229736328125,0.0005066031590104,0.0005217166617512
95,shufflenetv2_x1_0,5,0.001,0.1,1.13533531484141,0.0956833660602569,0.2050709724426269,0.67499999999325,0.92899999999071,1.1353352069854736,0.6632428765296936,3.2456178665161133,0.1000000014901161,0.0142608135938644,0.1,1.0740098543949328,0.1679054200649261,0.6652755737304688,0.1000000014901161,0.0145751014351844,0.9269399999998148,0.995119999999801,0.2892427146434784,0.319164514541626,0.084629476070404
96,shufflenetv2_x1_0,3,2.0,0.1,1.3388249740232494,0.0693071037530899,0.1497628092765808,0.61499999999385,0.8899999999911,1.33882474899292,0.6662115454673767,3.0032341480255127,0.1000000014901161,0.0135879069566726,0.1,1.2229427218094415,0.0921887680888176,0.6510822176933289,0.1000000014901161,0.0136488303542137,0.8679799999998264,0.990279999999802,0.5114555954933167,0.4597910344600677,0.1433885097503662
97,shufflenetv2_x1_0,5,0.1,0.1,1.186380136070159,0.1015972048044204,0.1942239701747894,0.6809999999931899,0.92699999999073,1.18638014793396,0.7133126258850098,3.818639039993286,0.1000000014901161,0.0165266692638397,0.1,1.0941495220954691,0.171887069940567,0.6957619786262512,0.1000000014901161,0.0160445049405097,0.9561799999998088,0.9989199999998004,0.2019127309322357,0.1524077355861663,0.0849744975566864
98,shufflenetv2_x1_0,3,0.1,0.1,1.3399069175243927,0.0310217514634132,0.9097513556480408,0.60899999999391,0.88799999999112,1.33990740776062,0.6080588102340698,2.3961026668548584,0.1000000014901161,0.0110692679882049,0.1,1.2628696348145645,0.0390789210796356,0.6142151951789856,0.1000000014901161,0.0115942806005477,0.7184199999998564,0.941099999999812,0.975096583366394,1.343108296394348,0.0904636085033416
99,shufflenetv2_x1_0,4,0.001,0.1,1.2247865077564075,0.1335953772068023,0.3027992248535156,0.6899999999931,0.90599999999094,1.224786400794983,0.7671105265617371,4.206332206726074,0.1000000014901161,0.0184146612882614,0.1,1.1677224093284122,0.2520895004272461,0.7840577363967896,0.1000000014901161,0.0198655799031257,0.9993599999998002,0.9999999999998,0.0178145095705986,0.0031402204185724,0.0155133223161101
100,shufflenetv2_x1_0,4,0.1,0.1,1.2155220387023236,0.1089441254734993,0.2061683535575866,0.71199999999288,0.9099999999909,1.2155219316482544,0.7879723310470581,4.58535623550415,0.1000000014901161,0.0197798907756805,0.1,1.164558422596054,0.9156096577644348,0.7876778841018677,0.1000000014901161,0.0201986283063888,0.9993599999998002,0.9999999999998,0.0196662880480289,0.0031213825568556,0.0173379052430391
101,shufflenetv2_x1_0,4,0.5,0.1,1.2205095169086744,0.1258623749017715,0.3337771296501159,0.69499999999305,0.91899999999081,1.2205095291137695,0.7648757696151733,4.166027069091797,0.1000000014901161,0.0182811841368675,0.1,1.1130353994718103,0.2110669612884521,0.7408303618431091,0.1000000014901161,0.0179674327373504,0.9995199999998,0.9999999999998,0.0234139617532491,0.0032714516855776,0.0211055520921945
102,shufflenetv2_x1_0,4,2.0,0.1,1.324924694163473,0.1398451477289199,0.3163793683052063,0.66699999999333,0.90399999999096,1.3249248266220093,0.810084342956543,4.745823383331299,0.1000000014901161,0.0205301493406295,0.1,1.2531366069433327,0.2377434968948364,0.8154284358024597,0.1000000014901161,0.0212916433811187,0.9983599999998004,0.9999999999998,0.0369542986154556,0.0072059389203786,0.0313508957624435
103,shufflenetv2_x1_0,5,2.0,0.1,1.3227789269730166,0.1256744712591171,0.2840670347213745,0.6809999999931899,0.91099999999089,1.3227789402008057,0.8124023675918579,4.904359817504883,0.1000000014901161,0.0209497809410095,0.1,1.2482701526123616,0.2266616821289062,0.7990395426750183,0.1000000014901161,0.0205389112234115,0.9942999999998012,0.9999999999998,0.0704679936170578,0.0209364704787731,0.0531612187623977
104,shufflenetv2_x1_0,4,0.01,0.1,1.223360287830484,0.1241527646780014,0.2812843918800354,0.699999999993,0.91499999999085,1.2233604192733765,0.7777960896492004,4.407674789428711,0.1000000014901161,0.0191503837704658,0.1,1.1602113366481253,0.2191020846366882,0.7777023911476135,0.1000000014901161,0.0195150151848793,0.9992999999998002,0.9999999999998,0.0188354477286338,0.0031280810944736,0.0164585430175066
105,shufflenetv2_x1_0,5,0.01,0.1,1.139333355954384,0.092875137925148,0.2595399022102356,0.68599999999314,0.92699999999073,1.1393336057662964,0.6645930409431458,3.1986429691314697,0.1000000014901161,0.0141332447528839,0.1,1.10159287065389,0.1920129060745239,0.6750595569610596,0.1000000014901161,0.0149015337228775,0.9268599999998148,0.995199999999801,0.2921926975250244,0.3138405382633209,0.0869981199502945
106,shufflenetv2_x1_0,3,0.5,0.1,1.213527071261641,0.031286597251892,0.1123856753110885,0.63799999999362,0.91099999999089,1.2135272026062012,0.5997133255004883,2.496964693069458,0.1000000014901161,0.0113039389252662,0.1,1.1552142024449985,0.0971773788332939,0.6108948588371277,0.1000000014901161,0.0119190067052841,0.8198199999998361,0.9815599999998036,0.642197847366333,0.6830765008926392,0.1261069178581237
107,shufflenetv2_x1_0,4,1.0,0.1,1.180099594712981,0.1081879213452339,0.2474920153617859,0.69699999999303,0.91599999999084,1.1800998449325562,0.7424544095993042,4.104960441589356,0.1000000014901161,0.0177626013755798,0.1,1.1131877886801167,0.2152921557426452,0.7429533004760742,0.1000000014901161,0.0181362181901931,0.9994399999998002,0.9999999999998,0.0235102176666259,0.0033834776841104,0.0210903901606798
108,shufflenetv2_x1_0,5,1.0,0.1,1.2627063863368644,0.1254743039608001,0.2646685242652893,0.68699999999313,0.91399999999086,1.262706637382507,0.7926028966903687,4.659357070922852,0.1000000014901161,0.0200055986642837,0.1,1.1172476067315005,0.1997395753860473,0.7367512583732605,0.1000000014901161,0.0181092247366905,0.9942599999998012,0.9999999999998,0.069684587419033,0.0211276859045028,0.0524903126060962
109,shufflenetv2_x1_0,3,1.0,0.1,1.2075396655445374,0.0513197630643844,0.1265773624181747,0.64099999999359,0.91299999999087,1.2075397968292236,0.6171074509620667,2.703192234039306,0.1000000014901161,0.0121095106005668,0.1,1.1260496365433283,0.0885390490293502,0.6130438446998596,0.1000000014901161,0.0121105834841728,0.865019999999827,0.9908999999998018,0.5037362575531006,0.4628787040710449,0.1325263977050781
110,shufflenetv2_x1_0,3,0.001,0.1,1.435565695712092,0.0408284068107605,0.1163828670978546,0.58199999999418,0.87399999999126,1.435565710067749,0.6347253322601318,2.578538656234741,0.1000000014901161,0.0119228065013885,0.1,1.4066086197165,0.0455410480499267,0.6571540236473083,0.1000000014901161,0.0130678266286849,0.6723999999998655,0.9120999999998176,1.1597195863723757,1.7917150259017944,0.0710532888770103
111,shufflenetv2_x1_0,0,0.0,0.1,1.2468172187101116,0.1225773245096206,0.3060982227325439,0.69899999999301,0.90799999999092,1.2468172311782837,0.7898372411727905,4.51007080078125,0.1000000014901161,0.0196015834808349,0.1,1.167505196757615,0.2480115294456482,0.7885212898254395,0.1000000014901161,0.0201213732361793,0.9992399999998002,0.9999999999998,0.0187647156417369,0.0035577020607888,0.0161709357053041
112,shufflenetv2_x1_0,3,0.01,0.1,1.3275526629253402,0.0412787348031997,0.1112344861030578,0.599999999994,0.8899999999911,1.3275525569915771,0.6038080453872681,2.407225608825684,0.1000000014901161,0.0110125392675399,0.1,1.2803980627668223,0.0965608581900596,0.6255367398262024,0.1000000014901161,0.0120491534471511,0.6994999999998601,0.9280599999998144,1.0436182022094729,1.6197510957717896,0.0691326782107353
113,shufflenetv2_x1_0,5,0.5,0.1,1.117703188209565,0.1093739941716194,0.212764710187912,0.68799999999312,0.92299999999077,1.1177034378051758,0.6876503229141235,3.5412282943725586,0.1000000014901161,0.0154067873954772,0.1,1.1086284174786871,0.1947251558303833,0.7133065462112427,0.1000000014901161,0.0168868228793144,0.9888599999998022,0.9999799999998,0.1031701490283012,0.0410118103027343,0.0698782280087471
114,shufflenetv2_x0_5,5,0.01,0.1,1.2849031558292523,0.070772998034954,0.1548808813095092,0.61899999999381,0.90699999999093,1.2849032878875732,0.6302737593650818,2.5897648334503174,0.1000000014901161,0.0119346380233764,0.1,1.225707410404155,0.1138888597488403,0.6655875444412231,0.1000000014901161,0.0139777436852455,0.7982999999998404,0.965339999999807,0.7028477191925049,1.0337170362472534,0.0840647295117378
115,shufflenetv2_x0_5,5,0.001,0.1,1.2721803061105943,0.0582899525761604,0.138674110174179,0.64799999999352,0.8899999999911,1.2721803188323977,0.6652238965034485,3.028297185897827,0.1000000014901161,0.0136611759662628,0.1,1.21524339117021,0.1295132040977478,0.6480699181556702,0.1000000014901161,0.0131802558898925,0.7894999999998421,0.9638599999998072,0.7374237775802612,1.112879753112793,0.0841637477278709
116,shufflenetv2_x0_5,0,0.0,0.1,1.417765126355796,0.1280621141195297,0.2606202960014343,0.65699999999343,0.89099999999109,1.4177652597427368,0.8300930857658386,4.897614002227783,0.1000000014901161,0.0212058722972869,0.1,1.2971363450578623,0.2283846139907837,0.8025058507919312,0.1000000014901161,0.0203977674245834,0.9538799999998092,0.9986799999998004,0.2008939236402511,0.1636805087327957,0.0791104361414909
117,shufflenetv2_x0_5,4,2.0,0.1,1.2796465030497874,0.1110215187072753,0.2231057286262512,0.66499999999335,0.90699999999093,1.2796465158462524,0.7428059577941895,4.034580707550049,0.1000000014901161,0.0175067484378814,0.1,1.2686993002040357,0.1869866251945495,0.7745838165283203,0.1000000014901161,0.0192554146051406,0.979899999999804,0.9998599999998,0.1545909643173217,0.0678550899028778,0.0963966399431228
118,shufflenetv2_x0_5,3,2.0,0.1,1.5142744628159346,0.0641102045774459,0.1535149812698364,0.56099999999439,0.86199999999138,1.5142744779586792,0.5757622122764587,2.196599245071411,0.1000000014901161,0.0100967437028884,0.1,1.4567388279941331,0.1646792888641357,0.5911378860473633,0.1000000014901161,0.0109006315469741,0.7096599999998581,0.9472199999998108,1.0851560831069946,1.017133355140686,0.1914632767438888
119,shufflenetv2_x0_5,3,0.001,0.1,1.675107939181538,0.0412159822881221,0.2528403997421264,0.52299999999477,0.83199999999168,1.6751080751419067,0.6765555739402771,2.8288803100585938,0.1000000014901161,0.013184368610382,0.1,1.645566249714426,0.0634848773479461,0.6927565336227417,0.1000000014901161,0.0140334367752075,0.5847799999998831,0.8665599999998267,1.484350085258484,2.1147236824035645,0.0639419853687286
120,shufflenetv2_x0_5,5,2.0,0.1,1.3716034752060844,0.0951732844114303,0.2061052471399307,0.61899999999381,0.89699999999103,1.3716038465499878,0.7170745730400085,3.529951333999634,0.1000000014901161,0.0157767087221145,0.1,1.2408453212302306,0.1147381961345672,0.6924847960472107,0.1000000014901161,0.015427641570568,0.9089799999998184,0.9959399999998008,0.3919128775596618,0.3043521046638489,0.140594869852066
121,shufflenetv2_x0_5,3,1.0,0.1,1.456214771013719,0.0388969108462333,0.4072385728359222,0.57599999999424,0.86099999999139,1.4562146663665771,0.5950940251350403,2.338507413864136,0.1000000014901161,0.0106779783964157,0.1,1.3581285329139483,0.0944712534546852,0.5900501012802124,0.1000000014901161,0.0107050836086273,0.710179999999858,0.9467199999998108,1.0487427711486816,1.080087661743164,0.1597284972667694
122,shufflenetv2_x0_5,4,0.01,0.1,1.3903380493366708,0.1395383030176162,0.3173412680625915,0.65399999999346,0.89899999999101,1.3903379440307615,0.8120412230491638,4.6042256355285645,0.1000000014901161,0.0202031135559082,0.1,1.2871591898073786,0.2202740907669067,0.7930594682693481,0.1000000014901161,0.0199703574180603,0.9548999999998092,0.9989399999998004,0.2029661983251571,0.1604171693325042,0.082667663693428
123,shufflenetv2_x0_5,3,0.01,0.1,1.8006043254082635,0.0367522649466991,0.0928764939308166,0.50399999999496,0.81099999999189,1.8006041049957275,0.7109768986701965,3.103943109512329,0.1000000014901161,0.0144381821155548,0.1,1.7550652404993698,0.0457822680473327,0.7129349708557129,0.1000000014901161,0.0146903395652771,0.560379999999888,0.85053999999983,1.5884060859680176,2.200456142425537,0.0639438033103942
124,shufflenetv2_x0_5,4,0.1,0.1,1.3234519826150897,0.1183893084526062,0.2338281869888305,0.66299999999337,0.89299999999107,1.3234519958496094,0.7684991955757141,4.215233325958252,0.1000000014901161,0.0184202045202255,0.1,1.2856651530285754,0.1996741294860839,0.7891230583190918,0.1000000014901161,0.0198705345392227,0.9577999999998084,0.9994999999998,0.2014936208724975,0.139400914311409,0.0894288942217826
125,shufflenetv2_x0_5,5,0.5,0.1,1.2406098718559864,0.086886428296566,0.1720467805862426,0.62599999999374,0.91599999999084,1.240609884262085,0.6414496898651123,2.820728540420532,0.1000000014901161,0.0127571895718574,0.1,1.1994378553414855,0.0951816439628601,0.6702089309692383,0.1000000014901161,0.0143691897392272,0.8809999999998238,0.9932599999998014,0.4558079838752746,0.4012435674667358,0.129408597946167
126,shufflenetv2_x0_5,4,1.0,0.1,1.3303261862282934,0.1214657500386238,0.2371066808700561,0.64599999999354,0.89799999999102,1.3303263187408447,0.7606788873672485,4.110706329345703,0.1000000014901161,0.0180190503597259,0.1,1.2472599863393077,0.1780578941106796,0.7639722228050232,0.1000000014901161,0.0188748314976692,0.970019999999806,0.9998999999998,0.1892317533493042,0.0928979665040969,0.1063144505023956
127,shufflenetv2_x0_5,4,0.001,0.1,1.3387799129122495,0.1380417943000793,0.2865533530712127,0.64799999999352,0.90199999999098,1.3387799263000488,0.7868603467941284,4.403377056121826,0.1000000014901161,0.0192277431488037,0.1,1.2865700707445498,0.2205946147441864,0.792319655418396,0.1000000014901161,0.0199762880802154,0.9518399999998096,0.9984199999998004,0.2139205038547516,0.1813508719205856,0.0834281593561172
128,shufflenetv2_x0_5,4,0.5,0.1,1.3655780417259946,0.1210224628448486,0.2195178270339965,0.65399999999346,0.90699999999093,1.3655779361724854,0.7981953024864197,4.65630578994751,0.1000000014901161,0.0200426280498504,0.1,1.2564822686327646,0.1901729106903076,0.7647113800048828,0.1000000014901161,0.018729880452156,0.9665199999998068,0.9998799999998,0.192830890417099,0.1024928987026214,0.1021927893161773
129,shufflenetv2_x0_5,5,0.1,0.1,1.2802948823691704,0.0743527635931968,0.163481131196022,0.62899999999371,0.90499999999095,1.2802947759628296,0.6554394364356995,2.944952249526977,0.1000000014901161,0.0132624059915542,0.1,1.190042401686933,0.0965748131275177,0.6526610255241394,0.1000000014901161,0.0135488510131835,0.8239999999998352,0.9789399999998044,0.6075321435928345,0.7556003332138062,0.0970155149698257
130,shufflenetv2_x0_5,5,1.0,0.1,1.2865987887468662,0.0804145038127899,0.1575867384672165,0.64799999999352,0.89699999999103,1.2865986824035645,0.6970817446708679,3.408966064453125,0.1000000014901161,0.015153557062149,0.1,1.1822538495173105,0.1039851903915405,0.6769694089889526,0.1000000014901161,0.0148051381111145,0.9129599999998176,0.9966599999998008,0.370963990688324,0.2759740352630615,0.1351101696491241
131,shufflenetv2_x0_5,3,0.1,0.1,1.6069609958169868,0.0234479270875453,0.2483022511005401,0.54599999999454,0.83799999999162,1.606961011886597,0.6431227326393127,2.569953680038452,0.1000000014901161,0.0119996964931488,0.1,1.556510791108746,0.0529374815523624,0.6529561281204224,0.1000000014901161,0.0125799030065536,0.6087999999998783,0.8866199999998228,1.385631799697876,1.8024885654449463,0.0875602066516876
132,shufflenetv2_x0_5,3,0.5,0.1,1.512801274430398,0.0238594152033329,0.4133614599704742,0.5599999999944,0.86399999999136,1.512801170349121,0.6105539202690125,2.395313501358032,0.1000000014901161,0.0110804736614227,0.1,1.4417422331579246,0.0875952690839767,0.6096002459526062,0.1000000014901161,0.0111624002456665,0.6685599999998664,0.9277999999998144,1.1783552169799805,1.305245280265808,0.1360981613397598
133,mobilenetv2_x1_0,5,0.1,0.1,1.0565180672851613,0.0589210800826549,0.1238105297088623,0.70799999999292,0.92799999999072,1.0565180778503418,0.6038163900375366,2.695079803466797,0.1000000014901161,0.011971890926361,0.1,1.0024802872327414,0.0988206267356872,0.595787763595581,0.1000000014901161,0.0118729397654533,0.875239999999825,0.990259999999802,0.4306722283363342,0.5260252356529236,0.0804397910833358
134,mobilenetv2_x1_0,5,0.5,0.1,1.0462037220285023,0.0735547468066215,0.1748962998390197,0.70399999999296,0.93799999999062,1.046203851699829,0.6313073635101318,2.9956650733947754,0.1000000014901161,0.0131663605570793,0.1,1.0155203860973248,0.1240624785423278,0.6293097734451294,0.1000000014901161,0.0133924856781959,0.9290999999998142,0.9984599999998004,0.2692201733589172,0.2189820110797882,0.0888265147805213
135,mobilenetv2_x1_0,0,0.0,0.1,1.133900511846725,0.1236720085144043,0.351060152053833,0.72699999999273,0.93799999999062,1.1339004039764404,0.7641817331314087,4.545113563537598,0.1000000014901161,0.0192118510603904,0.1,1.0555189571308643,0.2397490739822387,0.7453598976135254,0.1000000014901161,0.018699824810028,0.9980999999998004,0.9999999999998,0.0260990671813488,0.0074384403415024,0.020458472892642
136,mobilenetv2_x1_0,4,1.0,0.1,1.0579000605651034,0.1038798987865448,0.2122895121574401,0.73699999999263,0.93699999999063,1.0579001903533936,0.7135164141654968,3.926257848739624,0.1000000014901161,0.0168865844607353,0.1,1.0341301085319898,0.2081368565559387,0.7202341556549072,0.1000000014901161,0.0177759230136871,0.9957799999998008,0.9999999999998,0.0472506210207939,0.0145870931446552,0.035415843129158
137,mobilenetv2_x1_0,3,0.01,0.1,1.584983571415179,0.0369690358638763,0.0822949185967445,0.54699999999453,0.84599999999154,1.5849837064743042,0.6344467401504517,2.495245218276977,0.1000000014901161,0.011672094464302,0.1,1.5360250323500748,0.0424650199711322,0.6380555033683777,0.1000000014901161,0.01202192902565,0.5867399999998827,0.8720999999998257,1.454485535621643,2.0894057750701904,0.0565460249781608
138,mobilenetv2_x1_0,3,0.001,0.1,1.732707483130689,0.028900921344757,0.0848547145724296,0.50199999999498,0.82699999999173,1.7327077388763428,0.646492063999176,2.5407724380493164,0.1000000014901161,0.0119281709194183,0.1,1.710608162568725,0.0351694226264953,0.6688520312309265,0.1000000014901161,0.0129492580890655,0.5372199999998926,0.840139999999832,1.656636118888855,2.2808022499084477,0.0505264624953269
139,mobilenetv2_x1_0,4,0.1,0.1,1.0878159891065813,0.1278165876865387,0.3357285261154175,0.71699999999283,0.93299999999067,1.0878162384033203,0.7229000926017761,3.925068855285645,0.1000000014901161,0.0170257464051246,0.1,1.0419768017211577,0.2253166437149047,0.7312865853309631,0.1000000014901161,0.0181257203221321,0.9976199999998006,0.9999999999998,0.0307783801108598,0.0095380060374736,0.0236880593001842
140,mobilenetv2_x1_0,3,0.5,0.1,1.3408326968577864,0.0411770865321159,0.1001179218292236,0.60299999999397,0.88199999999118,1.3408328294754028,0.5612991452217102,2.074873685836792,0.1000000014901161,0.009586825966835,0.1,1.3092827782388448,0.0896200835704803,0.5709392428398132,0.1000000014901161,0.0100452899932861,0.6805599999998639,0.9373799999998126,1.0975522994995115,1.234165906906128,0.1200951263308525
141,mobilenetv2_x1_0,5,2.0,0.1,1.0876182208971945,0.0950817763805389,0.1926841139793396,0.7059999999929399,0.93599999999064,1.0876184701919556,0.6862368583679199,3.803563117980957,0.1000000014901161,0.0160704255104064,0.1,1.0578910497990934,0.1658744513988495,0.6820176839828491,0.1000000014901161,0.0157784596085548,0.9589999999998082,0.9996999999998,0.1854545325040817,0.1227965131402015,0.0815397053956985
142,mobilenetv2_x1_0,5,0.001,0.1,1.1160890944451882,0.0472520813345909,0.1348217725753784,0.68499999999315,0.91899999999081,1.116089105606079,0.6197143793106079,2.786564826965332,0.1000000014901161,0.0124086588621139,0.1,1.035850027046026,0.1038068830966949,0.601402997970581,0.1000000014901161,0.0118215084075927,0.8372799999998326,0.9791199999998044,0.552230954170227,0.84348464012146,0.0680969431996345
143,mobilenetv2_x1_0,4,2.0,0.1,1.0545616044446184,0.1162397265434265,0.2390802800655365,0.7309999999926899,0.93199999999068,1.054561734199524,0.7143375873565674,3.993920087814331,0.1000000014901161,0.0170801281929016,0.1,1.0470779129156105,0.2434548735618591,0.722499430179596,0.1000000014901161,0.017745092511177,0.995699999999801,0.9999999999998,0.0501066148281097,0.0156775247305631,0.0375874154269695
144,mobilenetv2_x1_0,4,0.001,0.1,1.1258311159084369,0.130240797996521,0.2371309995651245,0.72299999999277,0.92399999999076,1.1258312463760376,0.7579803466796875,4.357244491577148,0.1000000014901161,0.0186533704400062,0.1,1.039898718897064,0.2477443814277649,0.7290821671485901,0.1000000014901161,0.0179779976606369,0.9983599999998004,0.9999999999998,0.0261288471519947,0.0075784404762089,0.0207168739289045
145,mobilenetv2_x1_0,5,0.01,0.1,1.064528931462865,0.0570597536861896,0.1586259603500366,0.69799999999302,0.92199999999078,1.0645288228988647,0.6003916263580322,2.606403350830078,0.1000000014901161,0.011666715145111,0.1,1.01237073097065,0.1126711368560791,0.5922972559928894,0.1000000014901161,0.0116060003638267,0.8457399999998308,0.9814799999998036,0.5218560695648193,0.7695898413658142,0.0701258555054664
146,mobilenetv2_x1_0,5,1.0,0.1,1.075524319383917,0.0765709578990936,0.137291133403778,0.70299999999297,0.92499999999075,1.0755242109298706,0.6518085598945618,3.188494682312012,0.1000000014901161,0.0139831453561782,0.1,1.0233639864677058,0.1400500833988189,0.6509447693824768,0.1000000014901161,0.0144514963030815,0.94989999999981,0.9994799999998002,0.2101262509822845,0.1464739739894867,0.0840970426797866
147,mobilenetv2_x1_0,3,1.0,0.1,1.364104257294016,0.052878513932228,0.1037204265594482,0.60699999999393,0.8809999999911899,1.3641042709350586,0.570024847984314,2.141505479812622,0.1000000014901161,0.0098907500505447,0.1,1.278204055531508,0.0950297117233276,0.5580757260322571,0.1000000014901161,0.0097707957029342,0.7100999999998581,0.9521799999998096,1.0040032863616943,1.0567997694015503,0.1389733701944351
148,mobilenetv2_x1_0,4,0.01,0.1,1.0400463238661994,0.1085008978843689,0.2598565816879272,0.74799999999252,0.92799999999072,1.040046453475952,0.7212449908256531,4.055261611938477,0.1000000014901161,0.0173514112830162,0.1,1.0484398989154295,0.2396736145019531,0.7368280291557312,0.1000000014901161,0.0182980448007583,0.9981399999998004,0.9999999999998,0.0250601842999458,0.0079358909279108,0.0194375962018966
149,mobilenetv2_x1_0,3,0.1,0.1,1.5285011377072373,0.0380414277315139,0.0959914326667785,0.53699999999463,0.86199999999138,1.5285009145736694,0.6025702953338623,2.2930729389190674,0.1000000014901161,0.0106710791587829,0.1,1.48229914076667,0.0551511831581592,0.6140915155410767,0.1000000014901161,0.0111945569515228,0.6028999999998794,0.8869999999998226,1.3854422569274902,1.8320529460906985,0.0769149512052536
150,mobilenetv2_x1_0,3,2.0,0.1,1.4061035969313955,0.0781027972698211,0.196038007736206,0.58599999999414,0.89699999999103,1.4061037302017212,0.5450136661529541,2.1286184787750244,0.1000000014901161,0.0095850527286529,0.1,1.355756996555737,0.1577035039663314,0.5435394048690796,0.1000000014901161,0.0094913691282272,0.6987199999998603,0.9525999999998096,1.0601544380187988,0.9585344791412354,0.1729606389999389
151,mobilenetv2_x1_0,4,0.5,0.1,0.9881974359874716,0.08627300709486,0.1860290169715881,0.75799999999242,0.94199999999058,0.9881975650787354,0.6768924593925476,3.5776844024658203,0.1000000014901161,0.0154462233185768,0.1,1.042332416276969,0.2278642058372497,0.718121349811554,0.1000000014901161,0.0174488872289657,0.9965199999998008,0.9999799999998,0.0415038913488388,0.012719539925456,0.0315528512001037
152,repvgg_a1,5,2.0,0.1,1.0224575894153167,0.0896552577614784,0.2328149676322937,0.74799999999252,0.92699999999073,1.022457718849182,0.685473620891571,3.5586493015289307,0.1000000014901161,0.0155176743865013,0.1,1.0198593591908347,0.2197842597961425,0.7058593034744263,0.1000000014901161,0.0168457105755805,0.9996199999998,0.9999999999998,0.013191333040595,0.0014751029666513,0.0119442222639918
153,repvgg_a1,4,0.5,0.1,1.0567432536308707,0.0780449509620666,0.5754866003990173,0.74099999999259,0.9199999999908,1.0567433834075928,0.6915388703346252,3.5244176387786865,0.1000000014901161,0.0154705718159675,0.1,0.97040753786559,0.1885965466499328,0.6564493775367737,0.1000000014901161,0.0143962949514389,0.9997399999998,0.9999999999998,0.0080408649519085,0.000763940915931,0.0072833518497645
154,repvgg_a1,5,1.0,0.1,0.9882858892794336,0.103158950805664,0.2314163446426391,0.74799999999252,0.92899999999071,0.9882858395576476,0.6770324110984802,3.4956085681915283,0.1000000014901161,0.0152185261249542,0.1,0.995136478430985,0.2070076763629913,0.7027344107627869,0.1000000014901161,0.016889214515686,0.9995599999998002,0.9999999999998,0.0122790457680821,0.0020688734948635,0.0107885710895061
155,repvgg_a1,4,0.01,0.1,1.0651476276694467,0.0872664600610733,0.213184118270874,0.73599999999264,0.93099999999069,1.0651477575302124,0.6883903741836548,3.4464802742004395,0.1000000014901161,0.0152085646986961,0.1,0.9735948366367676,0.1849722266197204,0.672223687171936,0.1000000014901161,0.0151365473866462,0.9998599999998,0.9999999999998,0.0065199760720133,0.0006952795665711,0.0059314370155334
156,repvgg_a1,3,0.01,0.1,1.1159822829228188,0.0616560205817222,0.1433584094047546,0.66699999999333,0.91899999999081,1.115982174873352,0.6013248562812805,2.545292615890503,0.1000000014901161,0.0114538446068763,0.1,1.0580392799277467,0.0976769551634788,0.5984010100364685,0.1000000014901161,0.0116772353649139,0.8058399999998389,0.9665799999998068,0.6666799783706665,1.0966696739196775,0.0655002668499946
157,repvgg_a1,5,0.001,0.1,1.052534212077502,0.1038019210100174,0.274320125579834,0.74499999999255,0.94099999999059,1.0525342226028442,0.7190290093421936,4.1266279220581055,0.1000000014901161,0.0174066722393035,0.1,1.0127265044721807,0.2321906089782714,0.7067779898643494,0.1000000014901161,0.0170212462544441,0.995159999999801,0.9998999999998,0.0403928533196449,0.023119019344449,0.0261894334107637
158,repvgg_a1,3,1.0,0.1,1.0131249326482918,0.095026783645153,0.1804225444793701,0.72599999999274,0.94799999999052,1.013124942779541,0.6540806293487549,3.4379868507385254,0.1000000014901161,0.014702171087265,0.1,1.0082100353694652,0.1803313493728637,0.6730082631111145,0.1000000014901161,0.0154881328344345,0.9861399999998028,0.9999399999998,0.0955381393432617,0.0440297648310661,0.05892950668931
159,repvgg_a1,3,0.1,0.1,1.049835552207638,0.0463362298905849,0.1272829324007034,0.69199999999308,0.93399999999066,1.0498358011245728,0.5791462659835815,2.408156633377075,0.1000000014901161,0.0108187273144721,0.1,1.0177215988719108,0.0847399085760116,0.595324695110321,0.1000000014901161,0.011724330484867,0.8515399999998298,0.9829599999998034,0.5084719061851501,0.6996786594390869,0.0775152742862701
160,repvgg_a1,4,0.1,0.1,1.1014741549017013,0.0947761163115501,0.2405609488487243,0.73799999999262,0.93399999999066,1.1014742851257324,0.7176039814949036,3.7774622440338135,0.1000000014901161,0.0165318921208381,0.1,0.955049613050416,0.1724918484687805,0.6599812507629395,0.1000000014901161,0.0147335156798362,0.9997799999998,0.9999999999998,0.0066260639578104,0.0006329583120532,0.0059733651578426
161,repvgg_a1,4,1.0,0.1,1.018357505151508,0.0848327949643135,0.1884415745735168,0.74099999999259,0.93099999999069,1.018357515335083,0.6662386655807495,3.3917574882507324,0.1000000014901161,0.0147471725940704,0.1,0.9695844109676328,0.1471292376518249,0.6565941572189331,0.1000000014901161,0.0144503638148307,0.9997799999998,0.9999999999998,0.0088270176202058,0.0006490136729553,0.0081781102344393
162,repvgg_a1,3,0.5,0.1,1.0368748799587049,0.0873719453811645,0.1894835829734802,0.70799999999292,0.93799999999062,1.036874771118164,0.637671709060669,3.1731936931610107,0.1000000014901161,0.0136797055602073,0.1,0.9761661743867828,0.1291911602020263,0.6270408630371094,0.1000000014901161,0.0134272053837776,0.955639999999809,0.9990999999998004,0.1963655650615692,0.1471038162708282,0.0806950405240058
163,repvgg_a1,3,0.001,0.1,1.1281800157262565,0.0476848036050796,0.1743737459182739,0.67899999999321,0.91299999999087,1.1281802654266355,0.6163509488105774,2.6740646362304688,0.1000000014901161,0.0120380222797393,0.1,1.0838017319187074,0.0905271172523498,0.6047316193580627,0.1000000014901161,0.0117825046181678,0.7995199999998401,0.9646599999998072,0.6899856328964233,1.1386005878448486,0.0656345561146736
164,repvgg_a1,4,0.001,0.1,1.006784190600493,0.0762881115078926,0.207700490951538,0.75199999999248,0.93199999999068,1.0067843198776243,0.6686302423477173,3.41513991355896,0.1000000014901161,0.0148339197039604,0.1,0.9713505495722718,0.1709771752357483,0.6607644557952881,0.1000000014901161,0.0145277976989746,0.9997399999998,0.9999999999998,0.0067100003361701,0.0006458135903812,0.0060096401721239
165,repvgg_a1,3,2.0,0.1,1.1350237017616405,0.1259944438934326,0.2997394502162933,0.70699999999293,0.92799999999072,1.1350237131118774,0.7382223010063171,4.0715203285217285,0.1000000014901161,0.0176247358322143,0.1,1.05970307735742,0.2047915458679199,0.7301304936408997,0.1000000014901161,0.0180892199277877,0.9953399999998008,0.9999799999998,0.0493224002420902,0.0163350459188222,0.0363723151385784
166,repvgg_a1,5,0.1,0.1,1.0257605211678709,0.0997566655278205,0.1978727579116821,0.75099999999249,0.93699999999063,1.0257606506347656,0.7041768431663513,4.081478118896484,0.1000000014901161,0.0170867890119552,0.1,1.0163264859351098,0.2269594669342041,0.7217037081718445,0.1000000014901161,0.0178771540522575,0.9977999999998004,0.9999999999998,0.0262611526995897,0.0086443005129694,0.019885566085577
167,repvgg_a1,4,2.0,0.1,1.0168268578889823,0.0911977738142013,0.2101015150547027,0.74599999999254,0.93099999999069,1.016826868057251,0.6912741661071777,3.697078704833984,0.1000000014901161,0.0159626230597496,0.1,0.9763188616183126,0.2128170132637024,0.6801259517669678,0.1000000014901161,0.0155825242400169,0.9997599999998,0.9999999999998,0.0076155224815011,0.0006602053181268,0.0069357901811599
168,repvgg_a1,5,0.5,0.1,1.0033615727224268,0.0930027887225151,0.2078921198844909,0.75399999999246,0.93099999999069,1.0033615827560425,0.7025080919265747,3.9054667949676514,0.1000000014901161,0.016678899526596,0.1,0.9769563399162154,0.2190024256706237,0.693534255027771,0.1000000014901161,0.0164578408002853,0.9994599999998002,0.9999999999998,0.0140257030725479,0.0025072244461625,0.0121748419478535
169,repvgg_a1,5,0.01,0.1,1.0750915896671749,0.1179860532283783,0.2666369676589966,0.73299999999267,0.93799999999062,1.0750916004180908,0.7327508330345154,4.229904651641846,0.1000000014901161,0.0179491266608238,0.1,1.0061720466030462,0.2199723124504089,0.7088010907173157,0.1000000014901161,0.0171621143817901,0.995699999999801,0.9999599999998,0.037896990776062,0.0193829033523798,0.0254519917070865
170,repvgg_a1,0,0.0,0.1,1.110855568267665,0.089132010936737,0.235799491405487,0.73299999999267,0.92899999999071,1.1108553409576416,0.7165452241897583,3.7095446586608887,0.1000000014901161,0.0162874609231948,0.1,0.9676418823510846,0.1964427232742309,0.669622004032135,0.1000000014901161,0.0150266736745834,0.9997599999998,0.9999999999998,0.0063249478116631,0.0006837366963736,0.0056324466131627
171,mobilenetv2_x0_75,5,0.1,0.1,1.122780311800761,0.0663229972124099,0.1593663990497589,0.66899999999331,0.92799999999072,1.1227803230285645,0.6246370673179626,2.8366827964782715,0.1000000014901161,0.0126009508967399,0.1,1.0361979062435018,0.09217020124197,0.59969162940979,0.1000000014901161,0.0118934884667396,0.8507999999998299,0.985019999999803,0.5067331194877625,0.644524335861206,0.0827955603599548
172,mobilenetv2_x0_75,3,0.5,0.1,1.3958575585969666,0.0434444397687912,0.104888916015625,0.5899999999941,0.88699999999113,1.3958576917648315,0.557778537273407,2.0311880111694336,0.1000000014901161,0.0094111412763595,0.1,1.3579640505855044,0.0879813879728317,0.5693487524986267,0.1000000014901161,0.0099009126424789,0.655239999999869,0.9261399999998148,1.192976951599121,1.3228514194488523,0.1224735304713249
173,mobilenetv2_x0_75,5,0.5,0.1,1.0560518397583905,0.0669910460710525,0.1814508736133575,0.69799999999302,0.92699999999073,1.0560518503189087,0.6202898025512695,2.9255778789520264,0.1000000014901161,0.0128083825111389,0.1,1.0141586848752524,0.1127970218658447,0.6142679452896118,0.1000000014901161,0.0126879215240478,0.9075799999998184,0.9969399999998008,0.3396176397800445,0.3056909441947937,0.0970587506890297
174,mobilenetv2_x0_75,4,0.1,0.1,1.116893995560186,0.1090196818113327,0.2822193801403045,0.73399999999266,0.9299999999907,1.1168941259384155,0.7629664540290833,4.546051979064941,0.1000000014901161,0.0192616805434227,0.1,1.1022178452218805,0.251274824142456,0.7636058330535889,0.1000000014901161,0.0194625109434127,0.9955199999998008,0.9999999999998,0.0453264117240905,0.0163286253809928,0.0327892489731311
175,mobilenetv2_x0_75,3,0.001,0.1,1.6455727651070775,0.0301412642002105,0.0857705324888229,0.53199999999468,0.83699999999163,1.6455730199813845,0.6428642868995667,2.578662157058716,0.1000000014901161,0.0120085179805755,0.1,1.6186109895735457,0.0302320607006549,0.6537142992019653,0.1000000014901161,0.0124584883451461,0.5641199999998872,0.8576999999998285,1.5466933250427246,2.179429292678833,0.0539446733891964
176,mobilenetv2_x0_75,5,0.01,0.1,1.0523953332565643,0.0442626327276229,0.1287063211202621,0.70199999999298,0.92299999999077,1.0523954629898071,0.5855437517166138,2.512277841567993,0.1000000014901161,0.01121536642313,0.1,1.0530297744494737,0.086605429649353,0.5982566475868225,0.1000000014901161,0.011609248816967,0.8186599999998363,0.9740999999998052,0.6125048995018005,0.92494535446167,0.0699770301580429
177,mobilenetv2_x0_75,4,0.5,0.1,1.136543500978925,0.1220753639936447,0.3114417195320129,0.71599999999284,0.93199999999068,1.1365433931350708,0.7459168434143066,4.227641582489014,0.1000000014901161,0.0181505233049392,0.1,1.0460713494121918,0.2400897145271301,0.7111054062843323,0.1000000014901161,0.0170426666736602,0.9942399999998012,0.9999999999998,0.0576710999011993,0.0203512981534004,0.0413822643458843
178,mobilenetv2_x0_75,4,0.001,0.1,1.1060542949697303,0.1219860911369323,0.2649740874767303,0.72699999999273,0.92599999999074,1.1060545444488523,0.7407811880111694,4.080680847167969,0.1000000014901161,0.0177209079265594,0.1,1.098131191834901,0.2282695174217224,0.7594096660614014,0.1000000014901161,0.0192808210849761,0.9955399999998008,0.9999799999998,0.0427283160388469,0.0165245048701763,0.0302287638187408
179,mobilenetv2_x0_75,4,1.0,0.1,1.0887552390895594,0.1035532131791114,0.1949096322059631,0.73199999999268,0.93299999999067,1.0887553691864014,0.7184049487113953,3.882524728775024,0.1000000014901161,0.0168407261371612,0.1,1.0751629790969528,0.2184692025184631,0.7306802272796631,0.1000000014901161,0.0178880766034126,0.9929399999998014,0.9999999999998,0.0662881359457969,0.0245468821376562,0.0464726090431213
180,mobilenetv2_x0_75,5,1.0,0.1,1.0733811747978046,0.0948104411363601,0.2155977040529251,0.68199999999318,0.94099999999059,1.0733811855316162,0.6355544924736023,3.1101319789886475,0.1000000014901161,0.0134946629405021,0.1,1.014247052072403,0.1349506378173828,0.6272091269493103,0.1000000014901161,0.0133643224835395,0.9278599999998144,0.9983999999998004,0.2808029055595398,0.2199806421995163,0.0965746566653251
181,mobilenetv2_x0_75,4,0.01,0.1,1.1906734585903969,0.126307874917984,0.2880938053131103,0.7199999999928,0.92599999999074,1.190673589706421,0.7905381321907043,4.653398036956787,0.1000000014901161,0.020000621676445,0.1,1.103827806411905,0.2402260303497314,0.7599844336509705,0.1000000014901161,0.0190265104174613,0.9957199999998008,0.9999999999998,0.0423780679702758,0.0158970616757869,0.0302046127617359
182,mobilenetv2_x0_75,5,2.0,0.1,1.151309955527916,0.0711172819137573,0.2002251744270324,0.69099999999309,0.92099999999079,1.1513100862503052,0.6731296181678772,3.3766191005706787,0.1000000014901161,0.014759175479412,0.1,1.090530659205644,0.1565815508365631,0.6567927598953247,0.1000000014901161,0.0144104361534118,0.9183599999998164,0.9976599999998004,0.3070258200168609,0.2559053301811218,0.0978131145238876
183,mobilenetv2_x0_75,3,1.0,0.1,1.40886615297982,0.0627387166023254,0.1395033001899719,0.59199999999408,0.89099999999109,1.4088661670684814,0.5565310716629028,2.0507941246032715,0.1000000014901161,0.0094593465328216,0.1,1.343753005230133,0.1321098506450653,0.5559850335121155,0.1000000014901161,0.0096089541912078,0.6727799999998655,0.9373399999998124,1.1369673013687134,1.1599218845367432,0.1452619433403015
184,mobilenetv2_x0_75,4,2.0,0.1,1.1449684982243873,0.1216113716363906,0.2642421722412109,0.70799999999292,0.93399999999066,1.1449685096740725,0.7451699376106262,4.302215576171875,0.1000000014901161,0.0182811394333839,0.1,1.134239222008031,0.2199254631996154,0.7565805912017822,0.1000000014901161,0.0190292447805404,0.9885399999998024,0.9999799999998,0.0864851176738739,0.0367599241435527,0.0558980405330657
185,mobilenetv2_x0_75,3,0.01,0.1,1.6105372744677475,0.0438241139054298,0.0920931994915008,0.54199999999458,0.85299999999147,1.61053729057312,0.6264951229095459,2.496241569519043,0.1000000014901161,0.0115590840578079,0.1,1.5932595712124995,0.0374540090560913,0.6450949907302856,0.1000000014901161,0.0121740102767944,0.5670799999998866,0.8627999999998275,1.524598240852356,2.1140999794006348,0.0555997006595134
186,mobilenetv2_x0_75,0,0.0,0.1,1.0474407568138004,0.1222425550222396,0.3644106090068817,0.71899999999281,0.93699999999063,1.047441005706787,0.6806222796440125,3.486337184906006,0.1000000014901161,0.0152036175131797,0.1,1.0796703618027197,0.2226788997650146,0.746880054473877,0.1000000014901161,0.0186277776956558,0.9957199999998008,0.9999999999998,0.0429071560502052,0.0173002816736698,0.0303448196500539
187,mobilenetv2_x0_75,3,2.0,0.1,1.4684187027001514,0.1034385114908218,0.243224561214447,0.58199999999418,0.88599999999114,1.4684187173843384,0.5227030515670776,1.840632677078247,0.1000000014901161,0.0084942430257797,0.1,1.4330415709785322,0.217700183391571,0.5330795049667358,0.1000000014901161,0.0090744793415069,0.6685599999998664,0.940459999999812,1.1927902698516846,1.0233465433120728,0.1916746646165848
188,mobilenetv2_x0_75,3,0.1,0.1,1.516301855183051,0.0314784757792949,0.0976036190986633,0.55199999999448,0.86099999999139,1.5163018703460691,0.5942876935005188,2.2344970703125,0.1000000014901161,0.0104119777679443,0.1,1.523299387722762,0.042216420173645,0.6198469996452332,0.1000000014901161,0.0113253891468048,0.5954799999998809,0.8827399999998236,1.4192349910736084,1.8290328979492188,0.080861248075962
189,mobilenetv2_x0_75,5,0.001,0.1,1.1254514343250146,0.0601803995668888,0.1878966689109802,0.65799999999342,0.91899999999081,1.1254515647888184,0.5977641344070435,2.4906158447265625,0.1000000014901161,0.011278286576271,0.1,1.067854734399873,0.0869568586349487,0.6069647073745728,0.1000000014901161,0.0119769051671028,0.8146399999998372,0.9725599999998056,0.6251786351203918,0.9673776626586914,0.0668520629405975
190,repvgg_a2,3,0.1,0.1,1.020446647929994,0.058332085609436,0.1253097057342529,0.70699999999293,0.93099999999069,1.02044677734375,0.6045061349868774,2.7093989849090576,0.1000000014901161,0.0120368972420692,0.1,0.9681823640238308,0.1037539839744567,0.5952853560447693,0.1000000014901161,0.011983186006546,0.8925599999998215,0.990459999999802,0.3864723742008209,0.5068447589874268,0.0773996412754058
191,repvgg_a2,4,1.0,0.1,0.9900436302362824,0.0680697560310363,0.1726051568984985,0.75199999999248,0.92899999999071,0.990043580532074,0.627975344657898,2.8323092460632324,0.1000000014901161,0.0126872882246971,0.1,0.9077625794391015,0.1088563799858093,0.6042726039886475,0.1000000014901161,0.0121772810816764,0.9997999999998,0.9999999999998,0.006949033588171,0.0005162035231478,0.0063777747564017
192,repvgg_a2,3,2.0,0.1,0.94892405514699,0.1039906740188598,0.2425255179405212,0.74199999999258,0.94799999999052,0.9489241242408752,0.6406392455101013,3.1572728157043457,0.1000000014901161,0.0138029083609581,0.1,0.978824753468437,0.187763512134552,0.694730281829834,0.1000000014901161,0.016740046441555,0.9986999999998004,0.9999999999998,0.02427389472723,0.0050976839847862,0.0203372184187173
193,repvgg_a2,5,0.01,0.1,1.0035889048353268,0.1114563569426536,0.2685147225856781,0.74499999999255,0.93699999999063,1.0035890340805054,0.6878232955932617,3.7102556228637695,0.1000000014901161,0.0159315466880798,0.1,0.934822876209436,0.2134091258049011,0.6722236275672913,0.1000000014901161,0.0157320797443389,0.9986399999998004,0.9999999999998,0.0185484066605567,0.0062270346097648,0.0144235882908105
194,repvgg_a2,5,1.0,0.1,0.9543067121442498,0.0916545614600181,0.2149956375360489,0.75799999999242,0.94099999999059,0.954306662082672,0.6431797742843628,3.164900064468384,0.1000000014901161,0.0138257145881652,0.1,0.9044317791744172,0.19269460439682,0.6388954520225525,0.1000000014901161,0.0141702219843864,0.9996799999998002,0.9999999999998,0.0086641106754541,0.0010343280155211,0.0077191251330077
195,repvgg_a2,3,0.001,0.1,1.0747156035716916,0.0593730844557285,0.192513883113861,0.68499999999315,0.92099999999079,1.0747156143188477,0.5958653092384338,2.507386445999145,0.1000000014901161,0.0113221183419227,0.1,1.03050163604889,0.4144196808338165,0.5996275544166565,0.1000000014901161,0.011877954006195,0.8269999999998346,0.9716999999998056,0.5957152247428894,1.0009698867797852,0.0614413619041442
196,repvgg_a2,0,0.0,0.1,0.9667376183157173,0.0625271499156951,0.1420921981334686,0.76199999999238,0.93499999999065,0.9667375683784484,0.6283197402954102,2.9120094776153564,0.1000000014901161,0.0128948986530303,0.1,0.9101554410146424,0.1301031112670898,0.6212553977966309,0.1000000014901161,0.0129410922527313,0.9998199999998,0.9999999999998,0.0056526595726609,0.0005710519617423,0.0050687696784734
197,repvgg_a2,4,0.1,0.1,0.999728073613254,0.076234646141529,0.3147411942481994,0.74799999999252,0.93499999999065,0.9997281432151794,0.6259952187538147,2.710070371627808,0.1000000014901161,0.0122962892055511,0.1,0.9318351271660062,0.129822552204132,0.620024561882019,0.1000000014901161,0.0127115249633789,0.9998599999998,0.9999999999998,0.0060529969632625,0.000528555305209,0.0055325534194707
198,repvgg_a2,3,0.01,0.1,1.0955780634994807,0.0650089383125305,0.2060037404298782,0.68199999999318,0.92099999999079,1.0955783128738403,0.6109274625778198,2.638305902481079,0.1000000014901161,0.0118858367204666,0.1,1.037753647075056,0.0878552794456482,0.6034582257270813,0.1000000014901161,0.011936530470848,0.8322999999998336,0.9729399999998056,0.5814793109893799,0.9562207460403442,0.0657772347331047
199,repvgg_a2,4,0.5,0.1,1.0038038391822377,0.0649744644761085,0.1626541316509246,0.74499999999255,0.93199999999068,1.0038039684295654,0.63436359167099,2.8686654567718506,0.1000000014901161,0.012855514883995,0.1,0.9242152826318636,0.1287433505058288,0.6141406297683716,0.1000000014901161,0.0126152113080024,0.9998399999998,0.9999999999998,0.0064795166254043,0.0004454841546248,0.005985477939248
200,repvgg_a2,5,0.001,0.1,1.0548623694791477,0.1014239639043808,0.2158874273300171,0.75199999999248,0.9399999999906,1.054862380027771,0.7327249646186829,4.213219165802002,0.1000000014901161,0.017918437719345,0.1,0.9514467838100176,0.2212474942207336,0.6891464591026306,0.1000000014901161,0.0165304541587829,0.9982799999998004,0.9999999999998,0.0199533812701702,0.0087706595659255,0.0146338092163205
201,repvgg_a2,4,0.001,0.1,0.9676756166011676,0.0661914721131324,0.2204899787902832,0.75199999999248,0.93799999999062,0.9676756858825684,0.6192111968994141,2.738436222076416,0.1000000014901161,0.0123011246323585,0.1,0.9256660133249164,0.1560438871383667,0.6293773055076599,0.1000000014901161,0.0132371112704277,0.9998199999998,0.9999999999998,0.0056895343586802,0.0005320173222571,0.005127812270075
202,repvgg_a2,5,0.5,0.1,0.9856765767711944,0.0971915125846862,0.2307265996932983,0.74299999999257,0.94799999999052,0.985676646232605,0.6588650345802307,3.325929880142212,0.1000000014901161,0.0144807770848274,0.1,0.9270868092408489,0.169585108757019,0.6569456458091736,0.1000000014901161,0.0149127021431922,0.9996399999998,0.9999999999998,0.0093166315928101,0.0014313391875475,0.0081451833248138
203,repvgg_a2,5,2.0,0.1,0.987105180882885,0.0993798077106475,0.1882917284965515,0.73499999999265,0.93499999999065,0.9871053099632264,0.6578791737556458,3.340557336807251,0.1000000014901161,0.0144934579730033,0.1,0.9119297520783448,0.1984018683433532,0.6385616064071655,0.1000000014901161,0.0140321478247642,0.9997399999998,0.9999999999998,0.0082529243081808,0.0007999131921678,0.0074786473996937
204,repvgg_a2,4,2.0,0.1,0.9895586868512394,0.0596227198839187,0.180120587348938,0.74499999999255,0.93799999999062,0.989558756351471,0.6248342990875244,2.8380651473999023,0.1000000014901161,0.012652650475502,0.1,0.905913239373187,0.1258791089057922,0.6024996042251587,0.1000000014901161,0.0121077448129653,0.9998399999998,0.9999999999998,0.0068904343061149,0.0004989465232938,0.0063717020675539
205,repvgg_a2,3,0.5,0.1,1.0335681335089233,0.0798403769731521,0.2686707079410553,0.7299999999927,0.93299999999067,1.0335681438446045,0.6674071550369263,3.461334705352783,0.1000000014901161,0.014955498278141,0.1,0.950395139326984,0.16184002161026,0.6443964838981628,0.1000000014901161,0.0144197046756744,0.9825199999998036,0.9998999999998,0.1015843674540519,0.0571194291114807,0.0562392100691795
206,repvgg_a2,4,0.01,0.1,0.9710808895277776,0.0569745898246765,0.2109642624855041,0.74099999999259,0.93499999999065,0.9710808992385864,0.6212955117225647,2.779948472976685,0.1000000014901161,0.0124423131346702,0.1,0.9267899648647204,0.1425834894180297,0.6323071718215942,0.1000000014901161,0.0132980048656463,0.9998199999998,0.9999999999998,0.00556476181373,0.0004881097993347,0.0050190761685371
207,repvgg_a2,3,1.0,0.1,0.9918635984416546,0.0887408554553985,0.2202044874429702,0.74599999999254,0.93799999999062,0.9918635487556458,0.6707087755203247,3.5304274559021,0.1000000014901161,0.0152143836021423,0.1,0.9414812779562052,0.2377646565437317,0.657270073890686,0.1000000014901161,0.0151371657848358,0.9958799999998008,0.9999999999998,0.0437716282904148,0.0145380590111017,0.032238021492958
208,repvgg_a2,5,0.1,0.1,0.9555562043001814,0.0922000184655189,0.238174557685852,0.75499999999245,0.94199999999058,0.9555564522743224,0.6642529368400574,3.5244503021240234,0.1000000014901161,0.0151246637105941,0.1,0.9383343911341402,0.2136697173118591,0.6726468205451965,0.1000000014901161,0.0157265663146972,0.9992599999998002,0.9999999999998,0.0134405866265296,0.0032767346128821,0.0110901109874248
209,shufflenetv2_x2_0,4,0.5,0.1,1.004544844118675,0.0797472223639488,0.2215417027473449,0.73899999999261,0.92299999999077,1.0045448541641235,0.6466516852378845,3.069408893585205,0.1000000014901161,0.013598121702671,0.1,0.960556294115685,0.1614782214164734,0.6507045030593872,0.1000000014901161,0.0141855478286743,0.9997199999998,0.9999999999998,0.0117228366434574,0.0009256942430511,0.0108678536489605
210,shufflenetv2_x2_0,5,0.5,0.1,1.073075879810318,0.1068973466753959,0.2488949298858642,0.71499999999285,0.92499999999075,1.0730760097503662,0.6886797547340393,3.5310873985290527,0.1000000014901161,0.0154473111033439,0.1,1.022553906364202,0.1945859789848327,0.6920654773712158,0.1000000014901161,0.0161729305982589,0.9987799999998004,0.9999999999998,0.0321866124868392,0.006071020849049,0.0277269035577774
211,shufflenetv2_x2_0,3,2.0,0.1,1.1877500892119768,0.0985732525587081,0.2690466344356537,0.69299999999307,0.91099999999089,1.187750220298767,0.7266976237297058,3.900475025177002,0.1000000014901161,0.016959324479103,0.1,1.118864005223153,0.1844527721405029,0.7172700762748718,0.1000000014901161,0.0171913132071495,0.9813999999998038,0.9999599999998,0.1242972463369369,0.0581153482198715,0.0748095959424972
212,shufflenetv2_x2_0,4,1.0,0.1,1.0247656004472294,0.0866513922810554,0.221163809299469,0.73799999999262,0.93299999999067,1.0247656106948853,0.6666029095649719,3.360766649246216,0.1000000014901161,0.0146751031279563,0.1,0.953812816672701,0.1528750658035278,0.6430922150611877,0.1000000014901161,0.0138402208685874,0.9996999999998,0.9999999999998,0.0118920672684907,0.000924207328353,0.0110945217311382
213,shufflenetv2_x2_0,4,0.1,0.1,1.1153293736504784,0.0954874455928802,0.1917440891265869,0.72099999999279,0.91899999999081,1.115329384803772,0.712242841720581,3.603496789932251,0.1000000014901161,0.015982873737812,0.1,0.974685575143992,0.1794288158416748,0.6628490686416626,0.1000000014901161,0.014733500778675,0.9996199999998,0.9999999999998,0.009748300537467,0.0010388672817498,0.0087531171739101
214,shufflenetv2_x2_0,5,2.0,0.1,1.120137322668561,0.1009582579135894,0.2586271166801452,0.72799999999272,0.92199999999078,1.1201374530792236,0.7415138483047485,4.189981937408447,0.1000000014901161,0.0179905220866203,0.1,1.066696483698408,0.2133809328079223,0.7299360036849976,0.1000000014901161,0.0178577676415443,0.9994599999998002,0.9999999999998,0.019612431526184,0.0027313577011227,0.0175447650253772
215,shufflenetv2_x2_0,4,0.001,0.1,1.0626286161971392,0.0904597789049148,0.2236236333847046,0.73199999999268,0.92599999999074,1.0626286268234253,0.6954993009567261,3.5697388648986816,0.1000000014901161,0.0156447365880012,0.1,1.0033764430659438,0.1861946582794189,0.6838710904121399,0.1000000014901161,0.0154301151633262,0.9996199999998,0.9999999999998,0.0087922271341085,0.0008890670724213,0.0078720049932599
216,shufflenetv2_x2_0,5,0.01,0.1,1.0874555002185846,0.1115198507905006,0.2195943892002105,0.69799999999302,0.93399999999066,1.0874556303024292,0.6783445477485657,3.378990650177002,0.1000000014901161,0.0148787423968315,0.1,1.0199052282763077,0.2042419910430908,0.6746352314949036,0.1000000014901161,0.015343502163887,0.9877799999998024,0.9998199999998,0.0896031111478805,0.0518951043486595,0.0539882034063339
217,shufflenetv2_x2_0,5,0.001,0.1,1.1118103154581298,0.101630687713623,0.2275665402412414,0.70299999999297,0.92799999999072,1.111810326576233,0.6837831735610962,3.394325494766236,0.1000000014901161,0.0149862915277481,0.1,1.026613711170109,0.1862978935241699,0.669063925743103,0.1000000014901161,0.0148832872509956,0.9841399999998032,0.9998199999998,0.1038463562726974,0.0611701980233192,0.0594757497310638
218,shufflenetv2_x2_0,3,0.001,0.1,1.2808163037964513,0.0457797050476074,0.160067617893219,0.61499999999385,0.89399999999106,1.2808163166046145,0.6139057874679565,2.4915809631347656,0.1000000014901161,0.0114148408174514,0.1,1.1951789710222498,0.0949441492557525,0.6132855415344238,0.1000000014901161,0.0117431730031967,0.7410399999998518,0.9441399999998112,0.9009315967559814,1.4247641563415527,0.073495015501976
219,shufflenetv2_x2_0,4,0.01,0.1,1.1480839137663532,0.0881164073944091,0.1988473534584045,0.72699999999273,0.9199999999908,1.148084044456482,0.7361997365951538,3.859257221221924,0.1000000014901161,0.0170477330684661,0.1,0.9943560681950696,0.1880785226821899,0.6752265691757202,0.1000000014901161,0.0150430649518966,0.9997399999998,0.9999999999998,0.0087334364652633,0.000898309983313,0.0079005658626556
220,shufflenetv2_x2_0,5,1.0,0.1,1.0293667213500095,0.1025014072656631,0.2393538951873779,0.72499999999275,0.93499999999065,1.0293666124343872,0.6652464270591736,3.316524028778076,0.1000000014901161,0.0145443975925445,0.1,0.9904311089637096,0.1920238733291626,0.6769651174545288,0.1000000014901161,0.015578493475914,0.9993599999998002,0.9999999999998,0.0220329705625772,0.0030240777414292,0.0196917615830898
221,shufflenetv2_x2_0,5,0.1,0.1,1.0477934970980538,0.0858823359012603,0.1918810606002807,0.72699999999273,0.92699999999073,1.0477933883666992,0.6640921831130981,3.2532403469085693,0.1000000014901161,0.0143514722585678,0.1,1.0128892450204516,0.1855602264404297,0.6791799068450928,0.1000000014901161,0.0155412107706069,0.995059999999801,0.9999799999998,0.0578445717692375,0.0195475406944751,0.0429928377270698
222,shufflenetv2_x2_0,3,0.5,0.1,1.1327752953739072,0.0561282336711883,0.1417387425899505,0.66099999999339,0.92099999999079,1.1327751874923706,0.5957655310630798,2.537189483642578,0.1000000014901161,0.011365033686161,0.1,1.0690065875361392,0.0925914272665977,0.615157425403595,0.1000000014901161,0.0124230086803436,0.8964199999998208,0.995279999999801,0.401465117931366,0.3499839305877685,0.1208127290010452
223,shufflenetv2_x2_0,3,0.01,0.1,1.2346626396690596,0.0424823611974716,0.0993668660521507,0.64499999999355,0.90799999999092,1.234662652015686,0.5979386568069458,2.393419027328491,0.1000000014901161,0.0109527260065078,0.1,1.192434190378869,0.1940900385379791,0.6130484938621521,0.1000000014901161,0.0117300078272819,0.745019999999851,0.945559999999811,0.886640727519989,1.3841872215270996,0.0742840617895126
224,shufflenetv2_x2_0,3,0.1,0.1,1.220703470420834,0.0480180568993091,0.1289799809455871,0.64199999999358,0.90499999999095,1.2207036018371582,0.5972689986228943,2.33211088180542,0.1000000014901161,0.0107875317335128,0.1,1.1129414890427018,0.0927483215928077,0.5934392213821411,0.1000000014901161,0.0112470462918281,0.7870399999998426,0.9660399999998068,0.7353118658065796,0.9874030351638794,0.0932072550058364
225,shufflenetv2_x2_0,4,2.0,0.1,1.0851204286782148,0.0828616470098495,0.2089272141456604,0.72599999999274,0.92099999999079,1.085120439529419,0.6926329731941223,3.4946255683898926,0.1000000014901161,0.0154096037149429,0.1,1.004310288902817,0.1945447921752929,0.6742019653320312,0.1000000014901161,0.0150781348347663,0.9996799999998002,0.9999999999998,0.0121244369074702,0.0010528792627155,0.0111514991149306
226,shufflenetv2_x2_0,3,1.0,0.1,1.1022592672748317,0.0759783238172531,0.185885488986969,0.6809999999931899,0.9199999999908,1.1022592782974243,0.6312505602836609,2.8581383228302,0.1000000014901161,0.0127642303705215,0.1,1.0796131413437986,0.1327272057533264,0.6521995663642883,0.1000000014901161,0.0141197517514228,0.9491799999998102,0.9991799999998002,0.2443754374980926,0.1553853452205658,0.1100646406412124
227,shufflenetv2_x2_0,0,0.0,0.1,1.057516683493742,0.0839363187551498,0.2429297566413879,0.73199999999268,0.92799999999072,1.0575168132781982,0.6742347478866577,3.2388951778411865,0.1000000014901161,0.0144468918442726,0.1,0.9937992482269348,0.178641140460968,0.6796197295188904,0.1000000014901161,0.0153135359287261,0.9996399999998,0.9999999999998,0.0087805148214101,0.0010088123381137,0.0077871014364063
228,shufflenetv2_x1_5,3,0.1,0.1,1.2274287816328775,0.0316293165087699,0.0927270650863647,0.63599999999364,0.90599999999094,1.2274287939071655,0.5915436744689941,2.370215892791748,0.1000000014901161,0.0108268111944198,0.1,1.15997260017785,0.0849798917770385,0.5974425077438354,0.1000000014901161,0.0113067105412483,0.7646599999998471,0.9573599999998086,0.8141055107116699,1.1270511150360107,0.0917757153511047
229,shufflenetv2_x1_5,5,0.001,0.1,1.102467406692306,0.0871540457010269,0.1989485025405883,0.68799999999312,0.92099999999079,1.1024672985076904,0.6557687520980835,3.094057321548462,0.1000000014901161,0.0137801840901374,0.1,1.046842143432094,0.2033005356788635,0.6682610511779785,0.1000000014901161,0.0147708505392074,0.9659599999998068,0.9985999999998004,0.1703013628721237,0.1452458947896957,0.0746368393301963
230,shufflenetv2_x1_5,5,2.0,0.1,1.2536007040548744,0.1175146251916885,0.2509149312973022,0.69499999999305,0.90499999999095,1.2536007165908811,0.7905445694923401,4.573449611663818,0.1000000014901161,0.0197845250368118,0.1,1.1524714086231085,0.2063379287719726,0.760559618473053,0.1000000014901161,0.0189937576651573,0.9986399999998004,0.9999999999998,0.0368285849690437,0.007308832835406,0.0315813235938549
231,shufflenetv2_x1_5,3,1.0,0.1,1.146263945560981,0.0719770640134811,0.1887708902359008,0.67199999999328,0.91599999999084,1.1462639570236206,0.6417663097381592,2.9856209754943848,0.1000000014901161,0.0132374614477157,0.1,1.0762915996672593,0.1286020874977111,0.6356655955314636,0.1000000014901161,0.0133861154317855,0.9295199999998142,0.9985199999998003,0.3050057291984558,0.2173055857419967,0.1186078563332557
232,shufflenetv2_x1_5,4,0.1,0.1,1.1066028961147572,0.099315121769905,0.3122707009315491,0.7199999999928,0.92799999999072,1.1066030263900757,0.7157697081565857,3.833704948425293,0.1000000014901161,0.0166480466723442,0.1,1.0259154361346028,0.2021909952163696,0.6916968822479248,0.1000000014901161,0.0157709494233131,0.9995599999998002,0.9999999999998,0.012169923633337,0.0014077962841838,0.0109039219096303
233,shufflenetv2_x1_5,3,0.001,0.1,1.332515941646154,0.0351477526128292,0.0858722925186157,0.61199999999388,0.88499999999115,1.332516074180603,0.6249435544013977,2.588087558746338,0.1000000014901161,0.0118383765220642,0.1,1.2598397585328018,0.0850984752178192,0.631431519985199,0.1000000014901161,0.0123489201068878,0.7193199999998562,0.9347999999998132,0.9853813648223876,1.5619655847549438,0.0734399631619453
234,shufflenetv2_x1_5,4,0.001,0.1,1.1633926513680877,0.1173010766506195,0.4145501852035522,0.70799999999292,0.92599999999074,1.1633926630020142,0.7404390573501587,3.9971706867218018,0.1000000014901161,0.0174418091773986,0.1,1.0506658807312614,0.2144834399223327,0.7064090371131897,0.1000000014901161,0.0163529366254806,0.9995599999998002,0.9999999999998,0.0112034697085618,0.0013072870206087,0.0099770734086632
235,shufflenetv2_x1_5,5,0.1,0.1,1.1124578603124942,0.1031675338745117,0.2215737998485565,0.7059999999929399,0.92499999999075,1.112458109855652,0.6896467804908752,3.544193744659424,0.1000000014901161,0.0154382511973381,0.1,1.0472106325911628,0.1847441792488098,0.6851576566696167,0.1000000014901161,0.0157174989581108,0.9858799999998028,0.9999199999998,0.101647712290287,0.0498158223927021,0.0623453855514526
236,shufflenetv2_x1_5,5,1.0,0.1,1.1484138850765302,0.0955054387450218,0.2764829993247986,0.72699999999273,0.92199999999078,1.1484136581420898,0.746354341506958,4.159419059753418,0.1000000014901161,0.018005758523941,0.1,1.042245360382002,0.2251148819923401,0.7024497985839844,0.1000000014901161,0.0164960399270057,0.9987599999998004,0.9999999999998,0.0347716659307479,0.0062792431563138,0.0300280824303627
237,shufflenetv2_x1_5,4,1.0,0.1,1.0950438866783454,0.1023439019918441,0.2728550136089325,0.71599999999284,0.92299999999077,1.0950440168380735,0.6929832696914673,3.4773669242858887,0.1000000014901161,0.0153524354100227,0.1,1.005336064970047,0.900781512260437,0.6774773597717285,0.1000000014901161,0.0153485611081123,0.9996999999998,0.9999999999998,0.0150468107312917,0.0014207540079951,0.0139166107401251
238,shufflenetv2_x1_5,4,0.01,0.1,1.1743863703591026,0.1047366708517074,0.2906012535095215,0.71799999999282,0.91899999999081,1.1743862628936768,0.7392753958702087,3.8529889583587646,0.1000000014901161,0.0170720443129539,0.1,1.05597111134289,0.2124422192573547,0.7115687727928162,0.1000000014901161,0.0165916457772254,0.9996199999998,0.9999999999998,0.0110641801729798,0.0013182031689211,0.0099071655422449
239,shufflenetv2_x1_5,0,0.0,0.1,1.1140309460816755,0.0945772752165794,0.2184285223484039,0.71899999999281,0.91899999999081,1.1140310764312744,0.7147755026817322,3.7194747924804688,0.1000000014901161,0.0163270384073257,0.1,1.04347887188152,0.1950287818908691,0.7046661972999573,0.1000000014901161,0.0162951350212097,0.9996799999998002,0.9999999999998,0.011510313488543,0.0014039066154509,0.0103617738932371
240,shufflenetv2_x1_5,3,0.01,0.1,1.28198574691525,0.0209591276943683,0.0946726724505424,0.62299999999377,0.88699999999113,1.2819857597351074,0.5979455709457397,2.396538496017456,0.1000000014901161,0.0109395533800125,0.1,1.2615386763436855,0.2459028363227844,0.6257923245429993,0.1000000014901161,0.0120839327573776,0.7130999999998574,0.9335999999998134,0.9991209506988524,1.5382516384124756,0.073488101363182
241,shufflenetv2_x1_5,3,0.5,0.1,1.1777000309476091,0.0471196211874485,0.1178656965494155,0.66199999999338,0.90599999999094,1.1777000427246094,0.6194405555725098,2.6664748191833496,0.1000000014901161,0.0120461657643318,0.1,1.1014733037366031,0.0901394337415695,0.6105718016624451,0.1000000014901161,0.0121229588985443,0.8691999999998262,0.9909999999998018,0.4832815527915954,0.4692106246948242,0.1215180084109306
242,shufflenetv2_x1_5,5,0.01,0.1,1.1865084052644326,0.1083201915025711,0.2577290534973144,0.68499999999315,0.91499999999085,1.1865086555480957,0.7217544317245483,3.7881345748901367,0.1000000014901161,0.016580045223236,0.1,1.05186477517768,0.1940628886222839,0.678490161895752,0.1000000014901161,0.0153541788458824,0.970179999999806,0.9991599999998002,0.1566795408725738,0.1184755489230156,0.0739843398332595
243,shufflenetv2_x1_5,5,0.5,0.1,1.0907164703016363,0.1194438487291336,0.2903571724891662,0.7059999999929399,0.93499999999065,1.0907163619995115,0.6904422044754028,3.4673171043396,0.1000000014901161,0.0152954161167144,0.1,1.027931907624282,0.2065426707267761,0.6896187663078308,0.1000000014901161,0.0159239619970321,0.9975999999998004,0.9999999999998,0.0474391132593154,0.011693793348968,0.0387962087988853
244,shufflenetv2_x1_5,4,2.0,0.1,1.1294269448824883,0.1050207167863845,0.3087940216064453,0.71299999999287,0.91599999999084,1.1294270753860474,0.7057065963745117,3.602936983108521,0.1000000014901161,0.0158715322613716,0.1,1.0838936555263254,0.189807653427124,0.7199602723121643,0.1000000014901161,0.0169968456029891,0.9996799999998002,0.9999999999998,0.0151172699406743,0.0014482100959867,0.01394057366997
245,shufflenetv2_x1_5,3,2.0,0.1,1.2433992499942912,0.0984676778316497,0.182745486497879,0.66699999999333,0.90899999999091,1.2433995008468628,0.714017927646637,3.723905563354492,0.1000000014901161,0.0162614583969116,0.1,1.1295357002847417,0.1668421626091003,0.6898311972618103,0.1000000014901161,0.0157465040683746,0.9625599999998076,0.9993199999998,0.2011662870645523,0.1178023070096969,0.1013331711292266
246,shufflenetv2_x1_5,4,0.5,0.1,1.0486754074133315,0.0811506286263465,0.2385590076446533,0.7299999999927,0.92699999999073,1.0486754179000854,0.6766456365585327,3.39107608795166,0.1000000014901161,0.0148921832442283,0.1,1.0367055258887985,0.2425878047943115,0.6917853355407715,0.1000000014901161,0.0157742127776145,0.9996799999998002,0.9999999999998,0.0146426372230052,0.0015051257796585,0.0134341400116682
247,vgg16_bn,5,2.0,0.1,1.7798023045896725,0.2050592750310897,0.4737891554832458,0.70199999999298,0.89299999999107,1.779802322387695,1.2277501821517944,11.05136775970459,0.1000000014901161,0.0443017929792404,0.1,1.6610887959355485,0.4283199906349182,1.1884537935256958,0.1000000014901161,0.0427778214216232,0.985339999999803,0.9997999999998,0.0543741062283515,0.0820800885558128,0.0136682027950882
248,vgg16_bn,5,1.0,0.1,1.6780146192595875,0.1853453814983368,0.478800505399704,0.70699999999293,0.89699999999103,1.678014874458313,1.166892647743225,10.321975708007812,0.1000000014901161,0.0409270375967025,0.1,1.613150581580786,0.4292293190956116,1.166831612586975,0.1000000014901161,0.0416423082351684,0.9862199999998028,0.9996799999998002,0.0509761497378349,0.0751484110951423,0.013127302750945
249,vgg16_bn,5,0.001,0.1,1.4001085618198372,0.15308578312397,0.2956290543079376,0.69699999999303,0.89099999999109,1.4001085758209229,0.9192379117012024,6.177258968353272,0.1000000014901161,0.0260906517505645,0.1,1.3286135711742482,0.3398310542106628,0.904297173023224,0.1000000014901161,0.0260193198919296,0.9222399999998157,0.990659999999802,0.2673361301422119,0.6646896600723267,0.0130960615351796
250,vgg16_bn,3,0.01,0.1,4.605728580193936,0.000384472310543,0.000384472310543,0.0099999999999,0.04499999999955,4.605729103088379,0.0088550383225083,0.0004425822698976,0.1000000014901161,2.1457672119140625e-06,0.1,4.605350860141054,0.0003837598487734,0.0088446540758013,0.1000000014901161,2.86102294921875e-06,0.009999999999998,0.04999999999999,4.605388641357422,0.0004393700801301,0.0003816448152065
251,vgg16_bn,5,0.01,0.1,1.404685244818504,0.147981971502304,0.3115649819374084,0.70199999999298,0.89599999999104,1.404685616493225,0.9231514930725098,6.342226982116699,0.1000000014901161,0.0264658480882644,0.1,1.3256573662333462,0.2798063158988952,0.9043076634407043,0.1000000014901161,0.0261251926422119,0.925359999999815,0.991039999999802,0.2539161145687103,0.5966814756393433,0.0138583518564701
252,vgg16_bn,0,0.0,0.1,1.7317538088238194,0.1980980932712555,0.4614512026309967,0.7299999999927,0.9099999999909,1.731753945350647,1.2313350439071655,11.312849044799805,0.1000000014901161,0.0447855740785598,0.1,1.569645442808053,0.4417829811573028,1.1555768251419067,0.1000000014901161,0.0402767658233642,0.9991599999998002,0.9999799999998,0.0054822429083287,0.0042187254875898,0.0031292459461838
253,vgg16_bn,3,0.001,0.1,4.605732394891163,0.0003874907270073,0.0003874907270073,0.0099999999999,0.04499999999955,4.6057329177856445,0.0089178374037146,0.0004491474246606,0.1000000014901161,2.473592758178711e-06,0.1,4.605354250983064,0.0003886325284838,0.0089086666703224,0.1000000014901161,2.2351741790771484e-06,0.009999999999998,0.04999999999999,4.605391502380371,0.0004459318297449,0.0003830278292298
254,vgg16_bn,4,1.0,0.1,1.7459018055848052,0.203468844294548,0.4410986602306366,0.72599999999274,0.90799999999092,1.7459019422531128,1.2390036582946775,11.325684547424316,0.1000000014901161,0.0451699048280715,0.1,1.589039853767576,0.4284526705741882,1.1715376377105713,0.1000000014901161,0.0415982156991958,0.9982199999998004,0.9999999999998,0.0082301031798124,0.0084102330729365,0.0035230198409408
255,vgg16_bn,3,2.0,0.1,2.797286244076088,0.1444117277860641,0.1936716437339782,0.24399999999756,0.6809999999931899,2.79728627204895,0.3550295233726501,1.242664813995361,0.1000000014901161,0.0053470134735107,0.1,2.8382188447569865,0.1873251795768737,0.3850911259651184,0.1000000014901161,0.0059669613838195,0.1839399999999632,0.6375999999998725,2.745049476623535,0.5982093811035156,0.0830547511577606
256,vgg16_bn,5,0.5,0.1,1.650827272119352,0.212502971291542,0.5353199243545532,0.67899999999321,0.89899999999101,1.6508275270462036,1.1113169193267822,9.45412254333496,0.1000000014901161,0.0375712364912033,0.1,1.5336320118288147,0.4033862054347992,1.1000107526779177,0.1000000014901161,0.0375508964061737,0.9825999999998036,0.9997999999998,0.0602606199681758,0.0809862911701202,0.0134860239923
257,vgg16_bn,5,0.1,0.1,1.4271789646481934,0.1543922275304794,0.3490244448184967,0.71199999999288,0.90399999999096,1.427178978919983,0.9802730679512024,7.391568660736084,0.1000000014901161,0.0301843285560607,0.1,1.3901496182996138,0.3644247353076935,0.9678469896316528,0.1000000014901161,0.0295436531305313,0.9571999999998086,0.9978799999998004,0.1425780355930328,0.2649950385093689,0.0169325433671474
258,vgg16_bn,4,2.0,0.1,1.7239183015092912,0.1974397748708725,0.4218601584434509,0.73499999999265,0.91899999999081,1.723918318748474,1.24209463596344,11.619059562683104,0.1000000014901161,0.0457538813352584,0.1,1.6371018735921374,0.4434057772159576,1.2057894468307495,0.1000000014901161,0.0438008904457092,0.9983599999998004,0.9999999999998,0.0084520811215043,0.0069752968847751,0.0040029087103903
259,vgg16_bn,4,0.01,0.1,1.6310307816480665,0.19129279255867,0.5375992059707642,0.7299999999927,0.90199999999098,1.6310309171676636,1.1595991849899292,9.745567321777344,0.1000000014901161,0.0398597568273544,0.1,1.6112546240599706,0.4586706161499023,1.181725025177002,0.1000000014901161,0.0418179482221603,0.9990399999998002,0.9999999999998,0.0056873839348554,0.0046907169744372,0.0030684540979564
260,vgg16_bn,3,1.0,0.1,2.6996314255641107,0.1361593902111053,0.4176645874977112,0.25499999999745,0.67799999999322,2.6996309757232666,0.406737357378006,1.313706398010254,0.1000000014901161,0.0058797299861907,0.1,2.7234498364599604,0.3733561038970947,0.4288642406463623,0.1000000014901161,0.0063633322715759,0.1894599999999621,0.6453599999998709,2.711627960205078,0.849928617477417,0.0695141702890396
261,vgg16_bn,4,0.1,0.1,1.7165243453988437,0.2024914026260376,0.5192558765411377,0.7199999999928,0.91099999999089,1.7165244817733765,1.2148122787475586,10.936854362487791,0.1000000014901161,0.0436436235904693,0.1,1.5805008923665411,0.4544902145862579,1.167175054550171,0.1000000014901161,0.041143923997879,0.9987399999998005,0.9999999999998,0.0065527930855751,0.0054048569872975,0.0030831703916192
262,vgg16_bn,3,0.1,0.1,3.590273344376808,0.0463282316923141,0.6543313264846802,0.10399999999896,0.38299999999617,3.590273141860962,0.4082116782665252,0.8790876865386963,0.1000000014901161,0.0043238997459411,0.1,3.57835769255725,0.6711355447769165,0.3926139771938324,0.1000000014901161,0.004006415605545,0.0866399999999826,0.3246799999999351,3.629226922988891,1.0876080989837646,0.0138862831518054
263,vgg16_bn,3,0.5,0.1,2.8686663817595037,0.0945033207535743,0.2229713052511215,0.20799999999792,0.61499999999385,2.868666648864746,0.4365270435810089,1.1841541528701782,0.1000000014901161,0.0056181252002716,0.1,2.851935992780821,0.578479528427124,0.4383693039417267,0.1000000014901161,0.0057031214237213,0.1672799999999665,0.565579999999887,2.9523348808288574,1.0677942037582395,0.0519153140485286
264,vgg16_bn,4,0.5,0.1,1.6354826525218216,0.1906003504991531,0.3963745236396789,0.7309999999926899,0.90799999999092,1.6354830265045166,1.1760717630386353,10.393620491027832,0.1000000014901161,0.0414479374885559,0.1,1.5670154474649058,0.4473491609096527,1.160134196281433,0.1000000014901161,0.0408148765563964,0.9986599999998004,0.9999999999998,0.0072431359440088,0.0055159153416752,0.0035710879601538
265,vgg16_bn,4,0.001,0.1,1.675386173660567,0.1937723010778427,0.4478875696659088,0.7309999999926899,0.90599999999094,1.6753865480422974,1.204493284225464,10.790822982788086,0.1000000014901161,0.0431184917688369,0.1,1.6126732543404785,0.4486497640609741,1.1707899570465088,0.1000000014901161,0.0410128235816955,0.9990799999998002,0.9999999999998,0.0057040541432797,0.0045038815587759,0.0030072540976107
266,resnet44,3,0.001,0.1,1.331395851172736,0.0572674795985221,0.1591497063636779,0.60899999999391,0.89199999999108,1.331395983695984,0.6432141661643982,2.749639749526977,0.1000000014901161,0.012550339102745,0.1,1.307227702807609,0.0927823632955551,0.6712572574615479,0.1000000014901161,0.0139806270599365,0.7060999999998588,0.9284399999998144,1.0064961910247805,1.745121955871582,0.0463142544031143
267,resnet44,3,0.1,0.1,1.1518375758381918,0.0465778484940528,0.0982586741447448,0.65299999999347,0.91699999999083,1.1518375873565674,0.58343905210495,2.3271732330322266,0.1000000014901161,0.0106181353330612,0.1,1.1598345425752272,0.0971490889787674,0.6269460320472717,0.1000000014901161,0.0126003921031951,0.7738199999998453,0.960999999999808,0.7596081495285034,1.136455774307251,0.0719923079013824
268,resnet44,3,1.0,0.1,1.1193137056952909,0.0791511684656143,0.3375561833381653,0.67599999999324,0.91899999999081,1.1193137168884275,0.6396176815032959,3.070375919342041,0.1000000014901161,0.0134316086769104,0.1,1.0915459514781434,0.1033697724342346,0.6484068632125854,0.1000000014901161,0.0140923410654068,0.890399999999822,0.9945399999998012,0.3912475109100342,0.3787387013435364,0.1001014560461044
269,resnet44,5,0.01,0.1,1.2005241989246287,0.1130029931664466,0.2027179598808288,0.68599999999314,0.91299999999087,1.2005242109298706,0.7301284074783325,3.867684364318848,0.1000000014901161,0.0169297009706497,0.1,1.1289938543279054,0.1820889711380005,0.7151525020599365,0.1000000014901161,0.0169168412685394,0.9139599999998173,0.9924999999998017,0.3050351142883301,0.4145563244819641,0.0637075006961822
270,resnet44,4,0.001,0.1,1.465491637833792,0.1817916333675384,0.8209439516067505,0.67399999999326,0.91399999999086,1.4654918909072876,0.945791721343994,6.658393383026123,0.1000000014901161,0.0277304351329803,0.1,1.3168819863204415,0.2939875721931457,0.8982418179512024,0.1000000014901161,0.0259238183498382,0.9927599999998016,0.9999399999998,0.0525714233517646,0.0285297892987728,0.0326947718858718
271,resnet44,4,0.1,0.1,1.4380388116083815,0.1653586328029632,0.3436498045921325,0.6799999999932,0.90799999999092,1.4380385875701904,0.9296712875366212,6.513130187988281,0.1000000014901161,0.0270502865314483,0.1,1.3143519148527802,0.3177223205566406,0.8944360017776489,0.1000000014901161,0.0257518738508224,0.9927799999998016,0.9999999999998,0.055459477007389,0.0270531438291072,0.0355775132775306
272,resnet44,5,1.0,0.1,1.2337001438748516,0.1268158257007599,0.221286654472351,0.69099999999309,0.92099999999079,1.2337002754211426,0.7954750061035156,4.9512715339660645,0.1000000014901161,0.0207723006606102,0.1,1.202254744359487,0.2250227332115173,0.7954443097114563,0.1000000014901161,0.0209022089838981,0.9782199999998044,0.9998199999998,0.1218146383762359,0.0707338228821754,0.0651518180966377
273,resnet44,5,0.001,0.1,1.1649870755998852,0.0900773406028747,0.165450245141983,0.68899999999311,0.91399999999086,1.164987087249756,0.7099190354347229,3.762138843536377,0.1000000014901161,0.0163548067212104,0.1,1.110042756224776,0.1740937829017639,0.7056183815002441,0.1000000014901161,0.0166210308670997,0.910119999999818,0.9917599999998016,0.3193201422691345,0.4533708691596985,0.0627149045467376
274,resnet44,4,1.0,0.1,1.2821899524262084,0.1286077797412872,0.318104088306427,0.71399999999286,0.91699999999083,1.282189965248108,0.8588139414787292,5.707680702209473,0.1000000014901161,0.0238040536642074,0.1,1.2697899327474471,0.2758161425590515,0.8594391942024231,0.1000000014901161,0.0241490602493286,0.9942799999998012,0.9999799999998,0.0579727478325367,0.0203340705484151,0.0417921543121337
275,resnet44,3,0.5,0.1,1.144613373754367,0.058062020689249,0.1779483258724212,0.65899999999341,0.92399999999076,1.1446133852005005,0.6129321455955505,2.68631649017334,0.1000000014901161,0.0120243206620216,0.1,1.1337820014012054,0.0989226773381233,0.6370381116867065,0.1000000014901161,0.0132719650864601,0.8314799999998338,0.9839399999998032,0.568641185760498,0.6611051559448242,0.0969257578253746
276,resnet44,5,0.1,0.1,1.1885985017172256,0.1074138879776001,0.238869696855545,0.69699999999303,0.92499999999075,1.1885986328125,0.7365006804466248,4.08761739730835,0.1000000014901161,0.0176006481051445,0.1,1.111482115676166,0.1876423358917236,0.7144441604614258,0.1000000014901161,0.0170348584651947,0.9335599999998132,0.9970399999998006,0.2454306036233902,0.260204017162323,0.0685679763555526
277,resnet44,4,0.5,0.1,1.3280248509165289,0.1242509260773658,0.2161502242088318,0.70399999999296,0.91199999999088,1.328024983406067,0.867003321647644,5.692628383636475,0.1000000014901161,0.0239186435937881,0.1,1.2495111742971128,0.2765983343124389,0.8427764773368835,0.1000000014901161,0.0231625959277153,0.9931599999998014,0.9999799999998,0.0617457255721092,0.0248965062201023,0.0424877367913723
278,resnet44,0,0.0,0.1,1.4562002274805392,0.16705122590065,0.3176383078098297,0.68699999999313,0.91099999999089,1.456200361251831,0.9517780542373656,6.8141045570373535,0.1000000014901161,0.0282079577445983,0.1,1.352180850327953,0.301935076713562,0.921688437461853,0.1000000014901161,0.0270256400108337,0.9923199999998016,0.9999199999998,0.052841305732727,0.0281262882053852,0.0324564725160598
279,resnet44,4,0.01,0.1,1.46950100382916,0.167884811758995,0.3328270614147186,0.67499999999325,0.899999999991,1.4695007801055908,0.9524686932563782,6.73927640914917,0.1000000014901161,0.0280998647212982,0.1,1.346156781078394,0.2852430343627929,0.9176522493362428,0.1000000014901161,0.0270517170429229,0.9926599999998016,0.9999399999998,0.0535937808454036,0.0273508708924055,0.0337928868830204
280,resnet44,3,0.01,0.1,1.2500771159095685,0.0382784605026245,0.0874303579330444,0.62899999999371,0.90199999999098,1.2500773668289185,0.6047398447990417,2.461230993270874,0.1000000014901161,0.0112420171499252,0.1,1.234246623469245,0.0913123935461044,0.642627477645874,0.1000000014901161,0.0130263641476631,0.7316199999998537,0.9410599999998118,0.925601840019226,1.5264341831207275,0.0637867599725723
281,resnet44,5,2.0,0.1,1.24379371352947,0.1213560402393341,0.2037633657455444,0.69399999999306,0.91299999999087,1.2437936067581177,0.7875213027000427,4.645668029785156,0.1000000014901161,0.0198857486248016,0.1,1.26468841094322,0.2208938598632812,0.8346719741821289,0.1000000014901161,0.0228292346000671,0.9768199999998048,0.9997599999998,0.126812681555748,0.0730320587754249,0.0672666579484939
282,resnet44,3,2.0,0.1,1.2030639528131106,0.0919344574213028,0.1561103910207748,0.6599999999934,0.92399999999076,1.2030638456344604,0.6796280145645142,3.481281280517578,0.1000000014901161,0.015050783753395,0.1,1.1922552969718825,0.1518799662590026,0.7141848802566528,0.1000000014901161,0.0168400108814239,0.9071999999998186,0.9958599999998008,0.3485281467437744,0.3318087756633758,0.100453957915306
283,resnet44,4,2.0,0.1,1.509563550158576,0.1605057567358017,0.2607235312461853,0.6559999999934399,0.90099999999099,1.5095635652542114,0.9427966475486756,6.69422721862793,0.1000000014901161,0.0277049243450164,0.1,1.4238306268130465,0.2687821388244629,0.9050357341766356,0.1000000014901161,0.0257830470800399,0.9820799999998036,0.9998999999998,0.1125569716095924,0.0560158565640449,0.0657588168978691
284,resnet44,5,0.5,0.1,1.2196304676163174,0.1152610778808593,0.2289443761110305,0.69599999999304,0.91899999999081,1.2196307182312012,0.7698612213134766,4.441752910614014,0.1000000014901161,0.0190749540925025,0.1,1.1818767772894037,0.2154833078384399,0.7703513503074646,0.1000000014901161,0.0196492820978164,0.9662599999998068,0.9996999999998,0.1586909890174865,0.1065743863582611,0.0726698860526084
285,mobilenetv2_x0_5,5,1.0,0.1,1.126288521947869,0.0596466660499572,0.1460534930229187,0.6809999999931899,0.92599999999074,1.126288890838623,0.6241879463195801,2.825714111328125,0.1000000014901161,0.0125894099473953,0.1,1.0493444921172277,0.0927717685699462,0.6113541722297668,0.1000000014901161,0.0125195905566215,0.8857599999998229,0.994879999999801,0.4071334898471832,0.3680101633071899,0.1067805364727974
286,mobilenetv2_x0_5,3,0.1,0.1,1.6773577760807314,0.0379797220230102,0.0947324037551879,0.51399999999486,0.83499999999165,1.677357792854309,0.608022153377533,2.232333183288574,0.1000000014901161,0.0105411559343338,0.1,1.6423714937399212,0.0415230989456176,0.6380595564842224,0.1000000014901161,0.0118514448404312,0.5546599999998891,0.8571599999998286,1.5803792476654053,1.972347497940064,0.0758314058184623
287,mobilenetv2_x0_5,0,0.0,0.1,1.1944093584782698,0.1254181563854217,0.2523484230041504,0.70299999999297,0.92799999999072,1.1944094896316528,0.7688094973564148,4.447572708129883,0.1000000014901161,0.0190843716263771,0.1,1.146886347450047,0.2349375486373901,0.7609413862228394,0.1000000014901161,0.0190332010388374,0.9762199999998048,0.9996999999998,0.116148367524147,0.0822034552693367,0.0545741468667984
288,mobilenetv2_x0_5,3,0.5,0.1,1.534124359048405,0.0593420378863811,0.1122927665710449,0.5599999999944,0.86099999999139,1.5341246128082275,0.5768581628799438,2.102205514907837,0.1000000014901161,0.0098239034414291,0.1,1.4742258903229628,0.1065335869789123,0.5763023495674133,0.1000000014901161,0.0099466145038604,0.6090799999998782,0.9019199999998196,1.3680360317230225,1.46921706199646,0.1242322772741317
289,mobilenetv2_x0_5,4,0.01,0.1,1.2138168690416409,0.1247445791959762,0.2763079404830932,0.70199999999298,0.92099999999079,1.2138170003890991,0.7826357483863831,4.615931510925293,0.1000000014901161,0.0197476670145988,0.1,1.1440631006032762,0.2154471278190612,0.762166440486908,0.1000000014901161,0.0191523730754852,0.9782999999998044,0.9996199999998,0.1112560182809829,0.0800377577543258,0.0540846958756446
290,mobilenetv2_x0_5,3,1.0,0.1,1.5212477293477644,0.0862578749656677,0.1706156730651855,0.56499999999435,0.86399999999136,1.5212478637695312,0.5395137667655945,1.830452799797058,0.1000000014901161,0.0086072832345962,0.1,1.4865479055417818,0.176710307598114,0.556310772895813,0.1000000014901161,0.0094460099935531,0.6247799999998751,0.9147999999998172,1.3404405117034912,1.278286337852478,0.1612548232078552
291,mobilenetv2_x0_5,5,0.01,0.1,1.170827377055154,0.0449476242065429,0.0992281138896942,0.6559999999934399,0.91599999999084,1.1708271503448486,0.598476231098175,2.476734399795532,0.1000000014901161,0.0112229809165,0.1,1.117590200983812,0.0880443900823593,0.6012268662452698,0.1000000014901161,0.011565051972866,0.775319999999845,0.9612199999998078,0.762436032295227,1.177685022354126,0.0694935172796249
292,mobilenetv2_x0_5,3,0.001,0.1,2.011743763833368,0.0368168763816356,0.1014614105224609,0.45099999999549,0.76699999999233,2.0117437839508057,0.691444456577301,2.826448440551758,0.1000000014901161,0.013355866074562,0.1,1.993964351981668,0.0325791835784912,0.7035560607910156,0.1000000014901161,0.0138981938362121,0.4681799999999064,0.7858199999998429,1.9537924528121948,2.460118532180786,0.046497605741024
293,mobilenetv2_x0_5,3,0.01,0.1,1.7138398714342942,0.036902368068695,0.1077083125710487,0.51799999999482,0.8309999999916899,1.713839769363403,0.6367669105529785,2.4892868995666504,0.1000000014901161,0.0116654634475708,0.1,1.705850148954695,0.024247258901596,0.6613097786903381,0.1000000014901161,0.0126384496688842,0.5322799999998936,0.8365399999998328,1.66856050491333,2.225436210632324,0.0528625585138797
294,mobilenetv2_x0_5,4,0.1,0.1,1.1929237723267438,0.1196435242891311,0.2789676785469055,0.699999999993,0.91699999999083,1.192923903465271,0.7638628482818604,4.366248607635498,0.1000000014901161,0.0187841653823852,0.1,1.1155622125522275,0.2320894002914428,0.7372800707817078,0.1000000014901161,0.0178634449839591,0.9790999999998042,0.9998799999998,0.1135244816541671,0.069080650806427,0.0588741861283779
295,mobilenetv2_x0_5,4,1.0,0.1,1.1355550175598552,0.109349213540554,0.2231481671333313,0.69499999999305,0.92499999999075,1.1355552673339844,0.7054089903831482,3.7856874465942383,0.1000000014901161,0.016316995024681,0.1,1.09432770024672,0.1853282451629638,0.7109703421592712,0.1000000014901161,0.0169025287032127,0.9718799999998056,0.9998599999998,0.1455318629741668,0.0826564133167266,0.0746294260025024
296,mobilenetv2_x0_5,4,0.001,0.1,1.2453297252099718,0.1423998475074768,0.2898131608963012,0.68599999999314,0.92499999999075,1.2453296184539795,0.7783112525939941,4.4387526512146,0.1000000014901161,0.0191891491413116,0.1,1.1748403562631506,0.2472123503684997,0.7794331908226013,0.1000000014901161,0.0198907330632209,0.9779999999998044,0.9997799999998,0.1107486113905906,0.0751139670610427,0.0540500879287719
297,mobilenetv2_x0_5,5,0.001,0.1,1.160160053095665,0.044326439499855,0.1313798129558563,0.65699999999343,0.91499999999085,1.1601600646972656,0.600111722946167,2.5020205974578857,0.1000000014901161,0.0113416761159896,0.1,1.1206125273439116,0.1536820530891418,0.6184053421020508,0.1000000014901161,0.0123078748583793,0.7853399999998429,0.9639999999998072,0.7299308776855469,1.1386433839797974,0.0696405321359634
298,mobilenetv2_x0_5,5,0.1,0.1,1.112076629008323,0.0360965095460414,0.0856579691171646,0.67399999999326,0.92499999999075,1.112076759338379,0.5834362506866455,2.4128305912017822,0.1000000014901161,0.010877326130867,0.1,1.089591674123849,0.0992760062217712,0.6053146123886108,0.1000000014901161,0.0119161382317543,0.8084999999998383,0.9747799999998052,0.6466827392578125,0.869205117225647,0.0826993510127067
299,mobilenetv2_x0_5,3,2.0,0.1,1.6531795097972457,0.1611858308315277,0.3081166446208954,0.5399999999946,0.86499999999135,1.65317964553833,0.4800670742988586,1.5570380687713623,0.1000000014901161,0.0072063952684402,0.1,1.6374277520529772,0.2921997904777527,0.4983876049518585,0.1000000014901161,0.0078370571136474,0.5928199999998814,0.9089799999998184,1.4948021173477173,1.0877900123596191,0.2161057442426681
300,mobilenetv2_x0_5,4,2.0,0.1,1.142903197303573,0.1008382588624954,0.2226330041885376,0.6899999999931,0.9299999999907,1.1429030895233154,0.6879323720932007,3.5473897457122803,0.1000000014901161,0.0154419764876365,0.1,1.1322571291528725,0.1629258394241333,0.7123862504959106,0.1000000014901161,0.016892209649086,0.9547799999998092,0.9993999999998002,0.2012141644954681,0.135804682970047,0.0863091647624969
301,mobilenetv2_x0_5,5,2.0,0.1,1.112108457888315,0.0351328551769256,0.1611500531435012,0.68599999999314,0.92099999999079,1.1121087074279783,0.6024279594421387,2.711244344711304,0.1000000014901161,0.0119753330945968,0.1,1.1036520124464426,0.0893654823303222,0.6163011193275452,0.1000000014901161,0.0125191733241081,0.8618599999998277,0.990859999999802,0.4858875274658203,0.479819118976593,0.1127697750926017
302,mobilenetv2_x0_5,5,0.5,0.1,1.0752205741171792,0.0500245913863182,0.134376585483551,0.67499999999325,0.93099999999069,1.0752204656600952,0.5824939608573914,2.473132848739624,0.1000000014901161,0.0110717266798019,0.1,1.0550675380427903,0.0999990925192833,0.6011772751808167,0.1000000014901161,0.0119207799434661,0.865019999999827,0.9911999999998018,0.47150719165802,0.4765146374702453,0.1040297746658325
303,mobilenetv2_x0_5,4,0.5,0.1,1.2255086776252844,0.1245464235544204,0.3588540256023407,0.69599999999304,0.92099999999079,1.2255085706710815,0.7748308181762695,4.545373439788818,0.1000000014901161,0.0193833336234092,0.1,1.1379460878444003,0.2469429969787597,0.7415703535079956,0.1000000014901161,0.0180914849042892,0.9771999999998048,0.9999799999998,0.1282087564468383,0.0709223598241806,0.0688036978244781
304,repvgg_a0,0,0.0,0.1,1.0479205741994442,0.0849500894546508,0.2363603413105011,0.75399999999246,0.91899999999081,1.047920823097229,0.7145323753356934,3.8271310329437256,0.1000000014901161,0.0166282355785369,0.1,1.0559007050120115,0.2100538313388824,0.738339364528656,0.1000000014901161,0.018149584531784,0.9998199999998,0.9999999999998,0.0070067588239908,0.0008602074231021,0.0063093132339417
305,repvgg_a0,5,0.5,0.1,1.1017013678053131,0.1050647720694542,0.2270647287368774,0.72099999999279,0.92599999999074,1.1017013788223269,0.7301046252250671,4.121509552001953,0.1000000014901161,0.0176580101251602,0.1,1.0262653816264289,0.2038376331329345,0.7161446213722229,0.1000000014901161,0.0174500793218612,0.9989599999998002,0.9999999999998,0.0260414183139801,0.0057884585112333,0.0221347417682409
306,repvgg_a0,3,2.0,0.1,1.110727895119833,0.1209208071231842,0.2604790031909942,0.70199999999298,0.92799999999072,1.1107277870178225,0.7046225070953369,3.78072190284729,0.1000000014901161,0.0162818506360054,0.1,1.0801248604641034,0.1878179907798767,0.7270206212997437,0.1000000014901161,0.017901711165905,0.9894799999998022,0.9999799999998,0.0816681161522865,0.0355719849467277,0.0530458614230155
307,repvgg_a0,3,0.5,0.1,1.0622854126559544,0.0699939727783203,0.174126461148262,0.69099999999309,0.93199999999068,1.0622854232788086,0.6113439798355103,2.758674383163452,0.1000000014901161,0.0122253447771072,0.1,1.0199658528227151,0.1218817830085754,0.6180244088172913,0.1000000014901161,0.0128080174326896,0.9137399999998173,0.9961399999998009,0.3256504237651825,0.2974303066730499,0.0973664745688438
308,repvgg_a0,4,2.0,0.1,1.2054906962962284,0.1252777278423309,0.3014633655548095,0.6899999999931,0.91299999999087,1.2054907083511353,0.749260663986206,4.00813102722168,0.1000000014901161,0.0176309123635292,0.1,1.104730392923997,0.1847525835037231,0.7270202040672302,0.1000000014901161,0.0173524618148803,0.9996799999998002,0.9999999999998,0.0199562013149261,0.0019418450538069,0.0184846296906471
309,repvgg_a0,5,2.0,0.1,1.162942397885957,0.1343727856874466,0.2895137667655945,0.72499999999275,0.92899999999071,1.1629421710968018,0.7867212891578674,4.804465770721436,0.1000000014901161,0.0202453956007957,0.1,1.0742211859741182,0.2430857419967651,0.7495942711830139,0.1000000014901161,0.0189106538891792,0.9993999999998002,0.9999999999998,0.0164332743734121,0.0027912878431379,0.0144033124670386
310,repvgg_a0,3,0.1,0.1,1.1153926737825968,0.0488625094294548,0.1196545362472534,0.67299999999327,0.92699999999073,1.115392804145813,0.5936464667320251,2.523641347885132,0.1000000014901161,0.0113166868686676,0.1,1.0458155925044832,0.0578700304031372,0.5900766849517822,0.1000000014901161,0.011467657983303,0.8234199999998354,0.9759399999998049,0.5997545123100281,0.8540958166122437,0.0772598087787628
311,repvgg_a0,3,0.01,0.1,1.116126287743156,0.04152612388134,0.1104624718427658,0.67199999999328,0.91799999999082,1.116126537322998,0.5811490416526794,2.3099565505981445,0.1000000014901161,0.0105474963784217,0.1,1.1053534071614508,0.0925739258527755,0.600511908531189,0.1000000014901161,0.0115859135985374,0.7744799999998452,0.9566799999998088,0.7716459035873413,1.2763879299163818,0.0623133480548858
312,repvgg_a0,4,0.5,0.1,1.099965442148234,0.0992963314056396,0.2433265447616577,0.72499999999275,0.92499999999075,1.0999653339385986,0.7228204607963562,4.009523391723633,0.1000000014901161,0.0172026008367538,0.1,1.0319419756655483,0.1872985959053039,0.7071697115898132,0.1000000014901161,0.0166749581694602,0.9998399999998,0.9999999999998,0.010542738251388,0.0009220966603606,0.0098088439553976
313,repvgg_a0,5,0.01,0.1,1.0728431832794418,0.1221438348293304,0.2512938380241394,0.72699999999273,0.92799999999072,1.072843074798584,0.7162879109382629,3.889861106872559,0.1000000014901161,0.0167982578277587,0.1,1.0458312155441352,0.2030821740627288,0.7225210070610046,0.1000000014901161,0.0177377238869667,0.9871599999998026,0.9996599999998002,0.0741977840662002,0.0534505248069763,0.0393476635217666
314,repvgg_a0,3,1.0,0.1,1.134391415696186,0.0829166620969772,0.1776829361915588,0.71499999999285,0.91799999999082,1.1343916654586792,0.7118754982948303,3.929186820983887,0.1000000014901161,0.0167828276753425,0.1,1.0473349347663343,0.174176275730133,0.6709018349647522,0.1000000014901161,0.0151701271533966,0.9657999999998068,0.9994599999998002,0.166378915309906,0.1069120168685913,0.0787352249026298
315,repvgg_a0,4,1.0,0.1,1.0919867644783867,0.1126788929104805,0.2583117485046386,0.72299999999277,0.92699999999073,1.091986894607544,0.7234474420547485,3.948165655136109,0.1000000014901161,0.0170766189694404,0.1,1.0166360261005611,0.2024598121643066,0.6983473300933838,0.1000000014901161,0.016394630074501,0.9997799999998,0.9999999999998,0.0104064811021089,0.0008789878338575,0.0096476040780544
316,repvgg_a0,3,0.001,0.1,1.141206849130229,0.046186190098524,0.1334800124168396,0.65899999999341,0.92499999999075,1.1412070989608765,0.5901932120323181,2.421443462371826,0.1000000014901161,0.0109693780541419,0.1,1.0961785436742288,0.0619237422943115,0.5979778170585632,0.1000000014901161,0.0114723816514015,0.7780199999998444,0.9576799999998086,0.7630934715270996,1.2881393432617188,0.0623545497655868
317,repvgg_a0,5,0.1,0.1,1.058875311753166,0.1034920215606689,0.2440235018730163,0.72699999999273,0.93599999999064,1.058875560760498,0.6971867680549622,3.722170114517212,0.1000000014901161,0.0160747990012168,0.1,1.074634246161953,0.2055253982543945,0.7427492737770081,0.1000000014901161,0.0186477303504943,0.9951399999998012,0.9999799999998,0.0455810464918613,0.0187345892190933,0.0317802689969539
318,repvgg_a0,4,0.001,0.1,1.1656297328734269,0.1100824177265167,0.2587533593177795,0.71899999999281,0.91899999999081,1.165629744529724,0.7611389756202698,4.284183025360107,0.1000000014901161,0.0185152441263198,0.1,1.036430218657625,0.2070889472961425,0.7125778198242188,0.1000000014901161,0.0167756974697113,0.9997399999998,0.9999999999998,0.0073083797469735,0.0008445305866189,0.0064945966005325
319,repvgg_a0,4,0.1,0.1,1.061341036673577,0.0918531641364097,0.2463072538375854,0.73299999999267,0.92199999999078,1.0613411664962769,0.7032541632652283,3.729377031326294,0.1000000014901161,0.0161797404289245,0.1,1.0535448645435737,0.2234322428703308,0.7241316437721252,0.1000000014901161,0.0173770859837532,0.9997599999998,0.9999999999998,0.0083472309634089,0.0009982996853068,0.007522418629378
320,repvgg_a0,5,0.001,0.1,1.0879253040240062,0.1173456534743309,0.2178849577903747,0.71899999999281,0.9299999999907,1.0879254341125488,0.7121118903160095,3.747337102890015,0.1000000014901161,0.016373872756958,0.1,1.067396579986947,0.2281743884086609,0.730952262878418,0.1000000014901161,0.0180098041892051,0.9856399999998028,0.9995599999998002,0.0791116654872894,0.0604930259287357,0.0397491492331028
321,repvgg_a0,5,1.0,0.1,1.0749499690326048,0.1028821766376495,0.212497591972351,0.73899999999261,0.93199999999068,1.0749502182006836,0.732012927532196,4.355175971984863,0.1000000014901161,0.0181891471147537,0.1,1.0411096004998073,0.1918010115623474,0.7308956980705261,0.1000000014901161,0.0181553438305854,0.9991999999998002,0.9999999999998,0.0197014026343822,0.0036030255723744,0.0170261971652507
322,repvgg_a0,4,0.01,0.1,1.1492085341927292,0.1152517795562744,0.2170506715774536,0.72599999999274,0.92299999999077,1.149208426475525,0.7613459825515747,4.252300262451172,0.1000000014901161,0.0184585973620414,0.1,1.0187297981916896,0.2032159566879272,0.7012675404548645,0.1000000014901161,0.0163398459553718,0.9997799999998,0.9999999999998,0.0073802722617983,0.0008567004697397,0.0066276909783482
323,mobilenetv2_x1_4,5,0.001,0.1,1.0793357979606093,0.0599222816526889,0.1392122060060501,0.70299999999297,0.92599999999074,1.0793360471725464,0.623500645160675,2.782455921173096,0.1000000014901161,0.0124622136354446,0.1,0.9961291275612332,0.1211928725242614,0.5993357300758362,0.1000000014901161,0.011915884912014,0.8722199999998256,0.9863399999998028,0.4382303655147553,0.6244919300079346,0.0700407773256301
324,mobilenetv2_x1_4,5,0.5,0.1,1.0504189624648657,0.0788546204566955,0.1870806515216827,0.72599999999274,0.93599999999064,1.0504188537597656,0.6627881526947021,3.436374425888061,0.1000000014901161,0.0147914066910743,0.1,0.9874685991759448,0.1536992788314819,0.6378281116485596,0.1000000014901161,0.0139547139406204,0.9564199999998088,0.9996799999998002,0.1923482120037078,0.1332310140132904,0.0813235342502594
325,mobilenetv2_x1_4,5,0.1,0.1,0.9837746521800758,0.0624811314046382,0.1652267128229141,0.70299999999297,0.94199999999058,0.983774721622467,0.5765210390090942,2.50882339477539,0.1000000014901161,0.0111052989959716,0.1,0.974296899878582,0.118940532207489,0.6071661114692688,0.1000000014901161,0.012511670589447,0.9112999999998178,0.9957799999998008,0.3165949285030365,0.3338663578033447,0.0792359113693237
326,mobilenetv2_x1_4,4,0.5,0.1,1.0682108295431114,0.1013561859726905,0.2585919499397278,0.73699999999263,0.9299999999907,1.0682107210159302,0.7251413464546204,4.123481273651123,0.1000000014901161,0.0175914838910102,0.1,0.9753672403518392,0.207445353269577,0.6885828375816345,0.1000000014901161,0.0163513794541358,0.9987399999998005,0.9999999999998,0.02570391446352,0.0056488551199436,0.021517252549529
327,mobilenetv2_x1_4,3,1.0,0.1,1.2967620958351744,0.0357918068766593,0.0744426846504211,0.6099999999939,0.89599999999104,1.296761989593506,0.5681397318840027,2.205699920654297,0.1000000014901161,0.0100511163473129,0.1,1.2360943012278462,0.0958091989159584,0.5605466365814209,0.1000000014901161,0.0099362209439277,0.7336199999998533,0.960979999999808,0.9190657138824464,0.9612106680870056,0.1376038789749145
328,mobilenetv2_x1_4,3,0.1,0.1,1.456418499687524,0.0350523777306079,0.0964074730873107,0.57499999999425,0.8809999999911899,1.456418514251709,0.5966348648071289,2.295987129211426,0.1000000014901161,0.0106125324964523,0.1,1.4054677205893835,0.0437251813709735,0.6054678559303284,0.1000000014901161,0.0109824985265731,0.6319599999998736,0.9030799999998196,1.273169755935669,1.7022790908813477,0.0803353488445282
329,mobilenetv2_x1_4,5,1.0,0.1,1.0287119047290554,0.0811813920736312,0.1749837398529052,0.72499999999275,0.9399999999906,1.0287119150161743,0.6643807291984558,3.577220916748047,0.1000000014901161,0.0152380689978599,0.1,1.0023282622750416,0.175883948802948,0.6574152112007141,0.1000000014901161,0.0148923322558403,0.9692199999998062,0.9998599999998,0.1535000950098037,0.0885651856660842,0.0762845128774643
330,mobilenetv2_x1_4,4,0.01,0.1,1.0794540535746613,0.1057042255997657,0.2762587070465088,0.73199999999268,0.92599999999074,1.0794541835784912,0.7201868891716003,3.9036900997161865,0.1000000014901161,0.0169195905327796,0.1,0.9751692602130688,0.231496512889862,0.6978814005851746,0.1000000014901161,0.0167254582047462,0.9994799999998002,0.9999999999998,0.016051772981882,0.0030843650456517,0.0139378076419234
331,mobilenetv2_x1_4,4,1.0,0.1,1.02515994477312,0.0975672826170921,0.1736828982830047,0.74299999999257,0.94299999999057,1.0251598358154297,0.6946426630020142,3.808116912841797,0.1000000014901161,0.0162818878889083,0.1,0.9943455777776008,0.2209598422050476,0.7033331394195557,0.1000000014901161,0.0170170664787292,0.9987999999998004,0.9999999999998,0.0278984699398279,0.0060222996398806,0.0235390365123748
332,mobilenetv2_x1_4,3,0.001,0.1,1.547460778974245,0.035762283951044,0.127047061920166,0.5559999999944399,0.85399999999146,1.5474607944488523,0.6324265003204346,2.553669214248657,0.1000000014901161,0.0118112862110137,0.1,1.515120901967452,0.089633509516716,0.6426688432693481,0.1000000014901161,0.0122355967760086,0.594859999999881,0.8765599999998247,1.4169862270355225,2.067168474197388,0.0529828965663909
333,mobilenetv2_x1_4,3,2.0,0.1,1.2680760495216932,0.0580011159181594,0.1439447402954101,0.6299999999937,0.91199999999088,1.2680763006210327,0.5499683022499084,2.138975143432617,0.1000000014901161,0.0097002387046813,0.1,1.220993146599341,0.1122955679893493,0.5476646423339844,0.1000000014901161,0.0097669661045074,0.7511199999998498,0.9673399999998066,0.873986542224884,0.8645994663238525,0.1529619842767715
334,mobilenetv2_x1_4,5,2.0,0.1,1.0605724943915285,0.0988285690546035,0.2172884345054626,0.71299999999287,0.93799999999062,1.0605725049972534,0.6646674871444702,3.3165056705474854,0.1000000014901161,0.0145145431160926,0.1,1.0376642533534686,0.1606170535087585,0.6824504137039185,0.1000000014901161,0.0158290714025497,0.9740599999998052,0.9998599999998,0.1360918134450912,0.0744540691375732,0.0709648728370666
335,mobilenetv2_x1_4,5,0.01,0.1,1.0927127490444912,0.0553080067038536,0.1328840255737304,0.70299999999297,0.91399999999086,1.092712640762329,0.6356950998306274,2.9493331909179688,0.1000000014901161,0.0130851045250892,0.1,0.98864493657571,0.1148356795310974,0.5914350748062134,0.1000000014901161,0.0116710141301155,0.8698399999998261,0.9864199999998028,0.4463120400905609,0.6235493421554565,0.0720077753067016
336,mobilenetv2_x1_4,3,0.5,0.1,1.344530211354808,0.0587762743234634,0.1044867932796478,0.58399999999416,0.88699999999113,1.3445305824279783,0.5687128901481628,2.128946304321289,0.1000000014901161,0.0098326057195663,0.1,1.2726949041848528,0.0869206935167312,0.5630993843078613,0.1000000014901161,0.0098254680633544,0.6896599999998622,0.9408599999998118,1.0611188411712646,1.1967628002166748,0.1184607446193695
337,mobilenetv2_x1_4,4,2.0,0.1,1.055334199842471,0.105201855301857,0.2335768938064575,0.74499999999255,0.94099999999059,1.0553343296051023,0.7302266955375671,4.235895156860352,0.1000000014901161,0.0179532170295715,0.1,1.0132633105251698,0.2042439579963684,0.7171356081962585,0.1000000014901161,0.0176747888326644,0.9983999999998004,0.9999999999998,0.0291731525212526,0.0071963826194405,0.0239835567772388
338,mobilenetv2_x1_4,0,0.0,0.1,0.9250062015539235,0.0836420580744743,0.2335166335105896,0.76599999999234,0.9399999999906,0.92500638961792,0.6437579393386841,3.269022226333618,0.1000000014901161,0.0141233876347541,0.1,0.985159495371697,0.2135851979255676,0.7007259130477905,0.1000000014901161,0.0166983231902122,0.9992199999998004,0.9999999999998,0.0157362446188926,0.0038596128579229,0.0132205560803413
339,mobilenetv2_x1_4,3,0.01,0.1,1.54938076377255,0.0144398994743824,0.036800742149353,0.5499999999945,0.86299999999137,1.5493804216384888,0.6287933588027954,2.503415584564209,0.1000000014901161,0.0116155892610549,0.1,1.5049522171253025,0.0280373692512512,0.6357328295707703,0.1000000014901161,0.0119397044181823,0.5985199999998804,0.8799599999998241,1.4050605297088623,2.0205721855163574,0.0579876378178596
340,mobilenetv2_x1_4,4,0.1,0.1,1.068346251294687,0.1047515869140625,0.1917749643325805,0.74499999999255,0.93899999999061,1.0683462619781494,0.734913170337677,4.178528308868408,0.1000000014901161,0.0178830400109291,0.1,1.0001542358411812,0.2136799097061157,0.7118642926216125,0.1000000014901161,0.0172717794775962,0.9991799999998002,0.9999999999998,0.0183547921478748,0.0040760920383036,0.0155372805893421
341,mobilenetv2_x1_4,4,0.001,0.1,1.0799466263541593,0.109906405210495,0.2960955500602722,0.7399999999926,0.93599999999064,1.0799466371536257,0.7369190454483032,4.249241352081299,0.1000000014901161,0.0180455222725868,0.1,0.990143013224877,0.2269918918609619,0.7071853280067444,0.1000000014901161,0.0170507654547691,0.9991799999998002,0.9999999999998,0.0166939198970794,0.0044982489198446,0.0137974601238966
342,vgg13_bn,3,0.5,0.1,4.605226470671369,0.0044589443132281,0.0044589443132281,0.00599999999994,0.04699999999953,4.605226993560791,0.0068534230813384,0.0002303210349055,0.1000000014901161,1.0132789611816406e-06,0.1,4.605299043836586,1.4969147741794586e-05,0.0071008689701557,0.1000000014901161,1.5795230865478516e-06,0.009999999999998,0.04999999999999,4.605291366577148,0.0002427822473691,0.000461190007627
343,vgg13_bn,5,0.01,0.1,1.2874929776188446,0.1314625144004821,0.3117986917495727,0.72399999999276,0.91099999999089,1.287493109703064,0.8737378120422363,5.853634834289551,0.1000000014901161,0.0243930220603942,0.1,1.2520790880914263,0.30011647939682,0.8646825551986694,0.1000000014901161,0.0240326076745986,0.95063999999981,0.9957399999998008,0.1690985262393951,0.3565686643123626,0.0172395948320627
344,vgg13_bn,4,1.0,0.1,1.3278349505201734,0.1511280834674835,0.4113029539585113,0.72499999999275,0.91299999999087,1.3278347253799438,0.9138768315315248,6.095658302307129,0.1000000014901161,0.0258646756410598,0.1,1.2966471101340895,0.3576874732971191,0.9398395419120787,0.1000000014901161,0.0282061696052551,0.9986199999998004,0.9999999999998,0.0081299599260091,0.0058840117417275,0.0044511570595204
345,vgg13_bn,3,0.01,0.1,4.605175449095951,0.004571751691401,0.004571751691401,0.00599999999994,0.0399999999996,4.605175018310547,0.009414929896593,0.0004401531186886,0.1000000014901161,2.026557922363281e-06,0.1,4.605429326344445,0.0001278417184948,0.009751733392477,0.1000000014901161,3.0994415283203125e-06,0.009999999999998,0.04999999999999,4.605403900146484,0.000466312339995,0.0005661016330122
346,vgg13_bn,3,2.0,0.1,4.605250789366194,0.0042809788137674,0.0042809788137674,0.00599999999994,0.04699999999953,4.605251312255859,0.0039568645879626,7.396718137897551e-05,0.1000000014901161,5.066394805908203e-07,0.1,4.605205901645121,0.0001626182347536,0.0041590295732021,0.1000000014901161,-1.1920928955078125e-07,0.009999999999998,0.04999999999999,4.605210304260254,8.029711898416281e-05,0.0002838261425495
347,vgg13_bn,5,0.5,0.1,1.449743256376591,0.1671317815780639,0.3092783689498901,0.71899999999281,0.90199999999098,1.449743390083313,1.0002893209457395,7.395977973937988,0.1000000014901161,0.0306845754384994,0.1,1.3132707395796623,0.4197113215923309,0.9468941688537598,0.1000000014901161,0.0286821573972702,0.990379999999802,0.9999399999998,0.0372470542788505,0.0396277196705341,0.0126737747341394
348,vgg13_bn,3,0.001,0.1,2.649486276834605,0.0492786839604377,0.2368441820144653,0.24599999999754,0.64099999999359,2.649486541748047,0.5613114237785339,1.71359121799469,0.1000000014901161,0.0083483159542083,0.1,2.6756997343639006,0.1688586473464965,0.5990383625030518,0.1000000014901161,0.0096907317638397,0.2125199999999575,0.5747399999998851,2.9000210762023926,2.105375289916992,0.0167485326528549
349,vgg13_bn,5,2.0,0.1,1.5686818204414168,0.1974269747734069,0.467474490404129,0.69099999999309,0.89899999999101,1.5686819553375244,1.0495564937591553,8.14551830291748,0.1000000014901161,0.0334188789129257,0.1,1.3684042412070423,0.4284766316413879,0.9853801727294922,0.1000000014901161,0.0307632237672805,0.9940199999998012,0.9999199999998,0.0246012918651103,0.0271592363715171,0.0086392071098089
350,vgg13_bn,4,0.5,0.1,1.3505309685122076,0.1509052664041519,0.3777245581150055,0.71699999999283,0.90499999999095,1.3505312204360962,0.9301313757896424,6.509147644042969,0.1000000014901161,0.0270757377147674,0.1,1.2884849692969065,0.370213121175766,0.9314961433410645,0.1000000014901161,0.0277790427207946,0.9989199999998004,0.9999999999998,0.0072220228612422,0.0034429002553224,0.0044957646168768
351,vgg13_bn,5,0.1,0.1,1.3301588163874378,0.1537422984838485,0.3595952987670898,0.71099999999289,0.91399999999086,1.3301589488983154,0.8946104049682617,5.943164348602295,0.1000000014901161,0.0250661522150039,0.1,1.2702217220391971,0.4081950187683105,0.8911800980567932,0.1000000014901161,0.0256752073764801,0.9715999999998056,0.9988999999998004,0.0978239923715591,0.1640447974205017,0.0170119609683752
352,vgg13_bn,4,0.1,0.1,1.356763349316888,0.1308523863554,0.3013015687465668,0.73599999999264,0.89499999999105,1.356763243675232,0.9496009349822998,6.8673858642578125,0.1000000014901161,0.0283398181200027,0.1,1.3204062765073283,0.3830148577690124,0.9399892687797546,0.1000000014901161,0.028065338730812,0.9990599999998002,0.9999999999998,0.006815583910793,0.0036716824397444,0.0042646415531635
353,vgg13_bn,3,0.1,0.1,4.60518641635048,0.0045460918918251,0.0045460918918251,0.00599999999994,0.0399999999996,4.605186939239502,0.0087936231866478,0.0003835681418422,0.1000000014901161,2.2351741790771484e-06,0.1,4.605393775485244,0.0001013474538922,0.0091046998277306,0.1000000014901161,2.443790435791016e-06,0.009999999999998,0.04999999999999,4.605372905731201,0.0004053421434946,0.0005520274862647
354,vgg13_bn,5,0.001,0.1,1.268791543670422,0.1482344567775726,0.3705419600009918,0.69799999999302,0.91399999999086,1.2687915563583374,0.8345413208007812,5.11171817779541,0.1000000014901161,0.0219053626060485,0.1,1.245818467875231,0.2996800541877746,0.8547349572181702,0.1000000014901161,0.0235801041126251,0.9479399999998104,0.9947199999998012,0.1813158392906189,0.4012573361396789,0.017291247844696
355,vgg13_bn,3,1.0,0.1,4.605246974668966,0.0043835192918777,0.0043835192918777,0.00599999999994,0.04699999999953,4.605247020721436,0.0054537537507712,0.000143196521094,0.1000000014901161,5.960464477539062e-07,0.1,4.60524590298446,6.08488917350769e-05,0.0056735281832516,0.1000000014901161,1.043081283569336e-06,0.009999999999998,0.04999999999999,4.605246067047119,0.0001520676305517,0.0003778571262955
356,vgg13_bn,0,0.0,0.1,1.3656415802766897,0.1545735597610473,0.3382114768028259,0.71599999999284,0.90899999999091,1.3656418323516846,0.9267679452896118,6.266143798828125,0.1000000014901161,0.0265187472105026,0.1,1.2816424355571538,0.3400853872299194,0.9169358015060424,0.1000000014901161,0.0268926173448562,0.9993399999998002,0.9999999999998,0.005699916742742,0.0028677377849817,0.0038204956799745
357,vgg13_bn,4,2.0,0.1,1.405846104868541,0.1645267009735107,0.4098479449748993,0.72699999999273,0.91099999999089,1.4058462381362915,0.9768182039260864,7.17685079574585,0.1000000014901161,0.0296365469694137,0.1,1.3554435158609963,0.3983980119228363,0.9789605140686036,0.1000000014901161,0.0301948189735412,0.9986799999998004,0.9999799999998,0.0078385761007666,0.0050063375383615,0.0044065546244382
358,vgg13_bn,5,1.0,0.1,1.4221867180703085,0.1650695949792862,0.4251517355442047,0.71599999999284,0.91399999999086,1.4221868515014648,0.983938217163086,7.36802864074707,0.1000000014901161,0.0302058160305023,0.1,1.3969382959315024,0.9289581775665284,0.9998157620429992,0.1000000014901161,0.0316845029592514,0.9917599999998016,0.9999199999998,0.0322391465306282,0.0364380031824111,0.0104142911732196
359,vgg13_bn,4,0.001,0.1,1.2974681724501231,0.1355892717838287,0.3573566377162933,0.72599999999274,0.91299999999087,1.2974680662155151,0.8997887969017029,6.26174783706665,0.1000000014901161,0.0259079039096832,0.1,1.2955447023619788,0.3497874140739441,0.923896074295044,0.1000000014901161,0.0271794348955154,0.9990799999998002,0.9999999999998,0.0063513764180243,0.0030780378729104,0.0039940397255122
360,vgg13_bn,4,0.01,0.1,1.2556918733912623,0.1338482201099395,0.3238276243209839,0.72599999999274,0.90899999999091,1.2556920051574707,0.8705514669418335,5.712245464324951,0.1000000014901161,0.0240596234798431,0.1,1.3129960151494595,0.3137106895446777,0.9331896901130676,0.1000000014901161,0.0277267694473266,0.9992199999998004,0.9999999999998,0.0063097011297941,0.0030083991587162,0.0041608940809965
